item,subject_1,subject_2,measure,correlation
El espejo,sub-067,sub-067,FFD,0.9999999999999998
El espejo,sub-067,sub-054,FFD,0.2301626601346496
El espejo,sub-067,sub-078,FFD,0.2064120707737486
El espejo,sub-067,sub-046,FFD,0.2556602244393795
El espejo,sub-067,sub-097,FFD,0.25205665894758655
El espejo,sub-067,sub-079,FFD,0.30357168778324833
El espejo,sub-067,sub-028,FFD,0.2733308621613589
El espejo,sub-067,sub-089,FFD,0.2709809166466527
El espejo,sub-067,sub-109,FFD,0.3190028455636268
El espejo,sub-067,sub-070,FFD,0.14680839114800281
El espejo,sub-067,sub-111,FFD,0.22997848481414307
El espejo,sub-067,sub-073,FFD,0.1822981297879522
El espejo,sub-067,sub-001,FFD,0.23817948044951828
El espejo,sub-067,sub-095,FFD,0.24061181155532904
El espejo,sub-067,sub-012,FFD,0.14818371994133156
El espejo,sub-067,sub-052,FFD,0.2078872863200576
El espejo,sub-067,sub-094,FFD,0.20519464122480788
El espejo,sub-067,sub-088,FFD,0.08772503382735247
El espejo,sub-067,sub-044,FFD,0.22528856205294734
El espejo,sub-067,sub-009,FFD,0.1426026511100336
El espejo,sub-067,sub-041,FFD,0.2976063056508356
El espejo,sub-067,sub-024,FFD,0.131046565586045
El espejo,sub-067,sub-016,FFD,0.18287459583693005
El espejo,sub-067,sub-112,FFD,0.24583335284325888
El espejo,sub-067,sub-058,FFD,0.1855444548008733
El espejo,sub-067,sub-018,FFD,0.20093500236108308
El espejo,sub-067,sub-048,FFD,0.20160125460293915
El espejo,sub-067,sub-087,FFD,0.1557062078287088
El espejo,sub-067,sub-091,FFD,0.28104041286614817
El espejo,sub-067,sub-083,FFD,0.3485385019227139
El espejo,sub-067,sub-065,FFD,0.2731727291558734
El espejo,sub-067,sub-077,FFD,0.20867913927382845
El espejo,sub-067,sub-039,FFD,0.19889823251482655
El espejo,sub-067,sub-053,FFD,0.15326319401701377
El espejo,sub-067,sub-075,FFD,0.2457687637956303
El espejo,sub-067,sub-060,FFD,0.22049620022486394
El espejo,sub-067,sub-103,FFD,0.1960013710375052
El espejo,sub-067,sub-105,FFD,0.16161168267302473
El espejo,sub-067,sub-064,FFD,0.2410637023956658
El espejo,sub-067,sub-010,FFD,0.03772682753255767
El espejo,sub-067,sub-034,FFD,0.2847340044689698
El espejo,sub-067,sub-002,FFD,0.24444581973630303
El espejo,sub-067,sub-085,FFD,0.21082683320895557
El espejo,sub-067,sub-021,FFD,0.07424250813102881
El espejo,sub-067,sub-096,FFD,0.2579398422463987
El espejo,sub-067,sub-027,FFD,0.21917949484984417
El espejo,sub-067,sub-006,FFD,0.2196243351479093
El espejo,sub-067,sub-066,FFD,0.2352468753440043
El espejo,sub-067,sub-101,FFD,0.18874861486989017
El espejo,sub-067,sub-042,FFD,0.18593059445879115
El espejo,sub-067,sub-003,FFD,0.2768273736370729
El espejo,sub-067,sub-107,FFD,0.2519064117253425
El espejo,sub-067,sub-098,FFD,0.20316824141954043
El espejo,sub-067,sub-086,FFD,0.11922493070593736
El espejo,sub-067,sub-013,FFD,0.25207105545955155
El espejo,sub-067,sub-068,FFD,0.27903931405622034
El espejo,sub-054,sub-067,FFD,0.2301626601346496
El espejo,sub-054,sub-054,FFD,1.0
El espejo,sub-054,sub-078,FFD,0.21167995055131683
El espejo,sub-054,sub-046,FFD,0.1942471539306539
El espejo,sub-054,sub-097,FFD,0.1670894595536355
El espejo,sub-054,sub-079,FFD,0.2172802579046202
El espejo,sub-054,sub-028,FFD,0.2851003107450619
El espejo,sub-054,sub-089,FFD,0.22135221984675332
El espejo,sub-054,sub-109,FFD,0.24239260093070758
El espejo,sub-054,sub-070,FFD,0.15120163931303116
El espejo,sub-054,sub-111,FFD,0.15169982965960568
El espejo,sub-054,sub-073,FFD,0.12969166601651078
El espejo,sub-054,sub-001,FFD,0.13687308529182482
El espejo,sub-054,sub-095,FFD,0.18774751664444747
El espejo,sub-054,sub-012,FFD,0.09401291919045879
El espejo,sub-054,sub-052,FFD,0.24992320315679778
El espejo,sub-054,sub-094,FFD,0.21184750749630613
El espejo,sub-054,sub-088,FFD,-0.029206207724734427
El espejo,sub-054,sub-044,FFD,0.2098080499438391
El espejo,sub-054,sub-009,FFD,0.13071476888041628
El espejo,sub-054,sub-041,FFD,0.2624164341818989
El espejo,sub-054,sub-024,FFD,0.15218223112958607
El espejo,sub-054,sub-016,FFD,0.24083622187292947
El espejo,sub-054,sub-112,FFD,0.21593530380040699
El espejo,sub-054,sub-058,FFD,0.18136504855349714
El espejo,sub-054,sub-018,FFD,0.10814841873498332
El espejo,sub-054,sub-048,FFD,0.16550427110628738
El espejo,sub-054,sub-087,FFD,0.16668275263661445
El espejo,sub-054,sub-091,FFD,0.20484750293628234
El espejo,sub-054,sub-083,FFD,0.1979733984242525
El espejo,sub-054,sub-065,FFD,0.19367232036046073
El espejo,sub-054,sub-077,FFD,0.09059766723156784
El espejo,sub-054,sub-039,FFD,0.18068894600656404
El espejo,sub-054,sub-053,FFD,0.2053515955492598
El espejo,sub-054,sub-075,FFD,0.1738227536530824
El espejo,sub-054,sub-060,FFD,0.17335364393172484
El espejo,sub-054,sub-103,FFD,0.18644629118367223
El espejo,sub-054,sub-105,FFD,0.13273160953203247
El espejo,sub-054,sub-064,FFD,0.19227200827715935
El espejo,sub-054,sub-010,FFD,0.08897062920975306
El espejo,sub-054,sub-034,FFD,0.27842525591231154
El espejo,sub-054,sub-002,FFD,0.18289076214601843
El espejo,sub-054,sub-085,FFD,0.19007171063850525
El espejo,sub-054,sub-021,FFD,0.17387980554754823
El espejo,sub-054,sub-096,FFD,0.1797586145829513
El espejo,sub-054,sub-027,FFD,0.09359845646700224
El espejo,sub-054,sub-006,FFD,0.18187343470560788
El espejo,sub-054,sub-066,FFD,0.20637270749579872
El espejo,sub-054,sub-101,FFD,0.2448322729809066
El espejo,sub-054,sub-042,FFD,0.19164988581921313
El espejo,sub-054,sub-003,FFD,0.26258306797425246
El espejo,sub-054,sub-107,FFD,0.20704075852342363
El espejo,sub-054,sub-098,FFD,0.25752758216201543
El espejo,sub-054,sub-086,FFD,0.11455830770187198
El espejo,sub-054,sub-013,FFD,0.13489563032910026
El espejo,sub-054,sub-068,FFD,0.19574414913675636
El espejo,sub-078,sub-067,FFD,0.20641207077374862
El espejo,sub-078,sub-054,FFD,0.21167995055131686
El espejo,sub-078,sub-078,FFD,0.9999999999999999
El espejo,sub-078,sub-046,FFD,0.24780079988160936
El espejo,sub-078,sub-097,FFD,0.2739712436914094
El espejo,sub-078,sub-079,FFD,0.2683018084254888
El espejo,sub-078,sub-028,FFD,0.26242622706419616
El espejo,sub-078,sub-089,FFD,0.337481864222286
El espejo,sub-078,sub-109,FFD,0.33076240424013
El espejo,sub-078,sub-070,FFD,0.18632059335733653
El espejo,sub-078,sub-111,FFD,0.2848467205888351
El espejo,sub-078,sub-073,FFD,0.2225541242966309
El espejo,sub-078,sub-001,FFD,0.24864120512665158
El espejo,sub-078,sub-095,FFD,0.28797041344622976
El espejo,sub-078,sub-012,FFD,0.09381526269306753
El espejo,sub-078,sub-052,FFD,0.2775879648193127
El espejo,sub-078,sub-094,FFD,0.31545226246687696
El espejo,sub-078,sub-088,FFD,0.031092877151736417
El espejo,sub-078,sub-044,FFD,0.23921458449833116
El espejo,sub-078,sub-009,FFD,0.28334915145320516
El espejo,sub-078,sub-041,FFD,0.33563845151804356
El espejo,sub-078,sub-024,FFD,0.12104009893826403
El espejo,sub-078,sub-016,FFD,0.21920732089621275
El espejo,sub-078,sub-112,FFD,0.24889924889381096
El espejo,sub-078,sub-058,FFD,0.21794048174523634
El espejo,sub-078,sub-018,FFD,0.23931625412463903
El espejo,sub-078,sub-048,FFD,0.2630516552847558
El espejo,sub-078,sub-087,FFD,0.2541749566579321
El espejo,sub-078,sub-091,FFD,0.30911228566008003
El espejo,sub-078,sub-083,FFD,0.36242441164214917
El espejo,sub-078,sub-065,FFD,0.2912112531436031
El espejo,sub-078,sub-077,FFD,0.15780235271143303
El espejo,sub-078,sub-039,FFD,0.20714927715319506
El espejo,sub-078,sub-053,FFD,0.1971337881973342
El espejo,sub-078,sub-075,FFD,0.2912787758105983
El espejo,sub-078,sub-060,FFD,0.31042275730276014
El espejo,sub-078,sub-103,FFD,0.26309999211506024
El espejo,sub-078,sub-105,FFD,0.19226900916238623
El espejo,sub-078,sub-064,FFD,0.20508008655472468
El espejo,sub-078,sub-010,FFD,0.11308361124326398
El espejo,sub-078,sub-034,FFD,0.2940777471743113
El espejo,sub-078,sub-002,FFD,0.24896041680690892
El espejo,sub-078,sub-085,FFD,0.28383656538105806
El espejo,sub-078,sub-021,FFD,0.10539993906400459
El espejo,sub-078,sub-096,FFD,0.32563224935808244
El espejo,sub-078,sub-027,FFD,0.1646476572290107
El espejo,sub-078,sub-006,FFD,0.22149554267911173
El espejo,sub-078,sub-066,FFD,0.24877407148622266
El espejo,sub-078,sub-101,FFD,0.24028909623037498
El espejo,sub-078,sub-042,FFD,0.22316794098399503
El espejo,sub-078,sub-003,FFD,0.3092284737600986
El espejo,sub-078,sub-107,FFD,0.24250825071923804
El espejo,sub-078,sub-098,FFD,0.25100247304300943
El espejo,sub-078,sub-086,FFD,0.18626768092251572
El espejo,sub-078,sub-013,FFD,0.20574859912246504
El espejo,sub-078,sub-068,FFD,0.3243514681838153
El espejo,sub-046,sub-067,FFD,0.2556602244393795
El espejo,sub-046,sub-054,FFD,0.1942471539306539
El espejo,sub-046,sub-078,FFD,0.24780079988160936
El espejo,sub-046,sub-046,FFD,1.0
El espejo,sub-046,sub-097,FFD,0.3175827973616875
El espejo,sub-046,sub-079,FFD,0.32800893751682475
El espejo,sub-046,sub-028,FFD,0.2893537347145425
El espejo,sub-046,sub-089,FFD,0.3659136281294092
El espejo,sub-046,sub-109,FFD,0.3695421538392777
El espejo,sub-046,sub-070,FFD,0.1515103794858963
El espejo,sub-046,sub-111,FFD,0.2654684509391521
El espejo,sub-046,sub-073,FFD,0.2658870519581547
El espejo,sub-046,sub-001,FFD,0.3267946194413353
El espejo,sub-046,sub-095,FFD,0.2957472675205
El espejo,sub-046,sub-012,FFD,0.10261633031112158
El espejo,sub-046,sub-052,FFD,0.21762850697766217
El espejo,sub-046,sub-094,FFD,0.1800173487862674
El espejo,sub-046,sub-088,FFD,0.15418920280088952
El espejo,sub-046,sub-044,FFD,0.3864494797489834
El espejo,sub-046,sub-009,FFD,0.34526380392761546
El espejo,sub-046,sub-041,FFD,0.2750566585682789
El espejo,sub-046,sub-024,FFD,0.056567416994919406
El espejo,sub-046,sub-016,FFD,0.12074859308462962
El espejo,sub-046,sub-112,FFD,0.4147892598104223
El espejo,sub-046,sub-058,FFD,0.25603006071156015
El espejo,sub-046,sub-018,FFD,0.17468717442900092
El espejo,sub-046,sub-048,FFD,0.1608872226665678
El espejo,sub-046,sub-087,FFD,0.2955896373847095
El espejo,sub-046,sub-091,FFD,0.3350641146837114
El espejo,sub-046,sub-083,FFD,0.28870092750329734
El espejo,sub-046,sub-065,FFD,0.2756604230595421
El espejo,sub-046,sub-077,FFD,0.15284434748194045
El espejo,sub-046,sub-039,FFD,0.31896607797051696
El espejo,sub-046,sub-053,FFD,0.05984977247169552
El espejo,sub-046,sub-075,FFD,0.22584761353276653
El espejo,sub-046,sub-060,FFD,0.2872108460373886
El espejo,sub-046,sub-103,FFD,0.25141729857057493
El espejo,sub-046,sub-105,FFD,0.10039559293312458
El espejo,sub-046,sub-064,FFD,0.20947164266430637
El espejo,sub-046,sub-010,FFD,0.017074923823736602
El espejo,sub-046,sub-034,FFD,0.15090846127645738
El espejo,sub-046,sub-002,FFD,0.26846520656444406
El espejo,sub-046,sub-085,FFD,0.3448805950912162
El espejo,sub-046,sub-021,FFD,0.29994092022539837
El espejo,sub-046,sub-096,FFD,0.28698006094979467
El espejo,sub-046,sub-027,FFD,0.32344272707696936
El espejo,sub-046,sub-006,FFD,0.37304805740595715
El espejo,sub-046,sub-066,FFD,0.2950405751197216
El espejo,sub-046,sub-101,FFD,0.17740327566666403
El espejo,sub-046,sub-042,FFD,0.3731460693737295
El espejo,sub-046,sub-003,FFD,0.3467268967597049
El espejo,sub-046,sub-107,FFD,0.3236822384556686
El espejo,sub-046,sub-098,FFD,0.20362173013987794
El espejo,sub-046,sub-086,FFD,0.08073480615239227
El espejo,sub-046,sub-013,FFD,0.20989521965672508
El espejo,sub-046,sub-068,FFD,0.24290892398891492
El espejo,sub-097,sub-067,FFD,0.25205665894758655
El espejo,sub-097,sub-054,FFD,0.16708945955363552
El espejo,sub-097,sub-078,FFD,0.2739712436914094
El espejo,sub-097,sub-046,FFD,0.3175827973616875
El espejo,sub-097,sub-097,FFD,0.9999999999999998
El espejo,sub-097,sub-079,FFD,0.3979937807570342
El espejo,sub-097,sub-028,FFD,0.34127333555443756
El espejo,sub-097,sub-089,FFD,0.4280976861469739
El espejo,sub-097,sub-109,FFD,0.4526640862591128
El espejo,sub-097,sub-070,FFD,0.16423875958680265
El espejo,sub-097,sub-111,FFD,0.3065790371120888
El espejo,sub-097,sub-073,FFD,0.3110730155125273
El espejo,sub-097,sub-001,FFD,0.37984463478708824
El espejo,sub-097,sub-095,FFD,0.3547047846025204
El espejo,sub-097,sub-012,FFD,0.1301795111840622
El espejo,sub-097,sub-052,FFD,0.24307966166177508
El espejo,sub-097,sub-094,FFD,0.26889053010531033
El espejo,sub-097,sub-088,FFD,0.10857393333914767
El espejo,sub-097,sub-044,FFD,0.3866746101332041
El espejo,sub-097,sub-009,FFD,0.2527295182257567
El espejo,sub-097,sub-041,FFD,0.3584740567892895
El espejo,sub-097,sub-024,FFD,0.18275585014820458
El espejo,sub-097,sub-016,FFD,0.17073235818766574
El espejo,sub-097,sub-112,FFD,0.3641070324331824
El espejo,sub-097,sub-058,FFD,0.3628807882311259
El espejo,sub-097,sub-018,FFD,0.2104322188457911
El espejo,sub-097,sub-048,FFD,0.24548635982641442
El espejo,sub-097,sub-087,FFD,0.36202654112166904
El espejo,sub-097,sub-091,FFD,0.38480877361804716
El espejo,sub-097,sub-083,FFD,0.42182360300733945
El espejo,sub-097,sub-065,FFD,0.36509861527499976
El espejo,sub-097,sub-077,FFD,0.17100348212495559
El espejo,sub-097,sub-039,FFD,0.27534502101915165
El espejo,sub-097,sub-053,FFD,0.1183925122272745
El espejo,sub-097,sub-075,FFD,0.25189490793108466
El espejo,sub-097,sub-060,FFD,0.3331773652819516
El espejo,sub-097,sub-103,FFD,0.32472300985806346
El espejo,sub-097,sub-105,FFD,0.2210898402144479
El espejo,sub-097,sub-064,FFD,0.18958734044062112
El espejo,sub-097,sub-010,FFD,0.06486566808096644
El espejo,sub-097,sub-034,FFD,0.337059442591143
El espejo,sub-097,sub-002,FFD,0.28251997710882565
El espejo,sub-097,sub-085,FFD,0.30531290587070253
El espejo,sub-097,sub-021,FFD,0.1965588866978846
El espejo,sub-097,sub-096,FFD,0.3443904840865786
El espejo,sub-097,sub-027,FFD,0.31466428241259176
El espejo,sub-097,sub-006,FFD,0.3367820701794655
El espejo,sub-097,sub-066,FFD,0.3538935191366354
El espejo,sub-097,sub-101,FFD,0.22745085220654815
El espejo,sub-097,sub-042,FFD,0.41107352858739404
El espejo,sub-097,sub-003,FFD,0.3397999918183038
El espejo,sub-097,sub-107,FFD,0.2878446814433228
El espejo,sub-097,sub-098,FFD,0.3179646661809911
El espejo,sub-097,sub-086,FFD,0.1021995576012397
El espejo,sub-097,sub-013,FFD,0.27534936912840824
El espejo,sub-097,sub-068,FFD,0.3547399589761618
El espejo,sub-079,sub-067,FFD,0.30357168778324833
El espejo,sub-079,sub-054,FFD,0.21728025790462022
El espejo,sub-079,sub-078,FFD,0.2683018084254888
El espejo,sub-079,sub-046,FFD,0.32800893751682475
El espejo,sub-079,sub-097,FFD,0.3979937807570341
El espejo,sub-079,sub-079,FFD,1.0
El espejo,sub-079,sub-028,FFD,0.3126902410360822
El espejo,sub-079,sub-089,FFD,0.3278327301244739
El espejo,sub-079,sub-109,FFD,0.4682467104033706
El espejo,sub-079,sub-070,FFD,0.09629073961357226
El espejo,sub-079,sub-111,FFD,0.27637861490637694
El espejo,sub-079,sub-073,FFD,0.263225563968639
El espejo,sub-079,sub-001,FFD,0.3699305513566453
El espejo,sub-079,sub-095,FFD,0.43894701292436733
El espejo,sub-079,sub-012,FFD,0.17519125498119703
El espejo,sub-079,sub-052,FFD,0.2772208888913451
El espejo,sub-079,sub-094,FFD,0.3022618804271649
El espejo,sub-079,sub-088,FFD,0.19353306614065804
El espejo,sub-079,sub-044,FFD,0.38997069779195
El espejo,sub-079,sub-009,FFD,0.3072384010148298
El espejo,sub-079,sub-041,FFD,0.36316304167073094
El espejo,sub-079,sub-024,FFD,0.15441582072699747
El espejo,sub-079,sub-016,FFD,0.22270796060443504
El espejo,sub-079,sub-112,FFD,0.32192479468304985
El espejo,sub-079,sub-058,FFD,0.39691177479648965
El espejo,sub-079,sub-018,FFD,0.21589371402719912
El espejo,sub-079,sub-048,FFD,0.2234509934390498
El espejo,sub-079,sub-087,FFD,0.28734724168791564
El espejo,sub-079,sub-091,FFD,0.3748175590926501
El espejo,sub-079,sub-083,FFD,0.43481583725265543
El espejo,sub-079,sub-065,FFD,0.3524902144798871
El espejo,sub-079,sub-077,FFD,0.2992479171639676
El espejo,sub-079,sub-039,FFD,0.28682359161112414
El espejo,sub-079,sub-053,FFD,0.160288265537876
El espejo,sub-079,sub-075,FFD,0.2671777140207622
El espejo,sub-079,sub-060,FFD,0.3444267390975556
El espejo,sub-079,sub-103,FFD,0.3372094131613418
El espejo,sub-079,sub-105,FFD,0.1913842877604952
El espejo,sub-079,sub-064,FFD,0.24051172071344556
El espejo,sub-079,sub-010,FFD,0.04959771387874258
El espejo,sub-079,sub-034,FFD,0.2867902510115436
El espejo,sub-079,sub-002,FFD,0.32104543714134093
El espejo,sub-079,sub-085,FFD,0.306498430015958
El espejo,sub-079,sub-021,FFD,0.2779492854352855
El espejo,sub-079,sub-096,FFD,0.427065113951286
El espejo,sub-079,sub-027,FFD,0.38991452937595444
El espejo,sub-079,sub-006,FFD,0.3359631466960205
El espejo,sub-079,sub-066,FFD,0.30768308532577965
El espejo,sub-079,sub-101,FFD,0.24366332304348037
El espejo,sub-079,sub-042,FFD,0.41409194874591043
El espejo,sub-079,sub-003,FFD,0.43560416946394914
El espejo,sub-079,sub-107,FFD,0.29053659643087343
El espejo,sub-079,sub-098,FFD,0.2864603455962867
El espejo,sub-079,sub-086,FFD,0.13429098362308678
El espejo,sub-079,sub-013,FFD,0.262157939202382
El espejo,sub-079,sub-068,FFD,0.37251732999747755
El espejo,sub-028,sub-067,FFD,0.2733308621613589
El espejo,sub-028,sub-054,FFD,0.2851003107450619
El espejo,sub-028,sub-078,FFD,0.26242622706419616
El espejo,sub-028,sub-046,FFD,0.2893537347145425
El espejo,sub-028,sub-097,FFD,0.34127333555443756
El espejo,sub-028,sub-079,FFD,0.3126902410360821
El espejo,sub-028,sub-028,FFD,1.0
El espejo,sub-028,sub-089,FFD,0.3361345384933933
El espejo,sub-028,sub-109,FFD,0.35367313732204236
El espejo,sub-028,sub-070,FFD,0.15086475597302554
El espejo,sub-028,sub-111,FFD,0.1945048439607446
El espejo,sub-028,sub-073,FFD,0.20168453039716772
El espejo,sub-028,sub-001,FFD,0.33717850308669306
El espejo,sub-028,sub-095,FFD,0.35539875588015823
El espejo,sub-028,sub-012,FFD,0.13258252453725802
El espejo,sub-028,sub-052,FFD,0.30171664499310136
El espejo,sub-028,sub-094,FFD,0.28827383227928144
El espejo,sub-028,sub-088,FFD,0.19343448301337873
El espejo,sub-028,sub-044,FFD,0.3491641620171029
El espejo,sub-028,sub-009,FFD,0.1656260039214725
El espejo,sub-028,sub-041,FFD,0.33728849724037924
El espejo,sub-028,sub-024,FFD,0.13459745175998808
El espejo,sub-028,sub-016,FFD,0.2357444399762895
El espejo,sub-028,sub-112,FFD,0.35365888858279787
El espejo,sub-028,sub-058,FFD,0.32900406199423454
El espejo,sub-028,sub-018,FFD,0.24762522902233122
El espejo,sub-028,sub-048,FFD,0.2592628713649714
El espejo,sub-028,sub-087,FFD,0.2543036304327017
El espejo,sub-028,sub-091,FFD,0.35713651102050803
El espejo,sub-028,sub-083,FFD,0.3471897176671231
El espejo,sub-028,sub-065,FFD,0.3029221627227835
El espejo,sub-028,sub-077,FFD,0.17153985662092672
El espejo,sub-028,sub-039,FFD,0.21645998727167784
El espejo,sub-028,sub-053,FFD,0.16615548687929727
El espejo,sub-028,sub-075,FFD,0.25724359498730953
El espejo,sub-028,sub-060,FFD,0.3926107388010497
El espejo,sub-028,sub-103,FFD,0.3219682898379108
El espejo,sub-028,sub-105,FFD,0.23788185942243428
El espejo,sub-028,sub-064,FFD,0.2752862972703382
El espejo,sub-028,sub-010,FFD,0.10847843683974401
El espejo,sub-028,sub-034,FFD,0.34278161218243663
El espejo,sub-028,sub-002,FFD,0.26848768470573425
El espejo,sub-028,sub-085,FFD,0.2715030298773473
El espejo,sub-028,sub-021,FFD,0.19857017302006516
El espejo,sub-028,sub-096,FFD,0.3221347882417828
El espejo,sub-028,sub-027,FFD,0.2922283692698489
El espejo,sub-028,sub-006,FFD,0.3511199773148025
El espejo,sub-028,sub-066,FFD,0.33850559246456235
El espejo,sub-028,sub-101,FFD,0.26909647806313763
El espejo,sub-028,sub-042,FFD,0.2989192954374698
El espejo,sub-028,sub-003,FFD,0.3518802909220061
El espejo,sub-028,sub-107,FFD,0.2922430674383001
El espejo,sub-028,sub-098,FFD,0.30972554505794003
El espejo,sub-028,sub-086,FFD,0.09570636238246909
El espejo,sub-028,sub-013,FFD,0.23931496540759162
El espejo,sub-028,sub-068,FFD,0.30488166813662354
El espejo,sub-089,sub-067,FFD,0.2709809166466527
El espejo,sub-089,sub-054,FFD,0.22135221984675335
El espejo,sub-089,sub-078,FFD,0.337481864222286
El espejo,sub-089,sub-046,FFD,0.3659136281294092
El espejo,sub-089,sub-097,FFD,0.4280976861469739
El espejo,sub-089,sub-079,FFD,0.3278327301244739
El espejo,sub-089,sub-028,FFD,0.33613453849339336
El espejo,sub-089,sub-089,FFD,1.0
El espejo,sub-089,sub-109,FFD,0.46597331188597657
El espejo,sub-089,sub-070,FFD,0.13869673070176097
El espejo,sub-089,sub-111,FFD,0.3427812729209654
El espejo,sub-089,sub-073,FFD,0.28428429108052977
El espejo,sub-089,sub-001,FFD,0.41840163752302745
El espejo,sub-089,sub-095,FFD,0.38711607635763984
El espejo,sub-089,sub-012,FFD,0.09737947926123572
El espejo,sub-089,sub-052,FFD,0.2502566172385738
El espejo,sub-089,sub-094,FFD,0.23355655976645326
El espejo,sub-089,sub-088,FFD,0.11588529902830551
El espejo,sub-089,sub-044,FFD,0.3728237782998427
El espejo,sub-089,sub-009,FFD,0.3726937629650742
El espejo,sub-089,sub-041,FFD,0.31708244095201804
El espejo,sub-089,sub-024,FFD,0.11233121347109408
El espejo,sub-089,sub-016,FFD,0.13044415343582874
El espejo,sub-089,sub-112,FFD,0.44037160401576675
El espejo,sub-089,sub-058,FFD,0.36360126288758093
El espejo,sub-089,sub-018,FFD,0.2968209763060289
El espejo,sub-089,sub-048,FFD,0.2318737781108654
El espejo,sub-089,sub-087,FFD,0.3616516743477565
El espejo,sub-089,sub-091,FFD,0.34669497883529665
El espejo,sub-089,sub-083,FFD,0.35957755136122516
El espejo,sub-089,sub-065,FFD,0.3407294245648594
El espejo,sub-089,sub-077,FFD,0.15371309381555662
El espejo,sub-089,sub-039,FFD,0.30092408003736343
El espejo,sub-089,sub-053,FFD,0.15737178137142055
El espejo,sub-089,sub-075,FFD,0.2015869336653297
El espejo,sub-089,sub-060,FFD,0.3155902909528919
El espejo,sub-089,sub-103,FFD,0.3728405787894151
El espejo,sub-089,sub-105,FFD,0.164726087951877
El espejo,sub-089,sub-064,FFD,0.24804951938826747
El espejo,sub-089,sub-010,FFD,0.010991568409179623
El espejo,sub-089,sub-034,FFD,0.25085918250569605
El espejo,sub-089,sub-002,FFD,0.35740392786975433
El espejo,sub-089,sub-085,FFD,0.3708757557301242
El espejo,sub-089,sub-021,FFD,0.20766259637583875
El espejo,sub-089,sub-096,FFD,0.35842121252257414
El espejo,sub-089,sub-027,FFD,0.2796909235213283
El espejo,sub-089,sub-006,FFD,0.35393219083532007
El espejo,sub-089,sub-066,FFD,0.2744454179136987
El espejo,sub-089,sub-101,FFD,0.20529619321245612
El espejo,sub-089,sub-042,FFD,0.3978735836413718
El espejo,sub-089,sub-003,FFD,0.3787141098200564
El espejo,sub-089,sub-107,FFD,0.2987039331393669
El espejo,sub-089,sub-098,FFD,0.32408231426181594
El espejo,sub-089,sub-086,FFD,0.1619631248307225
El espejo,sub-089,sub-013,FFD,0.22297914529778382
El espejo,sub-089,sub-068,FFD,0.35063107473761324
El espejo,sub-109,sub-067,FFD,0.3190028455636268
El espejo,sub-109,sub-054,FFD,0.24239260093070758
El espejo,sub-109,sub-078,FFD,0.33076240424013
El espejo,sub-109,sub-046,FFD,0.36954215383927774
El espejo,sub-109,sub-097,FFD,0.4526640862591127
El espejo,sub-109,sub-079,FFD,0.46824671040337057
El espejo,sub-109,sub-028,FFD,0.35367313732204236
El espejo,sub-109,sub-089,FFD,0.4659733118859765
El espejo,sub-109,sub-109,FFD,0.9999999999999999
El espejo,sub-109,sub-070,FFD,0.2147585394376186
El espejo,sub-109,sub-111,FFD,0.33520422871644723
El espejo,sub-109,sub-073,FFD,0.2649198571151536
El espejo,sub-109,sub-001,FFD,0.48278784022964166
El espejo,sub-109,sub-095,FFD,0.4645219322681802
El espejo,sub-109,sub-012,FFD,0.16888593037137106
El espejo,sub-109,sub-052,FFD,0.33820766479458164
El espejo,sub-109,sub-094,FFD,0.31151091765541117
El espejo,sub-109,sub-088,FFD,0.2129436257176754
El espejo,sub-109,sub-044,FFD,0.5074196129479923
El espejo,sub-109,sub-009,FFD,0.32647650217090607
El espejo,sub-109,sub-041,FFD,0.4188258831630373
El espejo,sub-109,sub-024,FFD,0.11213622954945104
El espejo,sub-109,sub-016,FFD,0.23034836471040696
El espejo,sub-109,sub-112,FFD,0.47816944846895326
El espejo,sub-109,sub-058,FFD,0.46529110879200447
El espejo,sub-109,sub-018,FFD,0.3119409345687797
El espejo,sub-109,sub-048,FFD,0.32886366694626146
El espejo,sub-109,sub-087,FFD,0.3851261840847882
El espejo,sub-109,sub-091,FFD,0.4403178642966648
El espejo,sub-109,sub-083,FFD,0.4705011229725709
El espejo,sub-109,sub-065,FFD,0.4593740909528224
El espejo,sub-109,sub-077,FFD,0.2578263256964418
El espejo,sub-109,sub-039,FFD,0.36831924040538233
El espejo,sub-109,sub-053,FFD,0.1996434940871248
El espejo,sub-109,sub-075,FFD,0.29122287962743615
El espejo,sub-109,sub-060,FFD,0.3848892408931488
El espejo,sub-109,sub-103,FFD,0.3916627405356111
El espejo,sub-109,sub-105,FFD,0.29525495841256705
El espejo,sub-109,sub-064,FFD,0.2900988788970143
El espejo,sub-109,sub-010,FFD,0.10487876777279465
El espejo,sub-109,sub-034,FFD,0.36806531317259467
El espejo,sub-109,sub-002,FFD,0.4018570279179485
El espejo,sub-109,sub-085,FFD,0.36379398299332927
El espejo,sub-109,sub-021,FFD,0.28046175742513807
El espejo,sub-109,sub-096,FFD,0.4941930153792857
El espejo,sub-109,sub-027,FFD,0.33640974005762847
El espejo,sub-109,sub-006,FFD,0.4360213313140023
El espejo,sub-109,sub-066,FFD,0.3461713071640883
El espejo,sub-109,sub-101,FFD,0.24830847047076576
El espejo,sub-109,sub-042,FFD,0.40738084248467316
El espejo,sub-109,sub-003,FFD,0.5200718740822285
El espejo,sub-109,sub-107,FFD,0.3375364916442386
El espejo,sub-109,sub-098,FFD,0.37479702812326526
El espejo,sub-109,sub-086,FFD,0.13774722838346334
El espejo,sub-109,sub-013,FFD,0.35888448314358107
El espejo,sub-109,sub-068,FFD,0.45061845518948934
El espejo,sub-070,sub-067,FFD,0.1468083911480028
El espejo,sub-070,sub-054,FFD,0.15120163931303116
El espejo,sub-070,sub-078,FFD,0.1863205933573365
El espejo,sub-070,sub-046,FFD,0.1515103794858963
El espejo,sub-070,sub-097,FFD,0.16423875958680265
El espejo,sub-070,sub-079,FFD,0.09629073961357225
El espejo,sub-070,sub-028,FFD,0.15086475597302554
El espejo,sub-070,sub-089,FFD,0.138696730701761
El espejo,sub-070,sub-109,FFD,0.2147585394376186
El espejo,sub-070,sub-070,FFD,1.0
El espejo,sub-070,sub-111,FFD,0.1313323155712407
El espejo,sub-070,sub-073,FFD,0.17490921705941886
El espejo,sub-070,sub-001,FFD,0.18340520700476046
El espejo,sub-070,sub-095,FFD,0.15818878914506287
El espejo,sub-070,sub-012,FFD,0.02677616657653006
El espejo,sub-070,sub-052,FFD,0.19946126749853246
El espejo,sub-070,sub-094,FFD,0.20520537690523438
El espejo,sub-070,sub-088,FFD,0.014074636986839377
El espejo,sub-070,sub-044,FFD,0.1934778066517051
El espejo,sub-070,sub-009,FFD,0.05187458266987393
El espejo,sub-070,sub-041,FFD,0.1539079788530911
El espejo,sub-070,sub-024,FFD,0.1536790088156472
El espejo,sub-070,sub-016,FFD,0.15806510013516958
El espejo,sub-070,sub-112,FFD,0.15133104037291856
El espejo,sub-070,sub-058,FFD,0.15419279750306064
El espejo,sub-070,sub-018,FFD,0.12834294019399298
El espejo,sub-070,sub-048,FFD,0.10765422211935492
El espejo,sub-070,sub-087,FFD,0.18772858025563852
El espejo,sub-070,sub-091,FFD,0.14103385405687374
El espejo,sub-070,sub-083,FFD,0.15612072379253553
El espejo,sub-070,sub-065,FFD,0.17903551067383158
El espejo,sub-070,sub-077,FFD,0.11102057807958263
El espejo,sub-070,sub-039,FFD,0.0558358769123224
El espejo,sub-070,sub-053,FFD,0.1754730064928589
El espejo,sub-070,sub-075,FFD,0.1750300085327338
El espejo,sub-070,sub-060,FFD,0.12055963743203033
El espejo,sub-070,sub-103,FFD,0.18958000854458207
El espejo,sub-070,sub-105,FFD,0.09457930247706851
El espejo,sub-070,sub-064,FFD,0.1307604847468495
El espejo,sub-070,sub-010,FFD,0.11939050634773565
El espejo,sub-070,sub-034,FFD,0.2048256645733961
El espejo,sub-070,sub-002,FFD,0.09816648774798796
El espejo,sub-070,sub-085,FFD,0.06335734855100358
El espejo,sub-070,sub-021,FFD,0.09000337086398849
El espejo,sub-070,sub-096,FFD,0.1407725923639071
El espejo,sub-070,sub-027,FFD,0.06733413354083738
El espejo,sub-070,sub-006,FFD,0.09380329678934317
El espejo,sub-070,sub-066,FFD,0.14498169308470696
El espejo,sub-070,sub-101,FFD,0.16638558557788521
El espejo,sub-070,sub-042,FFD,0.10891776171295053
El espejo,sub-070,sub-003,FFD,0.11403270585252853
El espejo,sub-070,sub-107,FFD,0.11218749682652204
El espejo,sub-070,sub-098,FFD,0.16030391188637222
El espejo,sub-070,sub-086,FFD,0.18590345755792592
El espejo,sub-070,sub-013,FFD,0.17707210694368658
El espejo,sub-070,sub-068,FFD,0.24211410344794115
El espejo,sub-111,sub-067,FFD,0.22997848481414307
El espejo,sub-111,sub-054,FFD,0.15169982965960568
El espejo,sub-111,sub-078,FFD,0.2848467205888351
El espejo,sub-111,sub-046,FFD,0.2654684509391521
El espejo,sub-111,sub-097,FFD,0.3065790371120888
El espejo,sub-111,sub-079,FFD,0.27637861490637694
El espejo,sub-111,sub-028,FFD,0.19450484396074458
El espejo,sub-111,sub-089,FFD,0.3427812729209654
El espejo,sub-111,sub-109,FFD,0.33520422871644723
El espejo,sub-111,sub-070,FFD,0.1313323155712407
El espejo,sub-111,sub-111,FFD,1.0
El espejo,sub-111,sub-073,FFD,0.2576939518780749
El espejo,sub-111,sub-001,FFD,0.366726124722077
El espejo,sub-111,sub-095,FFD,0.26287394023990684
El espejo,sub-111,sub-012,FFD,0.0714061270922377
El espejo,sub-111,sub-052,FFD,0.2982524558962902
El espejo,sub-111,sub-094,FFD,0.1826625663269924
El espejo,sub-111,sub-088,FFD,0.04479764970226631
El espejo,sub-111,sub-044,FFD,0.30616544782917393
El espejo,sub-111,sub-009,FFD,0.2509118243223717
El espejo,sub-111,sub-041,FFD,0.33140787859588033
El espejo,sub-111,sub-024,FFD,0.09808177853897204
El espejo,sub-111,sub-016,FFD,0.09493858053112376
El espejo,sub-111,sub-112,FFD,0.2772937158782707
El espejo,sub-111,sub-058,FFD,0.16220861308288395
El espejo,sub-111,sub-018,FFD,0.25640613918033794
El espejo,sub-111,sub-048,FFD,0.29260939217708987
El espejo,sub-111,sub-087,FFD,0.29692136928225593
El espejo,sub-111,sub-091,FFD,0.31235211766587784
El espejo,sub-111,sub-083,FFD,0.2546956409521047
El espejo,sub-111,sub-065,FFD,0.2728718820955972
El espejo,sub-111,sub-077,FFD,0.0841294630020657
El espejo,sub-111,sub-039,FFD,0.2162388196470935
El espejo,sub-111,sub-053,FFD,0.14306925495609152
El espejo,sub-111,sub-075,FFD,0.2478076211322591
El espejo,sub-111,sub-060,FFD,0.22398196568179515
El espejo,sub-111,sub-103,FFD,0.29603296772433774
El espejo,sub-111,sub-105,FFD,0.10972669913542918
El espejo,sub-111,sub-064,FFD,0.22785755476390515
El espejo,sub-111,sub-010,FFD,0.11677643108161803
El espejo,sub-111,sub-034,FFD,0.1722713902920211
El espejo,sub-111,sub-002,FFD,0.27314029423689706
El espejo,sub-111,sub-085,FFD,0.2788634755688482
El espejo,sub-111,sub-021,FFD,0.06816639373476176
El espejo,sub-111,sub-096,FFD,0.3383783327916923
El espejo,sub-111,sub-027,FFD,0.2532541470209221
El espejo,sub-111,sub-006,FFD,0.23668298974624077
El espejo,sub-111,sub-066,FFD,0.2758133288813806
El espejo,sub-111,sub-101,FFD,0.22348859861588397
El espejo,sub-111,sub-042,FFD,0.21774981166472543
El espejo,sub-111,sub-003,FFD,0.3129721935502832
El espejo,sub-111,sub-107,FFD,0.1761373283529697
El espejo,sub-111,sub-098,FFD,0.2314070681386069
El espejo,sub-111,sub-086,FFD,0.12817135742221378
El espejo,sub-111,sub-013,FFD,0.24468813991300717
El espejo,sub-111,sub-068,FFD,0.3157926764069125
El espejo,sub-073,sub-067,FFD,0.1822981297879522
El espejo,sub-073,sub-054,FFD,0.12969166601651075
El espejo,sub-073,sub-078,FFD,0.22255412429663093
El espejo,sub-073,sub-046,FFD,0.2658870519581547
El espejo,sub-073,sub-097,FFD,0.3110730155125273
El espejo,sub-073,sub-079,FFD,0.263225563968639
El espejo,sub-073,sub-028,FFD,0.20168453039716772
El espejo,sub-073,sub-089,FFD,0.28428429108052977
El espejo,sub-073,sub-109,FFD,0.2649198571151536
El espejo,sub-073,sub-070,FFD,0.17490921705941886
El espejo,sub-073,sub-111,FFD,0.2576939518780749
El espejo,sub-073,sub-073,FFD,1.0
El espejo,sub-073,sub-001,FFD,0.2882261171717795
El espejo,sub-073,sub-095,FFD,0.2461878215697639
El espejo,sub-073,sub-012,FFD,0.0758614715395816
El espejo,sub-073,sub-052,FFD,0.22587787624198544
El espejo,sub-073,sub-094,FFD,0.1909154322508155
El espejo,sub-073,sub-088,FFD,0.056942478714555524
El espejo,sub-073,sub-044,FFD,0.28968500317040174
El espejo,sub-073,sub-009,FFD,0.22776768267750105
El espejo,sub-073,sub-041,FFD,0.25200684343061125
El espejo,sub-073,sub-024,FFD,0.13833384441167582
El espejo,sub-073,sub-016,FFD,0.1338900614999691
El espejo,sub-073,sub-112,FFD,0.21944589505336642
El espejo,sub-073,sub-058,FFD,0.25617197635742656
El espejo,sub-073,sub-018,FFD,0.20854785440643114
El espejo,sub-073,sub-048,FFD,0.1737688098903901
El espejo,sub-073,sub-087,FFD,0.29443482882865274
El espejo,sub-073,sub-091,FFD,0.1768143446626381
El espejo,sub-073,sub-083,FFD,0.26868808152796747
El espejo,sub-073,sub-065,FFD,0.2585856916344011
El espejo,sub-073,sub-077,FFD,0.1828788357030547
El espejo,sub-073,sub-039,FFD,0.14177396999702008
El espejo,sub-073,sub-053,FFD,0.09545287595285072
El espejo,sub-073,sub-075,FFD,0.2341483221786302
El espejo,sub-073,sub-060,FFD,0.2846609216889851
El espejo,sub-073,sub-103,FFD,0.24126236486427682
El espejo,sub-073,sub-105,FFD,0.12541204712084175
El espejo,sub-073,sub-064,FFD,0.13790647067345183
El espejo,sub-073,sub-010,FFD,0.0759059476133634
El espejo,sub-073,sub-034,FFD,0.21448306377544507
El espejo,sub-073,sub-002,FFD,0.19362274350930828
El espejo,sub-073,sub-085,FFD,0.2768963296127619
El espejo,sub-073,sub-021,FFD,0.09051953443756605
El espejo,sub-073,sub-096,FFD,0.23415575140485875
El espejo,sub-073,sub-027,FFD,0.16634007013096594
El espejo,sub-073,sub-006,FFD,0.25934856173129894
El espejo,sub-073,sub-066,FFD,0.33672075828442294
El espejo,sub-073,sub-101,FFD,0.20853420614481283
El espejo,sub-073,sub-042,FFD,0.2775544176069414
El espejo,sub-073,sub-003,FFD,0.24840472002669098
El espejo,sub-073,sub-107,FFD,0.19827002041638628
El espejo,sub-073,sub-098,FFD,0.19635156165319753
El espejo,sub-073,sub-086,FFD,0.11322766311981436
El espejo,sub-073,sub-013,FFD,0.189706656365738
El espejo,sub-073,sub-068,FFD,0.2986952070062411
El espejo,sub-001,sub-067,FFD,0.2381794804495183
El espejo,sub-001,sub-054,FFD,0.13687308529182482
El espejo,sub-001,sub-078,FFD,0.24864120512665158
El espejo,sub-001,sub-046,FFD,0.3267946194413353
El espejo,sub-001,sub-097,FFD,0.37984463478708824
El espejo,sub-001,sub-079,FFD,0.3699305513566453
El espejo,sub-001,sub-028,FFD,0.33717850308669306
El espejo,sub-001,sub-089,FFD,0.41840163752302745
El espejo,sub-001,sub-109,FFD,0.48278784022964166
El espejo,sub-001,sub-070,FFD,0.18340520700476046
El espejo,sub-001,sub-111,FFD,0.366726124722077
El espejo,sub-001,sub-073,FFD,0.2882261171717795
El espejo,sub-001,sub-001,FFD,1.0
El espejo,sub-001,sub-095,FFD,0.36962667307143116
El espejo,sub-001,sub-012,FFD,0.12028316219521357
El espejo,sub-001,sub-052,FFD,0.3144097589537934
El espejo,sub-001,sub-094,FFD,0.25639713296113475
El espejo,sub-001,sub-088,FFD,0.21686103700628498
El espejo,sub-001,sub-044,FFD,0.4406986548689992
El espejo,sub-001,sub-009,FFD,0.3346958372240523
El espejo,sub-001,sub-041,FFD,0.38250644566643377
El espejo,sub-001,sub-024,FFD,0.04672488874948062
El espejo,sub-001,sub-016,FFD,0.18544319074213478
El espejo,sub-001,sub-112,FFD,0.42039444763747463
El espejo,sub-001,sub-058,FFD,0.37808095983752515
El espejo,sub-001,sub-018,FFD,0.2719562934519288
El espejo,sub-001,sub-048,FFD,0.23104050358041472
El espejo,sub-001,sub-087,FFD,0.3396290573937527
El espejo,sub-001,sub-091,FFD,0.3150058505829378
El espejo,sub-001,sub-083,FFD,0.3800878610785791
El espejo,sub-001,sub-065,FFD,0.32803098318611085
El espejo,sub-001,sub-077,FFD,0.2485934527114226
El espejo,sub-001,sub-039,FFD,0.29704139356089626
El espejo,sub-001,sub-053,FFD,0.10430650539445804
El espejo,sub-001,sub-075,FFD,0.2193982105484306
El espejo,sub-001,sub-060,FFD,0.3037298251350694
El espejo,sub-001,sub-103,FFD,0.3223059733849771
El espejo,sub-001,sub-105,FFD,0.18916316404741923
El espejo,sub-001,sub-064,FFD,0.2992911884908542
El espejo,sub-001,sub-010,FFD,0.07773205033550791
El espejo,sub-001,sub-034,FFD,0.22673693730081373
El espejo,sub-001,sub-002,FFD,0.3067891640104127
El espejo,sub-001,sub-085,FFD,0.3116509052757815
El espejo,sub-001,sub-021,FFD,0.2301447460550622
El espejo,sub-001,sub-096,FFD,0.3852070549725689
El espejo,sub-001,sub-027,FFD,0.2815650802747075
El espejo,sub-001,sub-006,FFD,0.3867421521972545
El espejo,sub-001,sub-066,FFD,0.2770592865615428
El espejo,sub-001,sub-101,FFD,0.19933578304185243
El espejo,sub-001,sub-042,FFD,0.43519766090767265
El espejo,sub-001,sub-003,FFD,0.4027103662211004
El espejo,sub-001,sub-107,FFD,0.3167436495848968
El espejo,sub-001,sub-098,FFD,0.26176240619005264
El espejo,sub-001,sub-086,FFD,0.10090497413183304
El espejo,sub-001,sub-013,FFD,0.26572018115967405
El espejo,sub-001,sub-068,FFD,0.3748965590761833
El espejo,sub-095,sub-067,FFD,0.240611811555329
El espejo,sub-095,sub-054,FFD,0.18774751664444747
El espejo,sub-095,sub-078,FFD,0.2879704134462298
El espejo,sub-095,sub-046,FFD,0.2957472675205
El espejo,sub-095,sub-097,FFD,0.3547047846025204
El espejo,sub-095,sub-079,FFD,0.4389470129243674
El espejo,sub-095,sub-028,FFD,0.35539875588015823
El espejo,sub-095,sub-089,FFD,0.38711607635763984
El espejo,sub-095,sub-109,FFD,0.4645219322681802
El espejo,sub-095,sub-070,FFD,0.15818878914506287
El espejo,sub-095,sub-111,FFD,0.2628739402399069
El espejo,sub-095,sub-073,FFD,0.24618782156976388
El espejo,sub-095,sub-001,FFD,0.36962667307143116
El espejo,sub-095,sub-095,FFD,1.0
El espejo,sub-095,sub-012,FFD,0.15567957529331578
El espejo,sub-095,sub-052,FFD,0.33807460821415797
El espejo,sub-095,sub-094,FFD,0.27884264341878523
El espejo,sub-095,sub-088,FFD,0.12669654862585633
El espejo,sub-095,sub-044,FFD,0.3513224015276861
El espejo,sub-095,sub-009,FFD,0.29875090594705433
El espejo,sub-095,sub-041,FFD,0.3247208877322057
El espejo,sub-095,sub-024,FFD,0.10626893015292843
El espejo,sub-095,sub-016,FFD,0.17889491259883677
El espejo,sub-095,sub-112,FFD,0.351284527564145
El espejo,sub-095,sub-058,FFD,0.33393020002407103
El espejo,sub-095,sub-018,FFD,0.25554560154078143
El espejo,sub-095,sub-048,FFD,0.2656849359964037
El espejo,sub-095,sub-087,FFD,0.3216143039064878
El espejo,sub-095,sub-091,FFD,0.3540849278698464
El espejo,sub-095,sub-083,FFD,0.36313751209086537
El espejo,sub-095,sub-065,FFD,0.38999114089934
El espejo,sub-095,sub-077,FFD,0.2442445072700695
El espejo,sub-095,sub-039,FFD,0.2814566931751658
El espejo,sub-095,sub-053,FFD,0.19634407049249802
El espejo,sub-095,sub-075,FFD,0.1909128675328538
El espejo,sub-095,sub-060,FFD,0.38748922199067093
El espejo,sub-095,sub-103,FFD,0.37829261124088287
El espejo,sub-095,sub-105,FFD,0.18056579333442194
El espejo,sub-095,sub-064,FFD,0.27500907083816206
El espejo,sub-095,sub-010,FFD,0.08915084988801518
El espejo,sub-095,sub-034,FFD,0.2837021118216777
El espejo,sub-095,sub-002,FFD,0.31923790158747484
El espejo,sub-095,sub-085,FFD,0.2996936893994779
El espejo,sub-095,sub-021,FFD,0.2457100138719068
El espejo,sub-095,sub-096,FFD,0.39200118078112883
El espejo,sub-095,sub-027,FFD,0.2514205357599319
El espejo,sub-095,sub-006,FFD,0.39805298661292193
El espejo,sub-095,sub-066,FFD,0.3667802059724617
El espejo,sub-095,sub-101,FFD,0.28378381669425207
El espejo,sub-095,sub-042,FFD,0.33932703014068627
El espejo,sub-095,sub-003,FFD,0.37764613827699
El espejo,sub-095,sub-107,FFD,0.3212535703699654
El espejo,sub-095,sub-098,FFD,0.3221507383236304
El espejo,sub-095,sub-086,FFD,0.10161933409475492
El espejo,sub-095,sub-013,FFD,0.23754607309689404
El espejo,sub-095,sub-068,FFD,0.3564865018821209
El espejo,sub-012,sub-067,FFD,0.1481837199413316
El espejo,sub-012,sub-054,FFD,0.09401291919045879
El espejo,sub-012,sub-078,FFD,0.09381526269306753
El espejo,sub-012,sub-046,FFD,0.10261633031112158
El espejo,sub-012,sub-097,FFD,0.13017951118406224
El espejo,sub-012,sub-079,FFD,0.175191254981197
El espejo,sub-012,sub-028,FFD,0.13258252453725802
El espejo,sub-012,sub-089,FFD,0.09737947926123572
El espejo,sub-012,sub-109,FFD,0.16888593037137106
El espejo,sub-012,sub-070,FFD,0.026776166576530057
El espejo,sub-012,sub-111,FFD,0.0714061270922377
El espejo,sub-012,sub-073,FFD,0.0758614715395816
El espejo,sub-012,sub-001,FFD,0.12028316219521358
El espejo,sub-012,sub-095,FFD,0.15567957529331578
El espejo,sub-012,sub-012,FFD,1.0
El espejo,sub-012,sub-052,FFD,0.0668156865260737
El espejo,sub-012,sub-094,FFD,0.13960564844100712
El espejo,sub-012,sub-088,FFD,0.1489017865114059
El espejo,sub-012,sub-044,FFD,0.16357335293824596
El espejo,sub-012,sub-009,FFD,0.08353143557792843
El espejo,sub-012,sub-041,FFD,0.054402140355899214
El espejo,sub-012,sub-024,FFD,0.05074746776105315
El espejo,sub-012,sub-016,FFD,0.09702967572100264
El espejo,sub-012,sub-112,FFD,0.14273879281342686
El espejo,sub-012,sub-058,FFD,0.11285659033925213
El espejo,sub-012,sub-018,FFD,0.10198120750925843
El espejo,sub-012,sub-048,FFD,0.04034446689938417
El espejo,sub-012,sub-087,FFD,0.12411835317029066
El espejo,sub-012,sub-091,FFD,0.1410972545047726
El espejo,sub-012,sub-083,FFD,0.19198608331722006
El espejo,sub-012,sub-065,FFD,0.15065163868216444
El espejo,sub-012,sub-077,FFD,0.10132336579668655
El espejo,sub-012,sub-039,FFD,0.15540263525739026
El espejo,sub-012,sub-053,FFD,0.11856371812844553
El espejo,sub-012,sub-075,FFD,0.04607057876611535
El espejo,sub-012,sub-060,FFD,0.18743787284172858
El espejo,sub-012,sub-103,FFD,0.10802147810686771
El espejo,sub-012,sub-105,FFD,0.05084729766713909
El espejo,sub-012,sub-064,FFD,0.13014192357493368
El espejo,sub-012,sub-010,FFD,0.05247695537383913
El espejo,sub-012,sub-034,FFD,0.09391344501453394
El espejo,sub-012,sub-002,FFD,0.12145190922027688
El espejo,sub-012,sub-085,FFD,0.09561055044591855
El espejo,sub-012,sub-021,FFD,0.16661249188728308
El espejo,sub-012,sub-096,FFD,0.1567289474931862
El espejo,sub-012,sub-027,FFD,0.1883966855800596
El espejo,sub-012,sub-006,FFD,0.18668587123764627
El espejo,sub-012,sub-066,FFD,0.07574238639158541
El espejo,sub-012,sub-101,FFD,0.08706398742152406
El espejo,sub-012,sub-042,FFD,0.16867867019531865
El espejo,sub-012,sub-003,FFD,0.10004154937071179
El espejo,sub-012,sub-107,FFD,0.16158251730229803
El espejo,sub-012,sub-098,FFD,0.1284307116097125
El espejo,sub-012,sub-086,FFD,0.07238186529776
El espejo,sub-012,sub-013,FFD,0.06716636306139533
El espejo,sub-012,sub-068,FFD,0.07494080991427216
El espejo,sub-052,sub-067,FFD,0.2078872863200576
El espejo,sub-052,sub-054,FFD,0.24992320315679775
El espejo,sub-052,sub-078,FFD,0.2775879648193127
El espejo,sub-052,sub-046,FFD,0.2176285069776622
El espejo,sub-052,sub-097,FFD,0.24307966166177508
El espejo,sub-052,sub-079,FFD,0.27722088889134516
El espejo,sub-052,sub-028,FFD,0.3017166449931013
El espejo,sub-052,sub-089,FFD,0.2502566172385738
El espejo,sub-052,sub-109,FFD,0.33820766479458164
El espejo,sub-052,sub-070,FFD,0.19946126749853244
El espejo,sub-052,sub-111,FFD,0.2982524558962902
El espejo,sub-052,sub-073,FFD,0.22587787624198544
El espejo,sub-052,sub-001,FFD,0.3144097589537934
El espejo,sub-052,sub-095,FFD,0.33807460821415797
El espejo,sub-052,sub-012,FFD,0.06681568652607368
El espejo,sub-052,sub-052,FFD,1.0
El espejo,sub-052,sub-094,FFD,0.3244052632966638
El espejo,sub-052,sub-088,FFD,0.07706809937259458
El espejo,sub-052,sub-044,FFD,0.27476002783544307
El espejo,sub-052,sub-009,FFD,0.18563466482572719
El espejo,sub-052,sub-041,FFD,0.38035708252032274
El espejo,sub-052,sub-024,FFD,0.1959863664418356
El espejo,sub-052,sub-016,FFD,0.2708957917644686
El espejo,sub-052,sub-112,FFD,0.26782180630998476
El espejo,sub-052,sub-058,FFD,0.3129742386208351
El espejo,sub-052,sub-018,FFD,0.2295472760192897
El espejo,sub-052,sub-048,FFD,0.2941145941075854
El espejo,sub-052,sub-087,FFD,0.2718264478225374
El espejo,sub-052,sub-091,FFD,0.2845311393679018
El espejo,sub-052,sub-083,FFD,0.31359251640094077
El espejo,sub-052,sub-065,FFD,0.2155091614580225
El espejo,sub-052,sub-077,FFD,0.1634570416633214
El espejo,sub-052,sub-039,FFD,0.1285264732577613
El espejo,sub-052,sub-053,FFD,0.2200150762227889
El espejo,sub-052,sub-075,FFD,0.2583790457091924
El espejo,sub-052,sub-060,FFD,0.2784645910072366
El espejo,sub-052,sub-103,FFD,0.24506261755122682
El espejo,sub-052,sub-105,FFD,0.1759578022243066
El espejo,sub-052,sub-064,FFD,0.26586640967161296
El espejo,sub-052,sub-010,FFD,0.18199872848467885
El espejo,sub-052,sub-034,FFD,0.31174549984923516
El espejo,sub-052,sub-002,FFD,0.32680991842518226
El espejo,sub-052,sub-085,FFD,0.22786394567809423
El espejo,sub-052,sub-021,FFD,0.09292599364542112
El espejo,sub-052,sub-096,FFD,0.38110212296874496
El espejo,sub-052,sub-027,FFD,0.17099241796165443
El espejo,sub-052,sub-006,FFD,0.24724905817637902
El espejo,sub-052,sub-066,FFD,0.3230101622492805
El espejo,sub-052,sub-101,FFD,0.24330894579647586
El espejo,sub-052,sub-042,FFD,0.24055957457976582
El espejo,sub-052,sub-003,FFD,0.2976754794761104
El espejo,sub-052,sub-107,FFD,0.18799650556533204
El espejo,sub-052,sub-098,FFD,0.3730315022970621
El espejo,sub-052,sub-086,FFD,0.2203993789517785
El espejo,sub-052,sub-013,FFD,0.31163739699864207
El espejo,sub-052,sub-068,FFD,0.3513877962187967
El espejo,sub-094,sub-067,FFD,0.20519464122480788
El espejo,sub-094,sub-054,FFD,0.21184750749630615
El espejo,sub-094,sub-078,FFD,0.31545226246687696
El espejo,sub-094,sub-046,FFD,0.18001734878626743
El espejo,sub-094,sub-097,FFD,0.26889053010531033
El espejo,sub-094,sub-079,FFD,0.30226188042716495
El espejo,sub-094,sub-028,FFD,0.2882738322792815
El espejo,sub-094,sub-089,FFD,0.23355655976645326
El espejo,sub-094,sub-109,FFD,0.31151091765541117
El espejo,sub-094,sub-070,FFD,0.20520537690523438
El espejo,sub-094,sub-111,FFD,0.1826625663269924
El espejo,sub-094,sub-073,FFD,0.1909154322508155
El espejo,sub-094,sub-001,FFD,0.2563971329611348
El espejo,sub-094,sub-095,FFD,0.27884264341878523
El espejo,sub-094,sub-012,FFD,0.13960564844100712
El espejo,sub-094,sub-052,FFD,0.32440526329666386
El espejo,sub-094,sub-094,FFD,1.0
El espejo,sub-094,sub-088,FFD,0.0374313311834086
El espejo,sub-094,sub-044,FFD,0.24106166821108385
El espejo,sub-094,sub-009,FFD,0.19143141947258135
El espejo,sub-094,sub-041,FFD,0.2765651336902069
El espejo,sub-094,sub-024,FFD,0.1428832921772611
El espejo,sub-094,sub-016,FFD,0.2895590901735337
El espejo,sub-094,sub-112,FFD,0.2368547967245163
El espejo,sub-094,sub-058,FFD,0.22383192700565838
El espejo,sub-094,sub-018,FFD,0.21507022457111685
El espejo,sub-094,sub-048,FFD,0.2529276113081951
El espejo,sub-094,sub-087,FFD,0.23226580663654026
El espejo,sub-094,sub-091,FFD,0.25122228693735343
El espejo,sub-094,sub-083,FFD,0.30459283402714754
El espejo,sub-094,sub-065,FFD,0.18716123431872164
El espejo,sub-094,sub-077,FFD,0.15367322117343268
El espejo,sub-094,sub-039,FFD,0.13941586664048244
El espejo,sub-094,sub-053,FFD,0.24520850328520016
El espejo,sub-094,sub-075,FFD,0.25162240301960875
El espejo,sub-094,sub-060,FFD,0.23314429927480443
El espejo,sub-094,sub-103,FFD,0.2969600069051256
El espejo,sub-094,sub-105,FFD,0.20993171696247417
El espejo,sub-094,sub-064,FFD,0.32172343899255706
El espejo,sub-094,sub-010,FFD,0.22018646148678248
El espejo,sub-094,sub-034,FFD,0.35691854432721654
El espejo,sub-094,sub-002,FFD,0.21657841253250007
El espejo,sub-094,sub-085,FFD,0.1888372553052022
El espejo,sub-094,sub-021,FFD,0.15539406799085095
El espejo,sub-094,sub-096,FFD,0.3232173770230306
El espejo,sub-094,sub-027,FFD,0.2037230857336271
El espejo,sub-094,sub-006,FFD,0.16399943106932965
El espejo,sub-094,sub-066,FFD,0.27449735746208026
El espejo,sub-094,sub-101,FFD,0.2910946144140406
El espejo,sub-094,sub-042,FFD,0.21328357127958328
El espejo,sub-094,sub-003,FFD,0.25048561006653414
El espejo,sub-094,sub-107,FFD,0.20428919118424632
El espejo,sub-094,sub-098,FFD,0.3318059919467376
El espejo,sub-094,sub-086,FFD,0.23067792524227063
El espejo,sub-094,sub-013,FFD,0.2569543664468529
El espejo,sub-094,sub-068,FFD,0.33962864644864865
El espejo,sub-088,sub-067,FFD,0.08772503382735246
El espejo,sub-088,sub-054,FFD,-0.029206207724734423
El espejo,sub-088,sub-078,FFD,0.031092877151736417
El espejo,sub-088,sub-046,FFD,0.1541892028008895
El espejo,sub-088,sub-097,FFD,0.10857393333914768
El espejo,sub-088,sub-079,FFD,0.19353306614065804
El espejo,sub-088,sub-028,FFD,0.1934344830133787
El espejo,sub-088,sub-089,FFD,0.11588529902830551
El espejo,sub-088,sub-109,FFD,0.21294362571767536
El espejo,sub-088,sub-070,FFD,0.014074636986839377
El espejo,sub-088,sub-111,FFD,0.044797649702266316
El espejo,sub-088,sub-073,FFD,0.056942478714555524
El espejo,sub-088,sub-001,FFD,0.21686103700628498
El espejo,sub-088,sub-095,FFD,0.12669654862585633
El espejo,sub-088,sub-012,FFD,0.1489017865114059
El espejo,sub-088,sub-052,FFD,0.07706809937259458
El espejo,sub-088,sub-094,FFD,0.0374313311834086
El espejo,sub-088,sub-088,FFD,0.9999999999999998
El espejo,sub-088,sub-044,FFD,0.18745692946226353
El espejo,sub-088,sub-009,FFD,0.03759052567240794
El espejo,sub-088,sub-041,FFD,0.13167268602694143
El espejo,sub-088,sub-024,FFD,-0.003962327389344231
El espejo,sub-088,sub-016,FFD,0.09520146819935996
El espejo,sub-088,sub-112,FFD,0.1174144020923359
El espejo,sub-088,sub-058,FFD,0.15031809626117307
El espejo,sub-088,sub-018,FFD,0.0492451837413329
El espejo,sub-088,sub-048,FFD,-0.047309844876727083
El espejo,sub-088,sub-087,FFD,0.10737609697100763
El espejo,sub-088,sub-091,FFD,0.080743943424979
El espejo,sub-088,sub-083,FFD,0.17251954502492864
El espejo,sub-088,sub-065,FFD,0.16252094666090233
El espejo,sub-088,sub-077,FFD,0.13351993708433552
El espejo,sub-088,sub-039,FFD,0.08480124670429419
El espejo,sub-088,sub-053,FFD,0.032005479058683735
El espejo,sub-088,sub-075,FFD,0.07562844328347236
El espejo,sub-088,sub-060,FFD,0.1918296239683004
El espejo,sub-088,sub-103,FFD,0.08772368095433457
El espejo,sub-088,sub-105,FFD,0.1472302047296636
El espejo,sub-088,sub-064,FFD,0.11143904519152562
El espejo,sub-088,sub-010,FFD,0.0252854527654197
El espejo,sub-088,sub-034,FFD,0.08425011641219896
El espejo,sub-088,sub-002,FFD,0.17719914156527453
El espejo,sub-088,sub-085,FFD,0.02050426257184525
El espejo,sub-088,sub-021,FFD,0.13506724795220096
El espejo,sub-088,sub-096,FFD,0.17371545369563557
El espejo,sub-088,sub-027,FFD,0.23586122359167222
El espejo,sub-088,sub-006,FFD,0.15328246408068186
El espejo,sub-088,sub-066,FFD,0.04178641613487298
El espejo,sub-088,sub-101,FFD,0.025026202412170413
El espejo,sub-088,sub-042,FFD,0.10826643168589717
El espejo,sub-088,sub-003,FFD,0.14124254063471672
El espejo,sub-088,sub-107,FFD,0.07390831343602278
El espejo,sub-088,sub-098,FFD,0.12465092932801687
El espejo,sub-088,sub-086,FFD,0.028052051136885692
El espejo,sub-088,sub-013,FFD,0.07952785251909304
El espejo,sub-088,sub-068,FFD,0.13892006372829796
El espejo,sub-044,sub-067,FFD,0.2252885620529473
El espejo,sub-044,sub-054,FFD,0.20980804994383906
El espejo,sub-044,sub-078,FFD,0.23921458449833116
El espejo,sub-044,sub-046,FFD,0.3864494797489834
El espejo,sub-044,sub-097,FFD,0.3866746101332041
El espejo,sub-044,sub-079,FFD,0.3899706977919499
El espejo,sub-044,sub-028,FFD,0.3491641620171028
El espejo,sub-044,sub-089,FFD,0.3728237782998427
El espejo,sub-044,sub-109,FFD,0.5074196129479923
El espejo,sub-044,sub-070,FFD,0.1934778066517051
El espejo,sub-044,sub-111,FFD,0.30616544782917393
El espejo,sub-044,sub-073,FFD,0.28968500317040174
El espejo,sub-044,sub-001,FFD,0.44069865486899923
El espejo,sub-044,sub-095,FFD,0.3513224015276861
El espejo,sub-044,sub-012,FFD,0.16357335293824593
El espejo,sub-044,sub-052,FFD,0.27476002783544307
El espejo,sub-044,sub-094,FFD,0.24106166821108385
El espejo,sub-044,sub-088,FFD,0.18745692946226353
El espejo,sub-044,sub-044,FFD,1.0
El espejo,sub-044,sub-009,FFD,0.3093683350235588
El espejo,sub-044,sub-041,FFD,0.3297141034896993
El espejo,sub-044,sub-024,FFD,0.1235648873819076
El espejo,sub-044,sub-016,FFD,0.19390495639044147
El espejo,sub-044,sub-112,FFD,0.3757481117537045
El espejo,sub-044,sub-058,FFD,0.3360851746473301
El espejo,sub-044,sub-018,FFD,0.2574596587540231
El espejo,sub-044,sub-048,FFD,0.2276782925213541
El espejo,sub-044,sub-087,FFD,0.37742014769027243
El espejo,sub-044,sub-091,FFD,0.34548786103004686
El espejo,sub-044,sub-083,FFD,0.3529445659713452
El espejo,sub-044,sub-065,FFD,0.43181360460066065
El espejo,sub-044,sub-077,FFD,0.2070733206782766
El espejo,sub-044,sub-039,FFD,0.36822115007352973
El espejo,sub-044,sub-053,FFD,0.1334404321544847
El espejo,sub-044,sub-075,FFD,0.22588936607078722
El espejo,sub-044,sub-060,FFD,0.39816186425202843
El espejo,sub-044,sub-103,FFD,0.3687085308163348
El espejo,sub-044,sub-105,FFD,0.24048977563780255
El espejo,sub-044,sub-064,FFD,0.2470008820874409
El espejo,sub-044,sub-010,FFD,0.08166633105263314
El espejo,sub-044,sub-034,FFD,0.2613959823925262
El espejo,sub-044,sub-002,FFD,0.31504399634802016
El espejo,sub-044,sub-085,FFD,0.34311146889529054
El espejo,sub-044,sub-021,FFD,0.3437193179033851
El espejo,sub-044,sub-096,FFD,0.4153817683041132
El espejo,sub-044,sub-027,FFD,0.38656687521299465
El espejo,sub-044,sub-006,FFD,0.3965652534744975
El espejo,sub-044,sub-066,FFD,0.32962027710874436
El espejo,sub-044,sub-101,FFD,0.24384941075680555
El espejo,sub-044,sub-042,FFD,0.489236942773763
El espejo,sub-044,sub-003,FFD,0.46705571992474726
El espejo,sub-044,sub-107,FFD,0.2801633370252462
El espejo,sub-044,sub-098,FFD,0.2369601930083587
El espejo,sub-044,sub-086,FFD,0.05716300394248674
El espejo,sub-044,sub-013,FFD,0.25745027891018324
El espejo,sub-044,sub-068,FFD,0.41061572980084726
El espejo,sub-009,sub-067,FFD,0.1426026511100336
El espejo,sub-009,sub-054,FFD,0.13071476888041628
El espejo,sub-009,sub-078,FFD,0.2833491514532051
El espejo,sub-009,sub-046,FFD,0.3452638039276154
El espejo,sub-009,sub-097,FFD,0.25272951822575673
El espejo,sub-009,sub-079,FFD,0.3072384010148298
El espejo,sub-009,sub-028,FFD,0.1656260039214725
El espejo,sub-009,sub-089,FFD,0.3726937629650742
El espejo,sub-009,sub-109,FFD,0.3264765021709061
El espejo,sub-009,sub-070,FFD,0.05187458266987393
El espejo,sub-009,sub-111,FFD,0.2509118243223717
El espejo,sub-009,sub-073,FFD,0.22776768267750105
El espejo,sub-009,sub-001,FFD,0.3346958372240523
El espejo,sub-009,sub-095,FFD,0.2987509059470544
El espejo,sub-009,sub-012,FFD,0.08353143557792843
El espejo,sub-009,sub-052,FFD,0.18563466482572716
El espejo,sub-009,sub-094,FFD,0.19143141947258133
El espejo,sub-009,sub-088,FFD,0.03759052567240794
El espejo,sub-009,sub-044,FFD,0.3093683350235588
El espejo,sub-009,sub-009,FFD,1.0
El espejo,sub-009,sub-041,FFD,0.23078810462694843
El espejo,sub-009,sub-024,FFD,0.04192339190525953
El espejo,sub-009,sub-016,FFD,0.17273872064543866
El espejo,sub-009,sub-112,FFD,0.3913039884884698
El espejo,sub-009,sub-058,FFD,0.3069322276530738
El espejo,sub-009,sub-018,FFD,0.1605509135631081
El espejo,sub-009,sub-048,FFD,0.20115474210371787
El espejo,sub-009,sub-087,FFD,0.2708349392723201
El espejo,sub-009,sub-091,FFD,0.2910233072365944
El espejo,sub-009,sub-083,FFD,0.2775672073289592
El espejo,sub-009,sub-065,FFD,0.232763181647218
El espejo,sub-009,sub-077,FFD,0.1505607841264594
El espejo,sub-009,sub-039,FFD,0.31366898445002694
El espejo,sub-009,sub-053,FFD,0.08942076231000376
El espejo,sub-009,sub-075,FFD,0.18543227645659915
El espejo,sub-009,sub-060,FFD,0.28139548110705387
El espejo,sub-009,sub-103,FFD,0.2328372522456502
El espejo,sub-009,sub-105,FFD,0.0683712037712645
El espejo,sub-009,sub-064,FFD,0.17228420455698792
El espejo,sub-009,sub-010,FFD,0.12129054751415136
El espejo,sub-009,sub-034,FFD,0.17261522907740365
El espejo,sub-009,sub-002,FFD,0.21781712476085174
El espejo,sub-009,sub-085,FFD,0.38914837623503
El espejo,sub-009,sub-021,FFD,0.24553802144108983
El espejo,sub-009,sub-096,FFD,0.23199433468176986
El espejo,sub-009,sub-027,FFD,0.2752203416073179
El espejo,sub-009,sub-006,FFD,0.3755976745958548
El espejo,sub-009,sub-066,FFD,0.2870936213922175
El espejo,sub-009,sub-101,FFD,0.16257232611464428
El espejo,sub-009,sub-042,FFD,0.36454588051715225
El espejo,sub-009,sub-003,FFD,0.33676858655252034
El espejo,sub-009,sub-107,FFD,0.26996209856598663
El espejo,sub-009,sub-098,FFD,0.15913814271903823
El espejo,sub-009,sub-086,FFD,0.06678306246415379
El espejo,sub-009,sub-013,FFD,0.18301627008124183
El espejo,sub-009,sub-068,FFD,0.20464186098073767
El espejo,sub-041,sub-067,FFD,0.29760630565083557
El espejo,sub-041,sub-054,FFD,0.2624164341818989
El espejo,sub-041,sub-078,FFD,0.33563845151804356
El espejo,sub-041,sub-046,FFD,0.2750566585682789
El espejo,sub-041,sub-097,FFD,0.3584740567892895
El espejo,sub-041,sub-079,FFD,0.3631630416707309
El espejo,sub-041,sub-028,FFD,0.3372884972403792
El espejo,sub-041,sub-089,FFD,0.31708244095201804
El espejo,sub-041,sub-109,FFD,0.41882588316303737
El espejo,sub-041,sub-070,FFD,0.1539079788530911
El espejo,sub-041,sub-111,FFD,0.33140787859588033
El espejo,sub-041,sub-073,FFD,0.25200684343061125
El espejo,sub-041,sub-001,FFD,0.38250644566643377
El espejo,sub-041,sub-095,FFD,0.32472088773220564
El espejo,sub-041,sub-012,FFD,0.054402140355899214
El espejo,sub-041,sub-052,FFD,0.38035708252032263
El espejo,sub-041,sub-094,FFD,0.27656513369020697
El espejo,sub-041,sub-088,FFD,0.13167268602694146
El espejo,sub-041,sub-044,FFD,0.3297141034896993
El espejo,sub-041,sub-009,FFD,0.23078810462694843
El espejo,sub-041,sub-041,FFD,1.0
El espejo,sub-041,sub-024,FFD,0.1370854703484417
El espejo,sub-041,sub-016,FFD,0.18312775144054874
El espejo,sub-041,sub-112,FFD,0.3736263721590551
El espejo,sub-041,sub-058,FFD,0.33523050295941575
El espejo,sub-041,sub-018,FFD,0.3171101219373398
El espejo,sub-041,sub-048,FFD,0.3517221132748627
El espejo,sub-041,sub-087,FFD,0.29822497960508093
El espejo,sub-041,sub-091,FFD,0.3322526159614087
El espejo,sub-041,sub-083,FFD,0.3721961720645801
El espejo,sub-041,sub-065,FFD,0.3283339764159112
El espejo,sub-041,sub-077,FFD,0.142025456365311
El espejo,sub-041,sub-039,FFD,0.26769531864134083
El espejo,sub-041,sub-053,FFD,0.1557491442190638
El espejo,sub-041,sub-075,FFD,0.313376149793636
El espejo,sub-041,sub-060,FFD,0.3186263503563283
El espejo,sub-041,sub-103,FFD,0.2810645213715028
El espejo,sub-041,sub-105,FFD,0.2299810768999094
El espejo,sub-041,sub-064,FFD,0.25209381322092644
El espejo,sub-041,sub-010,FFD,0.10648591363872606
El espejo,sub-041,sub-034,FFD,0.3506022537258905
El espejo,sub-041,sub-002,FFD,0.2968632498808748
El espejo,sub-041,sub-085,FFD,0.2605240360255484
El espejo,sub-041,sub-021,FFD,0.1587709473381788
El espejo,sub-041,sub-096,FFD,0.36874832660009726
El espejo,sub-041,sub-027,FFD,0.24228286435319865
El espejo,sub-041,sub-006,FFD,0.32859168461133403
El espejo,sub-041,sub-066,FFD,0.3562929478924533
El espejo,sub-041,sub-101,FFD,0.24166653512245864
El espejo,sub-041,sub-042,FFD,0.2675412739876081
El espejo,sub-041,sub-003,FFD,0.38032475815205785
El espejo,sub-041,sub-107,FFD,0.22060488596574843
El espejo,sub-041,sub-098,FFD,0.3328651479117754
El espejo,sub-041,sub-086,FFD,0.15564729880629688
El espejo,sub-041,sub-013,FFD,0.29133312468500205
El espejo,sub-041,sub-068,FFD,0.38837418658756456
El espejo,sub-024,sub-067,FFD,0.131046565586045
El espejo,sub-024,sub-054,FFD,0.15218223112958607
El espejo,sub-024,sub-078,FFD,0.12104009893826403
El espejo,sub-024,sub-046,FFD,0.05656741699491941
El espejo,sub-024,sub-097,FFD,0.18275585014820458
El espejo,sub-024,sub-079,FFD,0.15441582072699747
El espejo,sub-024,sub-028,FFD,0.13459745175998808
El espejo,sub-024,sub-089,FFD,0.11233121347109408
El espejo,sub-024,sub-109,FFD,0.11213622954945104
El espejo,sub-024,sub-070,FFD,0.1536790088156472
El espejo,sub-024,sub-111,FFD,0.09808177853897203
El espejo,sub-024,sub-073,FFD,0.13833384441167582
El espejo,sub-024,sub-001,FFD,0.04672488874948063
El espejo,sub-024,sub-095,FFD,0.10626893015292845
El espejo,sub-024,sub-012,FFD,0.05074746776105314
El espejo,sub-024,sub-052,FFD,0.19598636644183562
El espejo,sub-024,sub-094,FFD,0.1428832921772611
El espejo,sub-024,sub-088,FFD,-0.003962327389344231
El espejo,sub-024,sub-044,FFD,0.1235648873819076
El espejo,sub-024,sub-009,FFD,0.04192339190525953
El espejo,sub-024,sub-041,FFD,0.1370854703484417
El espejo,sub-024,sub-024,FFD,1.0
El espejo,sub-024,sub-016,FFD,0.15016620514877288
El espejo,sub-024,sub-112,FFD,0.08061676030084913
El espejo,sub-024,sub-058,FFD,0.11549653959982845
El espejo,sub-024,sub-018,FFD,0.09433410219739714
El espejo,sub-024,sub-048,FFD,0.22019270546668362
El espejo,sub-024,sub-087,FFD,0.10414519254071537
El espejo,sub-024,sub-091,FFD,0.07850635403034892
El espejo,sub-024,sub-083,FFD,0.132250761190847
El espejo,sub-024,sub-065,FFD,0.09298739429485524
El espejo,sub-024,sub-077,FFD,0.08071603512649768
El espejo,sub-024,sub-039,FFD,0.033020714676536944
El espejo,sub-024,sub-053,FFD,0.15270261612238906
El espejo,sub-024,sub-075,FFD,0.1962404931403286
El espejo,sub-024,sub-060,FFD,0.05872987796648157
El espejo,sub-024,sub-103,FFD,0.15652730643878435
El espejo,sub-024,sub-105,FFD,0.1593153817036937
El espejo,sub-024,sub-064,FFD,0.1743945473414829
El espejo,sub-024,sub-010,FFD,0.12523517665388625
El espejo,sub-024,sub-034,FFD,0.264153702262975
El espejo,sub-024,sub-002,FFD,0.12758627386242505
El espejo,sub-024,sub-085,FFD,0.16720638175443972
El espejo,sub-024,sub-021,FFD,-0.004718301232056725
El espejo,sub-024,sub-096,FFD,0.15040074999756342
El espejo,sub-024,sub-027,FFD,0.1063970989236398
El espejo,sub-024,sub-006,FFD,0.1024644121361888
El espejo,sub-024,sub-066,FFD,0.1639251985112281
El espejo,sub-024,sub-101,FFD,0.2155191398767803
El espejo,sub-024,sub-042,FFD,0.06474976321911852
El espejo,sub-024,sub-003,FFD,0.1704547055893769
El espejo,sub-024,sub-107,FFD,0.134219869524281
El espejo,sub-024,sub-098,FFD,0.18872092067860682
El espejo,sub-024,sub-086,FFD,0.11291982548160788
El espejo,sub-024,sub-013,FFD,0.23447210750743538
El espejo,sub-024,sub-068,FFD,0.12472827041235277
El espejo,sub-016,sub-067,FFD,0.18287459583693005
El espejo,sub-016,sub-054,FFD,0.24083622187292947
El espejo,sub-016,sub-078,FFD,0.21920732089621275
El espejo,sub-016,sub-046,FFD,0.12074859308462961
El espejo,sub-016,sub-097,FFD,0.17073235818766574
El espejo,sub-016,sub-079,FFD,0.22270796060443504
El espejo,sub-016,sub-028,FFD,0.2357444399762895
El espejo,sub-016,sub-089,FFD,0.13044415343582874
El espejo,sub-016,sub-109,FFD,0.23034836471040696
El espejo,sub-016,sub-070,FFD,0.15806510013516956
El espejo,sub-016,sub-111,FFD,0.09493858053112376
El espejo,sub-016,sub-073,FFD,0.13389006149996913
El espejo,sub-016,sub-001,FFD,0.18544319074213475
El espejo,sub-016,sub-095,FFD,0.17889491259883677
El espejo,sub-016,sub-012,FFD,0.09702967572100264
El espejo,sub-016,sub-052,FFD,0.2708957917644686
El espejo,sub-016,sub-094,FFD,0.28955909017353365
El espejo,sub-016,sub-088,FFD,0.09520146819935996
El espejo,sub-016,sub-044,FFD,0.19390495639044145
El espejo,sub-016,sub-009,FFD,0.17273872064543866
El espejo,sub-016,sub-041,FFD,0.18312775144054874
El espejo,sub-016,sub-024,FFD,0.15016620514877285
El espejo,sub-016,sub-016,FFD,1.0
El espejo,sub-016,sub-112,FFD,0.17024563845735632
El espejo,sub-016,sub-058,FFD,0.23076824344998143
El espejo,sub-016,sub-018,FFD,0.13107546782647528
El espejo,sub-016,sub-048,FFD,0.18100790898087227
El espejo,sub-016,sub-087,FFD,0.1516793643103986
El espejo,sub-016,sub-091,FFD,0.20719583443761394
El espejo,sub-016,sub-083,FFD,0.21926752122626042
El espejo,sub-016,sub-065,FFD,0.20640537972380288
El espejo,sub-016,sub-077,FFD,0.13724102278532416
El espejo,sub-016,sub-039,FFD,0.10962844196788185
El espejo,sub-016,sub-053,FFD,0.22235746040424006
El espejo,sub-016,sub-075,FFD,0.1877998770771394
El espejo,sub-016,sub-060,FFD,0.14984453819218657
El espejo,sub-016,sub-103,FFD,0.22219163061764355
El espejo,sub-016,sub-105,FFD,0.1452776486091968
El espejo,sub-016,sub-064,FFD,0.1995278377966708
El espejo,sub-016,sub-010,FFD,0.14950063754905885
El espejo,sub-016,sub-034,FFD,0.2838923527367311
El espejo,sub-016,sub-002,FFD,0.14855152591964027
El espejo,sub-016,sub-085,FFD,0.1697584887307071
El espejo,sub-016,sub-021,FFD,0.13461264976898385
El espejo,sub-016,sub-096,FFD,0.1736341256831764
El espejo,sub-016,sub-027,FFD,0.14824550250417548
El espejo,sub-016,sub-006,FFD,0.13012209529262658
El espejo,sub-016,sub-066,FFD,0.14019947453476284
El espejo,sub-016,sub-101,FFD,0.23315672492087605
El espejo,sub-016,sub-042,FFD,0.19517146640061814
El espejo,sub-016,sub-003,FFD,0.18870401333122963
El espejo,sub-016,sub-107,FFD,0.12430856326734617
El espejo,sub-016,sub-098,FFD,0.24479582516110202
El espejo,sub-016,sub-086,FFD,0.1518169623365911
El espejo,sub-016,sub-013,FFD,0.1580687354684348
El espejo,sub-016,sub-068,FFD,0.24899108095839453
El espejo,sub-112,sub-067,FFD,0.24583335284325888
El espejo,sub-112,sub-054,FFD,0.215935303800407
El espejo,sub-112,sub-078,FFD,0.24889924889381093
El espejo,sub-112,sub-046,FFD,0.4147892598104223
El espejo,sub-112,sub-097,FFD,0.36410703243318243
El espejo,sub-112,sub-079,FFD,0.3219247946830498
El espejo,sub-112,sub-028,FFD,0.35365888858279787
El espejo,sub-112,sub-089,FFD,0.4403716040157668
El espejo,sub-112,sub-109,FFD,0.4781694484689532
El espejo,sub-112,sub-070,FFD,0.15133104037291858
El espejo,sub-112,sub-111,FFD,0.2772937158782707
El espejo,sub-112,sub-073,FFD,0.21944589505336642
El espejo,sub-112,sub-001,FFD,0.42039444763747463
El espejo,sub-112,sub-095,FFD,0.351284527564145
El espejo,sub-112,sub-012,FFD,0.14273879281342688
El espejo,sub-112,sub-052,FFD,0.26782180630998476
El espejo,sub-112,sub-094,FFD,0.2368547967245163
El espejo,sub-112,sub-088,FFD,0.1174144020923359
El espejo,sub-112,sub-044,FFD,0.3757481117537045
El espejo,sub-112,sub-009,FFD,0.3913039884884698
El espejo,sub-112,sub-041,FFD,0.37362637215905503
El espejo,sub-112,sub-024,FFD,0.08061676030084913
El espejo,sub-112,sub-016,FFD,0.17024563845735635
El espejo,sub-112,sub-112,FFD,0.9999999999999998
El espejo,sub-112,sub-058,FFD,0.34524024877156967
El espejo,sub-112,sub-018,FFD,0.21010158609022872
El espejo,sub-112,sub-048,FFD,0.230330563381209
El espejo,sub-112,sub-087,FFD,0.371353909932581
El espejo,sub-112,sub-091,FFD,0.33990396172394566
El espejo,sub-112,sub-083,FFD,0.3177526382313973
El espejo,sub-112,sub-065,FFD,0.3405232035866544
El espejo,sub-112,sub-077,FFD,0.22010141257001364
El espejo,sub-112,sub-039,FFD,0.3021388628702861
El espejo,sub-112,sub-053,FFD,0.11065486065743456
El espejo,sub-112,sub-075,FFD,0.24916205924831636
El espejo,sub-112,sub-060,FFD,0.3347692804884264
El espejo,sub-112,sub-103,FFD,0.29636676397308054
El espejo,sub-112,sub-105,FFD,0.19910220793770786
El espejo,sub-112,sub-064,FFD,0.18864803187387577
El espejo,sub-112,sub-010,FFD,0.026863829713009105
El espejo,sub-112,sub-034,FFD,0.20206840123389888
El espejo,sub-112,sub-002,FFD,0.2966126896843182
El espejo,sub-112,sub-085,FFD,0.3652043279174527
El espejo,sub-112,sub-021,FFD,0.21016411352175418
El espejo,sub-112,sub-096,FFD,0.3336130742698497
El espejo,sub-112,sub-027,FFD,0.2606992056167443
El espejo,sub-112,sub-006,FFD,0.36247164398788256
El espejo,sub-112,sub-066,FFD,0.23987997862534524
El espejo,sub-112,sub-101,FFD,0.15190481242698714
El espejo,sub-112,sub-042,FFD,0.39837185527032437
El espejo,sub-112,sub-003,FFD,0.4105487305303594
El espejo,sub-112,sub-107,FFD,0.29237618953730365
El espejo,sub-112,sub-098,FFD,0.26874326933025006
El espejo,sub-112,sub-086,FFD,0.11300907239863663
El espejo,sub-112,sub-013,FFD,0.2855669671910142
El espejo,sub-112,sub-068,FFD,0.3107989039207555
El espejo,sub-058,sub-067,FFD,0.1855444548008733
El espejo,sub-058,sub-054,FFD,0.18136504855349714
El espejo,sub-058,sub-078,FFD,0.21794048174523636
El espejo,sub-058,sub-046,FFD,0.25603006071156015
El espejo,sub-058,sub-097,FFD,0.36288078823112585
El espejo,sub-058,sub-079,FFD,0.39691177479648965
El espejo,sub-058,sub-028,FFD,0.32900406199423454
El espejo,sub-058,sub-089,FFD,0.36360126288758093
El espejo,sub-058,sub-109,FFD,0.4652911087920044
El espejo,sub-058,sub-070,FFD,0.15419279750306064
El espejo,sub-058,sub-111,FFD,0.16220861308288395
El espejo,sub-058,sub-073,FFD,0.25617197635742656
El espejo,sub-058,sub-001,FFD,0.37808095983752515
El espejo,sub-058,sub-095,FFD,0.33393020002407103
El espejo,sub-058,sub-012,FFD,0.1128565903392521
El espejo,sub-058,sub-052,FFD,0.3129742386208352
El espejo,sub-058,sub-094,FFD,0.22383192700565838
El espejo,sub-058,sub-088,FFD,0.15031809626117307
El espejo,sub-058,sub-044,FFD,0.3360851746473302
El espejo,sub-058,sub-009,FFD,0.30693222765307376
El espejo,sub-058,sub-041,FFD,0.33523050295941575
El espejo,sub-058,sub-024,FFD,0.11549653959982845
El espejo,sub-058,sub-016,FFD,0.23076824344998143
El espejo,sub-058,sub-112,FFD,0.34524024877156967
El espejo,sub-058,sub-058,FFD,1.0
El espejo,sub-058,sub-018,FFD,0.2504359785997236
El espejo,sub-058,sub-048,FFD,0.2529280545590612
El espejo,sub-058,sub-087,FFD,0.3378205517923439
El espejo,sub-058,sub-091,FFD,0.37356205467005893
El espejo,sub-058,sub-083,FFD,0.2949854357581207
El espejo,sub-058,sub-065,FFD,0.2683449023562508
El espejo,sub-058,sub-077,FFD,0.18964466573471972
El espejo,sub-058,sub-039,FFD,0.25611746464456014
El espejo,sub-058,sub-053,FFD,0.17397631231615135
El espejo,sub-058,sub-075,FFD,0.18167965389093127
El espejo,sub-058,sub-060,FFD,0.33440230803540133
El espejo,sub-058,sub-103,FFD,0.28144250450219194
El espejo,sub-058,sub-105,FFD,0.20981707444367603
El espejo,sub-058,sub-064,FFD,0.1895223720989188
El espejo,sub-058,sub-010,FFD,0.04015457698707432
El espejo,sub-058,sub-034,FFD,0.2967758539314886
El espejo,sub-058,sub-002,FFD,0.32030670132997363
El espejo,sub-058,sub-085,FFD,0.2947067928272687
El espejo,sub-058,sub-021,FFD,0.18196721155627585
El espejo,sub-058,sub-096,FFD,0.43083623753001066
El espejo,sub-058,sub-027,FFD,0.29144854927139086
El espejo,sub-058,sub-006,FFD,0.3062682819444278
El espejo,sub-058,sub-066,FFD,0.2655120921265096
El espejo,sub-058,sub-101,FFD,0.1910220973596709
El espejo,sub-058,sub-042,FFD,0.3741751008601956
El espejo,sub-058,sub-003,FFD,0.3733837464647604
El espejo,sub-058,sub-107,FFD,0.2565722317722345
El espejo,sub-058,sub-098,FFD,0.26505528595352396
El espejo,sub-058,sub-086,FFD,0.13415745011133662
El espejo,sub-058,sub-013,FFD,0.19766963921869826
El espejo,sub-058,sub-068,FFD,0.3348611232667694
El espejo,sub-018,sub-067,FFD,0.20093500236108308
El espejo,sub-018,sub-054,FFD,0.10814841873498332
El espejo,sub-018,sub-078,FFD,0.239316254124639
El espejo,sub-018,sub-046,FFD,0.17468717442900092
El espejo,sub-018,sub-097,FFD,0.2104322188457911
El espejo,sub-018,sub-079,FFD,0.2158937140271991
El espejo,sub-018,sub-028,FFD,0.24762522902233122
El espejo,sub-018,sub-089,FFD,0.2968209763060289
El espejo,sub-018,sub-109,FFD,0.31194093456877964
El espejo,sub-018,sub-070,FFD,0.12834294019399298
El espejo,sub-018,sub-111,FFD,0.25640613918033794
El espejo,sub-018,sub-073,FFD,0.20854785440643114
El espejo,sub-018,sub-001,FFD,0.2719562934519288
El espejo,sub-018,sub-095,FFD,0.2555456015407814
El espejo,sub-018,sub-012,FFD,0.10198120750925843
El espejo,sub-018,sub-052,FFD,0.22954727601928973
El espejo,sub-018,sub-094,FFD,0.21507022457111685
El espejo,sub-018,sub-088,FFD,0.0492451837413329
El espejo,sub-018,sub-044,FFD,0.2574596587540231
El espejo,sub-018,sub-009,FFD,0.1605509135631081
El espejo,sub-018,sub-041,FFD,0.31711012193733973
El espejo,sub-018,sub-024,FFD,0.09433410219739714
El espejo,sub-018,sub-016,FFD,0.13107546782647528
El espejo,sub-018,sub-112,FFD,0.21010158609022872
El espejo,sub-018,sub-058,FFD,0.25043597859972366
El espejo,sub-018,sub-018,FFD,1.0
El espejo,sub-018,sub-048,FFD,0.28375539323251686
El espejo,sub-018,sub-087,FFD,0.2018858999467419
El espejo,sub-018,sub-091,FFD,0.3168692397512319
El espejo,sub-018,sub-083,FFD,0.2205493481302804
El espejo,sub-018,sub-065,FFD,0.2321711858546394
El espejo,sub-018,sub-077,FFD,0.13784617939463203
El espejo,sub-018,sub-039,FFD,0.17580604747970408
El espejo,sub-018,sub-053,FFD,0.1722734398658193
El espejo,sub-018,sub-075,FFD,0.2928847601526146
El espejo,sub-018,sub-060,FFD,0.20494930116556231
El espejo,sub-018,sub-103,FFD,0.2857556733765912
El espejo,sub-018,sub-105,FFD,0.19538833954520415
El espejo,sub-018,sub-064,FFD,0.17354364325182417
El espejo,sub-018,sub-010,FFD,0.13734499610699935
El espejo,sub-018,sub-034,FFD,0.20924323308744627
El espejo,sub-018,sub-002,FFD,0.22910809729689713
El espejo,sub-018,sub-085,FFD,0.16967940798666234
El espejo,sub-018,sub-021,FFD,0.0766981997938698
El espejo,sub-018,sub-096,FFD,0.3302824772731613
El espejo,sub-018,sub-027,FFD,0.1993875622751834
El espejo,sub-018,sub-006,FFD,0.24035601909585264
El espejo,sub-018,sub-066,FFD,0.19031124835203697
El espejo,sub-018,sub-101,FFD,0.24115981485388377
El espejo,sub-018,sub-042,FFD,0.21918712808347976
El espejo,sub-018,sub-003,FFD,0.3146866385478432
El espejo,sub-018,sub-107,FFD,0.24342903746530295
El espejo,sub-018,sub-098,FFD,0.1891229951009348
El espejo,sub-018,sub-086,FFD,0.1984826214291487
El espejo,sub-018,sub-013,FFD,0.2578198590514022
El espejo,sub-018,sub-068,FFD,0.3029728075836441
El espejo,sub-048,sub-067,FFD,0.20160125460293918
El espejo,sub-048,sub-054,FFD,0.16550427110628738
El espejo,sub-048,sub-078,FFD,0.2630516552847559
El espejo,sub-048,sub-046,FFD,0.1608872226665678
El espejo,sub-048,sub-097,FFD,0.24548635982641442
El espejo,sub-048,sub-079,FFD,0.22345099343904984
El espejo,sub-048,sub-028,FFD,0.2592628713649714
El espejo,sub-048,sub-089,FFD,0.23187377811086538
El espejo,sub-048,sub-109,FFD,0.32886366694626146
El espejo,sub-048,sub-070,FFD,0.10765422211935491
El espejo,sub-048,sub-111,FFD,0.2926093921770899
El espejo,sub-048,sub-073,FFD,0.17376880989039006
El espejo,sub-048,sub-001,FFD,0.23104050358041472
El espejo,sub-048,sub-095,FFD,0.2656849359964037
El espejo,sub-048,sub-012,FFD,0.04034446689938417
El espejo,sub-048,sub-052,FFD,0.2941145941075854
El espejo,sub-048,sub-094,FFD,0.2529276113081951
El espejo,sub-048,sub-088,FFD,-0.047309844876727083
El espejo,sub-048,sub-044,FFD,0.2276782925213541
El espejo,sub-048,sub-009,FFD,0.20115474210371784
El espejo,sub-048,sub-041,FFD,0.3517221132748627
El espejo,sub-048,sub-024,FFD,0.2201927054666836
El espejo,sub-048,sub-016,FFD,0.18100790898087227
El espejo,sub-048,sub-112,FFD,0.23033056338120897
El espejo,sub-048,sub-058,FFD,0.2529280545590612
El espejo,sub-048,sub-018,FFD,0.2837553932325169
El espejo,sub-048,sub-048,FFD,1.0
El espejo,sub-048,sub-087,FFD,0.1815116636406007
El espejo,sub-048,sub-091,FFD,0.2838676153826329
El espejo,sub-048,sub-083,FFD,0.2563231043483163
El espejo,sub-048,sub-065,FFD,0.22323547105588654
El espejo,sub-048,sub-077,FFD,0.1474432682154872
El espejo,sub-048,sub-039,FFD,0.1778290785462992
El espejo,sub-048,sub-053,FFD,0.20731756648729624
El espejo,sub-048,sub-075,FFD,0.27415105204779044
El espejo,sub-048,sub-060,FFD,0.2098239436926774
El espejo,sub-048,sub-103,FFD,0.24936420629669534
El espejo,sub-048,sub-105,FFD,0.22562678012561327
El espejo,sub-048,sub-064,FFD,0.2775085080539331
El espejo,sub-048,sub-010,FFD,0.08728426820417805
El espejo,sub-048,sub-034,FFD,0.3124937875999304
El espejo,sub-048,sub-002,FFD,0.23311368634940313
El espejo,sub-048,sub-085,FFD,0.2600556529045446
El espejo,sub-048,sub-021,FFD,0.05779854878487466
El espejo,sub-048,sub-096,FFD,0.30846280757625555
El espejo,sub-048,sub-027,FFD,0.1344874242428601
El espejo,sub-048,sub-006,FFD,0.23619341975143837
El espejo,sub-048,sub-066,FFD,0.2638686995500086
El espejo,sub-048,sub-101,FFD,0.2252368417062362
El espejo,sub-048,sub-042,FFD,0.2370301204655416
El espejo,sub-048,sub-003,FFD,0.2646165481844526
El espejo,sub-048,sub-107,FFD,0.21704390418442532
El espejo,sub-048,sub-098,FFD,0.23835179220922748
El espejo,sub-048,sub-086,FFD,0.15906377737138597
El espejo,sub-048,sub-013,FFD,0.2836770626919214
El espejo,sub-048,sub-068,FFD,0.2724413214211589
El espejo,sub-087,sub-067,FFD,0.1557062078287088
El espejo,sub-087,sub-054,FFD,0.16668275263661447
El espejo,sub-087,sub-078,FFD,0.25417495665793205
El espejo,sub-087,sub-046,FFD,0.2955896373847095
El espejo,sub-087,sub-097,FFD,0.3620265411216691
El espejo,sub-087,sub-079,FFD,0.28734724168791564
El espejo,sub-087,sub-028,FFD,0.2543036304327017
El espejo,sub-087,sub-089,FFD,0.36165167434775647
El espejo,sub-087,sub-109,FFD,0.38512618408478816
El espejo,sub-087,sub-070,FFD,0.1877285802556385
El espejo,sub-087,sub-111,FFD,0.296921369282256
El espejo,sub-087,sub-073,FFD,0.29443482882865274
El espejo,sub-087,sub-001,FFD,0.3396290573937527
El espejo,sub-087,sub-095,FFD,0.3216143039064879
El espejo,sub-087,sub-012,FFD,0.12411835317029066
El espejo,sub-087,sub-052,FFD,0.2718264478225374
El espejo,sub-087,sub-094,FFD,0.23226580663654026
El espejo,sub-087,sub-088,FFD,0.1073760969710076
El espejo,sub-087,sub-044,FFD,0.37742014769027243
El espejo,sub-087,sub-009,FFD,0.2708349392723201
El espejo,sub-087,sub-041,FFD,0.29822497960508093
El espejo,sub-087,sub-024,FFD,0.10414519254071537
El espejo,sub-087,sub-016,FFD,0.15167936431039863
El espejo,sub-087,sub-112,FFD,0.371353909932581
El espejo,sub-087,sub-058,FFD,0.3378205517923439
El espejo,sub-087,sub-018,FFD,0.2018858999467419
El espejo,sub-087,sub-048,FFD,0.1815116636406007
El espejo,sub-087,sub-087,FFD,1.0
El espejo,sub-087,sub-091,FFD,0.28832830069723314
El espejo,sub-087,sub-083,FFD,0.32721773522126635
El espejo,sub-087,sub-065,FFD,0.3289859014246137
El espejo,sub-087,sub-077,FFD,0.12940532809193622
El espejo,sub-087,sub-039,FFD,0.17277175311671913
El espejo,sub-087,sub-053,FFD,0.1487292766543987
El espejo,sub-087,sub-075,FFD,0.23316318238108683
El espejo,sub-087,sub-060,FFD,0.30942043101405503
El espejo,sub-087,sub-103,FFD,0.2055555532773668
El espejo,sub-087,sub-105,FFD,0.1604148918620178
El espejo,sub-087,sub-064,FFD,0.24576803985427242
El espejo,sub-087,sub-010,FFD,0.09084269370708847
El espejo,sub-087,sub-034,FFD,0.2508014121550171
El espejo,sub-087,sub-002,FFD,0.309263014302238
El espejo,sub-087,sub-085,FFD,0.32770825287445426
El espejo,sub-087,sub-021,FFD,0.15125982790533563
El espejo,sub-087,sub-096,FFD,0.2872658219927681
El espejo,sub-087,sub-027,FFD,0.26577318803902084
El espejo,sub-087,sub-006,FFD,0.23783496355592526
El espejo,sub-087,sub-066,FFD,0.1896814857253809
El espejo,sub-087,sub-101,FFD,0.2394865335830444
El espejo,sub-087,sub-042,FFD,0.29388571572672206
El espejo,sub-087,sub-003,FFD,0.38696259542315226
El espejo,sub-087,sub-107,FFD,0.2452655755153444
El espejo,sub-087,sub-098,FFD,0.2756600369473318
El espejo,sub-087,sub-086,FFD,0.14930829111255364
El espejo,sub-087,sub-013,FFD,0.24120036657023514
El espejo,sub-087,sub-068,FFD,0.3736401192670603
El espejo,sub-091,sub-067,FFD,0.2810404128661482
El espejo,sub-091,sub-054,FFD,0.20484750293628232
El espejo,sub-091,sub-078,FFD,0.30911228566008003
El espejo,sub-091,sub-046,FFD,0.3350641146837114
El espejo,sub-091,sub-097,FFD,0.38480877361804716
El espejo,sub-091,sub-079,FFD,0.37481755909265
El espejo,sub-091,sub-028,FFD,0.35713651102050803
El espejo,sub-091,sub-089,FFD,0.34669497883529665
El espejo,sub-091,sub-109,FFD,0.44031786429666475
El espejo,sub-091,sub-070,FFD,0.14103385405687374
El espejo,sub-091,sub-111,FFD,0.31235211766587784
El espejo,sub-091,sub-073,FFD,0.1768143446626381
El espejo,sub-091,sub-001,FFD,0.3150058505829378
El espejo,sub-091,sub-095,FFD,0.35408492786984636
El espejo,sub-091,sub-012,FFD,0.1410972545047726
El espejo,sub-091,sub-052,FFD,0.2845311393679018
El espejo,sub-091,sub-094,FFD,0.25122228693735343
El espejo,sub-091,sub-088,FFD,0.080743943424979
El espejo,sub-091,sub-044,FFD,0.34548786103004686
El espejo,sub-091,sub-009,FFD,0.2910233072365944
El espejo,sub-091,sub-041,FFD,0.3322526159614087
El espejo,sub-091,sub-024,FFD,0.07850635403034892
El espejo,sub-091,sub-016,FFD,0.20719583443761394
El espejo,sub-091,sub-112,FFD,0.33990396172394566
El espejo,sub-091,sub-058,FFD,0.37356205467005893
El espejo,sub-091,sub-018,FFD,0.3168692397512319
El espejo,sub-091,sub-048,FFD,0.28386761538263283
El espejo,sub-091,sub-087,FFD,0.28832830069723314
El espejo,sub-091,sub-091,FFD,1.0
El espejo,sub-091,sub-083,FFD,0.3607923047288382
El espejo,sub-091,sub-065,FFD,0.34801777052390936
El espejo,sub-091,sub-077,FFD,0.1863604125808684
El espejo,sub-091,sub-039,FFD,0.28583381732025614
El espejo,sub-091,sub-053,FFD,0.1819636330690995
El espejo,sub-091,sub-075,FFD,0.21629652828264373
El espejo,sub-091,sub-060,FFD,0.32488013210589767
El espejo,sub-091,sub-103,FFD,0.2756128831293767
El espejo,sub-091,sub-105,FFD,0.28599970458315427
El espejo,sub-091,sub-064,FFD,0.23730559916264474
El espejo,sub-091,sub-010,FFD,0.1077198401228316
El espejo,sub-091,sub-034,FFD,0.2913771998834795
El espejo,sub-091,sub-002,FFD,0.3085756383670937
El espejo,sub-091,sub-085,FFD,0.28202389121103627
El espejo,sub-091,sub-021,FFD,0.19130946309627145
El espejo,sub-091,sub-096,FFD,0.40675222317177406
El espejo,sub-091,sub-027,FFD,0.25720694727927856
El espejo,sub-091,sub-006,FFD,0.3142621887412686
El espejo,sub-091,sub-066,FFD,0.33119286044419743
El espejo,sub-091,sub-101,FFD,0.22922227855740807
El espejo,sub-091,sub-042,FFD,0.3448674637972373
El espejo,sub-091,sub-003,FFD,0.36318636035547147
El espejo,sub-091,sub-107,FFD,0.3455803454009744
El espejo,sub-091,sub-098,FFD,0.3258398582033872
El espejo,sub-091,sub-086,FFD,0.11160518408724383
El espejo,sub-091,sub-013,FFD,0.250689180929811
El espejo,sub-091,sub-068,FFD,0.39131939691233175
El espejo,sub-083,sub-067,FFD,0.3485385019227139
El espejo,sub-083,sub-054,FFD,0.19797339842425252
El espejo,sub-083,sub-078,FFD,0.3624244116421492
El espejo,sub-083,sub-046,FFD,0.2887009275032973
El espejo,sub-083,sub-097,FFD,0.4218236030073394
El espejo,sub-083,sub-079,FFD,0.4348158372526554
El espejo,sub-083,sub-028,FFD,0.34718971766712303
El espejo,sub-083,sub-089,FFD,0.3595775513612251
El espejo,sub-083,sub-109,FFD,0.47050112297257096
El espejo,sub-083,sub-070,FFD,0.15612072379253553
El espejo,sub-083,sub-111,FFD,0.2546956409521047
El espejo,sub-083,sub-073,FFD,0.26868808152796747
El espejo,sub-083,sub-001,FFD,0.38008786107857906
El espejo,sub-083,sub-095,FFD,0.3631375120908653
El espejo,sub-083,sub-012,FFD,0.19198608331722009
El espejo,sub-083,sub-052,FFD,0.31359251640094077
El espejo,sub-083,sub-094,FFD,0.30459283402714754
El espejo,sub-083,sub-088,FFD,0.17251954502492864
El espejo,sub-083,sub-044,FFD,0.35294456597134516
El espejo,sub-083,sub-009,FFD,0.2775672073289592
El espejo,sub-083,sub-041,FFD,0.3721961720645801
El espejo,sub-083,sub-024,FFD,0.132250761190847
El espejo,sub-083,sub-016,FFD,0.21926752122626045
El espejo,sub-083,sub-112,FFD,0.3177526382313973
El espejo,sub-083,sub-058,FFD,0.2949854357581207
El espejo,sub-083,sub-018,FFD,0.2205493481302804
El espejo,sub-083,sub-048,FFD,0.2563231043483163
El espejo,sub-083,sub-087,FFD,0.32721773522126635
El espejo,sub-083,sub-091,FFD,0.3607923047288382
El espejo,sub-083,sub-083,FFD,1.0
El espejo,sub-083,sub-065,FFD,0.3686000937063829
El espejo,sub-083,sub-077,FFD,0.24127185330575415
El espejo,sub-083,sub-039,FFD,0.2679548888319917
El espejo,sub-083,sub-053,FFD,0.15867889050247708
El espejo,sub-083,sub-075,FFD,0.26692641529902017
El espejo,sub-083,sub-060,FFD,0.3270591483392553
El espejo,sub-083,sub-103,FFD,0.3272845505686808
El espejo,sub-083,sub-105,FFD,0.20258865973410048
El espejo,sub-083,sub-064,FFD,0.27283825643018617
El espejo,sub-083,sub-010,FFD,0.03424659023098446
El espejo,sub-083,sub-034,FFD,0.2952369201724554
El espejo,sub-083,sub-002,FFD,0.3009680635841345
El espejo,sub-083,sub-085,FFD,0.2558566375872333
El espejo,sub-083,sub-021,FFD,0.20697490501995458
El espejo,sub-083,sub-096,FFD,0.41037840824101557
El espejo,sub-083,sub-027,FFD,0.27365692809984016
El espejo,sub-083,sub-006,FFD,0.31343224306495515
El espejo,sub-083,sub-066,FFD,0.33878479325397887
El espejo,sub-083,sub-101,FFD,0.18960265256580316
El espejo,sub-083,sub-042,FFD,0.30153540282545394
El espejo,sub-083,sub-003,FFD,0.40441196778429395
El espejo,sub-083,sub-107,FFD,0.2811348489473968
El espejo,sub-083,sub-098,FFD,0.34023151754203007
El espejo,sub-083,sub-086,FFD,0.09193167674025078
El espejo,sub-083,sub-013,FFD,0.2652590604484465
El espejo,sub-083,sub-068,FFD,0.4026301050551736
El espejo,sub-065,sub-067,FFD,0.2731727291558734
El espejo,sub-065,sub-054,FFD,0.19367232036046075
El espejo,sub-065,sub-078,FFD,0.29121125314360313
El espejo,sub-065,sub-046,FFD,0.27566042305954214
El espejo,sub-065,sub-097,FFD,0.36509861527499976
El espejo,sub-065,sub-079,FFD,0.3524902144798871
El espejo,sub-065,sub-028,FFD,0.3029221627227835
El espejo,sub-065,sub-089,FFD,0.34072942456485933
El espejo,sub-065,sub-109,FFD,0.4593740909528224
El espejo,sub-065,sub-070,FFD,0.17903551067383158
El espejo,sub-065,sub-111,FFD,0.2728718820955972
El espejo,sub-065,sub-073,FFD,0.2585856916344011
El espejo,sub-065,sub-001,FFD,0.32803098318611085
El espejo,sub-065,sub-095,FFD,0.38999114089934
El espejo,sub-065,sub-012,FFD,0.15065163868216444
El espejo,sub-065,sub-052,FFD,0.21550916145802249
El espejo,sub-065,sub-094,FFD,0.18716123431872167
El espejo,sub-065,sub-088,FFD,0.16252094666090233
El espejo,sub-065,sub-044,FFD,0.4318136046006607
El espejo,sub-065,sub-009,FFD,0.232763181647218
El espejo,sub-065,sub-041,FFD,0.3283339764159112
El espejo,sub-065,sub-024,FFD,0.09298739429485524
El espejo,sub-065,sub-016,FFD,0.20640537972380285
El espejo,sub-065,sub-112,FFD,0.3405232035866544
El espejo,sub-065,sub-058,FFD,0.2683449023562508
El espejo,sub-065,sub-018,FFD,0.2321711858546394
El espejo,sub-065,sub-048,FFD,0.22323547105588654
El espejo,sub-065,sub-087,FFD,0.3289859014246137
El espejo,sub-065,sub-091,FFD,0.34801777052390936
El espejo,sub-065,sub-083,FFD,0.36860009370638286
El espejo,sub-065,sub-065,FFD,0.9999999999999999
El espejo,sub-065,sub-077,FFD,0.20688179642799073
El espejo,sub-065,sub-039,FFD,0.32600889065647365
El espejo,sub-065,sub-053,FFD,0.17308080273238893
El espejo,sub-065,sub-075,FFD,0.23766370469955744
El espejo,sub-065,sub-060,FFD,0.3348047205394154
El espejo,sub-065,sub-103,FFD,0.34243700678783684
El espejo,sub-065,sub-105,FFD,0.15516233905986968
El espejo,sub-065,sub-064,FFD,0.2033793658085177
El espejo,sub-065,sub-010,FFD,0.07912299139219861
El espejo,sub-065,sub-034,FFD,0.25398344043949966
El espejo,sub-065,sub-002,FFD,0.3598231827833302
El espejo,sub-065,sub-085,FFD,0.26350666084105867
El espejo,sub-065,sub-021,FFD,0.19944577750692438
El espejo,sub-065,sub-096,FFD,0.38936988733316147
El espejo,sub-065,sub-027,FFD,0.342643192428422
El espejo,sub-065,sub-006,FFD,0.33280026500511145
El espejo,sub-065,sub-066,FFD,0.25414295475033377
El espejo,sub-065,sub-101,FFD,0.24547556656601024
El espejo,sub-065,sub-042,FFD,0.36872032174081465
El espejo,sub-065,sub-003,FFD,0.37985669389865684
El espejo,sub-065,sub-107,FFD,0.27883736945451654
El espejo,sub-065,sub-098,FFD,0.2641781422477395
El espejo,sub-065,sub-086,FFD,0.10324022159506377
El espejo,sub-065,sub-013,FFD,0.24063664167549711
El espejo,sub-065,sub-068,FFD,0.3694181496676888
El espejo,sub-077,sub-067,FFD,0.20867913927382847
El espejo,sub-077,sub-054,FFD,0.09059766723156784
El espejo,sub-077,sub-078,FFD,0.15780235271143303
El espejo,sub-077,sub-046,FFD,0.15284434748194048
El espejo,sub-077,sub-097,FFD,0.17100348212495556
El espejo,sub-077,sub-079,FFD,0.2992479171639676
El espejo,sub-077,sub-028,FFD,0.17153985662092672
El espejo,sub-077,sub-089,FFD,0.15371309381555662
El espejo,sub-077,sub-109,FFD,0.2578263256964418
El espejo,sub-077,sub-070,FFD,0.11102057807958263
El espejo,sub-077,sub-111,FFD,0.08412946300206568
El espejo,sub-077,sub-073,FFD,0.1828788357030547
El espejo,sub-077,sub-001,FFD,0.2485934527114226
El espejo,sub-077,sub-095,FFD,0.2442445072700695
El espejo,sub-077,sub-012,FFD,0.10132336579668653
El espejo,sub-077,sub-052,FFD,0.16345704166332142
El espejo,sub-077,sub-094,FFD,0.15367322117343268
El espejo,sub-077,sub-088,FFD,0.1335199370843355
El espejo,sub-077,sub-044,FFD,0.20707332067827663
El espejo,sub-077,sub-009,FFD,0.1505607841264594
El espejo,sub-077,sub-041,FFD,0.142025456365311
El espejo,sub-077,sub-024,FFD,0.08071603512649766
El espejo,sub-077,sub-016,FFD,0.13724102278532416
El espejo,sub-077,sub-112,FFD,0.22010141257001364
El espejo,sub-077,sub-058,FFD,0.18964466573471975
El espejo,sub-077,sub-018,FFD,0.13784617939463206
El espejo,sub-077,sub-048,FFD,0.1474432682154872
El espejo,sub-077,sub-087,FFD,0.12940532809193622
El espejo,sub-077,sub-091,FFD,0.1863604125808684
El espejo,sub-077,sub-083,FFD,0.24127185330575412
El espejo,sub-077,sub-065,FFD,0.2068817964279907
El espejo,sub-077,sub-077,FFD,1.0
El espejo,sub-077,sub-039,FFD,0.12972115362518108
El espejo,sub-077,sub-053,FFD,0.050282913645509054
El espejo,sub-077,sub-075,FFD,0.15081929289143073
El espejo,sub-077,sub-060,FFD,0.21251396527872757
El espejo,sub-077,sub-103,FFD,0.13404860577382538
El espejo,sub-077,sub-105,FFD,0.1991754001590308
El espejo,sub-077,sub-064,FFD,0.0818014630472947
El espejo,sub-077,sub-010,FFD,-0.007233018613860636
El espejo,sub-077,sub-034,FFD,0.1988791668132488
El espejo,sub-077,sub-002,FFD,0.10128059349643109
El espejo,sub-077,sub-085,FFD,0.15330888985373375
El espejo,sub-077,sub-021,FFD,0.14407076456463833
El espejo,sub-077,sub-096,FFD,0.24063506256491912
El espejo,sub-077,sub-027,FFD,0.1963482650650137
El espejo,sub-077,sub-006,FFD,0.1889799953157256
El espejo,sub-077,sub-066,FFD,0.16229201375473337
El espejo,sub-077,sub-101,FFD,0.1547466036661359
El espejo,sub-077,sub-042,FFD,0.21244800989925114
El espejo,sub-077,sub-003,FFD,0.2403291318888309
El espejo,sub-077,sub-107,FFD,0.1810204023145534
El espejo,sub-077,sub-098,FFD,0.15039933577240938
El espejo,sub-077,sub-086,FFD,0.06927229901747252
El espejo,sub-077,sub-013,FFD,0.16219724816158712
El espejo,sub-077,sub-068,FFD,0.15284475952825322
El espejo,sub-039,sub-067,FFD,0.19889823251482655
El espejo,sub-039,sub-054,FFD,0.18068894600656404
El espejo,sub-039,sub-078,FFD,0.20714927715319506
El espejo,sub-039,sub-046,FFD,0.31896607797051696
El espejo,sub-039,sub-097,FFD,0.27534502101915165
El espejo,sub-039,sub-079,FFD,0.28682359161112414
El espejo,sub-039,sub-028,FFD,0.2164599872716778
El espejo,sub-039,sub-089,FFD,0.3009240800373635
El espejo,sub-039,sub-109,FFD,0.36831924040538233
El espejo,sub-039,sub-070,FFD,0.055835876912322405
El espejo,sub-039,sub-111,FFD,0.21623881964709352
El espejo,sub-039,sub-073,FFD,0.1417739699970201
El espejo,sub-039,sub-001,FFD,0.29704139356089626
El espejo,sub-039,sub-095,FFD,0.2814566931751658
El espejo,sub-039,sub-012,FFD,0.15540263525739026
El espejo,sub-039,sub-052,FFD,0.1285264732577613
El espejo,sub-039,sub-094,FFD,0.13941586664048244
El espejo,sub-039,sub-088,FFD,0.08480124670429419
El espejo,sub-039,sub-044,FFD,0.36822115007352973
El espejo,sub-039,sub-009,FFD,0.3136689844500269
El espejo,sub-039,sub-041,FFD,0.2676953186413408
El espejo,sub-039,sub-024,FFD,0.033020714676536944
El espejo,sub-039,sub-016,FFD,0.10962844196788187
El espejo,sub-039,sub-112,FFD,0.3021388628702861
El espejo,sub-039,sub-058,FFD,0.25611746464456014
El espejo,sub-039,sub-018,FFD,0.17580604747970408
El espejo,sub-039,sub-048,FFD,0.1778290785462992
El espejo,sub-039,sub-087,FFD,0.1727717531167191
El espejo,sub-039,sub-091,FFD,0.28583381732025614
El espejo,sub-039,sub-083,FFD,0.2679548888319917
El espejo,sub-039,sub-065,FFD,0.3260088906564737
El espejo,sub-039,sub-077,FFD,0.12972115362518108
El espejo,sub-039,sub-039,FFD,1.0
El espejo,sub-039,sub-053,FFD,0.01842740669721787
El espejo,sub-039,sub-075,FFD,0.08965970230956512
El espejo,sub-039,sub-060,FFD,0.23916405854345768
El espejo,sub-039,sub-103,FFD,0.2942780341610241
El espejo,sub-039,sub-105,FFD,0.13239591789202979
El espejo,sub-039,sub-064,FFD,0.1555305085967678
El espejo,sub-039,sub-010,FFD,0.020468005957699587
El espejo,sub-039,sub-034,FFD,0.1350185559475456
El espejo,sub-039,sub-002,FFD,0.2871492193523418
El espejo,sub-039,sub-085,FFD,0.2733853155040152
El espejo,sub-039,sub-021,FFD,0.368490627389486
El espejo,sub-039,sub-096,FFD,0.3423803871210426
El espejo,sub-039,sub-027,FFD,0.3334344718750286
El espejo,sub-039,sub-006,FFD,0.2865961073479456
El espejo,sub-039,sub-066,FFD,0.22855292865511118
El espejo,sub-039,sub-101,FFD,0.08743285174288012
El espejo,sub-039,sub-042,FFD,0.38455669753288474
El espejo,sub-039,sub-003,FFD,0.32428542666110033
El espejo,sub-039,sub-107,FFD,0.28769384425681915
El espejo,sub-039,sub-098,FFD,0.15373420324806553
El espejo,sub-039,sub-086,FFD,0.03974212418342956
El espejo,sub-039,sub-013,FFD,0.08388629322526962
El espejo,sub-039,sub-068,FFD,0.25715795213618153
El espejo,sub-053,sub-067,FFD,0.15326319401701374
El espejo,sub-053,sub-054,FFD,0.2053515955492598
El espejo,sub-053,sub-078,FFD,0.1971337881973342
El espejo,sub-053,sub-046,FFD,0.05984977247169551
El espejo,sub-053,sub-097,FFD,0.11839251222727448
El espejo,sub-053,sub-079,FFD,0.16028826553787603
El espejo,sub-053,sub-028,FFD,0.16615548687929727
El espejo,sub-053,sub-089,FFD,0.15737178137142052
El espejo,sub-053,sub-109,FFD,0.19964349408712478
El espejo,sub-053,sub-070,FFD,0.17547300649285888
El espejo,sub-053,sub-111,FFD,0.14306925495609152
El espejo,sub-053,sub-073,FFD,0.09545287595285071
El espejo,sub-053,sub-001,FFD,0.10430650539445804
El espejo,sub-053,sub-095,FFD,0.19634407049249802
El espejo,sub-053,sub-012,FFD,0.11856371812844554
El espejo,sub-053,sub-052,FFD,0.22001507622278887
El espejo,sub-053,sub-094,FFD,0.24520850328520016
El espejo,sub-053,sub-088,FFD,0.032005479058683735
El espejo,sub-053,sub-044,FFD,0.1334404321544847
El espejo,sub-053,sub-009,FFD,0.08942076231000376
El espejo,sub-053,sub-041,FFD,0.15574914421906377
El espejo,sub-053,sub-024,FFD,0.15270261612238906
El espejo,sub-053,sub-016,FFD,0.22235746040424006
El espejo,sub-053,sub-112,FFD,0.11065486065743455
El espejo,sub-053,sub-058,FFD,0.17397631231615138
El espejo,sub-053,sub-018,FFD,0.1722734398658193
El espejo,sub-053,sub-048,FFD,0.20731756648729624
El espejo,sub-053,sub-087,FFD,0.1487292766543987
El espejo,sub-053,sub-091,FFD,0.1819636330690995
El espejo,sub-053,sub-083,FFD,0.15867889050247708
El espejo,sub-053,sub-065,FFD,0.17308080273238896
El espejo,sub-053,sub-077,FFD,0.050282913645509054
El espejo,sub-053,sub-039,FFD,0.01842740669721787
El espejo,sub-053,sub-053,FFD,0.9999999999999999
El espejo,sub-053,sub-075,FFD,0.2111400831983265
El espejo,sub-053,sub-060,FFD,0.15384413485226106
El espejo,sub-053,sub-103,FFD,0.24368595062974308
El espejo,sub-053,sub-105,FFD,0.24526703850972495
El espejo,sub-053,sub-064,FFD,0.27106069226988055
El espejo,sub-053,sub-010,FFD,0.19488229974117185
El espejo,sub-053,sub-034,FFD,0.24519981517717115
El espejo,sub-053,sub-002,FFD,0.11450582777623693
El espejo,sub-053,sub-085,FFD,0.07172503438919817
El espejo,sub-053,sub-021,FFD,0.04531357903943453
El espejo,sub-053,sub-096,FFD,0.2108963540614937
El espejo,sub-053,sub-027,FFD,0.11119851796858968
El espejo,sub-053,sub-006,FFD,0.11148784678606469
El espejo,sub-053,sub-066,FFD,0.12030015547657229
El espejo,sub-053,sub-101,FFD,0.26473935941577886
El espejo,sub-053,sub-042,FFD,0.09240981406801092
El espejo,sub-053,sub-003,FFD,0.17087719579616287
El espejo,sub-053,sub-107,FFD,0.1995515550948228
El espejo,sub-053,sub-098,FFD,0.28577205476340073
El espejo,sub-053,sub-086,FFD,0.21128727516909102
El espejo,sub-053,sub-013,FFD,0.20568281768256114
El espejo,sub-053,sub-068,FFD,0.2552954567012063
El espejo,sub-075,sub-067,FFD,0.2457687637956303
El espejo,sub-075,sub-054,FFD,0.1738227536530824
El espejo,sub-075,sub-078,FFD,0.2912787758105983
El espejo,sub-075,sub-046,FFD,0.2258476135327665
El espejo,sub-075,sub-097,FFD,0.25189490793108466
El espejo,sub-075,sub-079,FFD,0.2671777140207622
El espejo,sub-075,sub-028,FFD,0.25724359498730953
El espejo,sub-075,sub-089,FFD,0.20158693366532973
El espejo,sub-075,sub-109,FFD,0.29122287962743615
El espejo,sub-075,sub-070,FFD,0.1750300085327338
El espejo,sub-075,sub-111,FFD,0.24780762113225913
El espejo,sub-075,sub-073,FFD,0.23414832217863024
El espejo,sub-075,sub-001,FFD,0.21939821054843056
El espejo,sub-075,sub-095,FFD,0.19091286753285375
El espejo,sub-075,sub-012,FFD,0.04607057876611535
El espejo,sub-075,sub-052,FFD,0.25837904570919235
El espejo,sub-075,sub-094,FFD,0.25162240301960875
El espejo,sub-075,sub-088,FFD,0.07562844328347236
El espejo,sub-075,sub-044,FFD,0.22588936607078722
El espejo,sub-075,sub-009,FFD,0.18543227645659915
El espejo,sub-075,sub-041,FFD,0.313376149793636
El espejo,sub-075,sub-024,FFD,0.1962404931403286
El espejo,sub-075,sub-016,FFD,0.1877998770771394
El espejo,sub-075,sub-112,FFD,0.24916205924831633
El espejo,sub-075,sub-058,FFD,0.18167965389093127
El espejo,sub-075,sub-018,FFD,0.2928847601526146
El espejo,sub-075,sub-048,FFD,0.27415105204779044
El espejo,sub-075,sub-087,FFD,0.23316318238108685
El espejo,sub-075,sub-091,FFD,0.21629652828264373
El espejo,sub-075,sub-083,FFD,0.26692641529902017
El espejo,sub-075,sub-065,FFD,0.23766370469955742
El espejo,sub-075,sub-077,FFD,0.15081929289143073
El espejo,sub-075,sub-039,FFD,0.08965970230956512
El espejo,sub-075,sub-053,FFD,0.2111400831983265
El espejo,sub-075,sub-075,FFD,1.0
El espejo,sub-075,sub-060,FFD,0.28537989970238525
El espejo,sub-075,sub-103,FFD,0.260089953758555
El espejo,sub-075,sub-105,FFD,0.1521935184186109
El espejo,sub-075,sub-064,FFD,0.24694814957205258
El espejo,sub-075,sub-010,FFD,0.16056488218935588
El espejo,sub-075,sub-034,FFD,0.3384602446321839
El espejo,sub-075,sub-002,FFD,0.14805751706733614
El espejo,sub-075,sub-085,FFD,0.21964161235425492
El espejo,sub-075,sub-021,FFD,0.04441830518970939
El espejo,sub-075,sub-096,FFD,0.2502322082750535
El espejo,sub-075,sub-027,FFD,0.15772645463171653
El espejo,sub-075,sub-006,FFD,0.2305537174373445
El espejo,sub-075,sub-066,FFD,0.2038740620971726
El espejo,sub-075,sub-101,FFD,0.29135941414166705
El espejo,sub-075,sub-042,FFD,0.16608985221191083
El espejo,sub-075,sub-003,FFD,0.27824357729481325
El espejo,sub-075,sub-107,FFD,0.19833430876295935
El espejo,sub-075,sub-098,FFD,0.24562021727518862
El espejo,sub-075,sub-086,FFD,0.1577555075858316
El espejo,sub-075,sub-013,FFD,0.359576481257342
El espejo,sub-075,sub-068,FFD,0.33130118275052023
El espejo,sub-060,sub-067,FFD,0.22049620022486394
El espejo,sub-060,sub-054,FFD,0.1733536439317248
El espejo,sub-060,sub-078,FFD,0.31042275730276014
El espejo,sub-060,sub-046,FFD,0.2872108460373886
El espejo,sub-060,sub-097,FFD,0.3331773652819516
El espejo,sub-060,sub-079,FFD,0.3444267390975556
El espejo,sub-060,sub-028,FFD,0.3926107388010497
El espejo,sub-060,sub-089,FFD,0.3155902909528919
El espejo,sub-060,sub-109,FFD,0.38488924089314874
El espejo,sub-060,sub-070,FFD,0.12055963743203033
El espejo,sub-060,sub-111,FFD,0.22398196568179513
El espejo,sub-060,sub-073,FFD,0.2846609216889851
El espejo,sub-060,sub-001,FFD,0.30372982513506946
El espejo,sub-060,sub-095,FFD,0.387489221990671
El espejo,sub-060,sub-012,FFD,0.18743787284172858
El espejo,sub-060,sub-052,FFD,0.2784645910072366
El espejo,sub-060,sub-094,FFD,0.23314429927480443
El espejo,sub-060,sub-088,FFD,0.19182962396830042
El espejo,sub-060,sub-044,FFD,0.3981618642520284
El espejo,sub-060,sub-009,FFD,0.2813954811070538
El espejo,sub-060,sub-041,FFD,0.3186263503563283
El espejo,sub-060,sub-024,FFD,0.05872987796648157
El espejo,sub-060,sub-016,FFD,0.1498445381921866
El espejo,sub-060,sub-112,FFD,0.33476928048842636
El espejo,sub-060,sub-058,FFD,0.33440230803540133
El espejo,sub-060,sub-018,FFD,0.2049493011655623
El espejo,sub-060,sub-048,FFD,0.20982394369267743
El espejo,sub-060,sub-087,FFD,0.30942043101405503
El espejo,sub-060,sub-091,FFD,0.32488013210589767
El espejo,sub-060,sub-083,FFD,0.3270591483392553
El espejo,sub-060,sub-065,FFD,0.3348047205394154
El espejo,sub-060,sub-077,FFD,0.2125139652787276
El espejo,sub-060,sub-039,FFD,0.23916405854345765
El espejo,sub-060,sub-053,FFD,0.15384413485226106
El espejo,sub-060,sub-075,FFD,0.28537989970238525
El espejo,sub-060,sub-060,FFD,1.0
El espejo,sub-060,sub-103,FFD,0.2991546591323761
El espejo,sub-060,sub-105,FFD,0.2191392170991255
El espejo,sub-060,sub-064,FFD,0.24378756650159236
El espejo,sub-060,sub-010,FFD,0.10481093052184733
El espejo,sub-060,sub-034,FFD,0.29645771207439764
El espejo,sub-060,sub-002,FFD,0.2772010816521399
El espejo,sub-060,sub-085,FFD,0.3279997058674594
El espejo,sub-060,sub-021,FFD,0.22106712499373488
El espejo,sub-060,sub-096,FFD,0.34511533841596015
El espejo,sub-060,sub-027,FFD,0.27089993995800415
El espejo,sub-060,sub-006,FFD,0.33503748441067294
El espejo,sub-060,sub-066,FFD,0.29864204982891
El espejo,sub-060,sub-101,FFD,0.22958298049451503
El espejo,sub-060,sub-042,FFD,0.30175135054068924
El espejo,sub-060,sub-003,FFD,0.38318851232505086
El espejo,sub-060,sub-107,FFD,0.30548077312042143
El espejo,sub-060,sub-098,FFD,0.2412193612925031
El espejo,sub-060,sub-086,FFD,0.12878270488108318
El espejo,sub-060,sub-013,FFD,0.23682109030133858
El espejo,sub-060,sub-068,FFD,0.3385893101053325
El espejo,sub-103,sub-067,FFD,0.19600137103750517
El espejo,sub-103,sub-054,FFD,0.18644629118367223
El espejo,sub-103,sub-078,FFD,0.26309999211506024
El espejo,sub-103,sub-046,FFD,0.25141729857057493
El espejo,sub-103,sub-097,FFD,0.32472300985806346
El espejo,sub-103,sub-079,FFD,0.3372094131613418
El espejo,sub-103,sub-028,FFD,0.3219682898379108
El espejo,sub-103,sub-089,FFD,0.3728405787894151
El espejo,sub-103,sub-109,FFD,0.3916627405356111
El espejo,sub-103,sub-070,FFD,0.18958000854458207
El espejo,sub-103,sub-111,FFD,0.29603296772433774
El espejo,sub-103,sub-073,FFD,0.24126236486427682
El espejo,sub-103,sub-001,FFD,0.3223059733849771
El espejo,sub-103,sub-095,FFD,0.37829261124088287
El espejo,sub-103,sub-012,FFD,0.10802147810686773
El espejo,sub-103,sub-052,FFD,0.24506261755122682
El espejo,sub-103,sub-094,FFD,0.2969600069051256
El espejo,sub-103,sub-088,FFD,0.08772368095433457
El espejo,sub-103,sub-044,FFD,0.36870853081633487
El espejo,sub-103,sub-009,FFD,0.23283725224565024
El espejo,sub-103,sub-041,FFD,0.2810645213715028
El espejo,sub-103,sub-024,FFD,0.15652730643878435
El espejo,sub-103,sub-016,FFD,0.22219163061764358
El espejo,sub-103,sub-112,FFD,0.29636676397308054
El espejo,sub-103,sub-058,FFD,0.281442504502192
El espejo,sub-103,sub-018,FFD,0.2857556733765912
El espejo,sub-103,sub-048,FFD,0.24936420629669534
El espejo,sub-103,sub-087,FFD,0.2055555532773668
El espejo,sub-103,sub-091,FFD,0.2756128831293767
El espejo,sub-103,sub-083,FFD,0.3272845505686807
El espejo,sub-103,sub-065,FFD,0.34243700678783684
El espejo,sub-103,sub-077,FFD,0.13404860577382538
El espejo,sub-103,sub-039,FFD,0.2942780341610241
El espejo,sub-103,sub-053,FFD,0.24368595062974313
El espejo,sub-103,sub-075,FFD,0.260089953758555
El espejo,sub-103,sub-060,FFD,0.2991546591323761
El espejo,sub-103,sub-103,FFD,1.0
El espejo,sub-103,sub-105,FFD,0.23346789184219563
El espejo,sub-103,sub-064,FFD,0.2275971748624129
El espejo,sub-103,sub-010,FFD,0.12873374871843835
El espejo,sub-103,sub-034,FFD,0.2888490601735948
El espejo,sub-103,sub-002,FFD,0.2497184171011584
El espejo,sub-103,sub-085,FFD,0.28148700064096843
El espejo,sub-103,sub-021,FFD,0.2100213357235781
El espejo,sub-103,sub-096,FFD,0.37078832688842245
El espejo,sub-103,sub-027,FFD,0.2375005777728866
El espejo,sub-103,sub-006,FFD,0.25809364418054276
El espejo,sub-103,sub-066,FFD,0.3324055140250444
El espejo,sub-103,sub-101,FFD,0.2533225066899251
El espejo,sub-103,sub-042,FFD,0.33131071441752885
El espejo,sub-103,sub-003,FFD,0.35577549189159513
El espejo,sub-103,sub-107,FFD,0.2454744532776935
El espejo,sub-103,sub-098,FFD,0.27431633098805747
El espejo,sub-103,sub-086,FFD,0.14851698278592035
El espejo,sub-103,sub-013,FFD,0.32077393694900236
El espejo,sub-103,sub-068,FFD,0.34619168332046196
El espejo,sub-105,sub-067,FFD,0.1616116826730247
El espejo,sub-105,sub-054,FFD,0.13273160953203245
El espejo,sub-105,sub-078,FFD,0.19226900916238623
El espejo,sub-105,sub-046,FFD,0.10039559293312458
El espejo,sub-105,sub-097,FFD,0.2210898402144479
El espejo,sub-105,sub-079,FFD,0.1913842877604952
El espejo,sub-105,sub-028,FFD,0.2378818594224343
El espejo,sub-105,sub-089,FFD,0.164726087951877
El espejo,sub-105,sub-109,FFD,0.2952549584125671
El espejo,sub-105,sub-070,FFD,0.09457930247706853
El espejo,sub-105,sub-111,FFD,0.10972669913542918
El espejo,sub-105,sub-073,FFD,0.12541204712084178
El espejo,sub-105,sub-001,FFD,0.1891631640474192
El espejo,sub-105,sub-095,FFD,0.18056579333442196
El espejo,sub-105,sub-012,FFD,0.05084729766713909
El espejo,sub-105,sub-052,FFD,0.1759578022243066
El espejo,sub-105,sub-094,FFD,0.20993171696247423
El espejo,sub-105,sub-088,FFD,0.1472302047296636
El espejo,sub-105,sub-044,FFD,0.24048977563780258
El espejo,sub-105,sub-009,FFD,0.06837120377126449
El espejo,sub-105,sub-041,FFD,0.22998107689990938
El espejo,sub-105,sub-024,FFD,0.1593153817036937
El espejo,sub-105,sub-016,FFD,0.14527764860919679
El espejo,sub-105,sub-112,FFD,0.19910220793770786
El espejo,sub-105,sub-058,FFD,0.20981707444367603
El espejo,sub-105,sub-018,FFD,0.19538833954520415
El espejo,sub-105,sub-048,FFD,0.22562678012561327
El espejo,sub-105,sub-087,FFD,0.16041489186201777
El espejo,sub-105,sub-091,FFD,0.28599970458315427
El espejo,sub-105,sub-083,FFD,0.2025886597341005
El espejo,sub-105,sub-065,FFD,0.1551623390598697
El espejo,sub-105,sub-077,FFD,0.1991754001590308
El espejo,sub-105,sub-039,FFD,0.13239591789202979
El espejo,sub-105,sub-053,FFD,0.24526703850972495
El espejo,sub-105,sub-075,FFD,0.1521935184186109
El espejo,sub-105,sub-060,FFD,0.21913921709912554
El espejo,sub-105,sub-103,FFD,0.23346789184219566
El espejo,sub-105,sub-105,FFD,1.0
El espejo,sub-105,sub-064,FFD,0.1785369777358694
El espejo,sub-105,sub-010,FFD,0.042187710847496875
El espejo,sub-105,sub-034,FFD,0.28459208866442665
El espejo,sub-105,sub-002,FFD,0.14097759659694312
El espejo,sub-105,sub-085,FFD,0.1486670538851365
El espejo,sub-105,sub-021,FFD,0.0789905215378236
El espejo,sub-105,sub-096,FFD,0.22857782142583064
El espejo,sub-105,sub-027,FFD,0.12388958794339858
El espejo,sub-105,sub-006,FFD,0.13913015451730196
El espejo,sub-105,sub-066,FFD,0.1485514900425108
El espejo,sub-105,sub-101,FFD,0.1842998208226488
El espejo,sub-105,sub-042,FFD,0.18559592768329242
El espejo,sub-105,sub-003,FFD,0.23969111891720904
El espejo,sub-105,sub-107,FFD,0.0999916488080953
El espejo,sub-105,sub-098,FFD,0.17733738303072816
El espejo,sub-105,sub-086,FFD,0.12930381851371553
El espejo,sub-105,sub-013,FFD,0.16373069177130964
El espejo,sub-105,sub-068,FFD,0.2624993609424476
El espejo,sub-064,sub-067,FFD,0.2410637023956658
El espejo,sub-064,sub-054,FFD,0.19227200827715937
El espejo,sub-064,sub-078,FFD,0.2050800865547247
El espejo,sub-064,sub-046,FFD,0.2094716426643064
El espejo,sub-064,sub-097,FFD,0.1895873404406211
El espejo,sub-064,sub-079,FFD,0.24051172071344554
El espejo,sub-064,sub-028,FFD,0.2752862972703382
El espejo,sub-064,sub-089,FFD,0.24804951938826747
El espejo,sub-064,sub-109,FFD,0.2900988788970143
El espejo,sub-064,sub-070,FFD,0.1307604847468495
El espejo,sub-064,sub-111,FFD,0.22785755476390512
El espejo,sub-064,sub-073,FFD,0.13790647067345183
El espejo,sub-064,sub-001,FFD,0.2992911884908542
El espejo,sub-064,sub-095,FFD,0.27500907083816206
El espejo,sub-064,sub-012,FFD,0.13014192357493368
El espejo,sub-064,sub-052,FFD,0.26586640967161296
El espejo,sub-064,sub-094,FFD,0.32172343899255706
El espejo,sub-064,sub-088,FFD,0.1114390451915256
El espejo,sub-064,sub-044,FFD,0.24700088208744092
El espejo,sub-064,sub-009,FFD,0.17228420455698792
El espejo,sub-064,sub-041,FFD,0.25209381322092644
El espejo,sub-064,sub-024,FFD,0.1743945473414829
El espejo,sub-064,sub-016,FFD,0.19952783779667077
El espejo,sub-064,sub-112,FFD,0.18864803187387574
El espejo,sub-064,sub-058,FFD,0.18952237209891884
El espejo,sub-064,sub-018,FFD,0.17354364325182417
El espejo,sub-064,sub-048,FFD,0.27750850805393307
El espejo,sub-064,sub-087,FFD,0.2457680398542724
El espejo,sub-064,sub-091,FFD,0.2373055991626447
El espejo,sub-064,sub-083,FFD,0.27283825643018617
El espejo,sub-064,sub-065,FFD,0.2033793658085177
El espejo,sub-064,sub-077,FFD,0.08180146304729469
El espejo,sub-064,sub-039,FFD,0.1555305085967678
El espejo,sub-064,sub-053,FFD,0.27106069226988055
El espejo,sub-064,sub-075,FFD,0.24694814957205255
El espejo,sub-064,sub-060,FFD,0.24378756650159236
El espejo,sub-064,sub-103,FFD,0.22759717486241293
El espejo,sub-064,sub-105,FFD,0.1785369777358694
El espejo,sub-064,sub-064,FFD,1.0
El espejo,sub-064,sub-010,FFD,0.13351570201570762
El espejo,sub-064,sub-034,FFD,0.31589133153806737
El espejo,sub-064,sub-002,FFD,0.22798840533149295
El espejo,sub-064,sub-085,FFD,0.18244819514023194
El espejo,sub-064,sub-021,FFD,0.16707217973747193
El espejo,sub-064,sub-096,FFD,0.2807176845006304
El espejo,sub-064,sub-027,FFD,0.2075425869784315
El espejo,sub-064,sub-006,FFD,0.22151489125713472
El espejo,sub-064,sub-066,FFD,0.2488165761792937
El espejo,sub-064,sub-101,FFD,0.295826426411838
El espejo,sub-064,sub-042,FFD,0.22179884182885465
El espejo,sub-064,sub-003,FFD,0.2244235152339002
El espejo,sub-064,sub-107,FFD,0.20498485565108743
El espejo,sub-064,sub-098,FFD,0.3518462497968729
El espejo,sub-064,sub-086,FFD,0.17707154874098482
El espejo,sub-064,sub-013,FFD,0.2912794104665958
El espejo,sub-064,sub-068,FFD,0.26526403939376053
El espejo,sub-010,sub-067,FFD,0.03772682753255767
El espejo,sub-010,sub-054,FFD,0.08897062920975306
El espejo,sub-010,sub-078,FFD,0.11308361124326398
El espejo,sub-010,sub-046,FFD,0.017074923823736602
El espejo,sub-010,sub-097,FFD,0.06486566808096643
El espejo,sub-010,sub-079,FFD,0.04959771387874257
El espejo,sub-010,sub-028,FFD,0.108478436839744
El espejo,sub-010,sub-089,FFD,0.010991568409179621
El espejo,sub-010,sub-109,FFD,0.10487876777279465
El espejo,sub-010,sub-070,FFD,0.11939050634773565
El espejo,sub-010,sub-111,FFD,0.11677643108161802
El espejo,sub-010,sub-073,FFD,0.0759059476133634
El espejo,sub-010,sub-001,FFD,0.07773205033550791
El espejo,sub-010,sub-095,FFD,0.08915084988801518
El espejo,sub-010,sub-012,FFD,0.05247695537383913
El espejo,sub-010,sub-052,FFD,0.18199872848467885
El espejo,sub-010,sub-094,FFD,0.22018646148678248
El espejo,sub-010,sub-088,FFD,0.0252854527654197
El espejo,sub-010,sub-044,FFD,0.08166633105263313
El espejo,sub-010,sub-009,FFD,0.12129054751415136
El espejo,sub-010,sub-041,FFD,0.10648591363872607
El espejo,sub-010,sub-024,FFD,0.12523517665388628
El espejo,sub-010,sub-016,FFD,0.14950063754905885
El espejo,sub-010,sub-112,FFD,0.026863829713009105
El espejo,sub-010,sub-058,FFD,0.04015457698707432
El espejo,sub-010,sub-018,FFD,0.13734499610699935
El espejo,sub-010,sub-048,FFD,0.08728426820417805
El espejo,sub-010,sub-087,FFD,0.09084269370708847
El espejo,sub-010,sub-091,FFD,0.10771984012283162
El espejo,sub-010,sub-083,FFD,0.03424659023098446
El espejo,sub-010,sub-065,FFD,0.07912299139219861
El espejo,sub-010,sub-077,FFD,-0.007233018613860636
El espejo,sub-010,sub-039,FFD,0.020468005957699587
El espejo,sub-010,sub-053,FFD,0.19488229974117185
El espejo,sub-010,sub-075,FFD,0.16056488218935588
El espejo,sub-010,sub-060,FFD,0.10481093052184733
El espejo,sub-010,sub-103,FFD,0.12873374871843835
El espejo,sub-010,sub-105,FFD,0.042187710847496875
El espejo,sub-010,sub-064,FFD,0.13351570201570762
El espejo,sub-010,sub-010,FFD,1.0
El espejo,sub-010,sub-034,FFD,0.1680551110725456
El espejo,sub-010,sub-002,FFD,-0.0011541990216075249
El espejo,sub-010,sub-085,FFD,0.11625212883083506
El espejo,sub-010,sub-021,FFD,0.02767525753617702
El espejo,sub-010,sub-096,FFD,0.10917463894942017
El espejo,sub-010,sub-027,FFD,0.07130248950870087
El espejo,sub-010,sub-006,FFD,0.06171803042355853
El espejo,sub-010,sub-066,FFD,0.04157405086026362
El espejo,sub-010,sub-101,FFD,0.09958595275368819
El espejo,sub-010,sub-042,FFD,0.0645238255624098
El espejo,sub-010,sub-003,FFD,0.10510081192185576
El espejo,sub-010,sub-107,FFD,0.06734355300299898
El espejo,sub-010,sub-098,FFD,0.08677421568863611
El espejo,sub-010,sub-086,FFD,0.19836439740556852
El espejo,sub-010,sub-013,FFD,0.16650263219338735
El espejo,sub-010,sub-068,FFD,0.1115141696372824
El espejo,sub-034,sub-067,FFD,0.28473400446896985
El espejo,sub-034,sub-054,FFD,0.27842525591231154
El espejo,sub-034,sub-078,FFD,0.2940777471743113
El espejo,sub-034,sub-046,FFD,0.15090846127645735
El espejo,sub-034,sub-097,FFD,0.337059442591143
El espejo,sub-034,sub-079,FFD,0.2867902510115436
El espejo,sub-034,sub-028,FFD,0.34278161218243663
El espejo,sub-034,sub-089,FFD,0.2508591825056961
El espejo,sub-034,sub-109,FFD,0.36806531317259467
El espejo,sub-034,sub-070,FFD,0.20482566457339613
El espejo,sub-034,sub-111,FFD,0.1722713902920211
El espejo,sub-034,sub-073,FFD,0.21448306377544507
El espejo,sub-034,sub-001,FFD,0.22673693730081373
El espejo,sub-034,sub-095,FFD,0.2837021118216777
El espejo,sub-034,sub-012,FFD,0.09391344501453394
El espejo,sub-034,sub-052,FFD,0.31174549984923516
El espejo,sub-034,sub-094,FFD,0.35691854432721654
El espejo,sub-034,sub-088,FFD,0.08425011641219896
El espejo,sub-034,sub-044,FFD,0.26139598239252626
El espejo,sub-034,sub-009,FFD,0.17261522907740362
El espejo,sub-034,sub-041,FFD,0.3506022537258905
El espejo,sub-034,sub-024,FFD,0.264153702262975
El espejo,sub-034,sub-016,FFD,0.2838923527367311
El espejo,sub-034,sub-112,FFD,0.20206840123389885
El espejo,sub-034,sub-058,FFD,0.2967758539314886
El espejo,sub-034,sub-018,FFD,0.20924323308744622
El espejo,sub-034,sub-048,FFD,0.3124937875999304
El espejo,sub-034,sub-087,FFD,0.2508014121550171
El espejo,sub-034,sub-091,FFD,0.2913771998834795
El espejo,sub-034,sub-083,FFD,0.2952369201724554
El espejo,sub-034,sub-065,FFD,0.25398344043949966
El espejo,sub-034,sub-077,FFD,0.19887916681324883
El espejo,sub-034,sub-039,FFD,0.1350185559475456
El espejo,sub-034,sub-053,FFD,0.24519981517717115
El espejo,sub-034,sub-075,FFD,0.3384602446321839
El espejo,sub-034,sub-060,FFD,0.29645771207439764
El espejo,sub-034,sub-103,FFD,0.2888490601735948
El espejo,sub-034,sub-105,FFD,0.28459208866442665
El espejo,sub-034,sub-064,FFD,0.3158913315380674
El espejo,sub-034,sub-010,FFD,0.1680551110725456
El espejo,sub-034,sub-034,FFD,0.9999999999999999
El espejo,sub-034,sub-002,FFD,0.24998689531245602
El espejo,sub-034,sub-085,FFD,0.23408011612553462
El espejo,sub-034,sub-021,FFD,0.10661682662395584
El espejo,sub-034,sub-096,FFD,0.35264276004646294
El espejo,sub-034,sub-027,FFD,0.1568860671898735
El espejo,sub-034,sub-006,FFD,0.23714733203023006
El espejo,sub-034,sub-066,FFD,0.2788082404791191
El espejo,sub-034,sub-101,FFD,0.35045673782362446
El espejo,sub-034,sub-042,FFD,0.21978355456221169
El espejo,sub-034,sub-003,FFD,0.32557763308759513
El espejo,sub-034,sub-107,FFD,0.23031315829949073
El espejo,sub-034,sub-098,FFD,0.34017780894295474
El espejo,sub-034,sub-086,FFD,0.18104146426030734
El espejo,sub-034,sub-013,FFD,0.2870908724793507
El espejo,sub-034,sub-068,FFD,0.33630582241354146
El espejo,sub-002,sub-067,FFD,0.244445819736303
El espejo,sub-002,sub-054,FFD,0.18289076214601843
El espejo,sub-002,sub-078,FFD,0.2489604168069089
El espejo,sub-002,sub-046,FFD,0.26846520656444406
El espejo,sub-002,sub-097,FFD,0.28251997710882565
El espejo,sub-002,sub-079,FFD,0.32104543714134093
El espejo,sub-002,sub-028,FFD,0.26848768470573425
El espejo,sub-002,sub-089,FFD,0.3574039278697543
El espejo,sub-002,sub-109,FFD,0.40185702791794853
El espejo,sub-002,sub-070,FFD,0.09816648774798795
El espejo,sub-002,sub-111,FFD,0.27314029423689706
El espejo,sub-002,sub-073,FFD,0.19362274350930825
El espejo,sub-002,sub-001,FFD,0.3067891640104127
El espejo,sub-002,sub-095,FFD,0.31923790158747484
El espejo,sub-002,sub-012,FFD,0.12145190922027689
El espejo,sub-002,sub-052,FFD,0.32680991842518226
El espejo,sub-002,sub-094,FFD,0.2165784125325001
El espejo,sub-002,sub-088,FFD,0.17719914156527453
El espejo,sub-002,sub-044,FFD,0.31504399634802016
El espejo,sub-002,sub-009,FFD,0.21781712476085172
El espejo,sub-002,sub-041,FFD,0.2968632498808748
El espejo,sub-002,sub-024,FFD,0.12758627386242505
El espejo,sub-002,sub-016,FFD,0.1485515259196403
El espejo,sub-002,sub-112,FFD,0.2966126896843182
El espejo,sub-002,sub-058,FFD,0.32030670132997363
El espejo,sub-002,sub-018,FFD,0.2291080972968971
El espejo,sub-002,sub-048,FFD,0.23311368634940316
El espejo,sub-002,sub-087,FFD,0.309263014302238
El espejo,sub-002,sub-091,FFD,0.3085756383670937
El espejo,sub-002,sub-083,FFD,0.3009680635841345
El espejo,sub-002,sub-065,FFD,0.3598231827833302
El espejo,sub-002,sub-077,FFD,0.10128059349643109
El espejo,sub-002,sub-039,FFD,0.2871492193523418
El espejo,sub-002,sub-053,FFD,0.11450582777623693
El espejo,sub-002,sub-075,FFD,0.14805751706733614
El espejo,sub-002,sub-060,FFD,0.2772010816521399
El espejo,sub-002,sub-103,FFD,0.2497184171011584
El espejo,sub-002,sub-105,FFD,0.14097759659694312
El espejo,sub-002,sub-064,FFD,0.22798840533149295
El espejo,sub-002,sub-010,FFD,-0.0011541990216075249
El espejo,sub-002,sub-034,FFD,0.24998689531245602
El espejo,sub-002,sub-002,FFD,1.0
El espejo,sub-002,sub-085,FFD,0.22725091408586215
El espejo,sub-002,sub-021,FFD,0.1381876443650247
El espejo,sub-002,sub-096,FFD,0.34959720420938656
El espejo,sub-002,sub-027,FFD,0.3162157220914201
El espejo,sub-002,sub-006,FFD,0.3334912694335052
El espejo,sub-002,sub-066,FFD,0.2580989446087437
El espejo,sub-002,sub-101,FFD,0.1660319446794665
El espejo,sub-002,sub-042,FFD,0.3048090260344104
El espejo,sub-002,sub-003,FFD,0.3432386165617882
El espejo,sub-002,sub-107,FFD,0.2898695931607673
El espejo,sub-002,sub-098,FFD,0.3454103630961752
El espejo,sub-002,sub-086,FFD,0.08800411636022708
El espejo,sub-002,sub-013,FFD,0.17362746507829208
El espejo,sub-002,sub-068,FFD,0.3685791083963791
El espejo,sub-085,sub-067,FFD,0.21082683320895557
El espejo,sub-085,sub-054,FFD,0.19007171063850525
El espejo,sub-085,sub-078,FFD,0.28383656538105806
El espejo,sub-085,sub-046,FFD,0.3448805950912162
El espejo,sub-085,sub-097,FFD,0.3053129058707026
El espejo,sub-085,sub-079,FFD,0.306498430015958
El espejo,sub-085,sub-028,FFD,0.2715030298773473
El espejo,sub-085,sub-089,FFD,0.37087575573012427
El espejo,sub-085,sub-109,FFD,0.36379398299332927
El espejo,sub-085,sub-070,FFD,0.0633573485510036
El espejo,sub-085,sub-111,FFD,0.2788634755688483
El espejo,sub-085,sub-073,FFD,0.27689632961276195
El espejo,sub-085,sub-001,FFD,0.3116509052757815
El espejo,sub-085,sub-095,FFD,0.2996936893994778
El espejo,sub-085,sub-012,FFD,0.09561055044591855
El espejo,sub-085,sub-052,FFD,0.2278639456780942
El espejo,sub-085,sub-094,FFD,0.1888372553052022
El espejo,sub-085,sub-088,FFD,0.020504262571845247
El espejo,sub-085,sub-044,FFD,0.3431114688952905
El espejo,sub-085,sub-009,FFD,0.38914837623503007
El espejo,sub-085,sub-041,FFD,0.2605240360255484
El espejo,sub-085,sub-024,FFD,0.16720638175443972
El espejo,sub-085,sub-016,FFD,0.16975848873070706
El espejo,sub-085,sub-112,FFD,0.3652043279174527
El espejo,sub-085,sub-058,FFD,0.2947067928272687
El espejo,sub-085,sub-018,FFD,0.16967940798666234
El espejo,sub-085,sub-048,FFD,0.2600556529045446
El espejo,sub-085,sub-087,FFD,0.3277082528744542
El espejo,sub-085,sub-091,FFD,0.28202389121103627
El espejo,sub-085,sub-083,FFD,0.2558566375872333
El espejo,sub-085,sub-065,FFD,0.2635066608410586
El espejo,sub-085,sub-077,FFD,0.15330888985373373
El espejo,sub-085,sub-039,FFD,0.27338531550401524
El espejo,sub-085,sub-053,FFD,0.07172503438919817
El espejo,sub-085,sub-075,FFD,0.21964161235425494
El espejo,sub-085,sub-060,FFD,0.32799970586745936
El espejo,sub-085,sub-103,FFD,0.28148700064096843
El espejo,sub-085,sub-105,FFD,0.1486670538851365
El espejo,sub-085,sub-064,FFD,0.18244819514023194
El espejo,sub-085,sub-010,FFD,0.11625212883083508
El espejo,sub-085,sub-034,FFD,0.23408011612553462
El espejo,sub-085,sub-002,FFD,0.22725091408586215
El espejo,sub-085,sub-085,FFD,1.0
El espejo,sub-085,sub-021,FFD,0.20212810349321753
El espejo,sub-085,sub-096,FFD,0.26381758744175554
El espejo,sub-085,sub-027,FFD,0.18643651784497264
El espejo,sub-085,sub-006,FFD,0.3373671854050194
El espejo,sub-085,sub-066,FFD,0.31797391653183443
El espejo,sub-085,sub-101,FFD,0.21746335139601947
El espejo,sub-085,sub-042,FFD,0.3485895558450158
El espejo,sub-085,sub-003,FFD,0.33689997259960863
El espejo,sub-085,sub-107,FFD,0.2454092826086939
El espejo,sub-085,sub-098,FFD,0.2195178504125248
El espejo,sub-085,sub-086,FFD,0.11121227062353052
El espejo,sub-085,sub-013,FFD,0.20918879133245033
El espejo,sub-085,sub-068,FFD,0.33222766622512706
El espejo,sub-021,sub-067,FFD,0.07424250813102881
El espejo,sub-021,sub-054,FFD,0.1738798055475482
El espejo,sub-021,sub-078,FFD,0.10539993906400459
El espejo,sub-021,sub-046,FFD,0.29994092022539837
El espejo,sub-021,sub-097,FFD,0.1965588866978846
El espejo,sub-021,sub-079,FFD,0.2779492854352856
El espejo,sub-021,sub-028,FFD,0.1985701730200652
El espejo,sub-021,sub-089,FFD,0.20766259637583873
El espejo,sub-021,sub-109,FFD,0.28046175742513807
El espejo,sub-021,sub-070,FFD,0.09000337086398849
El espejo,sub-021,sub-111,FFD,0.06816639373476174
El espejo,sub-021,sub-073,FFD,0.09051953443756605
El espejo,sub-021,sub-001,FFD,0.23014474605506216
El espejo,sub-021,sub-095,FFD,0.2457100138719068
El espejo,sub-021,sub-012,FFD,0.16661249188728308
El espejo,sub-021,sub-052,FFD,0.09292599364542112
El espejo,sub-021,sub-094,FFD,0.15539406799085098
El espejo,sub-021,sub-088,FFD,0.13506724795220096
El espejo,sub-021,sub-044,FFD,0.3437193179033851
El espejo,sub-021,sub-009,FFD,0.2455380214410898
El espejo,sub-021,sub-041,FFD,0.1587709473381788
El espejo,sub-021,sub-024,FFD,-0.004718301232056726
El espejo,sub-021,sub-016,FFD,0.13461264976898385
El espejo,sub-021,sub-112,FFD,0.21016411352175418
El espejo,sub-021,sub-058,FFD,0.18196721155627585
El espejo,sub-021,sub-018,FFD,0.0766981997938698
El espejo,sub-021,sub-048,FFD,0.05779854878487467
El espejo,sub-021,sub-087,FFD,0.15125982790533563
El espejo,sub-021,sub-091,FFD,0.19130946309627148
El espejo,sub-021,sub-083,FFD,0.20697490501995455
El espejo,sub-021,sub-065,FFD,0.1994457775069244
El espejo,sub-021,sub-077,FFD,0.14407076456463835
El espejo,sub-021,sub-039,FFD,0.368490627389486
El espejo,sub-021,sub-053,FFD,0.045313579039434525
El espejo,sub-021,sub-075,FFD,0.044418305189709385
El espejo,sub-021,sub-060,FFD,0.22106712499373488
El espejo,sub-021,sub-103,FFD,0.2100213357235781
El espejo,sub-021,sub-105,FFD,0.0789905215378236
El espejo,sub-021,sub-064,FFD,0.16707217973747193
El espejo,sub-021,sub-010,FFD,0.027675257536177018
El espejo,sub-021,sub-034,FFD,0.10661682662395583
El espejo,sub-021,sub-002,FFD,0.1381876443650247
El espejo,sub-021,sub-085,FFD,0.2021281034932175
El espejo,sub-021,sub-021,FFD,1.0
El espejo,sub-021,sub-096,FFD,0.19052970272417544
El espejo,sub-021,sub-027,FFD,0.2515417159589883
El espejo,sub-021,sub-006,FFD,0.2530200719033265
El espejo,sub-021,sub-066,FFD,0.18719417438424096
El espejo,sub-021,sub-101,FFD,0.11380530477842833
El espejo,sub-021,sub-042,FFD,0.3090296899089161
El espejo,sub-021,sub-003,FFD,0.2649449889972904
El espejo,sub-021,sub-107,FFD,0.2428545350501523
El espejo,sub-021,sub-098,FFD,0.12692510365922283
El espejo,sub-021,sub-086,FFD,0.029493414752609432
El espejo,sub-021,sub-013,FFD,0.03707657052320756
El espejo,sub-021,sub-068,FFD,0.165461258274493
El espejo,sub-096,sub-067,FFD,0.2579398422463987
El espejo,sub-096,sub-054,FFD,0.1797586145829513
El espejo,sub-096,sub-078,FFD,0.32563224935808244
El espejo,sub-096,sub-046,FFD,0.2869800609497947
El espejo,sub-096,sub-097,FFD,0.3443904840865786
El espejo,sub-096,sub-079,FFD,0.4270651139512859
El espejo,sub-096,sub-028,FFD,0.3221347882417828
El espejo,sub-096,sub-089,FFD,0.35842121252257414
El espejo,sub-096,sub-109,FFD,0.4941930153792857
El espejo,sub-096,sub-070,FFD,0.1407725923639071
El espejo,sub-096,sub-111,FFD,0.33837833279169227
El espejo,sub-096,sub-073,FFD,0.23415575140485875
El espejo,sub-096,sub-001,FFD,0.3852070549725689
El espejo,sub-096,sub-095,FFD,0.39200118078112883
El espejo,sub-096,sub-012,FFD,0.1567289474931862
El espejo,sub-096,sub-052,FFD,0.38110212296874496
El espejo,sub-096,sub-094,FFD,0.3232173770230306
El espejo,sub-096,sub-088,FFD,0.17371545369563557
El espejo,sub-096,sub-044,FFD,0.4153817683041132
El espejo,sub-096,sub-009,FFD,0.23199433468176986
El espejo,sub-096,sub-041,FFD,0.3687483266000972
El espejo,sub-096,sub-024,FFD,0.15040074999756342
El espejo,sub-096,sub-016,FFD,0.1736341256831764
El espejo,sub-096,sub-112,FFD,0.33361307426984976
El espejo,sub-096,sub-058,FFD,0.43083623753001066
El espejo,sub-096,sub-018,FFD,0.3302824772731613
El espejo,sub-096,sub-048,FFD,0.3084628075762556
El espejo,sub-096,sub-087,FFD,0.2872658219927681
El espejo,sub-096,sub-091,FFD,0.4067522231717741
El espejo,sub-096,sub-083,FFD,0.41037840824101557
El espejo,sub-096,sub-065,FFD,0.3893698873331615
El espejo,sub-096,sub-077,FFD,0.2406350625649191
El espejo,sub-096,sub-039,FFD,0.34238038712104263
El espejo,sub-096,sub-053,FFD,0.2108963540614937
El espejo,sub-096,sub-075,FFD,0.25023220827505355
El espejo,sub-096,sub-060,FFD,0.34511533841596015
El espejo,sub-096,sub-103,FFD,0.3707883268884225
El espejo,sub-096,sub-105,FFD,0.2285778214258306
El espejo,sub-096,sub-064,FFD,0.2807176845006304
El espejo,sub-096,sub-010,FFD,0.10917463894942016
El espejo,sub-096,sub-034,FFD,0.35264276004646294
El espejo,sub-096,sub-002,FFD,0.34959720420938656
El espejo,sub-096,sub-085,FFD,0.26381758744175554
El espejo,sub-096,sub-021,FFD,0.19052970272417544
El espejo,sub-096,sub-096,FFD,0.9999999999999999
El espejo,sub-096,sub-027,FFD,0.36814644054228907
El espejo,sub-096,sub-006,FFD,0.35778250585800464
El espejo,sub-096,sub-066,FFD,0.35481156247554935
El espejo,sub-096,sub-101,FFD,0.26265482205956103
El espejo,sub-096,sub-042,FFD,0.3594578775631356
El espejo,sub-096,sub-003,FFD,0.40215479296852064
El espejo,sub-096,sub-107,FFD,0.33701856652675966
El espejo,sub-096,sub-098,FFD,0.33304499189919007
El espejo,sub-096,sub-086,FFD,0.15000842194265823
El espejo,sub-096,sub-013,FFD,0.3017364005172725
El espejo,sub-096,sub-068,FFD,0.42181729723734523
El espejo,sub-027,sub-067,FFD,0.21917949484984417
El espejo,sub-027,sub-054,FFD,0.09359845646700223
El espejo,sub-027,sub-078,FFD,0.1646476572290107
El espejo,sub-027,sub-046,FFD,0.32344272707696936
El espejo,sub-027,sub-097,FFD,0.3146642824125917
El espejo,sub-027,sub-079,FFD,0.38991452937595444
El espejo,sub-027,sub-028,FFD,0.2922283692698489
El espejo,sub-027,sub-089,FFD,0.27969092352132824
El espejo,sub-027,sub-109,FFD,0.3364097400576284
El espejo,sub-027,sub-070,FFD,0.06733413354083738
El espejo,sub-027,sub-111,FFD,0.2532541470209221
El espejo,sub-027,sub-073,FFD,0.16634007013096594
El espejo,sub-027,sub-001,FFD,0.28156508027470745
El espejo,sub-027,sub-095,FFD,0.2514205357599319
El espejo,sub-027,sub-012,FFD,0.18839668558005962
El espejo,sub-027,sub-052,FFD,0.17099241796165443
El espejo,sub-027,sub-094,FFD,0.20372308573362713
El espejo,sub-027,sub-088,FFD,0.23586122359167222
El espejo,sub-027,sub-044,FFD,0.38656687521299465
El espejo,sub-027,sub-009,FFD,0.2752203416073179
El espejo,sub-027,sub-041,FFD,0.24228286435319865
El espejo,sub-027,sub-024,FFD,0.10639709892363981
El espejo,sub-027,sub-016,FFD,0.14824550250417548
El espejo,sub-027,sub-112,FFD,0.26069920561674437
El espejo,sub-027,sub-058,FFD,0.2914485492713909
El espejo,sub-027,sub-018,FFD,0.1993875622751834
El espejo,sub-027,sub-048,FFD,0.1344874242428601
El espejo,sub-027,sub-087,FFD,0.2657731880390208
El espejo,sub-027,sub-091,FFD,0.2572069472792785
El espejo,sub-027,sub-083,FFD,0.2736569280998401
El espejo,sub-027,sub-065,FFD,0.342643192428422
El espejo,sub-027,sub-077,FFD,0.19634826506501368
El espejo,sub-027,sub-039,FFD,0.33343447187502867
El espejo,sub-027,sub-053,FFD,0.11119851796858966
El espejo,sub-027,sub-075,FFD,0.15772645463171653
El espejo,sub-027,sub-060,FFD,0.2708999399580042
El espejo,sub-027,sub-103,FFD,0.23750057777288658
El espejo,sub-027,sub-105,FFD,0.12388958794339858
El espejo,sub-027,sub-064,FFD,0.2075425869784315
El espejo,sub-027,sub-010,FFD,0.07130248950870087
El espejo,sub-027,sub-034,FFD,0.15688606718987347
El espejo,sub-027,sub-002,FFD,0.3162157220914201
El espejo,sub-027,sub-085,FFD,0.18643651784497264
El espejo,sub-027,sub-021,FFD,0.2515417159589883
El espejo,sub-027,sub-096,FFD,0.36814644054228907
El espejo,sub-027,sub-027,FFD,1.0
El espejo,sub-027,sub-006,FFD,0.26978362322382476
El espejo,sub-027,sub-066,FFD,0.2023205482533408
El espejo,sub-027,sub-101,FFD,0.10764225163735784
El espejo,sub-027,sub-042,FFD,0.3500222136546273
El espejo,sub-027,sub-003,FFD,0.3741670997880502
El espejo,sub-027,sub-107,FFD,0.2597218782326382
El espejo,sub-027,sub-098,FFD,0.25515293941680933
El espejo,sub-027,sub-086,FFD,0.07775805770736188
El espejo,sub-027,sub-013,FFD,0.20085627793038316
El espejo,sub-027,sub-068,FFD,0.2697275369531906
El espejo,sub-006,sub-067,FFD,0.2196243351479093
El espejo,sub-006,sub-054,FFD,0.1818734347056079
El espejo,sub-006,sub-078,FFD,0.22149554267911173
El espejo,sub-006,sub-046,FFD,0.37304805740595715
El espejo,sub-006,sub-097,FFD,0.3367820701794655
El espejo,sub-006,sub-079,FFD,0.3359631466960205
El espejo,sub-006,sub-028,FFD,0.3511199773148025
El espejo,sub-006,sub-089,FFD,0.35393219083532007
El espejo,sub-006,sub-109,FFD,0.4360213313140023
El espejo,sub-006,sub-070,FFD,0.09380329678934317
El espejo,sub-006,sub-111,FFD,0.23668298974624077
El espejo,sub-006,sub-073,FFD,0.25934856173129894
El espejo,sub-006,sub-001,FFD,0.3867421521972545
El espejo,sub-006,sub-095,FFD,0.398052986612922
El espejo,sub-006,sub-012,FFD,0.18668587123764627
El espejo,sub-006,sub-052,FFD,0.24724905817637902
El espejo,sub-006,sub-094,FFD,0.16399943106932965
El espejo,sub-006,sub-088,FFD,0.15328246408068186
El espejo,sub-006,sub-044,FFD,0.39656525347449756
El espejo,sub-006,sub-009,FFD,0.37559767459585475
El espejo,sub-006,sub-041,FFD,0.32859168461133403
El espejo,sub-006,sub-024,FFD,0.10246441213618879
El espejo,sub-006,sub-016,FFD,0.13012209529262656
El espejo,sub-006,sub-112,FFD,0.36247164398788256
El espejo,sub-006,sub-058,FFD,0.3062682819444278
El espejo,sub-006,sub-018,FFD,0.24035601909585266
El espejo,sub-006,sub-048,FFD,0.23619341975143837
El espejo,sub-006,sub-087,FFD,0.23783496355592526
El espejo,sub-006,sub-091,FFD,0.3142621887412686
El espejo,sub-006,sub-083,FFD,0.31343224306495515
El espejo,sub-006,sub-065,FFD,0.33280026500511145
El espejo,sub-006,sub-077,FFD,0.18897999531572562
El espejo,sub-006,sub-039,FFD,0.2865961073479456
El espejo,sub-006,sub-053,FFD,0.11148784678606469
El espejo,sub-006,sub-075,FFD,0.2305537174373445
El espejo,sub-006,sub-060,FFD,0.33503748441067294
El espejo,sub-006,sub-103,FFD,0.25809364418054276
El espejo,sub-006,sub-105,FFD,0.13913015451730198
El espejo,sub-006,sub-064,FFD,0.2215148912571347
El espejo,sub-006,sub-010,FFD,0.06171803042355852
El espejo,sub-006,sub-034,FFD,0.23714733203023006
El espejo,sub-006,sub-002,FFD,0.3334912694335052
El espejo,sub-006,sub-085,FFD,0.3373671854050194
El espejo,sub-006,sub-021,FFD,0.25302007190332654
El espejo,sub-006,sub-096,FFD,0.35778250585800464
El espejo,sub-006,sub-027,FFD,0.26978362322382476
El espejo,sub-006,sub-006,FFD,1.0
El espejo,sub-006,sub-066,FFD,0.34333717774200845
El espejo,sub-006,sub-101,FFD,0.1875413746663088
El espejo,sub-006,sub-042,FFD,0.3657249666618422
El espejo,sub-006,sub-003,FFD,0.38638600178117627
El espejo,sub-006,sub-107,FFD,0.401105662397936
El espejo,sub-006,sub-098,FFD,0.2563092006033968
El espejo,sub-006,sub-086,FFD,0.10450744836498937
El espejo,sub-006,sub-013,FFD,0.25156914318491347
El espejo,sub-006,sub-068,FFD,0.33325089906224137
El espejo,sub-066,sub-067,FFD,0.23524687534400432
El espejo,sub-066,sub-054,FFD,0.20637270749579875
El espejo,sub-066,sub-078,FFD,0.24877407148622266
El espejo,sub-066,sub-046,FFD,0.2950405751197216
El espejo,sub-066,sub-097,FFD,0.3538935191366354
El espejo,sub-066,sub-079,FFD,0.30768308532577965
El espejo,sub-066,sub-028,FFD,0.33850559246456235
El espejo,sub-066,sub-089,FFD,0.27444541791369875
El espejo,sub-066,sub-109,FFD,0.3461713071640883
El espejo,sub-066,sub-070,FFD,0.14498169308470696
El espejo,sub-066,sub-111,FFD,0.27581332888138055
El espejo,sub-066,sub-073,FFD,0.336720758284423
El espejo,sub-066,sub-001,FFD,0.27705928656154283
El espejo,sub-066,sub-095,FFD,0.36678020597246164
El espejo,sub-066,sub-012,FFD,0.07574238639158541
El espejo,sub-066,sub-052,FFD,0.3230101622492804
El espejo,sub-066,sub-094,FFD,0.27449735746208026
El espejo,sub-066,sub-088,FFD,0.04178641613487298
El espejo,sub-066,sub-044,FFD,0.32962027710874436
El espejo,sub-066,sub-009,FFD,0.2870936213922175
El espejo,sub-066,sub-041,FFD,0.3562929478924533
El espejo,sub-066,sub-024,FFD,0.16392519851122808
El espejo,sub-066,sub-016,FFD,0.14019947453476284
El espejo,sub-066,sub-112,FFD,0.23987997862534524
El espejo,sub-066,sub-058,FFD,0.26551209212650956
El espejo,sub-066,sub-018,FFD,0.19031124835203697
El espejo,sub-066,sub-048,FFD,0.2638686995500086
El espejo,sub-066,sub-087,FFD,0.18968148572538088
El espejo,sub-066,sub-091,FFD,0.33119286044419743
El espejo,sub-066,sub-083,FFD,0.33878479325397887
El espejo,sub-066,sub-065,FFD,0.2541429547503337
El espejo,sub-066,sub-077,FFD,0.16229201375473337
El espejo,sub-066,sub-039,FFD,0.22855292865511118
El espejo,sub-066,sub-053,FFD,0.12030015547657229
El espejo,sub-066,sub-075,FFD,0.20387406209717263
El espejo,sub-066,sub-060,FFD,0.29864204982891
El espejo,sub-066,sub-103,FFD,0.3324055140250444
El espejo,sub-066,sub-105,FFD,0.1485514900425108
El espejo,sub-066,sub-064,FFD,0.24881657617929367
El espejo,sub-066,sub-010,FFD,0.04157405086026362
El espejo,sub-066,sub-034,FFD,0.2788082404791191
El espejo,sub-066,sub-002,FFD,0.2580989446087438
El espejo,sub-066,sub-085,FFD,0.3179739165318344
El espejo,sub-066,sub-021,FFD,0.18719417438424094
El espejo,sub-066,sub-096,FFD,0.35481156247554935
El espejo,sub-066,sub-027,FFD,0.20232054825334084
El espejo,sub-066,sub-006,FFD,0.34333717774200845
El espejo,sub-066,sub-066,FFD,1.0
El espejo,sub-066,sub-101,FFD,0.2129786111071082
El espejo,sub-066,sub-042,FFD,0.284758695836876
El espejo,sub-066,sub-003,FFD,0.29390438172477157
El espejo,sub-066,sub-107,FFD,0.26032079719617296
El espejo,sub-066,sub-098,FFD,0.32024044393069895
El espejo,sub-066,sub-086,FFD,0.08432418420161997
El espejo,sub-066,sub-013,FFD,0.28486102033322563
El espejo,sub-066,sub-068,FFD,0.3221170828442646
El espejo,sub-101,sub-067,FFD,0.1887486148698902
El espejo,sub-101,sub-054,FFD,0.24483227298090657
El espejo,sub-101,sub-078,FFD,0.24028909623037495
El espejo,sub-101,sub-046,FFD,0.177403275666664
El espejo,sub-101,sub-097,FFD,0.22745085220654818
El espejo,sub-101,sub-079,FFD,0.24366332304348037
El espejo,sub-101,sub-028,FFD,0.26909647806313763
El espejo,sub-101,sub-089,FFD,0.2052961932124561
El espejo,sub-101,sub-109,FFD,0.24830847047076576
El espejo,sub-101,sub-070,FFD,0.1663855855778852
El espejo,sub-101,sub-111,FFD,0.22348859861588394
El espejo,sub-101,sub-073,FFD,0.20853420614481283
El espejo,sub-101,sub-001,FFD,0.19933578304185243
El espejo,sub-101,sub-095,FFD,0.28378381669425207
El espejo,sub-101,sub-012,FFD,0.08706398742152406
El espejo,sub-101,sub-052,FFD,0.24330894579647583
El espejo,sub-101,sub-094,FFD,0.2910946144140406
El espejo,sub-101,sub-088,FFD,0.025026202412170413
El espejo,sub-101,sub-044,FFD,0.24384941075680552
El espejo,sub-101,sub-009,FFD,0.16257232611464428
El espejo,sub-101,sub-041,FFD,0.24166653512245864
El espejo,sub-101,sub-024,FFD,0.21551913987678029
El espejo,sub-101,sub-016,FFD,0.23315672492087605
El espejo,sub-101,sub-112,FFD,0.15190481242698714
El espejo,sub-101,sub-058,FFD,0.1910220973596709
El espejo,sub-101,sub-018,FFD,0.2411598148538838
El espejo,sub-101,sub-048,FFD,0.22523684170623615
El espejo,sub-101,sub-087,FFD,0.2394865335830444
El espejo,sub-101,sub-091,FFD,0.2292222785574081
El espejo,sub-101,sub-083,FFD,0.18960265256580316
El espejo,sub-101,sub-065,FFD,0.24547556656601027
El espejo,sub-101,sub-077,FFD,0.1547466036661359
El espejo,sub-101,sub-039,FFD,0.08743285174288012
El espejo,sub-101,sub-053,FFD,0.26473935941577886
El espejo,sub-101,sub-075,FFD,0.291359414141667
El espejo,sub-101,sub-060,FFD,0.22958298049451506
El espejo,sub-101,sub-103,FFD,0.2533225066899251
El espejo,sub-101,sub-105,FFD,0.1842998208226488
El espejo,sub-101,sub-064,FFD,0.295826426411838
El espejo,sub-101,sub-010,FFD,0.0995859527536882
El espejo,sub-101,sub-034,FFD,0.35045673782362446
El espejo,sub-101,sub-002,FFD,0.1660319446794665
El espejo,sub-101,sub-085,FFD,0.21746335139601947
El espejo,sub-101,sub-021,FFD,0.11380530477842832
El espejo,sub-101,sub-096,FFD,0.26265482205956103
El espejo,sub-101,sub-027,FFD,0.10764225163735786
El espejo,sub-101,sub-006,FFD,0.1875413746663088
El espejo,sub-101,sub-066,FFD,0.21297861110710822
El espejo,sub-101,sub-101,FFD,0.9999999999999999
El espejo,sub-101,sub-042,FFD,0.19614430112943426
El espejo,sub-101,sub-003,FFD,0.2761793211295714
El espejo,sub-101,sub-107,FFD,0.23371831461601691
El espejo,sub-101,sub-098,FFD,0.260302220194567
El espejo,sub-101,sub-086,FFD,0.19533394970858392
El espejo,sub-101,sub-013,FFD,0.300206268367049
El espejo,sub-101,sub-068,FFD,0.2542504024012308
El espejo,sub-042,sub-067,FFD,0.18593059445879115
El espejo,sub-042,sub-054,FFD,0.19164988581921313
El espejo,sub-042,sub-078,FFD,0.22316794098399503
El espejo,sub-042,sub-046,FFD,0.3731460693737295
El espejo,sub-042,sub-097,FFD,0.411073528587394
El espejo,sub-042,sub-079,FFD,0.41409194874591043
El espejo,sub-042,sub-028,FFD,0.2989192954374698
El espejo,sub-042,sub-089,FFD,0.3978735836413718
El espejo,sub-042,sub-109,FFD,0.4073808424846731
El espejo,sub-042,sub-070,FFD,0.10891776171295055
El espejo,sub-042,sub-111,FFD,0.21774981166472543
El espejo,sub-042,sub-073,FFD,0.2775544176069414
El espejo,sub-042,sub-001,FFD,0.4351976609076727
El espejo,sub-042,sub-095,FFD,0.33932703014068627
El espejo,sub-042,sub-012,FFD,0.16867867019531868
El espejo,sub-042,sub-052,FFD,0.2405595745797658
El espejo,sub-042,sub-094,FFD,0.21328357127958328
El espejo,sub-042,sub-088,FFD,0.10826643168589715
El espejo,sub-042,sub-044,FFD,0.48923694277376306
El espejo,sub-042,sub-009,FFD,0.36454588051715225
El espejo,sub-042,sub-041,FFD,0.2675412739876081
El espejo,sub-042,sub-024,FFD,0.06474976321911853
El espejo,sub-042,sub-016,FFD,0.1951714664006181
El espejo,sub-042,sub-112,FFD,0.39837185527032437
El espejo,sub-042,sub-058,FFD,0.3741751008601956
El espejo,sub-042,sub-018,FFD,0.21918712808347976
El espejo,sub-042,sub-048,FFD,0.23703012046554156
El espejo,sub-042,sub-087,FFD,0.29388571572672206
El espejo,sub-042,sub-091,FFD,0.3448674637972373
El espejo,sub-042,sub-083,FFD,0.30153540282545394
El espejo,sub-042,sub-065,FFD,0.36872032174081465
El espejo,sub-042,sub-077,FFD,0.21244800989925117
El espejo,sub-042,sub-039,FFD,0.3845566975328848
El espejo,sub-042,sub-053,FFD,0.09240981406801092
El espejo,sub-042,sub-075,FFD,0.1660898522119108
El espejo,sub-042,sub-060,FFD,0.30175135054068924
El espejo,sub-042,sub-103,FFD,0.3313107144175289
El espejo,sub-042,sub-105,FFD,0.18559592768329242
El espejo,sub-042,sub-064,FFD,0.22179884182885468
El espejo,sub-042,sub-010,FFD,0.0645238255624098
El espejo,sub-042,sub-034,FFD,0.21978355456221169
El espejo,sub-042,sub-002,FFD,0.30480902603441035
El espejo,sub-042,sub-085,FFD,0.3485895558450158
El espejo,sub-042,sub-021,FFD,0.30902968990891616
El espejo,sub-042,sub-096,FFD,0.35945787756313563
El espejo,sub-042,sub-027,FFD,0.3500222136546274
El espejo,sub-042,sub-006,FFD,0.36572496666184223
El espejo,sub-042,sub-066,FFD,0.284758695836876
El espejo,sub-042,sub-101,FFD,0.19614430112943426
El espejo,sub-042,sub-042,FFD,1.0
El espejo,sub-042,sub-003,FFD,0.37352356928501296
El espejo,sub-042,sub-107,FFD,0.3524993469870213
El espejo,sub-042,sub-098,FFD,0.23710660104469553
El espejo,sub-042,sub-086,FFD,0.07706626228570808
El espejo,sub-042,sub-013,FFD,0.20451272298118375
El espejo,sub-042,sub-068,FFD,0.34298240604626423
El espejo,sub-003,sub-067,FFD,0.2768273736370729
El espejo,sub-003,sub-054,FFD,0.26258306797425246
El espejo,sub-003,sub-078,FFD,0.30922847376009865
El espejo,sub-003,sub-046,FFD,0.3467268967597049
El espejo,sub-003,sub-097,FFD,0.3397999918183038
El espejo,sub-003,sub-079,FFD,0.43560416946394914
El espejo,sub-003,sub-028,FFD,0.3518802909220061
El espejo,sub-003,sub-089,FFD,0.3787141098200564
El espejo,sub-003,sub-109,FFD,0.5200718740822287
El espejo,sub-003,sub-070,FFD,0.11403270585252853
El espejo,sub-003,sub-111,FFD,0.3129721935502833
El espejo,sub-003,sub-073,FFD,0.248404720026691
El espejo,sub-003,sub-001,FFD,0.40271036622110035
El espejo,sub-003,sub-095,FFD,0.37764613827699006
El espejo,sub-003,sub-012,FFD,0.10004154937071179
El espejo,sub-003,sub-052,FFD,0.2976754794761104
El espejo,sub-003,sub-094,FFD,0.25048561006653414
El espejo,sub-003,sub-088,FFD,0.14124254063471672
El espejo,sub-003,sub-044,FFD,0.4670557199247473
El espejo,sub-003,sub-009,FFD,0.33676858655252034
El espejo,sub-003,sub-041,FFD,0.3803247581520578
El espejo,sub-003,sub-024,FFD,0.1704547055893769
El espejo,sub-003,sub-016,FFD,0.18870401333122966
El espejo,sub-003,sub-112,FFD,0.4105487305303594
El espejo,sub-003,sub-058,FFD,0.3733837464647604
El espejo,sub-003,sub-018,FFD,0.3146866385478431
El espejo,sub-003,sub-048,FFD,0.2646165481844527
El espejo,sub-003,sub-087,FFD,0.38696259542315226
El espejo,sub-003,sub-091,FFD,0.3631863603554715
El espejo,sub-003,sub-083,FFD,0.404411967784294
El espejo,sub-003,sub-065,FFD,0.3798566938986568
El espejo,sub-003,sub-077,FFD,0.2403291318888309
El espejo,sub-003,sub-039,FFD,0.32428542666110033
El espejo,sub-003,sub-053,FFD,0.17087719579616287
El espejo,sub-003,sub-075,FFD,0.2782435772948133
El espejo,sub-003,sub-060,FFD,0.3831885123250508
El espejo,sub-003,sub-103,FFD,0.35577549189159513
El espejo,sub-003,sub-105,FFD,0.23969111891720904
El espejo,sub-003,sub-064,FFD,0.22442351523390017
El espejo,sub-003,sub-010,FFD,0.10510081192185576
El espejo,sub-003,sub-034,FFD,0.32557763308759513
El espejo,sub-003,sub-002,FFD,0.3432386165617882
El espejo,sub-003,sub-085,FFD,0.33689997259960863
El espejo,sub-003,sub-021,FFD,0.2649449889972904
El espejo,sub-003,sub-096,FFD,0.40215479296852064
El espejo,sub-003,sub-027,FFD,0.3741670997880502
El espejo,sub-003,sub-006,FFD,0.3863860017811762
El espejo,sub-003,sub-066,FFD,0.29390438172477157
El espejo,sub-003,sub-101,FFD,0.2761793211295714
El espejo,sub-003,sub-042,FFD,0.373523569285013
El espejo,sub-003,sub-003,FFD,1.0
El espejo,sub-003,sub-107,FFD,0.3313388737621867
El espejo,sub-003,sub-098,FFD,0.3121042850391947
El espejo,sub-003,sub-086,FFD,0.09777185843188747
El espejo,sub-003,sub-013,FFD,0.27110157799429935
El espejo,sub-003,sub-068,FFD,0.36165287564081466
El espejo,sub-107,sub-067,FFD,0.25190641172534245
El espejo,sub-107,sub-054,FFD,0.20704075852342363
El espejo,sub-107,sub-078,FFD,0.24250825071923804
El espejo,sub-107,sub-046,FFD,0.3236822384556686
El espejo,sub-107,sub-097,FFD,0.28784468144332287
El espejo,sub-107,sub-079,FFD,0.2905365964308735
El espejo,sub-107,sub-028,FFD,0.29224306743830014
El espejo,sub-107,sub-089,FFD,0.29870393313936694
El espejo,sub-107,sub-109,FFD,0.3375364916442386
El espejo,sub-107,sub-070,FFD,0.11218749682652204
El espejo,sub-107,sub-111,FFD,0.17613732835296966
El espejo,sub-107,sub-073,FFD,0.1982700204163863
El espejo,sub-107,sub-001,FFD,0.3167436495848968
El espejo,sub-107,sub-095,FFD,0.3212535703699654
El espejo,sub-107,sub-012,FFD,0.16158251730229806
El espejo,sub-107,sub-052,FFD,0.18799650556533204
El espejo,sub-107,sub-094,FFD,0.20428919118424632
El espejo,sub-107,sub-088,FFD,0.07390831343602279
El espejo,sub-107,sub-044,FFD,0.2801633370252462
El espejo,sub-107,sub-009,FFD,0.26996209856598663
El espejo,sub-107,sub-041,FFD,0.22060488596574843
El espejo,sub-107,sub-024,FFD,0.134219869524281
El espejo,sub-107,sub-016,FFD,0.12430856326734616
El espejo,sub-107,sub-112,FFD,0.29237618953730365
El espejo,sub-107,sub-058,FFD,0.2565722317722344
El espejo,sub-107,sub-018,FFD,0.24342903746530298
El espejo,sub-107,sub-048,FFD,0.21704390418442532
El espejo,sub-107,sub-087,FFD,0.24526557551534442
El espejo,sub-107,sub-091,FFD,0.34558034540097443
El espejo,sub-107,sub-083,FFD,0.2811348489473968
El espejo,sub-107,sub-065,FFD,0.27883736945451654
El espejo,sub-107,sub-077,FFD,0.1810204023145534
El espejo,sub-107,sub-039,FFD,0.2876938442568192
El espejo,sub-107,sub-053,FFD,0.1995515550948228
El espejo,sub-107,sub-075,FFD,0.19833430876295932
El espejo,sub-107,sub-060,FFD,0.3054807731204215
El espejo,sub-107,sub-103,FFD,0.24547445327769352
El espejo,sub-107,sub-105,FFD,0.0999916488080953
El espejo,sub-107,sub-064,FFD,0.20498485565108746
El espejo,sub-107,sub-010,FFD,0.06734355300299898
El espejo,sub-107,sub-034,FFD,0.23031315829949073
El espejo,sub-107,sub-002,FFD,0.2898695931607673
El espejo,sub-107,sub-085,FFD,0.24540928260869388
El espejo,sub-107,sub-021,FFD,0.2428545350501523
El espejo,sub-107,sub-096,FFD,0.33701856652675966
El espejo,sub-107,sub-027,FFD,0.2597218782326382
El espejo,sub-107,sub-006,FFD,0.40110566239793605
El espejo,sub-107,sub-066,FFD,0.26032079719617296
El espejo,sub-107,sub-101,FFD,0.23371831461601686
El espejo,sub-107,sub-042,FFD,0.3524993469870213
El espejo,sub-107,sub-003,FFD,0.3313388737621867
El espejo,sub-107,sub-107,FFD,1.0
El espejo,sub-107,sub-098,FFD,0.25289910302601587
El espejo,sub-107,sub-086,FFD,0.06817877979580787
El espejo,sub-107,sub-013,FFD,0.2760934438338586
El espejo,sub-107,sub-068,FFD,0.31592186044700055
El espejo,sub-098,sub-067,FFD,0.20316824141954043
El espejo,sub-098,sub-054,FFD,0.25752758216201543
El espejo,sub-098,sub-078,FFD,0.25100247304300943
El espejo,sub-098,sub-046,FFD,0.20362173013987794
El espejo,sub-098,sub-097,FFD,0.3179646661809911
El espejo,sub-098,sub-079,FFD,0.2864603455962867
El espejo,sub-098,sub-028,FFD,0.30972554505794003
El espejo,sub-098,sub-089,FFD,0.324082314261816
El espejo,sub-098,sub-109,FFD,0.3747970281232652
El espejo,sub-098,sub-070,FFD,0.16030391188637222
El espejo,sub-098,sub-111,FFD,0.2314070681386069
El espejo,sub-098,sub-073,FFD,0.19635156165319753
El espejo,sub-098,sub-001,FFD,0.2617624061900527
El espejo,sub-098,sub-095,FFD,0.3221507383236304
El espejo,sub-098,sub-012,FFD,0.1284307116097125
El espejo,sub-098,sub-052,FFD,0.3730315022970621
El espejo,sub-098,sub-094,FFD,0.3318059919467376
El espejo,sub-098,sub-088,FFD,0.12465092932801686
El espejo,sub-098,sub-044,FFD,0.23696019300835872
El espejo,sub-098,sub-009,FFD,0.15913814271903826
El espejo,sub-098,sub-041,FFD,0.3328651479117754
El espejo,sub-098,sub-024,FFD,0.18872092067860682
El espejo,sub-098,sub-016,FFD,0.24479582516110204
El espejo,sub-098,sub-112,FFD,0.26874326933025006
El espejo,sub-098,sub-058,FFD,0.26505528595352396
El espejo,sub-098,sub-018,FFD,0.18912299510093483
El espejo,sub-098,sub-048,FFD,0.23835179220922748
El espejo,sub-098,sub-087,FFD,0.2756600369473318
El espejo,sub-098,sub-091,FFD,0.32583985820338723
El espejo,sub-098,sub-083,FFD,0.3402315175420301
El espejo,sub-098,sub-065,FFD,0.2641781422477395
El espejo,sub-098,sub-077,FFD,0.15039933577240938
El espejo,sub-098,sub-039,FFD,0.15373420324806553
El espejo,sub-098,sub-053,FFD,0.28577205476340073
El espejo,sub-098,sub-075,FFD,0.24562021727518865
El espejo,sub-098,sub-060,FFD,0.2412193612925031
El espejo,sub-098,sub-103,FFD,0.27431633098805747
El espejo,sub-098,sub-105,FFD,0.17733738303072819
El espejo,sub-098,sub-064,FFD,0.35184624979687296
El espejo,sub-098,sub-010,FFD,0.08677421568863611
El espejo,sub-098,sub-034,FFD,0.34017780894295474
El espejo,sub-098,sub-002,FFD,0.3454103630961751
El espejo,sub-098,sub-085,FFD,0.2195178504125248
El espejo,sub-098,sub-021,FFD,0.12692510365922283
El espejo,sub-098,sub-096,FFD,0.33304499189919007
El espejo,sub-098,sub-027,FFD,0.25515293941680933
El espejo,sub-098,sub-006,FFD,0.25630920060339674
El espejo,sub-098,sub-066,FFD,0.32024044393069895
El espejo,sub-098,sub-101,FFD,0.260302220194567
El espejo,sub-098,sub-042,FFD,0.23710660104469553
El espejo,sub-098,sub-003,FFD,0.3121042850391947
El espejo,sub-098,sub-107,FFD,0.25289910302601587
El espejo,sub-098,sub-098,FFD,1.0
El espejo,sub-098,sub-086,FFD,0.11872055604490998
El espejo,sub-098,sub-013,FFD,0.32582081123081236
El espejo,sub-098,sub-068,FFD,0.3098303289484566
El espejo,sub-086,sub-067,FFD,0.11922493070593736
El espejo,sub-086,sub-054,FFD,0.11455830770187198
El espejo,sub-086,sub-078,FFD,0.18626768092251572
El espejo,sub-086,sub-046,FFD,0.08073480615239227
El espejo,sub-086,sub-097,FFD,0.10219955760123971
El espejo,sub-086,sub-079,FFD,0.13429098362308678
El espejo,sub-086,sub-028,FFD,0.0957063623824691
El espejo,sub-086,sub-089,FFD,0.1619631248307225
El espejo,sub-086,sub-109,FFD,0.13774722838346334
El espejo,sub-086,sub-070,FFD,0.18590345755792592
El espejo,sub-086,sub-111,FFD,0.12817135742221378
El espejo,sub-086,sub-073,FFD,0.11322766311981436
El espejo,sub-086,sub-001,FFD,0.10090497413183304
El espejo,sub-086,sub-095,FFD,0.10161933409475492
El espejo,sub-086,sub-012,FFD,0.07238186529776
El espejo,sub-086,sub-052,FFD,0.2203993789517785
El espejo,sub-086,sub-094,FFD,0.2306779252422706
El espejo,sub-086,sub-088,FFD,0.028052051136885692
El espejo,sub-086,sub-044,FFD,0.05716300394248674
El espejo,sub-086,sub-009,FFD,0.06678306246415378
El espejo,sub-086,sub-041,FFD,0.15564729880629688
El espejo,sub-086,sub-024,FFD,0.11291982548160787
El espejo,sub-086,sub-016,FFD,0.15181696233659106
El espejo,sub-086,sub-112,FFD,0.11300907239863664
El espejo,sub-086,sub-058,FFD,0.13415745011133662
El espejo,sub-086,sub-018,FFD,0.1984826214291487
El espejo,sub-086,sub-048,FFD,0.15906377737138597
El espejo,sub-086,sub-087,FFD,0.14930829111255367
El espejo,sub-086,sub-091,FFD,0.11160518408724383
El espejo,sub-086,sub-083,FFD,0.09193167674025078
El espejo,sub-086,sub-065,FFD,0.10324022159506377
El espejo,sub-086,sub-077,FFD,0.06927229901747252
El espejo,sub-086,sub-039,FFD,0.03974212418342956
El espejo,sub-086,sub-053,FFD,0.21128727516909104
El espejo,sub-086,sub-075,FFD,0.1577555075858316
El espejo,sub-086,sub-060,FFD,0.12878270488108318
El espejo,sub-086,sub-103,FFD,0.14851698278592035
El espejo,sub-086,sub-105,FFD,0.1293038185137155
El espejo,sub-086,sub-064,FFD,0.17707154874098482
El espejo,sub-086,sub-010,FFD,0.19836439740556855
El espejo,sub-086,sub-034,FFD,0.18104146426030734
El espejo,sub-086,sub-002,FFD,0.08800411636022708
El espejo,sub-086,sub-085,FFD,0.11121227062353051
El espejo,sub-086,sub-021,FFD,0.029493414752609436
El espejo,sub-086,sub-096,FFD,0.15000842194265826
El espejo,sub-086,sub-027,FFD,0.07775805770736188
El espejo,sub-086,sub-006,FFD,0.10450744836498937
El espejo,sub-086,sub-066,FFD,0.08432418420161997
El espejo,sub-086,sub-101,FFD,0.19533394970858395
El espejo,sub-086,sub-042,FFD,0.07706626228570809
El espejo,sub-086,sub-003,FFD,0.09777185843188747
El espejo,sub-086,sub-107,FFD,0.06817877979580787
El espejo,sub-086,sub-098,FFD,0.11872055604490998
El espejo,sub-086,sub-086,FFD,0.9999999999999999
El espejo,sub-086,sub-013,FFD,0.16237102668469378
El espejo,sub-086,sub-068,FFD,0.18125083278954732
El espejo,sub-013,sub-067,FFD,0.25207105545955155
El espejo,sub-013,sub-054,FFD,0.13489563032910024
El espejo,sub-013,sub-078,FFD,0.20574859912246504
El espejo,sub-013,sub-046,FFD,0.2098952196567251
El espejo,sub-013,sub-097,FFD,0.2753493691284083
El espejo,sub-013,sub-079,FFD,0.262157939202382
El espejo,sub-013,sub-028,FFD,0.23931496540759162
El espejo,sub-013,sub-089,FFD,0.22297914529778382
El espejo,sub-013,sub-109,FFD,0.35888448314358107
El espejo,sub-013,sub-070,FFD,0.17707210694368658
El espejo,sub-013,sub-111,FFD,0.24468813991300717
El espejo,sub-013,sub-073,FFD,0.18970665636573797
El espejo,sub-013,sub-001,FFD,0.26572018115967405
El espejo,sub-013,sub-095,FFD,0.23754607309689404
El espejo,sub-013,sub-012,FFD,0.06716636306139533
El espejo,sub-013,sub-052,FFD,0.31163739699864207
El espejo,sub-013,sub-094,FFD,0.25695436644685293
El espejo,sub-013,sub-088,FFD,0.07952785251909306
El espejo,sub-013,sub-044,FFD,0.25745027891018324
El espejo,sub-013,sub-009,FFD,0.18301627008124183
El espejo,sub-013,sub-041,FFD,0.29133312468500205
El espejo,sub-013,sub-024,FFD,0.23447210750743538
El espejo,sub-013,sub-016,FFD,0.1580687354684348
El espejo,sub-013,sub-112,FFD,0.2855669671910142
El espejo,sub-013,sub-058,FFD,0.1976696392186982
El espejo,sub-013,sub-018,FFD,0.2578198590514022
El espejo,sub-013,sub-048,FFD,0.2836770626919214
El espejo,sub-013,sub-087,FFD,0.24120036657023514
El espejo,sub-013,sub-091,FFD,0.2506891809298111
El espejo,sub-013,sub-083,FFD,0.2652590604484465
El espejo,sub-013,sub-065,FFD,0.24063664167549711
El espejo,sub-013,sub-077,FFD,0.16219724816158712
El espejo,sub-013,sub-039,FFD,0.08388629322526962
El espejo,sub-013,sub-053,FFD,0.2056828176825611
El espejo,sub-013,sub-075,FFD,0.359576481257342
El espejo,sub-013,sub-060,FFD,0.23682109030133858
El espejo,sub-013,sub-103,FFD,0.3207739369490023
El espejo,sub-013,sub-105,FFD,0.16373069177130964
El espejo,sub-013,sub-064,FFD,0.2912794104665958
El espejo,sub-013,sub-010,FFD,0.16650263219338735
El espejo,sub-013,sub-034,FFD,0.2870908724793507
El espejo,sub-013,sub-002,FFD,0.17362746507829208
El espejo,sub-013,sub-085,FFD,0.20918879133245033
El espejo,sub-013,sub-021,FFD,0.03707657052320755
El espejo,sub-013,sub-096,FFD,0.3017364005172725
El espejo,sub-013,sub-027,FFD,0.20085627793038313
El espejo,sub-013,sub-006,FFD,0.25156914318491347
El espejo,sub-013,sub-066,FFD,0.28486102033322563
El espejo,sub-013,sub-101,FFD,0.30020626836704895
El espejo,sub-013,sub-042,FFD,0.20451272298118373
El espejo,sub-013,sub-003,FFD,0.2711015779942994
El espejo,sub-013,sub-107,FFD,0.2760934438338586
El espejo,sub-013,sub-098,FFD,0.3258208112308124
El espejo,sub-013,sub-086,FFD,0.16237102668469378
El espejo,sub-013,sub-013,FFD,1.0
El espejo,sub-013,sub-068,FFD,0.28152617396039836
El espejo,sub-068,sub-067,FFD,0.27903931405622034
El espejo,sub-068,sub-054,FFD,0.19574414913675636
El espejo,sub-068,sub-078,FFD,0.3243514681838153
El espejo,sub-068,sub-046,FFD,0.24290892398891495
El espejo,sub-068,sub-097,FFD,0.3547399589761618
El espejo,sub-068,sub-079,FFD,0.37251732999747755
El espejo,sub-068,sub-028,FFD,0.3048816681366235
El espejo,sub-068,sub-089,FFD,0.35063107473761324
El espejo,sub-068,sub-109,FFD,0.4506184551894894
El espejo,sub-068,sub-070,FFD,0.24211410344794115
El espejo,sub-068,sub-111,FFD,0.3157926764069125
El espejo,sub-068,sub-073,FFD,0.2986952070062411
El espejo,sub-068,sub-001,FFD,0.3748965590761833
El espejo,sub-068,sub-095,FFD,0.3564865018821209
El espejo,sub-068,sub-012,FFD,0.07494080991427216
El espejo,sub-068,sub-052,FFD,0.3513877962187967
El espejo,sub-068,sub-094,FFD,0.33962864644864865
El espejo,sub-068,sub-088,FFD,0.13892006372829796
El espejo,sub-068,sub-044,FFD,0.41061572980084726
El espejo,sub-068,sub-009,FFD,0.20464186098073767
El espejo,sub-068,sub-041,FFD,0.38837418658756456
El espejo,sub-068,sub-024,FFD,0.12472827041235277
El espejo,sub-068,sub-016,FFD,0.24899108095839453
El espejo,sub-068,sub-112,FFD,0.3107989039207555
El espejo,sub-068,sub-058,FFD,0.3348611232667694
El espejo,sub-068,sub-018,FFD,0.3029728075836441
El espejo,sub-068,sub-048,FFD,0.2724413214211589
El espejo,sub-068,sub-087,FFD,0.3736401192670603
El espejo,sub-068,sub-091,FFD,0.39131939691233175
El espejo,sub-068,sub-083,FFD,0.4026301050551736
El espejo,sub-068,sub-065,FFD,0.3694181496676889
El espejo,sub-068,sub-077,FFD,0.15284475952825322
El espejo,sub-068,sub-039,FFD,0.25715795213618153
El espejo,sub-068,sub-053,FFD,0.2552954567012063
El espejo,sub-068,sub-075,FFD,0.33130118275052023
El espejo,sub-068,sub-060,FFD,0.3385893101053325
El espejo,sub-068,sub-103,FFD,0.34619168332046196
El espejo,sub-068,sub-105,FFD,0.2624993609424475
El espejo,sub-068,sub-064,FFD,0.26526403939376053
El espejo,sub-068,sub-010,FFD,0.11151416963728242
El espejo,sub-068,sub-034,FFD,0.33630582241354146
El espejo,sub-068,sub-002,FFD,0.3685791083963791
El espejo,sub-068,sub-085,FFD,0.33222766622512706
El espejo,sub-068,sub-021,FFD,0.16546125827449304
El espejo,sub-068,sub-096,FFD,0.4218172972373453
El espejo,sub-068,sub-027,FFD,0.2697275369531906
El espejo,sub-068,sub-006,FFD,0.33325089906224137
El espejo,sub-068,sub-066,FFD,0.3221170828442646
El espejo,sub-068,sub-101,FFD,0.2542504024012308
El espejo,sub-068,sub-042,FFD,0.3429824060462642
El espejo,sub-068,sub-003,FFD,0.36165287564081466
El espejo,sub-068,sub-107,FFD,0.3159218604470006
El espejo,sub-068,sub-098,FFD,0.3098303289484566
El espejo,sub-068,sub-086,FFD,0.18125083278954732
El espejo,sub-068,sub-013,FFD,0.2815261739603983
El espejo,sub-068,sub-068,FFD,1.0
El espejo,sub-067,sub-067,FPRT,1.0
El espejo,sub-067,sub-054,FPRT,0.26514137363997914
El espejo,sub-067,sub-078,FPRT,0.24634457836266666
El espejo,sub-067,sub-046,FPRT,0.26624765643175585
El espejo,sub-067,sub-097,FPRT,0.2806600669167491
El espejo,sub-067,sub-079,FPRT,0.3231518051554369
El espejo,sub-067,sub-028,FPRT,0.2964335149698931
El espejo,sub-067,sub-089,FPRT,0.305510207000999
El espejo,sub-067,sub-109,FPRT,0.34918414284643456
El espejo,sub-067,sub-070,FPRT,0.19903054542071166
El espejo,sub-067,sub-111,FPRT,0.24303372288119932
El espejo,sub-067,sub-073,FPRT,0.19074269370095512
El espejo,sub-067,sub-001,FPRT,0.2406046662793758
El espejo,sub-067,sub-095,FPRT,0.3428156642593162
El espejo,sub-067,sub-012,FPRT,0.15965673588401272
El espejo,sub-067,sub-052,FPRT,0.2517952225802403
El espejo,sub-067,sub-094,FPRT,0.23287153026451526
El espejo,sub-067,sub-088,FPRT,0.10824870940183957
El espejo,sub-067,sub-044,FPRT,0.2536851101543275
El espejo,sub-067,sub-009,FPRT,0.16183782786541093
El espejo,sub-067,sub-041,FPRT,0.3402569236723816
El espejo,sub-067,sub-024,FPRT,0.14611323435823936
El espejo,sub-067,sub-016,FPRT,0.21563442913923256
El espejo,sub-067,sub-112,FPRT,0.27334523000467226
El espejo,sub-067,sub-058,FPRT,0.2284526151380384
El espejo,sub-067,sub-018,FPRT,0.20091064685971358
El espejo,sub-067,sub-048,FPRT,0.23535372190447798
El espejo,sub-067,sub-087,FPRT,0.20606246926695487
El espejo,sub-067,sub-091,FPRT,0.2969307625165224
El espejo,sub-067,sub-083,FPRT,0.38262316221354215
El espejo,sub-067,sub-065,FPRT,0.31023510275683924
El espejo,sub-067,sub-077,FPRT,0.19729349285004671
El espejo,sub-067,sub-039,FPRT,0.2364871981298816
El espejo,sub-067,sub-053,FPRT,0.23027246342134494
El espejo,sub-067,sub-075,FPRT,0.23403649579219785
El espejo,sub-067,sub-060,FPRT,0.2428433851950977
El espejo,sub-067,sub-103,FPRT,0.23685932401916138
El espejo,sub-067,sub-105,FPRT,0.1686889258180383
El espejo,sub-067,sub-064,FPRT,0.25902900162878273
El espejo,sub-067,sub-010,FPRT,0.06626858081106064
El espejo,sub-067,sub-034,FPRT,0.3184874284014602
El espejo,sub-067,sub-002,FPRT,0.25690792333781454
El espejo,sub-067,sub-085,FPRT,0.22678401719284746
El espejo,sub-067,sub-021,FPRT,0.10120107382438816
El espejo,sub-067,sub-096,FPRT,0.2808376696803686
El espejo,sub-067,sub-027,FPRT,0.2389584277593011
El espejo,sub-067,sub-006,FPRT,0.24142459000846334
El espejo,sub-067,sub-066,FPRT,0.25265494501371
El espejo,sub-067,sub-101,FPRT,0.24272024998785952
El espejo,sub-067,sub-042,FPRT,0.21001202856366546
El espejo,sub-067,sub-003,FPRT,0.31448556492977225
El espejo,sub-067,sub-107,FPRT,0.2707807961943048
El espejo,sub-067,sub-098,FPRT,0.2335987743121115
El espejo,sub-067,sub-086,FPRT,0.14578766778759925
El espejo,sub-067,sub-013,FPRT,0.2618080124875989
El espejo,sub-067,sub-068,FPRT,0.3022966391447806
El espejo,sub-054,sub-067,FPRT,0.26514137363997914
El espejo,sub-054,sub-054,FPRT,1.0
El espejo,sub-054,sub-078,FPRT,0.2519587843130388
El espejo,sub-054,sub-046,FPRT,0.23654187840987242
El espejo,sub-054,sub-097,FPRT,0.24070118721006944
El espejo,sub-054,sub-079,FPRT,0.27775221953839313
El espejo,sub-054,sub-028,FPRT,0.3537613780179323
El espejo,sub-054,sub-089,FPRT,0.2753756596531464
El espejo,sub-054,sub-109,FPRT,0.28946508119618286
El espejo,sub-054,sub-070,FPRT,0.20713895091407755
El espejo,sub-054,sub-111,FPRT,0.172217348531679
El espejo,sub-054,sub-073,FPRT,0.16100865364381514
El espejo,sub-054,sub-001,FPRT,0.19795455528141964
El espejo,sub-054,sub-095,FPRT,0.27320268449653967
El espejo,sub-054,sub-012,FPRT,0.1560951982957908
El espejo,sub-054,sub-052,FPRT,0.277343703635794
El espejo,sub-054,sub-094,FPRT,0.23380023193757812
El espejo,sub-054,sub-088,FPRT,-0.0064606529253642695
El espejo,sub-054,sub-044,FPRT,0.2725333644198316
El espejo,sub-054,sub-009,FPRT,0.17160124447459296
El espejo,sub-054,sub-041,FPRT,0.3060864643328581
El espejo,sub-054,sub-024,FPRT,0.1638105866027649
El espejo,sub-054,sub-016,FPRT,0.26550928891494885
El espejo,sub-054,sub-112,FPRT,0.26564109054462526
El espejo,sub-054,sub-058,FPRT,0.23338424348213963
El espejo,sub-054,sub-018,FPRT,0.15583585080598758
El espejo,sub-054,sub-048,FPRT,0.21090704534753674
El espejo,sub-054,sub-087,FPRT,0.21954152198374263
El espejo,sub-054,sub-091,FPRT,0.26106091481529614
El espejo,sub-054,sub-083,FPRT,0.24401465621097113
El espejo,sub-054,sub-065,FPRT,0.2294600328659593
El espejo,sub-054,sub-077,FPRT,0.11239545292156723
El espejo,sub-054,sub-039,FPRT,0.25438261833899484
El espejo,sub-054,sub-053,FPRT,0.23665745475372849
El espejo,sub-054,sub-075,FPRT,0.1902628691436091
El espejo,sub-054,sub-060,FPRT,0.2207462921044522
El espejo,sub-054,sub-103,FPRT,0.2238491447307883
El espejo,sub-054,sub-105,FPRT,0.1675042651170874
El espejo,sub-054,sub-064,FPRT,0.23219087830621793
El espejo,sub-054,sub-010,FPRT,0.11807566882573887
El espejo,sub-054,sub-034,FPRT,0.3322301810462971
El espejo,sub-054,sub-002,FPRT,0.23846014797482598
El espejo,sub-054,sub-085,FPRT,0.2374489195384103
El espejo,sub-054,sub-021,FPRT,0.261728421364094
El espejo,sub-054,sub-096,FPRT,0.23485942333482956
El espejo,sub-054,sub-027,FPRT,0.16690385762703241
El espejo,sub-054,sub-006,FPRT,0.23909529048020403
El espejo,sub-054,sub-066,FPRT,0.25452503712581925
El espejo,sub-054,sub-101,FPRT,0.27570499256933395
El espejo,sub-054,sub-042,FPRT,0.24488727625969303
El espejo,sub-054,sub-003,FPRT,0.28019421766836516
El espejo,sub-054,sub-107,FPRT,0.23675449968920245
El espejo,sub-054,sub-098,FPRT,0.2995980455408371
El espejo,sub-054,sub-086,FPRT,0.14717590858188795
El espejo,sub-054,sub-013,FPRT,0.1633743106121757
El espejo,sub-054,sub-068,FPRT,0.25665900981043144
El espejo,sub-078,sub-067,FPRT,0.24634457836266666
El espejo,sub-078,sub-054,FPRT,0.2519587843130388
El espejo,sub-078,sub-078,FPRT,1.0
El espejo,sub-078,sub-046,FPRT,0.2736832689574784
El espejo,sub-078,sub-097,FPRT,0.3141595775784116
El espejo,sub-078,sub-079,FPRT,0.31257746021033783
El espejo,sub-078,sub-028,FPRT,0.2750211622881463
El espejo,sub-078,sub-089,FPRT,0.33092707563268214
El espejo,sub-078,sub-109,FPRT,0.35719679637469137
El espejo,sub-078,sub-070,FPRT,0.21999716115121148
El espejo,sub-078,sub-111,FPRT,0.30149636317278455
El espejo,sub-078,sub-073,FPRT,0.25038307372720797
El espejo,sub-078,sub-001,FPRT,0.28733814024762855
El espejo,sub-078,sub-095,FPRT,0.36439309288966404
El espejo,sub-078,sub-012,FPRT,0.101563993155258
El espejo,sub-078,sub-052,FPRT,0.32086270629949576
El espejo,sub-078,sub-094,FPRT,0.3318257862125616
El espejo,sub-078,sub-088,FPRT,0.03931632019949217
El espejo,sub-078,sub-044,FPRT,0.26882094059762857
El espejo,sub-078,sub-009,FPRT,0.27823681742764284
El espejo,sub-078,sub-041,FPRT,0.34662204782592904
El espejo,sub-078,sub-024,FPRT,0.15831146592319828
El espejo,sub-078,sub-016,FPRT,0.24888187422782512
El espejo,sub-078,sub-112,FPRT,0.28178812348238347
El espejo,sub-078,sub-058,FPRT,0.22365793848504126
El espejo,sub-078,sub-018,FPRT,0.25620202792311864
El espejo,sub-078,sub-048,FPRT,0.28722826393011386
El espejo,sub-078,sub-087,FPRT,0.29991116346478225
El espejo,sub-078,sub-091,FPRT,0.32450148723248107
El espejo,sub-078,sub-083,FPRT,0.3880611174580912
El espejo,sub-078,sub-065,FPRT,0.310234746104036
El espejo,sub-078,sub-077,FPRT,0.16427608209311548
El espejo,sub-078,sub-039,FPRT,0.2242734605960003
El espejo,sub-078,sub-053,FPRT,0.28339158473394
El espejo,sub-078,sub-075,FPRT,0.2991619652558827
El espejo,sub-078,sub-060,FPRT,0.3205032446879244
El espejo,sub-078,sub-103,FPRT,0.2781164844985325
El espejo,sub-078,sub-105,FPRT,0.20533702491680383
El espejo,sub-078,sub-064,FPRT,0.2375729493793712
El espejo,sub-078,sub-010,FPRT,0.13159124392174482
El espejo,sub-078,sub-034,FPRT,0.2978218913371749
El espejo,sub-078,sub-002,FPRT,0.25994407659244706
El espejo,sub-078,sub-085,FPRT,0.2867061909545323
El espejo,sub-078,sub-021,FPRT,0.125024512295364
El espejo,sub-078,sub-096,FPRT,0.3574189525470201
El espejo,sub-078,sub-027,FPRT,0.18539310652232813
El espejo,sub-078,sub-006,FPRT,0.24721316111193067
El espejo,sub-078,sub-066,FPRT,0.26864434780576024
El espejo,sub-078,sub-101,FPRT,0.26556807410594824
El espejo,sub-078,sub-042,FPRT,0.22774677210457978
El espejo,sub-078,sub-003,FPRT,0.3567664316331014
El espejo,sub-078,sub-107,FPRT,0.25633226579904217
El espejo,sub-078,sub-098,FPRT,0.2878376674173098
El espejo,sub-078,sub-086,FPRT,0.1998155329216668
El espejo,sub-078,sub-013,FPRT,0.24072622016919565
El espejo,sub-078,sub-068,FPRT,0.33459264900493785
El espejo,sub-046,sub-067,FPRT,0.26624765643175585
El espejo,sub-046,sub-054,FPRT,0.23654187840987242
El espejo,sub-046,sub-078,FPRT,0.27368326895747835
El espejo,sub-046,sub-046,FPRT,1.0
El espejo,sub-046,sub-097,FPRT,0.3420017318822832
El espejo,sub-046,sub-079,FPRT,0.35677304485720457
El espejo,sub-046,sub-028,FPRT,0.31056111785368545
El espejo,sub-046,sub-089,FPRT,0.38832693272255275
El espejo,sub-046,sub-109,FPRT,0.3969570748490192
El espejo,sub-046,sub-070,FPRT,0.175780693311782
El espejo,sub-046,sub-111,FPRT,0.283969046309407
El espejo,sub-046,sub-073,FPRT,0.27470492783440187
El espejo,sub-046,sub-001,FPRT,0.36934729844840253
El espejo,sub-046,sub-095,FPRT,0.35361530215905584
El espejo,sub-046,sub-012,FPRT,0.11650415294172597
El espejo,sub-046,sub-052,FPRT,0.22901690268142777
El espejo,sub-046,sub-094,FPRT,0.20244214985619913
El espejo,sub-046,sub-088,FPRT,0.18164859295414862
El espejo,sub-046,sub-044,FPRT,0.42029680671059105
El espejo,sub-046,sub-009,FPRT,0.3667537824263463
El espejo,sub-046,sub-041,FPRT,0.307054156403311
El espejo,sub-046,sub-024,FPRT,0.06261804857618661
El espejo,sub-046,sub-016,FPRT,0.1759988210883526
El espejo,sub-046,sub-112,FPRT,0.43658987002180755
El espejo,sub-046,sub-058,FPRT,0.2758716583974234
El espejo,sub-046,sub-018,FPRT,0.19853762192142063
El espejo,sub-046,sub-048,FPRT,0.18443231924062164
El espejo,sub-046,sub-087,FPRT,0.3289371667659341
El espejo,sub-046,sub-091,FPRT,0.33532969129672496
El espejo,sub-046,sub-083,FPRT,0.32516636297580975
El espejo,sub-046,sub-065,FPRT,0.29966387887043433
El espejo,sub-046,sub-077,FPRT,0.1617091981633411
El espejo,sub-046,sub-039,FPRT,0.34579449412223556
El espejo,sub-046,sub-053,FPRT,0.14659866069295013
El espejo,sub-046,sub-075,FPRT,0.2500735705729097
El espejo,sub-046,sub-060,FPRT,0.3108916093655205
El espejo,sub-046,sub-103,FPRT,0.2876983865910346
El espejo,sub-046,sub-105,FPRT,0.1357542338838789
El espejo,sub-046,sub-064,FPRT,0.22038879161798677
El espejo,sub-046,sub-010,FPRT,0.02907392867061769
El espejo,sub-046,sub-034,FPRT,0.17754019382132827
El espejo,sub-046,sub-002,FPRT,0.28820774700879037
El espejo,sub-046,sub-085,FPRT,0.35608350417840545
El espejo,sub-046,sub-021,FPRT,0.34627181818418307
El espejo,sub-046,sub-096,FPRT,0.334292022072712
El espejo,sub-046,sub-027,FPRT,0.34709630774823363
El espejo,sub-046,sub-006,FPRT,0.3931840133845934
El espejo,sub-046,sub-066,FPRT,0.31923535542583675
El espejo,sub-046,sub-101,FPRT,0.21486977048688843
El espejo,sub-046,sub-042,FPRT,0.38912268660575183
El espejo,sub-046,sub-003,FPRT,0.3946679469718614
El espejo,sub-046,sub-107,FPRT,0.3395134261437254
El espejo,sub-046,sub-098,FPRT,0.24441734013892186
El espejo,sub-046,sub-086,FPRT,0.11157681522408086
El espejo,sub-046,sub-013,FPRT,0.24491000491507126
El espejo,sub-046,sub-068,FPRT,0.26124276598419477
El espejo,sub-097,sub-067,FPRT,0.2806600669167491
El espejo,sub-097,sub-054,FPRT,0.24070118721006942
El espejo,sub-097,sub-078,FPRT,0.3141595775784116
El espejo,sub-097,sub-046,FPRT,0.3420017318822832
El espejo,sub-097,sub-097,FPRT,1.0
El espejo,sub-097,sub-079,FPRT,0.42315930365678034
El espejo,sub-097,sub-028,FPRT,0.3409423296429834
El espejo,sub-097,sub-089,FPRT,0.43558801098193556
El espejo,sub-097,sub-109,FPRT,0.48849634392119895
El espejo,sub-097,sub-070,FPRT,0.18096244473928588
El espejo,sub-097,sub-111,FPRT,0.31694020381489235
El espejo,sub-097,sub-073,FPRT,0.3217955926101672
El espejo,sub-097,sub-001,FPRT,0.4275157661513012
El espejo,sub-097,sub-095,FPRT,0.41300724092167584
El espejo,sub-097,sub-012,FPRT,0.14576320479662955
El espejo,sub-097,sub-052,FPRT,0.273172259311656
El espejo,sub-097,sub-094,FPRT,0.28095753103997617
El espejo,sub-097,sub-088,FPRT,0.11505316855969834
El espejo,sub-097,sub-044,FPRT,0.41116629580936476
El espejo,sub-097,sub-009,FPRT,0.2809407737031869
El espejo,sub-097,sub-041,FPRT,0.3671151559699078
El espejo,sub-097,sub-024,FPRT,0.21039147647694553
El espejo,sub-097,sub-016,FPRT,0.2074931680401055
El espejo,sub-097,sub-112,FPRT,0.36708566834347106
El espejo,sub-097,sub-058,FPRT,0.3786268940779697
El espejo,sub-097,sub-018,FPRT,0.22890380993893644
El espejo,sub-097,sub-048,FPRT,0.2695668800008176
El espejo,sub-097,sub-087,FPRT,0.3807116560658387
El espejo,sub-097,sub-091,FPRT,0.40307440168764036
El espejo,sub-097,sub-083,FPRT,0.4500920808618344
El espejo,sub-097,sub-065,FPRT,0.392985405834916
El espejo,sub-097,sub-077,FPRT,0.17975478223916602
El espejo,sub-097,sub-039,FPRT,0.330519236631889
El espejo,sub-097,sub-053,FPRT,0.2303137775349854
El espejo,sub-097,sub-075,FPRT,0.25507577037114193
El espejo,sub-097,sub-060,FPRT,0.367965644558189
El espejo,sub-097,sub-103,FPRT,0.36105700131772284
El espejo,sub-097,sub-105,FPRT,0.2301278777873561
El espejo,sub-097,sub-064,FPRT,0.18906791581548948
El espejo,sub-097,sub-010,FPRT,0.09191308569982608
El espejo,sub-097,sub-034,FPRT,0.33692718152227064
El espejo,sub-097,sub-002,FPRT,0.2875221298514353
El espejo,sub-097,sub-085,FPRT,0.3224797466249198
El espejo,sub-097,sub-021,FPRT,0.2654439047951226
El espejo,sub-097,sub-096,FPRT,0.4060564193086888
El espejo,sub-097,sub-027,FPRT,0.3311256048551613
El espejo,sub-097,sub-006,FPRT,0.36892312151937884
El espejo,sub-097,sub-066,FPRT,0.39443538140223505
El espejo,sub-097,sub-101,FPRT,0.25394403402050714
El espejo,sub-097,sub-042,FPRT,0.40673115432374113
El espejo,sub-097,sub-003,FPRT,0.38772165759571653
El espejo,sub-097,sub-107,FPRT,0.30988593262703623
El espejo,sub-097,sub-098,FPRT,0.3586850069049797
El espejo,sub-097,sub-086,FPRT,0.12215711632987705
El espejo,sub-097,sub-013,FPRT,0.3108158371911451
El espejo,sub-097,sub-068,FPRT,0.36735862009103243
El espejo,sub-079,sub-067,FPRT,0.3231518051554369
El espejo,sub-079,sub-054,FPRT,0.2777522195383932
El espejo,sub-079,sub-078,FPRT,0.31257746021033783
El espejo,sub-079,sub-046,FPRT,0.35677304485720457
El espejo,sub-079,sub-097,FPRT,0.42315930365678034
El espejo,sub-079,sub-079,FPRT,0.9999999999999999
El espejo,sub-079,sub-028,FPRT,0.34253805640232726
El espejo,sub-079,sub-089,FPRT,0.35211285531081243
El espejo,sub-079,sub-109,FPRT,0.510467246136755
El espejo,sub-079,sub-070,FPRT,0.13646459249147005
El espejo,sub-079,sub-111,FPRT,0.2978746027181264
El espejo,sub-079,sub-073,FPRT,0.3132503902295496
El espejo,sub-079,sub-001,FPRT,0.4440585662551706
El espejo,sub-079,sub-095,FPRT,0.5015266932781662
El espejo,sub-079,sub-012,FPRT,0.2108183977883454
El espejo,sub-079,sub-052,FPRT,0.28845091112390386
El espejo,sub-079,sub-094,FPRT,0.3171834928413925
El espejo,sub-079,sub-088,FPRT,0.2024420996204402
El espejo,sub-079,sub-044,FPRT,0.4499965857807354
El espejo,sub-079,sub-009,FPRT,0.3193545052748976
El espejo,sub-079,sub-041,FPRT,0.388416834276712
El espejo,sub-079,sub-024,FPRT,0.18953788855617718
El espejo,sub-079,sub-016,FPRT,0.2531205108807503
El espejo,sub-079,sub-112,FPRT,0.34602987169593835
El espejo,sub-079,sub-058,FPRT,0.4189021457855752
El espejo,sub-079,sub-018,FPRT,0.23930401956599837
El espejo,sub-079,sub-048,FPRT,0.2601278513088056
El espejo,sub-079,sub-087,FPRT,0.3407528524665655
El espejo,sub-079,sub-091,FPRT,0.38933815278428663
El espejo,sub-079,sub-083,FPRT,0.4504057229492405
El espejo,sub-079,sub-065,FPRT,0.38986466128390973
El espejo,sub-079,sub-077,FPRT,0.30854473503809027
El espejo,sub-079,sub-039,FPRT,0.30793170391490404
El espejo,sub-079,sub-053,FPRT,0.25205799760468783
El espejo,sub-079,sub-075,FPRT,0.2729292377215464
El espejo,sub-079,sub-060,FPRT,0.358692999756177
El espejo,sub-079,sub-103,FPRT,0.3843475329846357
El espejo,sub-079,sub-105,FPRT,0.2099693037960252
El espejo,sub-079,sub-064,FPRT,0.26968656294503196
El espejo,sub-079,sub-010,FPRT,0.08466235039291795
El espejo,sub-079,sub-034,FPRT,0.3311503546379994
El espejo,sub-079,sub-002,FPRT,0.33868118566509614
El espejo,sub-079,sub-085,FPRT,0.3273314956526654
El espejo,sub-079,sub-021,FPRT,0.331184219894013
El espejo,sub-079,sub-096,FPRT,0.46248473863241923
El espejo,sub-079,sub-027,FPRT,0.41153004488361633
El espejo,sub-079,sub-006,FPRT,0.3765609785438171
El espejo,sub-079,sub-066,FPRT,0.3355626721946623
El espejo,sub-079,sub-101,FPRT,0.2814850094747724
El espejo,sub-079,sub-042,FPRT,0.42346685170728854
El espejo,sub-079,sub-003,FPRT,0.47590417957070585
El espejo,sub-079,sub-107,FPRT,0.311179808144766
El espejo,sub-079,sub-098,FPRT,0.34092938460013633
El espejo,sub-079,sub-086,FPRT,0.13898102438204474
El espejo,sub-079,sub-013,FPRT,0.29241417710495193
El espejo,sub-079,sub-068,FPRT,0.38525495763500206
El espejo,sub-028,sub-067,FPRT,0.2964335149698931
El espejo,sub-028,sub-054,FPRT,0.3537613780179323
El espejo,sub-028,sub-078,FPRT,0.2750211622881463
El espejo,sub-028,sub-046,FPRT,0.31056111785368545
El espejo,sub-028,sub-097,FPRT,0.3409423296429834
El espejo,sub-028,sub-079,FPRT,0.34253805640232726
El espejo,sub-028,sub-028,FPRT,0.9999999999999998
El espejo,sub-028,sub-089,FPRT,0.3463165668027178
El espejo,sub-028,sub-109,FPRT,0.3801042227673655
El espejo,sub-028,sub-070,FPRT,0.2068255868352409
El espejo,sub-028,sub-111,FPRT,0.21328949331144795
El espejo,sub-028,sub-073,FPRT,0.21678806279648727
El espejo,sub-028,sub-001,FPRT,0.3744539565890377
El espejo,sub-028,sub-095,FPRT,0.4193668834155298
El espejo,sub-028,sub-012,FPRT,0.1469846496010668
El espejo,sub-028,sub-052,FPRT,0.31419810810562776
El espejo,sub-028,sub-094,FPRT,0.27412222057032
El espejo,sub-028,sub-088,FPRT,0.20194464551361685
El espejo,sub-028,sub-044,FPRT,0.3586984396351422
El espejo,sub-028,sub-009,FPRT,0.19252048450821804
El espejo,sub-028,sub-041,FPRT,0.3709052309094723
El espejo,sub-028,sub-024,FPRT,0.1452202916842305
El espejo,sub-028,sub-016,FPRT,0.26413960364870387
El espejo,sub-028,sub-112,FPRT,0.36163562638871116
El espejo,sub-028,sub-058,FPRT,0.3550531797454541
El espejo,sub-028,sub-018,FPRT,0.2718636018986454
El espejo,sub-028,sub-048,FPRT,0.27150299075407863
El espejo,sub-028,sub-087,FPRT,0.29730995333963
El espejo,sub-028,sub-091,FPRT,0.3713448667582626
El espejo,sub-028,sub-083,FPRT,0.39019408738955286
El espejo,sub-028,sub-065,FPRT,0.339148474508971
El espejo,sub-028,sub-077,FPRT,0.17615714682918016
El espejo,sub-028,sub-039,FPRT,0.2583792997998641
El espejo,sub-028,sub-053,FPRT,0.23969055291725944
El espejo,sub-028,sub-075,FPRT,0.25921124930752637
El espejo,sub-028,sub-060,FPRT,0.4143136191508586
El espejo,sub-028,sub-103,FPRT,0.3674717530071652
El espejo,sub-028,sub-105,FPRT,0.2569686113269846
El espejo,sub-028,sub-064,FPRT,0.27688220061154045
El espejo,sub-028,sub-010,FPRT,0.12849755614828418
El espejo,sub-028,sub-034,FPRT,0.3574978191404751
El espejo,sub-028,sub-002,FPRT,0.27745104323313513
El espejo,sub-028,sub-085,FPRT,0.2840400759093371
El espejo,sub-028,sub-021,FPRT,0.24479088938980254
El espejo,sub-028,sub-096,FPRT,0.37136305574391726
El espejo,sub-028,sub-027,FPRT,0.29966629833434083
El espejo,sub-028,sub-006,FPRT,0.3809261035930428
El espejo,sub-028,sub-066,FPRT,0.3568011248839748
El espejo,sub-028,sub-101,FPRT,0.28315624733943684
El espejo,sub-028,sub-042,FPRT,0.3175478948324342
El espejo,sub-028,sub-003,FPRT,0.3902157148439683
El espejo,sub-028,sub-107,FPRT,0.30797166409627513
El espejo,sub-028,sub-098,FPRT,0.33756387447100294
El espejo,sub-028,sub-086,FPRT,0.11279079759428474
El espejo,sub-028,sub-013,FPRT,0.2696284748848792
El espejo,sub-028,sub-068,FPRT,0.32212931713293735
El espejo,sub-089,sub-067,FPRT,0.30551020700099896
El espejo,sub-089,sub-054,FPRT,0.2753756596531464
El espejo,sub-089,sub-078,FPRT,0.33092707563268214
El espejo,sub-089,sub-046,FPRT,0.38832693272255275
El espejo,sub-089,sub-097,FPRT,0.4355880109819355
El espejo,sub-089,sub-079,FPRT,0.3521128553108125
El espejo,sub-089,sub-028,FPRT,0.3463165668027178
El espejo,sub-089,sub-089,FPRT,1.0
El espejo,sub-089,sub-109,FPRT,0.47925469474632
El espejo,sub-089,sub-070,FPRT,0.17526930841179011
El espejo,sub-089,sub-111,FPRT,0.34094000415669684
El espejo,sub-089,sub-073,FPRT,0.29296401348778967
El espejo,sub-089,sub-001,FPRT,0.4435028408530509
El espejo,sub-089,sub-095,FPRT,0.4467985195757726
El espejo,sub-089,sub-012,FPRT,0.1061697506864137
El espejo,sub-089,sub-052,FPRT,0.24249540313157947
El espejo,sub-089,sub-094,FPRT,0.2271969752087724
El espejo,sub-089,sub-088,FPRT,0.123400438007801
El espejo,sub-089,sub-044,FPRT,0.393382439010602
El espejo,sub-089,sub-009,FPRT,0.39052488121980794
El espejo,sub-089,sub-041,FPRT,0.3341505936674394
El espejo,sub-089,sub-024,FPRT,0.11665192330998378
El espejo,sub-089,sub-016,FPRT,0.16549662147591304
El espejo,sub-089,sub-112,FPRT,0.4584970030823681
El espejo,sub-089,sub-058,FPRT,0.3648048747211632
El espejo,sub-089,sub-018,FPRT,0.29941294580346806
El espejo,sub-089,sub-048,FPRT,0.24722592059758958
El espejo,sub-089,sub-087,FPRT,0.3905312098424523
El espejo,sub-089,sub-091,FPRT,0.3583492937569296
El espejo,sub-089,sub-083,FPRT,0.3824504860119736
El espejo,sub-089,sub-065,FPRT,0.3618976226973975
El espejo,sub-089,sub-077,FPRT,0.15775852954717606
El espejo,sub-089,sub-039,FPRT,0.3231678142619803
El espejo,sub-089,sub-053,FPRT,0.22112176157210675
El espejo,sub-089,sub-075,FPRT,0.20592051034859088
El espejo,sub-089,sub-060,FPRT,0.33885100185247513
El espejo,sub-089,sub-103,FPRT,0.40572828096627556
El espejo,sub-089,sub-105,FPRT,0.18073162870595194
El espejo,sub-089,sub-064,FPRT,0.26371964957155175
El espejo,sub-089,sub-010,FPRT,0.03284134672331063
El espejo,sub-089,sub-034,FPRT,0.25844750894739826
El espejo,sub-089,sub-002,FPRT,0.3565514081745447
El espejo,sub-089,sub-085,FPRT,0.3756672214064738
El espejo,sub-089,sub-021,FPRT,0.24596632921762918
El espejo,sub-089,sub-096,FPRT,0.3813483108944458
El espejo,sub-089,sub-027,FPRT,0.29773489190888663
El espejo,sub-089,sub-006,FPRT,0.3707562190097327
El espejo,sub-089,sub-066,FPRT,0.2846473012041084
El espejo,sub-089,sub-101,FPRT,0.21601348183348573
El espejo,sub-089,sub-042,FPRT,0.398342582766425
El espejo,sub-089,sub-003,FPRT,0.3946236452499317
El espejo,sub-089,sub-107,FPRT,0.3109176398021537
El espejo,sub-089,sub-098,FPRT,0.3389818302656808
El espejo,sub-089,sub-086,FPRT,0.16708069762546487
El espejo,sub-089,sub-013,FPRT,0.24095759512121379
El espejo,sub-089,sub-068,FPRT,0.3582992570070919
El espejo,sub-109,sub-067,FPRT,0.34918414284643456
El espejo,sub-109,sub-054,FPRT,0.2894650811961829
El espejo,sub-109,sub-078,FPRT,0.35719679637469137
El espejo,sub-109,sub-046,FPRT,0.3969570748490192
El espejo,sub-109,sub-097,FPRT,0.48849634392119895
El espejo,sub-109,sub-079,FPRT,0.5104672461367549
El espejo,sub-109,sub-028,FPRT,0.38010422276736544
El espejo,sub-109,sub-089,FPRT,0.47925469474632
El espejo,sub-109,sub-109,FPRT,1.0
El espejo,sub-109,sub-070,FPRT,0.2511843210613233
El espejo,sub-109,sub-111,FPRT,0.3523226027738937
El espejo,sub-109,sub-073,FPRT,0.28381401389358407
El espejo,sub-109,sub-001,FPRT,0.5387690655468054
El espejo,sub-109,sub-095,FPRT,0.5136690104617331
El espejo,sub-109,sub-012,FPRT,0.19597533984556773
El espejo,sub-109,sub-052,FPRT,0.34547910802434345
El espejo,sub-109,sub-094,FPRT,0.31328050529038765
El espejo,sub-109,sub-088,FPRT,0.2321434013792728
El espejo,sub-109,sub-044,FPRT,0.5435474822978514
El espejo,sub-109,sub-009,FPRT,0.3466733822120357
El espejo,sub-109,sub-041,FPRT,0.43079664865623246
El espejo,sub-109,sub-024,FPRT,0.14193738828272143
El espejo,sub-109,sub-016,FPRT,0.2776610768670622
El espejo,sub-109,sub-112,FPRT,0.49562381252111104
El espejo,sub-109,sub-058,FPRT,0.4702806113475791
El espejo,sub-109,sub-018,FPRT,0.3194643826812284
El espejo,sub-109,sub-048,FPRT,0.35439621714111785
El espejo,sub-109,sub-087,FPRT,0.41557479653333856
El espejo,sub-109,sub-091,FPRT,0.45552366832836766
El espejo,sub-109,sub-083,FPRT,0.49391400418583664
El espejo,sub-109,sub-065,FPRT,0.480476448299088
El espejo,sub-109,sub-077,FPRT,0.2651551077854408
El espejo,sub-109,sub-039,FPRT,0.39876364733766617
El espejo,sub-109,sub-053,FPRT,0.300742388209538
El espejo,sub-109,sub-075,FPRT,0.29129384414963977
El espejo,sub-109,sub-060,FPRT,0.41331396584435104
El espejo,sub-109,sub-103,FPRT,0.4220618537577448
El espejo,sub-109,sub-105,FPRT,0.30955957447454063
El espejo,sub-109,sub-064,FPRT,0.32249610543470064
El espejo,sub-109,sub-010,FPRT,0.10210109690783746
El espejo,sub-109,sub-034,FPRT,0.38503229079704104
El espejo,sub-109,sub-002,FPRT,0.4135649261366992
El espejo,sub-109,sub-085,FPRT,0.3761926076741144
El espejo,sub-109,sub-021,FPRT,0.3329242960639316
El espejo,sub-109,sub-096,FPRT,0.5114830590383687
El espejo,sub-109,sub-027,FPRT,0.3701646977038958
El espejo,sub-109,sub-006,FPRT,0.4694908944041958
El espejo,sub-109,sub-066,FPRT,0.3795223722399059
El espejo,sub-109,sub-101,FPRT,0.2902602733307872
El espejo,sub-109,sub-042,FPRT,0.42185026638505635
El espejo,sub-109,sub-003,FPRT,0.5603182639584097
El espejo,sub-109,sub-107,FPRT,0.3634258276504563
El espejo,sub-109,sub-098,FPRT,0.4189459777847034
El espejo,sub-109,sub-086,FPRT,0.14460186506681666
El espejo,sub-109,sub-013,FPRT,0.37898193304141975
El espejo,sub-109,sub-068,FPRT,0.45543575470172404
El espejo,sub-070,sub-067,FPRT,0.19903054542071166
El espejo,sub-070,sub-054,FPRT,0.20713895091407752
El espejo,sub-070,sub-078,FPRT,0.21999716115121146
El espejo,sub-070,sub-046,FPRT,0.175780693311782
El espejo,sub-070,sub-097,FPRT,0.1809624447392859
El espejo,sub-070,sub-079,FPRT,0.13646459249147005
El espejo,sub-070,sub-028,FPRT,0.20682558683524088
El espejo,sub-070,sub-089,FPRT,0.17526930841179011
El espejo,sub-070,sub-109,FPRT,0.2511843210613233
El espejo,sub-070,sub-070,FPRT,1.0
El espejo,sub-070,sub-111,FPRT,0.15967035508388647
El espejo,sub-070,sub-073,FPRT,0.18668150620386476
El espejo,sub-070,sub-001,FPRT,0.19372516663502654
El espejo,sub-070,sub-095,FPRT,0.21310716122607123
El espejo,sub-070,sub-012,FPRT,0.045293411323314034
El espejo,sub-070,sub-052,FPRT,0.24415385801809672
El espejo,sub-070,sub-094,FPRT,0.25915678162827355
El espejo,sub-070,sub-088,FPRT,0.02543174928921788
El espejo,sub-070,sub-044,FPRT,0.2157590923778181
El espejo,sub-070,sub-009,FPRT,0.0842191569056238
El espejo,sub-070,sub-041,FPRT,0.2147361619988366
El espejo,sub-070,sub-024,FPRT,0.18462746285714798
El espejo,sub-070,sub-016,FPRT,0.19868985416406373
El espejo,sub-070,sub-112,FPRT,0.1887807415655587
El espejo,sub-070,sub-058,FPRT,0.1901477870636869
El espejo,sub-070,sub-018,FPRT,0.15733939104499692
El espejo,sub-070,sub-048,FPRT,0.14866627261653292
El espejo,sub-070,sub-087,FPRT,0.23493899673241597
El espejo,sub-070,sub-091,FPRT,0.18786007856689804
El espejo,sub-070,sub-083,FPRT,0.19691639842895634
El espejo,sub-070,sub-065,FPRT,0.2173587815811913
El espejo,sub-070,sub-077,FPRT,0.11888055057149789
El espejo,sub-070,sub-039,FPRT,0.09220950334389105
El espejo,sub-070,sub-053,FPRT,0.23093230068648593
El espejo,sub-070,sub-075,FPRT,0.228101161497335
El espejo,sub-070,sub-060,FPRT,0.17008370938184986
El espejo,sub-070,sub-103,FPRT,0.20110635973743612
El espejo,sub-070,sub-105,FPRT,0.15287577942130706
El espejo,sub-070,sub-064,FPRT,0.17821694265099072
El espejo,sub-070,sub-010,FPRT,0.17402756807143674
El espejo,sub-070,sub-034,FPRT,0.27506307769374033
El espejo,sub-070,sub-002,FPRT,0.12021848800049584
El espejo,sub-070,sub-085,FPRT,0.11237521076985366
El espejo,sub-070,sub-021,FPRT,0.1367428464968595
El espejo,sub-070,sub-096,FPRT,0.20656455797200274
El espejo,sub-070,sub-027,FPRT,0.09581267199990365
El espejo,sub-070,sub-006,FPRT,0.13717620469407274
El espejo,sub-070,sub-066,FPRT,0.17428999822354238
El espejo,sub-070,sub-101,FPRT,0.23433615668279692
El espejo,sub-070,sub-042,FPRT,0.13946264103869715
El espejo,sub-070,sub-003,FPRT,0.16197010288404684
El espejo,sub-070,sub-107,FPRT,0.12035066691382935
El espejo,sub-070,sub-098,FPRT,0.17304234107925068
El espejo,sub-070,sub-086,FPRT,0.23639770834147486
El espejo,sub-070,sub-013,FPRT,0.2122371618417325
El espejo,sub-070,sub-068,FPRT,0.3039590891944872
El espejo,sub-111,sub-067,FPRT,0.24303372288119932
El espejo,sub-111,sub-054,FPRT,0.172217348531679
El espejo,sub-111,sub-078,FPRT,0.30149636317278455
El espejo,sub-111,sub-046,FPRT,0.28396904630940706
El espejo,sub-111,sub-097,FPRT,0.31694020381489235
El espejo,sub-111,sub-079,FPRT,0.2978746027181264
El espejo,sub-111,sub-028,FPRT,0.21328949331144795
El espejo,sub-111,sub-089,FPRT,0.34094000415669684
El espejo,sub-111,sub-109,FPRT,0.3523226027738937
El espejo,sub-111,sub-070,FPRT,0.15967035508388647
El espejo,sub-111,sub-111,FPRT,1.0
El espejo,sub-111,sub-073,FPRT,0.272613473106329
El espejo,sub-111,sub-001,FPRT,0.4011104419766252
El espejo,sub-111,sub-095,FPRT,0.3376103683111911
El espejo,sub-111,sub-012,FPRT,0.08312579116285716
El espejo,sub-111,sub-052,FPRT,0.298961505341845
El espejo,sub-111,sub-094,FPRT,0.174177394646783
El espejo,sub-111,sub-088,FPRT,0.06471237081857786
El espejo,sub-111,sub-044,FPRT,0.3002437352864887
El espejo,sub-111,sub-009,FPRT,0.254013948762794
El espejo,sub-111,sub-041,FPRT,0.3507470158597445
El espejo,sub-111,sub-024,FPRT,0.11471573144474109
El espejo,sub-111,sub-016,FPRT,0.1294264449569836
El espejo,sub-111,sub-112,FPRT,0.28353164610955955
El espejo,sub-111,sub-058,FPRT,0.17563617724813999
El espejo,sub-111,sub-018,FPRT,0.2592698856735158
El espejo,sub-111,sub-048,FPRT,0.29575687075572715
El espejo,sub-111,sub-087,FPRT,0.30966949850958086
El espejo,sub-111,sub-091,FPRT,0.3000890069796697
El espejo,sub-111,sub-083,FPRT,0.27553491281263853
El espejo,sub-111,sub-065,FPRT,0.29682551071068475
El espejo,sub-111,sub-077,FPRT,0.09367860791582522
El espejo,sub-111,sub-039,FPRT,0.22093973088091132
El espejo,sub-111,sub-053,FPRT,0.2186533869342626
El espejo,sub-111,sub-075,FPRT,0.23923809399788748
El espejo,sub-111,sub-060,FPRT,0.25596429502132495
El espejo,sub-111,sub-103,FPRT,0.32012245850113535
El espejo,sub-111,sub-105,FPRT,0.11550617375033848
El espejo,sub-111,sub-064,FPRT,0.254628305201316
El espejo,sub-111,sub-010,FPRT,0.13937976599634078
El espejo,sub-111,sub-034,FPRT,0.16728637301264665
El espejo,sub-111,sub-002,FPRT,0.2825644488613474
El espejo,sub-111,sub-085,FPRT,0.2734007375406663
El espejo,sub-111,sub-021,FPRT,0.09838152774041327
El espejo,sub-111,sub-096,FPRT,0.36360115227472534
El espejo,sub-111,sub-027,FPRT,0.24762842604735052
El espejo,sub-111,sub-006,FPRT,0.260855077715901
El espejo,sub-111,sub-066,FPRT,0.29049585783315013
El espejo,sub-111,sub-101,FPRT,0.2422620725782938
El espejo,sub-111,sub-042,FPRT,0.2095749007951667
El espejo,sub-111,sub-003,FPRT,0.3215053408012965
El espejo,sub-111,sub-107,FPRT,0.17566902455972289
El espejo,sub-111,sub-098,FPRT,0.2517143554012796
El espejo,sub-111,sub-086,FPRT,0.14443065524396556
El espejo,sub-111,sub-013,FPRT,0.2476625810906027
El espejo,sub-111,sub-068,FPRT,0.31227425556839244
El espejo,sub-073,sub-067,FPRT,0.19074269370095512
El espejo,sub-073,sub-054,FPRT,0.16100865364381514
El espejo,sub-073,sub-078,FPRT,0.2503830737272079
El espejo,sub-073,sub-046,FPRT,0.2747049278344018
El espejo,sub-073,sub-097,FPRT,0.3217955926101672
El espejo,sub-073,sub-079,FPRT,0.3132503902295496
El espejo,sub-073,sub-028,FPRT,0.21678806279648724
El espejo,sub-073,sub-089,FPRT,0.2929640134877896
El espejo,sub-073,sub-109,FPRT,0.28381401389358407
El espejo,sub-073,sub-070,FPRT,0.18668150620386476
El espejo,sub-073,sub-111,FPRT,0.27261347310632905
El espejo,sub-073,sub-073,FPRT,1.0
El espejo,sub-073,sub-001,FPRT,0.324821610049537
El espejo,sub-073,sub-095,FPRT,0.312021749703225
El espejo,sub-073,sub-012,FPRT,0.08142271296704597
El espejo,sub-073,sub-052,FPRT,0.2505368439480073
El espejo,sub-073,sub-094,FPRT,0.2068383657189903
El espejo,sub-073,sub-088,FPRT,0.0746860415945705
El espejo,sub-073,sub-044,FPRT,0.3179851622715899
El espejo,sub-073,sub-009,FPRT,0.25482600082834267
El espejo,sub-073,sub-041,FPRT,0.29212577381037813
El espejo,sub-073,sub-024,FPRT,0.1626937140847354
El espejo,sub-073,sub-016,FPRT,0.16542238528360778
El espejo,sub-073,sub-112,FPRT,0.2298495129909893
El espejo,sub-073,sub-058,FPRT,0.28537094585565803
El espejo,sub-073,sub-018,FPRT,0.23937032879675837
El espejo,sub-073,sub-048,FPRT,0.19475539531136524
El espejo,sub-073,sub-087,FPRT,0.31298462703933594
El espejo,sub-073,sub-091,FPRT,0.2097669234362843
El espejo,sub-073,sub-083,FPRT,0.2976104187139093
El espejo,sub-073,sub-065,FPRT,0.28831647854421305
El espejo,sub-073,sub-077,FPRT,0.1760571564793624
El espejo,sub-073,sub-039,FPRT,0.15781069456348648
El espejo,sub-073,sub-053,FPRT,0.16922334520528232
El espejo,sub-073,sub-075,FPRT,0.25636641386500325
El espejo,sub-073,sub-060,FPRT,0.31180353194793115
El espejo,sub-073,sub-103,FPRT,0.2829086041428971
El espejo,sub-073,sub-105,FPRT,0.13793682189666914
El espejo,sub-073,sub-064,FPRT,0.17249229652558884
El espejo,sub-073,sub-010,FPRT,0.10721517672126794
El espejo,sub-073,sub-034,FPRT,0.23233209400457602
El espejo,sub-073,sub-002,FPRT,0.1873185921567267
El espejo,sub-073,sub-085,FPRT,0.2732151075305052
El espejo,sub-073,sub-021,FPRT,0.12734712758995542
El espejo,sub-073,sub-096,FPRT,0.25481760336946707
El espejo,sub-073,sub-027,FPRT,0.19231438254341673
El espejo,sub-073,sub-006,FPRT,0.28184214013963954
El espejo,sub-073,sub-066,FPRT,0.3485353866929127
El espejo,sub-073,sub-101,FPRT,0.23376835537868768
El espejo,sub-073,sub-042,FPRT,0.294901791330797
El espejo,sub-073,sub-003,FPRT,0.28706582762914856
El espejo,sub-073,sub-107,FPRT,0.20565952127016968
El espejo,sub-073,sub-098,FPRT,0.24483616461175078
El espejo,sub-073,sub-086,FPRT,0.12571162735215266
El espejo,sub-073,sub-013,FPRT,0.18940453078785854
El espejo,sub-073,sub-068,FPRT,0.3179572045226991
El espejo,sub-001,sub-067,FPRT,0.2406046662793758
El espejo,sub-001,sub-054,FPRT,0.19795455528141964
El espejo,sub-001,sub-078,FPRT,0.28733814024762855
El espejo,sub-001,sub-046,FPRT,0.36934729844840253
El espejo,sub-001,sub-097,FPRT,0.42751576615130116
El espejo,sub-001,sub-079,FPRT,0.4440585662551706
El espejo,sub-001,sub-028,FPRT,0.3744539565890377
El espejo,sub-001,sub-089,FPRT,0.4435028408530509
El espejo,sub-001,sub-109,FPRT,0.5387690655468054
El espejo,sub-001,sub-070,FPRT,0.19372516663502654
El espejo,sub-001,sub-111,FPRT,0.40111044197662526
El espejo,sub-001,sub-073,FPRT,0.32482161004953697
El espejo,sub-001,sub-001,FPRT,1.0
El espejo,sub-001,sub-095,FPRT,0.45864426989606427
El espejo,sub-001,sub-012,FPRT,0.15233520930445163
El espejo,sub-001,sub-052,FPRT,0.31380342607326106
El espejo,sub-001,sub-094,FPRT,0.28245314392470205
El espejo,sub-001,sub-088,FPRT,0.23582069774076891
El espejo,sub-001,sub-044,FPRT,0.4861426794943386
El espejo,sub-001,sub-009,FPRT,0.3799254086022125
El espejo,sub-001,sub-041,FPRT,0.43821708511672863
El espejo,sub-001,sub-024,FPRT,0.08706575683963412
El espejo,sub-001,sub-016,FPRT,0.2643607186063932
El espejo,sub-001,sub-112,FPRT,0.45864545241875615
El espejo,sub-001,sub-058,FPRT,0.435046765614153
El espejo,sub-001,sub-018,FPRT,0.3030678705927025
El espejo,sub-001,sub-048,FPRT,0.2577779300137715
El espejo,sub-001,sub-087,FPRT,0.3763192161906021
El espejo,sub-001,sub-091,FPRT,0.3614158866532087
El espejo,sub-001,sub-083,FPRT,0.44014369976669143
El espejo,sub-001,sub-065,FPRT,0.38413805785514504
El espejo,sub-001,sub-077,FPRT,0.23946458414324476
El espejo,sub-001,sub-039,FPRT,0.3689427469456175
El espejo,sub-001,sub-053,FPRT,0.23042865551281708
El espejo,sub-001,sub-075,FPRT,0.2318340256032798
El espejo,sub-001,sub-060,FPRT,0.37954997472375407
El espejo,sub-001,sub-103,FPRT,0.381106684495239
El espejo,sub-001,sub-105,FPRT,0.21168708521632243
El espejo,sub-001,sub-064,FPRT,0.34267635021778126
El espejo,sub-001,sub-010,FPRT,0.09683512764874624
El espejo,sub-001,sub-034,FPRT,0.25400727775334153
El espejo,sub-001,sub-002,FPRT,0.3504903024039016
El espejo,sub-001,sub-085,FPRT,0.3546436846976382
El espejo,sub-001,sub-021,FPRT,0.280882120651768
El espejo,sub-001,sub-096,FPRT,0.45178102980444307
El espejo,sub-001,sub-027,FPRT,0.34346247996854656
El espejo,sub-001,sub-006,FPRT,0.43440548898219206
El espejo,sub-001,sub-066,FPRT,0.3387811073460673
El espejo,sub-001,sub-101,FPRT,0.23612524882530697
El espejo,sub-001,sub-042,FPRT,0.4838220723299543
El espejo,sub-001,sub-003,FPRT,0.4592938632381802
El espejo,sub-001,sub-107,FPRT,0.33735320149372516
El espejo,sub-001,sub-098,FPRT,0.3312439322270551
El espejo,sub-001,sub-086,FPRT,0.11594599098767255
El espejo,sub-001,sub-013,FPRT,0.2904785177110812
El espejo,sub-001,sub-068,FPRT,0.3993296850818623
El espejo,sub-095,sub-067,FPRT,0.34281566425931614
El espejo,sub-095,sub-054,FPRT,0.27320268449653967
El espejo,sub-095,sub-078,FPRT,0.36439309288966404
El espejo,sub-095,sub-046,FPRT,0.35361530215905584
El espejo,sub-095,sub-097,FPRT,0.4130072409216759
El espejo,sub-095,sub-079,FPRT,0.5015266932781662
El espejo,sub-095,sub-028,FPRT,0.4193668834155299
El espejo,sub-095,sub-089,FPRT,0.4467985195757726
El espejo,sub-095,sub-109,FPRT,0.5136690104617331
El espejo,sub-095,sub-070,FPRT,0.2131071612260712
El espejo,sub-095,sub-111,FPRT,0.3376103683111911
El espejo,sub-095,sub-073,FPRT,0.312021749703225
El espejo,sub-095,sub-001,FPRT,0.4586442698960642
El espejo,sub-095,sub-095,FPRT,1.0
El espejo,sub-095,sub-012,FPRT,0.17839800838910883
El espejo,sub-095,sub-052,FPRT,0.39544514704229883
El espejo,sub-095,sub-094,FPRT,0.3118734047234304
El espejo,sub-095,sub-088,FPRT,0.16067416529285644
El espejo,sub-095,sub-044,FPRT,0.39922305309554695
El espejo,sub-095,sub-009,FPRT,0.3409899602111744
El espejo,sub-095,sub-041,FPRT,0.4035088160100966
El espejo,sub-095,sub-024,FPRT,0.15598283762743792
El espejo,sub-095,sub-016,FPRT,0.2805973740331424
El espejo,sub-095,sub-112,FPRT,0.3995543418293808
El espejo,sub-095,sub-058,FPRT,0.36875627579526005
El espejo,sub-095,sub-018,FPRT,0.3114575869882379
El espejo,sub-095,sub-048,FPRT,0.3573274423109714
El espejo,sub-095,sub-087,FPRT,0.38425146450206676
El espejo,sub-095,sub-091,FPRT,0.40949800977546896
El espejo,sub-095,sub-083,FPRT,0.44439400617348707
El espejo,sub-095,sub-065,FPRT,0.45353588033451764
El espejo,sub-095,sub-077,FPRT,0.22510652232624512
El espejo,sub-095,sub-039,FPRT,0.34043248542522947
El espejo,sub-095,sub-053,FPRT,0.29540355133071894
El espejo,sub-095,sub-075,FPRT,0.2623604831824551
El espejo,sub-095,sub-060,FPRT,0.4240500032261691
El espejo,sub-095,sub-103,FPRT,0.4533683722259929
El espejo,sub-095,sub-105,FPRT,0.23614530424319044
El espejo,sub-095,sub-064,FPRT,0.34410425131339784
El espejo,sub-095,sub-010,FPRT,0.12423809230924177
El espejo,sub-095,sub-034,FPRT,0.34497822291363905
El espejo,sub-095,sub-002,FPRT,0.35303561361224517
El espejo,sub-095,sub-085,FPRT,0.332191129165683
El espejo,sub-095,sub-021,FPRT,0.30265473345455124
El espejo,sub-095,sub-096,FPRT,0.4624247955761409
El espejo,sub-095,sub-027,FPRT,0.3131577764736403
El espejo,sub-095,sub-006,FPRT,0.43543346637931707
El espejo,sub-095,sub-066,FPRT,0.3882109543875467
El espejo,sub-095,sub-101,FPRT,0.35333900650164946
El espejo,sub-095,sub-042,FPRT,0.3901715996208347
El espejo,sub-095,sub-003,FPRT,0.4682894278079929
El espejo,sub-095,sub-107,FPRT,0.3357370760762516
El espejo,sub-095,sub-098,FPRT,0.38691263905235557
El espejo,sub-095,sub-086,FPRT,0.12477044095057971
El espejo,sub-095,sub-013,FPRT,0.27589248247942644
El espejo,sub-095,sub-068,FPRT,0.42507916331443957
El espejo,sub-012,sub-067,FPRT,0.15965673588401272
El espejo,sub-012,sub-054,FPRT,0.1560951982957908
El espejo,sub-012,sub-078,FPRT,0.10156399315525799
El espejo,sub-012,sub-046,FPRT,0.11650415294172596
El espejo,sub-012,sub-097,FPRT,0.14576320479662952
El espejo,sub-012,sub-079,FPRT,0.2108183977883454
El espejo,sub-012,sub-028,FPRT,0.1469846496010668
El espejo,sub-012,sub-089,FPRT,0.10616975068641368
El espejo,sub-012,sub-109,FPRT,0.19597533984556773
El espejo,sub-012,sub-070,FPRT,0.045293411323314034
El espejo,sub-012,sub-111,FPRT,0.08312579116285715
El espejo,sub-012,sub-073,FPRT,0.08142271296704597
El espejo,sub-012,sub-001,FPRT,0.15233520930445163
El espejo,sub-012,sub-095,FPRT,0.17839800838910883
El espejo,sub-012,sub-012,FPRT,1.0
El espejo,sub-012,sub-052,FPRT,0.06762270839032225
El espejo,sub-012,sub-094,FPRT,0.14288615117080689
El espejo,sub-012,sub-088,FPRT,0.16218323471562335
El espejo,sub-012,sub-044,FPRT,0.1769663824376861
El espejo,sub-012,sub-009,FPRT,0.09721182788262757
El espejo,sub-012,sub-041,FPRT,0.08025607207875186
El espejo,sub-012,sub-024,FPRT,0.05806948187881105
El espejo,sub-012,sub-016,FPRT,0.12840850463071635
El espejo,sub-012,sub-112,FPRT,0.1563524791697203
El espejo,sub-012,sub-058,FPRT,0.13526046783306367
El espejo,sub-012,sub-018,FPRT,0.11902660940259255
El espejo,sub-012,sub-048,FPRT,0.05621520496019263
El espejo,sub-012,sub-087,FPRT,0.1334812109789557
El espejo,sub-012,sub-091,FPRT,0.14524129531373478
El espejo,sub-012,sub-083,FPRT,0.22475690181234562
El espejo,sub-012,sub-065,FPRT,0.17211277832044447
El espejo,sub-012,sub-077,FPRT,0.11859005719150277
El espejo,sub-012,sub-039,FPRT,0.17611483041653053
El espejo,sub-012,sub-053,FPRT,0.17664529923667938
El espejo,sub-012,sub-075,FPRT,0.060093808338292705
El espejo,sub-012,sub-060,FPRT,0.19722058311673626
El espejo,sub-012,sub-103,FPRT,0.14123396478027422
El espejo,sub-012,sub-105,FPRT,0.05515815345615197
El espejo,sub-012,sub-064,FPRT,0.13898741853623095
El espejo,sub-012,sub-010,FPRT,0.05451092807172931
El espejo,sub-012,sub-034,FPRT,0.1161652681910164
El espejo,sub-012,sub-002,FPRT,0.1382900047409886
El espejo,sub-012,sub-085,FPRT,0.1082630766360511
El espejo,sub-012,sub-021,FPRT,0.20368917476554774
El espejo,sub-012,sub-096,FPRT,0.17241610105294308
El espejo,sub-012,sub-027,FPRT,0.21898657818163292
El espejo,sub-012,sub-006,FPRT,0.2187177558637637
El espejo,sub-012,sub-066,FPRT,0.10241300500226151
El espejo,sub-012,sub-101,FPRT,0.11168203115063453
El espejo,sub-012,sub-042,FPRT,0.18088180225232442
El espejo,sub-012,sub-003,FPRT,0.14359416803599717
El espejo,sub-012,sub-107,FPRT,0.18517426826743671
El espejo,sub-012,sub-098,FPRT,0.15300669864475108
El espejo,sub-012,sub-086,FPRT,0.07374951087324162
El espejo,sub-012,sub-013,FPRT,0.07958033827273643
El espejo,sub-012,sub-068,FPRT,0.09651356707109349
El espejo,sub-052,sub-067,FPRT,0.2517952225802403
El espejo,sub-052,sub-054,FPRT,0.27734370363579397
El espejo,sub-052,sub-078,FPRT,0.32086270629949576
El espejo,sub-052,sub-046,FPRT,0.22901690268142777
El espejo,sub-052,sub-097,FPRT,0.273172259311656
El espejo,sub-052,sub-079,FPRT,0.28845091112390386
El espejo,sub-052,sub-028,FPRT,0.31419810810562776
El espejo,sub-052,sub-089,FPRT,0.2424954031315795
El espejo,sub-052,sub-109,FPRT,0.34547910802434345
El espejo,sub-052,sub-070,FPRT,0.2441538580180967
El espejo,sub-052,sub-111,FPRT,0.29896150534184507
El espejo,sub-052,sub-073,FPRT,0.2505368439480073
El espejo,sub-052,sub-001,FPRT,0.31380342607326106
El espejo,sub-052,sub-095,FPRT,0.3954451470422988
El espejo,sub-052,sub-012,FPRT,0.06762270839032225
El espejo,sub-052,sub-052,FPRT,1.0
El espejo,sub-052,sub-094,FPRT,0.33311201724053274
El espejo,sub-052,sub-088,FPRT,0.09844725080924524
El espejo,sub-052,sub-044,FPRT,0.28820779580332345
El espejo,sub-052,sub-009,FPRT,0.18948186272537376
El espejo,sub-052,sub-041,FPRT,0.37790294313340095
El espejo,sub-052,sub-024,FPRT,0.23383802938039347
El espejo,sub-052,sub-016,FPRT,0.3029414525175889
El espejo,sub-052,sub-112,FPRT,0.2735888955140517
El espejo,sub-052,sub-058,FPRT,0.31277573952618815
El espejo,sub-052,sub-018,FPRT,0.22322709646035888
El espejo,sub-052,sub-048,FPRT,0.3147799972504759
El espejo,sub-052,sub-087,FPRT,0.3037268990808198
El espejo,sub-052,sub-091,FPRT,0.29487316645688094
El espejo,sub-052,sub-083,FPRT,0.3472102653115872
El espejo,sub-052,sub-065,FPRT,0.2611080848458883
El espejo,sub-052,sub-077,FPRT,0.1570428944842518
El espejo,sub-052,sub-039,FPRT,0.10831756319272623
El espejo,sub-052,sub-053,FPRT,0.30237622349535703
El espejo,sub-052,sub-075,FPRT,0.268677134007476
El espejo,sub-052,sub-060,FPRT,0.29891371705069886
El espejo,sub-052,sub-103,FPRT,0.2718970548128225
El espejo,sub-052,sub-105,FPRT,0.18535276117486343
El espejo,sub-052,sub-064,FPRT,0.3019000515594786
El espejo,sub-052,sub-010,FPRT,0.2033875410007603
El espejo,sub-052,sub-034,FPRT,0.33458778658611843
El espejo,sub-052,sub-002,FPRT,0.3304622398201764
El espejo,sub-052,sub-085,FPRT,0.26908881214962543
El espejo,sub-052,sub-021,FPRT,0.13337476191462752
El espejo,sub-052,sub-096,FPRT,0.37473690799511017
El espejo,sub-052,sub-027,FPRT,0.17390179260373573
El espejo,sub-052,sub-006,FPRT,0.25316458139005965
El espejo,sub-052,sub-066,FPRT,0.348288296429963
El espejo,sub-052,sub-101,FPRT,0.29537591601911023
El espejo,sub-052,sub-042,FPRT,0.2215756234278794
El espejo,sub-052,sub-003,FPRT,0.32781657412258886
El espejo,sub-052,sub-107,FPRT,0.20044436874280888
El espejo,sub-052,sub-098,FPRT,0.40019428187936273
El espejo,sub-052,sub-086,FPRT,0.2584476883959442
El espejo,sub-052,sub-013,FPRT,0.30369712057854625
El espejo,sub-052,sub-068,FPRT,0.34381354380189016
El espejo,sub-094,sub-067,FPRT,0.23287153026451526
El espejo,sub-094,sub-054,FPRT,0.23380023193757812
El espejo,sub-094,sub-078,FPRT,0.3318257862125616
El espejo,sub-094,sub-046,FPRT,0.20244214985619913
El espejo,sub-094,sub-097,FPRT,0.2809575310399762
El espejo,sub-094,sub-079,FPRT,0.3171834928413925
El espejo,sub-094,sub-028,FPRT,0.27412222057032
El espejo,sub-094,sub-089,FPRT,0.2271969752087724
El espejo,sub-094,sub-109,FPRT,0.3132805052903877
El espejo,sub-094,sub-070,FPRT,0.25915678162827355
El espejo,sub-094,sub-111,FPRT,0.174177394646783
El espejo,sub-094,sub-073,FPRT,0.2068383657189903
El espejo,sub-094,sub-001,FPRT,0.28245314392470205
El espejo,sub-094,sub-095,FPRT,0.31187340472343034
El espejo,sub-094,sub-012,FPRT,0.14288615117080689
El espejo,sub-094,sub-052,FPRT,0.33311201724053274
El espejo,sub-094,sub-094,FPRT,1.0
El espejo,sub-094,sub-088,FPRT,0.055167343854603895
El espejo,sub-094,sub-044,FPRT,0.24484889867027268
El espejo,sub-094,sub-009,FPRT,0.21278518618868564
El espejo,sub-094,sub-041,FPRT,0.283597924292043
El espejo,sub-094,sub-024,FPRT,0.151947304823493
El espejo,sub-094,sub-016,FPRT,0.3387359987931217
El espejo,sub-094,sub-112,FPRT,0.2408484942380999
El espejo,sub-094,sub-058,FPRT,0.2217584636461718
El espejo,sub-094,sub-018,FPRT,0.2335928589062221
El espejo,sub-094,sub-048,FPRT,0.28292357208417185
El espejo,sub-094,sub-087,FPRT,0.2562921420230724
El espejo,sub-094,sub-091,FPRT,0.25729461773905093
El espejo,sub-094,sub-083,FPRT,0.311863778508747
El espejo,sub-094,sub-065,FPRT,0.20712197402289037
El espejo,sub-094,sub-077,FPRT,0.16617823152343583
El espejo,sub-094,sub-039,FPRT,0.16188052561912603
El espejo,sub-094,sub-053,FPRT,0.32243647100601297
El espejo,sub-094,sub-075,FPRT,0.29402776539724684
El espejo,sub-094,sub-060,FPRT,0.24086147156228535
El espejo,sub-094,sub-103,FPRT,0.3121082939443084
El espejo,sub-094,sub-105,FPRT,0.2506270375279571
El espejo,sub-094,sub-064,FPRT,0.33037354891493714
El espejo,sub-094,sub-010,FPRT,0.2588700749755695
El espejo,sub-094,sub-034,FPRT,0.3813610907007996
El espejo,sub-094,sub-002,FPRT,0.20964671274721305
El espejo,sub-094,sub-085,FPRT,0.21193239106108244
El espejo,sub-094,sub-021,FPRT,0.17415392411134575
El espejo,sub-094,sub-096,FPRT,0.35474522325599744
El espejo,sub-094,sub-027,FPRT,0.18828732537146045
El espejo,sub-094,sub-006,FPRT,0.1954826497577172
El espejo,sub-094,sub-066,FPRT,0.2727789198497236
El espejo,sub-094,sub-101,FPRT,0.3333804056995906
El espejo,sub-094,sub-042,FPRT,0.228316505634478
El espejo,sub-094,sub-003,FPRT,0.26250117273069523
El espejo,sub-094,sub-107,FPRT,0.19906252786945539
El espejo,sub-094,sub-098,FPRT,0.3361978378640129
El espejo,sub-094,sub-086,FPRT,0.2458669551195523
El espejo,sub-094,sub-013,FPRT,0.3015957593515175
El espejo,sub-094,sub-068,FPRT,0.3541091954828755
El espejo,sub-088,sub-067,FPRT,0.10824870940183957
El espejo,sub-088,sub-054,FPRT,-0.0064606529253642695
El espejo,sub-088,sub-078,FPRT,0.03931632019949217
El espejo,sub-088,sub-046,FPRT,0.18164859295414862
El espejo,sub-088,sub-097,FPRT,0.11505316855969835
El espejo,sub-088,sub-079,FPRT,0.20244209962044019
El espejo,sub-088,sub-028,FPRT,0.20194464551361688
El espejo,sub-088,sub-089,FPRT,0.12340043800780098
El espejo,sub-088,sub-109,FPRT,0.2321434013792728
El espejo,sub-088,sub-070,FPRT,0.02543174928921788
El espejo,sub-088,sub-111,FPRT,0.06471237081857786
El espejo,sub-088,sub-073,FPRT,0.07468604159457048
El espejo,sub-088,sub-001,FPRT,0.23582069774076894
El espejo,sub-088,sub-095,FPRT,0.16067416529285644
El espejo,sub-088,sub-012,FPRT,0.16218323471562335
El espejo,sub-088,sub-052,FPRT,0.09844725080924524
El espejo,sub-088,sub-094,FPRT,0.055167343854603895
El espejo,sub-088,sub-088,FPRT,1.0
El espejo,sub-088,sub-044,FPRT,0.2059298586018212
El espejo,sub-088,sub-009,FPRT,0.055258490978511314
El espejo,sub-088,sub-041,FPRT,0.14673517709500314
El espejo,sub-088,sub-024,FPRT,0.013684967403575379
El espejo,sub-088,sub-016,FPRT,0.11807604226360027
El espejo,sub-088,sub-112,FPRT,0.11827309473500121
El espejo,sub-088,sub-058,FPRT,0.16168511112613657
El espejo,sub-088,sub-018,FPRT,0.07335727990419826
El espejo,sub-088,sub-048,FPRT,-0.03772360456292841
El espejo,sub-088,sub-087,FPRT,0.11843306887167174
El espejo,sub-088,sub-091,FPRT,0.09241028839225834
El espejo,sub-088,sub-083,FPRT,0.18928503118393217
El espejo,sub-088,sub-065,FPRT,0.18869855130996763
El espejo,sub-088,sub-077,FPRT,0.13181966823141716
El espejo,sub-088,sub-039,FPRT,0.09558989286988787
El espejo,sub-088,sub-053,FPRT,0.08638246544761137
El espejo,sub-088,sub-075,FPRT,0.08604817749057855
El espejo,sub-088,sub-060,FPRT,0.1981761545949282
El espejo,sub-088,sub-103,FPRT,0.09982191298151952
El espejo,sub-088,sub-105,FPRT,0.1608574226979471
El espejo,sub-088,sub-064,FPRT,0.10412771193609628
El espejo,sub-088,sub-010,FPRT,0.0257800194441376
El espejo,sub-088,sub-034,FPRT,0.09169316969687666
El espejo,sub-088,sub-002,FPRT,0.18399596315149683
El espejo,sub-088,sub-085,FPRT,0.013262878923259972
El espejo,sub-088,sub-021,FPRT,0.15672525939008064
El espejo,sub-088,sub-096,FPRT,0.18533025181791427
El espejo,sub-088,sub-027,FPRT,0.23678713780881522
El espejo,sub-088,sub-006,FPRT,0.16583915023373902
El espejo,sub-088,sub-066,FPRT,0.054764901861369654
El espejo,sub-088,sub-101,FPRT,0.03809342673794009
El espejo,sub-088,sub-042,FPRT,0.11699258456860807
El espejo,sub-088,sub-003,FPRT,0.16852485262834097
El espejo,sub-088,sub-107,FPRT,0.0864464184338901
El espejo,sub-088,sub-098,FPRT,0.141485242711691
El espejo,sub-088,sub-086,FPRT,0.03625868823187355
El espejo,sub-088,sub-013,FPRT,0.08365438341163701
El espejo,sub-088,sub-068,FPRT,0.1509479272358807
El espejo,sub-044,sub-067,FPRT,0.2536851101543275
El espejo,sub-044,sub-054,FPRT,0.2725333644198316
El espejo,sub-044,sub-078,FPRT,0.26882094059762857
El espejo,sub-044,sub-046,FPRT,0.42029680671059105
El espejo,sub-044,sub-097,FPRT,0.4111662958093648
El espejo,sub-044,sub-079,FPRT,0.4499965857807354
El espejo,sub-044,sub-028,FPRT,0.3586984396351422
El espejo,sub-044,sub-089,FPRT,0.393382439010602
El espejo,sub-044,sub-109,FPRT,0.5435474822978514
El espejo,sub-044,sub-070,FPRT,0.21575909237781807
El espejo,sub-044,sub-111,FPRT,0.3002437352864887
El espejo,sub-044,sub-073,FPRT,0.3179851622715899
El espejo,sub-044,sub-001,FPRT,0.48614267949433854
El espejo,sub-044,sub-095,FPRT,0.39922305309554695
El espejo,sub-044,sub-012,FPRT,0.1769663824376861
El espejo,sub-044,sub-052,FPRT,0.2882077958033235
El espejo,sub-044,sub-094,FPRT,0.2448488986702727
El espejo,sub-044,sub-088,FPRT,0.2059298586018212
El espejo,sub-044,sub-044,FPRT,1.0
El espejo,sub-044,sub-009,FPRT,0.3337085873390375
El espejo,sub-044,sub-041,FPRT,0.353343479771275
El espejo,sub-044,sub-024,FPRT,0.15927114867192937
El espejo,sub-044,sub-016,FPRT,0.2256828922519227
El espejo,sub-044,sub-112,FPRT,0.39274975759515174
El espejo,sub-044,sub-058,FPRT,0.3499063227313731
El espejo,sub-044,sub-018,FPRT,0.2645423938084285
El espejo,sub-044,sub-048,FPRT,0.23946023907460692
El espejo,sub-044,sub-087,FPRT,0.40036272131901435
El espejo,sub-044,sub-091,FPRT,0.3542651717903953
El espejo,sub-044,sub-083,FPRT,0.38988534918941165
El espejo,sub-044,sub-065,FPRT,0.4537710422537432
El espejo,sub-044,sub-077,FPRT,0.2222443001950401
El espejo,sub-044,sub-039,FPRT,0.39878541068198853
El espejo,sub-044,sub-053,FPRT,0.23035452951140406
El espejo,sub-044,sub-075,FPRT,0.21727566983917074
El espejo,sub-044,sub-060,FPRT,0.41639457611710046
El espejo,sub-044,sub-103,FPRT,0.3806370295829764
El espejo,sub-044,sub-105,FPRT,0.2595766167148446
El espejo,sub-044,sub-064,FPRT,0.2772417726463582
El espejo,sub-044,sub-010,FPRT,0.10331249917876056
El espejo,sub-044,sub-034,FPRT,0.2784329022447324
El espejo,sub-044,sub-002,FPRT,0.3391034459456382
El espejo,sub-044,sub-085,FPRT,0.36543924230316366
El espejo,sub-044,sub-021,FPRT,0.39395920724778494
El espejo,sub-044,sub-096,FPRT,0.4370609377069799
El espejo,sub-044,sub-027,FPRT,0.40465572934873256
El espejo,sub-044,sub-006,FPRT,0.442165836261346
El espejo,sub-044,sub-066,FPRT,0.3589152889303824
El espejo,sub-044,sub-101,FPRT,0.28236945251081474
El espejo,sub-044,sub-042,FPRT,0.5034515001931413
El espejo,sub-044,sub-003,FPRT,0.4894674726684315
El espejo,sub-044,sub-107,FPRT,0.2987617036291653
El espejo,sub-044,sub-098,FPRT,0.28211416402844375
El espejo,sub-044,sub-086,FPRT,0.0897165304395725
El espejo,sub-044,sub-013,FPRT,0.2816159077273703
El espejo,sub-044,sub-068,FPRT,0.42199836120663037
El espejo,sub-009,sub-067,FPRT,0.16183782786541093
El espejo,sub-009,sub-054,FPRT,0.17160124447459296
El espejo,sub-009,sub-078,FPRT,0.27823681742764284
El espejo,sub-009,sub-046,FPRT,0.3667537824263464
El espejo,sub-009,sub-097,FPRT,0.2809407737031869
El espejo,sub-009,sub-079,FPRT,0.31935450527489756
El espejo,sub-009,sub-028,FPRT,0.19252048450821807
El espejo,sub-009,sub-089,FPRT,0.39052488121980794
El espejo,sub-009,sub-109,FPRT,0.3466733822120357
El espejo,sub-009,sub-070,FPRT,0.0842191569056238
El espejo,sub-009,sub-111,FPRT,0.254013948762794
El espejo,sub-009,sub-073,FPRT,0.2548260008283426
El espejo,sub-009,sub-001,FPRT,0.3799254086022125
El espejo,sub-009,sub-095,FPRT,0.3409899602111744
El espejo,sub-009,sub-012,FPRT,0.09721182788262757
El espejo,sub-009,sub-052,FPRT,0.18948186272537376
El espejo,sub-009,sub-094,FPRT,0.21278518618868564
El espejo,sub-009,sub-088,FPRT,0.05525849097851133
El espejo,sub-009,sub-044,FPRT,0.3337085873390375
El espejo,sub-009,sub-009,FPRT,1.0
El espejo,sub-009,sub-041,FPRT,0.2564644637258894
El espejo,sub-009,sub-024,FPRT,0.07013993328339926
El espejo,sub-009,sub-016,FPRT,0.22368326069760125
El espejo,sub-009,sub-112,FPRT,0.3964538134059464
El espejo,sub-009,sub-058,FPRT,0.3148837275071763
El espejo,sub-009,sub-018,FPRT,0.16741003626297438
El espejo,sub-009,sub-048,FPRT,0.22424322674830074
El espejo,sub-009,sub-087,FPRT,0.3007977002642026
El espejo,sub-009,sub-091,FPRT,0.31231764739373885
El espejo,sub-009,sub-083,FPRT,0.3117638149273576
El espejo,sub-009,sub-065,FPRT,0.26692071175868454
El espejo,sub-009,sub-077,FPRT,0.1621004447938795
El espejo,sub-009,sub-039,FPRT,0.33531939088422114
El espejo,sub-009,sub-053,FPRT,0.15973426003619526
El espejo,sub-009,sub-075,FPRT,0.18718076010064588
El espejo,sub-009,sub-060,FPRT,0.2971332294400621
El espejo,sub-009,sub-103,FPRT,0.26106037016491673
El espejo,sub-009,sub-105,FPRT,0.07075485625311805
El espejo,sub-009,sub-064,FPRT,0.1983575250495902
El espejo,sub-009,sub-010,FPRT,0.12149005075547098
El espejo,sub-009,sub-034,FPRT,0.19441586297274757
El espejo,sub-009,sub-002,FPRT,0.23500002253379293
El espejo,sub-009,sub-085,FPRT,0.39975525997496975
El espejo,sub-009,sub-021,FPRT,0.2512783088886659
El espejo,sub-009,sub-096,FPRT,0.26052665307982537
El espejo,sub-009,sub-027,FPRT,0.2930121342025045
El espejo,sub-009,sub-006,FPRT,0.3930711413603209
El espejo,sub-009,sub-066,FPRT,0.31070477706625665
El espejo,sub-009,sub-101,FPRT,0.16359491955820848
El espejo,sub-009,sub-042,FPRT,0.3815506114116091
El espejo,sub-009,sub-003,FPRT,0.3595187042534956
El espejo,sub-009,sub-107,FPRT,0.2755320062446228
El espejo,sub-009,sub-098,FPRT,0.19603711596872841
El espejo,sub-009,sub-086,FPRT,0.09004858036400658
El espejo,sub-009,sub-013,FPRT,0.20283053884815722
El espejo,sub-009,sub-068,FPRT,0.20451305311882315
El espejo,sub-041,sub-067,FPRT,0.3402569236723816
El espejo,sub-041,sub-054,FPRT,0.3060864643328581
El espejo,sub-041,sub-078,FPRT,0.34662204782592904
El espejo,sub-041,sub-046,FPRT,0.307054156403311
El espejo,sub-041,sub-097,FPRT,0.3671151559699078
El espejo,sub-041,sub-079,FPRT,0.388416834276712
El espejo,sub-041,sub-028,FPRT,0.3709052309094723
El espejo,sub-041,sub-089,FPRT,0.3341505936674394
El espejo,sub-041,sub-109,FPRT,0.4307966486562325
El espejo,sub-041,sub-070,FPRT,0.2147361619988366
El espejo,sub-041,sub-111,FPRT,0.3507470158597445
El espejo,sub-041,sub-073,FPRT,0.29212577381037813
El espejo,sub-041,sub-001,FPRT,0.43821708511672863
El espejo,sub-041,sub-095,FPRT,0.4035088160100966
El espejo,sub-041,sub-012,FPRT,0.08025607207875186
El espejo,sub-041,sub-052,FPRT,0.377902943133401
El espejo,sub-041,sub-094,FPRT,0.283597924292043
El espejo,sub-041,sub-088,FPRT,0.14673517709500314
El espejo,sub-041,sub-044,FPRT,0.35334347977127506
El espejo,sub-041,sub-009,FPRT,0.2564644637258894
El espejo,sub-041,sub-041,FPRT,1.0
El espejo,sub-041,sub-024,FPRT,0.17554331210668078
El espejo,sub-041,sub-016,FPRT,0.21814932385684577
El espejo,sub-041,sub-112,FPRT,0.38922465652332355
El espejo,sub-041,sub-058,FPRT,0.359551999604268
El espejo,sub-041,sub-018,FPRT,0.3462558327640532
El espejo,sub-041,sub-048,FPRT,0.3901330645008349
El espejo,sub-041,sub-087,FPRT,0.3238733572474187
El espejo,sub-041,sub-091,FPRT,0.35104539092688036
El espejo,sub-041,sub-083,FPRT,0.3996273501286814
El espejo,sub-041,sub-065,FPRT,0.34420816893683204
El espejo,sub-041,sub-077,FPRT,0.15244874973683917
El espejo,sub-041,sub-039,FPRT,0.29714702082365607
El espejo,sub-041,sub-053,FPRT,0.261033068039456
El espejo,sub-041,sub-075,FPRT,0.3242665476967755
El espejo,sub-041,sub-060,FPRT,0.33229469353648855
El espejo,sub-041,sub-103,FPRT,0.33246221970465567
El espejo,sub-041,sub-105,FPRT,0.258541605361926
El espejo,sub-041,sub-064,FPRT,0.29560101304321557
El espejo,sub-041,sub-010,FPRT,0.12911969543275645
El espejo,sub-041,sub-034,FPRT,0.34798845713045845
El espejo,sub-041,sub-002,FPRT,0.3089213206698365
El espejo,sub-041,sub-085,FPRT,0.2953580304410431
El espejo,sub-041,sub-021,FPRT,0.21501994827058876
El espejo,sub-041,sub-096,FPRT,0.39906758594025676
El espejo,sub-041,sub-027,FPRT,0.26920819480287456
El espejo,sub-041,sub-006,FPRT,0.3626623479588621
El espejo,sub-041,sub-066,FPRT,0.38979050365716855
El espejo,sub-041,sub-101,FPRT,0.2723464878531357
El espejo,sub-041,sub-042,FPRT,0.2818830763392565
El espejo,sub-041,sub-003,FPRT,0.4028445515610122
El espejo,sub-041,sub-107,FPRT,0.22657134615850136
El espejo,sub-041,sub-098,FPRT,0.3692589090810372
El espejo,sub-041,sub-086,FPRT,0.19063475697363166
El espejo,sub-041,sub-013,FPRT,0.35289191659463304
El espejo,sub-041,sub-068,FPRT,0.3909179910130648
El espejo,sub-024,sub-067,FPRT,0.14611323435823936
El espejo,sub-024,sub-054,FPRT,0.1638105866027649
El espejo,sub-024,sub-078,FPRT,0.15831146592319828
El espejo,sub-024,sub-046,FPRT,0.0626180485761866
El espejo,sub-024,sub-097,FPRT,0.2103914764769455
El espejo,sub-024,sub-079,FPRT,0.18953788855617715
El espejo,sub-024,sub-028,FPRT,0.14522029168423053
El espejo,sub-024,sub-089,FPRT,0.1166519233099838
El espejo,sub-024,sub-109,FPRT,0.14193738828272143
El espejo,sub-024,sub-070,FPRT,0.18462746285714798
El espejo,sub-024,sub-111,FPRT,0.11471573144474112
El espejo,sub-024,sub-073,FPRT,0.16269371408473537
El espejo,sub-024,sub-001,FPRT,0.08706575683963412
El espejo,sub-024,sub-095,FPRT,0.15598283762743792
El espejo,sub-024,sub-012,FPRT,0.058069481878811044
El espejo,sub-024,sub-052,FPRT,0.23383802938039347
El espejo,sub-024,sub-094,FPRT,0.151947304823493
El espejo,sub-024,sub-088,FPRT,0.013684967403575379
El espejo,sub-024,sub-044,FPRT,0.1592711486719294
El espejo,sub-024,sub-009,FPRT,0.07013993328339926
El espejo,sub-024,sub-041,FPRT,0.17554331210668078
El espejo,sub-024,sub-024,FPRT,1.0
El espejo,sub-024,sub-016,FPRT,0.1645638755174531
El espejo,sub-024,sub-112,FPRT,0.09895693775938609
El espejo,sub-024,sub-058,FPRT,0.13980680971991905
El espejo,sub-024,sub-018,FPRT,0.12672812205552642
El espejo,sub-024,sub-048,FPRT,0.2386630465048536
El espejo,sub-024,sub-087,FPRT,0.14169681227046535
El espejo,sub-024,sub-091,FPRT,0.10148462458345861
El espejo,sub-024,sub-083,FPRT,0.1618997827618577
El espejo,sub-024,sub-065,FPRT,0.11991462332507492
El espejo,sub-024,sub-077,FPRT,0.09620947645754244
El espejo,sub-024,sub-039,FPRT,0.04644416839095065
El espejo,sub-024,sub-053,FPRT,0.16568564619370538
El espejo,sub-024,sub-075,FPRT,0.2333960251268201
El espejo,sub-024,sub-060,FPRT,0.06524711739800876
El espejo,sub-024,sub-103,FPRT,0.17053694408008463
El espejo,sub-024,sub-105,FPRT,0.1705992506678035
El espejo,sub-024,sub-064,FPRT,0.18757455943135842
El espejo,sub-024,sub-010,FPRT,0.13631215109465677
El espejo,sub-024,sub-034,FPRT,0.27574972277473003
El espejo,sub-024,sub-002,FPRT,0.14975217108303085
El espejo,sub-024,sub-085,FPRT,0.19329740039719565
El espejo,sub-024,sub-021,FPRT,0.010945177171485703
El espejo,sub-024,sub-096,FPRT,0.1803536206538906
El espejo,sub-024,sub-027,FPRT,0.11409013339318558
El espejo,sub-024,sub-006,FPRT,0.11834740229821171
El espejo,sub-024,sub-066,FPRT,0.19725504892244625
El espejo,sub-024,sub-101,FPRT,0.2493626042076179
El espejo,sub-024,sub-042,FPRT,0.08564862313123685
El espejo,sub-024,sub-003,FPRT,0.1832669979224769
El espejo,sub-024,sub-107,FPRT,0.13815532681030013
El espejo,sub-024,sub-098,FPRT,0.21902157608902545
El espejo,sub-024,sub-086,FPRT,0.11960829787372242
El espejo,sub-024,sub-013,FPRT,0.24902844127931556
El espejo,sub-024,sub-068,FPRT,0.1433648955174874
El espejo,sub-016,sub-067,FPRT,0.21563442913923253
El espejo,sub-016,sub-054,FPRT,0.26550928891494885
El espejo,sub-016,sub-078,FPRT,0.2488818742278251
El espejo,sub-016,sub-046,FPRT,0.17599882108835257
El espejo,sub-016,sub-097,FPRT,0.20749316804010548
El espejo,sub-016,sub-079,FPRT,0.2531205108807503
El espejo,sub-016,sub-028,FPRT,0.26413960364870387
El espejo,sub-016,sub-089,FPRT,0.16549662147591307
El espejo,sub-016,sub-109,FPRT,0.2776610768670622
El espejo,sub-016,sub-070,FPRT,0.19868985416406376
El espejo,sub-016,sub-111,FPRT,0.1294264449569836
El espejo,sub-016,sub-073,FPRT,0.16542238528360775
El espejo,sub-016,sub-001,FPRT,0.2643607186063932
El espejo,sub-016,sub-095,FPRT,0.28059737403314244
El espejo,sub-016,sub-012,FPRT,0.12840850463071635
El espejo,sub-016,sub-052,FPRT,0.3029414525175889
El espejo,sub-016,sub-094,FPRT,0.3387359987931217
El espejo,sub-016,sub-088,FPRT,0.11807604226360027
El espejo,sub-016,sub-044,FPRT,0.22568289225192267
El espejo,sub-016,sub-009,FPRT,0.22368326069760125
El espejo,sub-016,sub-041,FPRT,0.21814932385684577
El espejo,sub-016,sub-024,FPRT,0.1645638755174531
El espejo,sub-016,sub-016,FPRT,1.0
El espejo,sub-016,sub-112,FPRT,0.20323175703745985
El espejo,sub-016,sub-058,FPRT,0.2611548319986666
El espejo,sub-016,sub-018,FPRT,0.18674782062152348
El espejo,sub-016,sub-048,FPRT,0.2080503255367632
El espejo,sub-016,sub-087,FPRT,0.21922497633100982
El espejo,sub-016,sub-091,FPRT,0.2577827292544551
El espejo,sub-016,sub-083,FPRT,0.26769458102480337
El espejo,sub-016,sub-065,FPRT,0.23524677972616445
El espejo,sub-016,sub-077,FPRT,0.15625754089704927
El espejo,sub-016,sub-039,FPRT,0.14835378556926523
El espejo,sub-016,sub-053,FPRT,0.2883376512264838
El espejo,sub-016,sub-075,FPRT,0.1958338099148689
El espejo,sub-016,sub-060,FPRT,0.1820457035313784
El espejo,sub-016,sub-103,FPRT,0.2646420702081085
El espejo,sub-016,sub-105,FPRT,0.17918028504324945
El espejo,sub-016,sub-064,FPRT,0.2529710742629089
El espejo,sub-016,sub-010,FPRT,0.1896808266458389
El espejo,sub-016,sub-034,FPRT,0.3311903456565214
El espejo,sub-016,sub-002,FPRT,0.19278736513925698
El espejo,sub-016,sub-085,FPRT,0.19850169037887813
El espejo,sub-016,sub-021,FPRT,0.18041687495635533
El espejo,sub-016,sub-096,FPRT,0.2388182488870244
El espejo,sub-016,sub-027,FPRT,0.19671296701240515
El espejo,sub-016,sub-006,FPRT,0.17207341557069675
El espejo,sub-016,sub-066,FPRT,0.1717835420006987
El espejo,sub-016,sub-101,FPRT,0.2649620073829152
El espejo,sub-016,sub-042,FPRT,0.24860819907701664
El espejo,sub-016,sub-003,FPRT,0.2296854686895501
El espejo,sub-016,sub-107,FPRT,0.16380110826430178
El espejo,sub-016,sub-098,FPRT,0.2915814643819129
El espejo,sub-016,sub-086,FPRT,0.18846900088325422
El espejo,sub-016,sub-013,FPRT,0.19426830266788356
El espejo,sub-016,sub-068,FPRT,0.31716456155045264
El espejo,sub-112,sub-067,FPRT,0.27334523000467226
El espejo,sub-112,sub-054,FPRT,0.2656410905446253
El espejo,sub-112,sub-078,FPRT,0.2817881234823835
El espejo,sub-112,sub-046,FPRT,0.43658987002180755
El espejo,sub-112,sub-097,FPRT,0.36708566834347106
El espejo,sub-112,sub-079,FPRT,0.3460298716959383
El espejo,sub-112,sub-028,FPRT,0.3616356263887111
El espejo,sub-112,sub-089,FPRT,0.4584970030823681
El espejo,sub-112,sub-109,FPRT,0.495623812521111
El espejo,sub-112,sub-070,FPRT,0.1887807415655587
El espejo,sub-112,sub-111,FPRT,0.28353164610955955
El espejo,sub-112,sub-073,FPRT,0.2298495129909893
El espejo,sub-112,sub-001,FPRT,0.45864545241875615
El espejo,sub-112,sub-095,FPRT,0.3995543418293808
El espejo,sub-112,sub-012,FPRT,0.15635247916972034
El espejo,sub-112,sub-052,FPRT,0.2735888955140517
El espejo,sub-112,sub-094,FPRT,0.2408484942380999
El espejo,sub-112,sub-088,FPRT,0.11827309473500122
El espejo,sub-112,sub-044,FPRT,0.39274975759515174
El espejo,sub-112,sub-009,FPRT,0.3964538134059463
El espejo,sub-112,sub-041,FPRT,0.38922465652332355
El espejo,sub-112,sub-024,FPRT,0.09895693775938609
El espejo,sub-112,sub-016,FPRT,0.20323175703745985
El espejo,sub-112,sub-112,FPRT,0.9999999999999998
El espejo,sub-112,sub-058,FPRT,0.3523193369575896
El espejo,sub-112,sub-018,FPRT,0.2164371775550545
El espejo,sub-112,sub-048,FPRT,0.2306058976420225
El espejo,sub-112,sub-087,FPRT,0.40996388736418954
El espejo,sub-112,sub-091,FPRT,0.3548391732478217
El espejo,sub-112,sub-083,FPRT,0.3358014849504296
El espejo,sub-112,sub-065,FPRT,0.36051498091003487
El espejo,sub-112,sub-077,FPRT,0.22835672925951978
El espejo,sub-112,sub-039,FPRT,0.3344291712596917
El espejo,sub-112,sub-053,FPRT,0.18578888030195456
El espejo,sub-112,sub-075,FPRT,0.2514487100395335
El espejo,sub-112,sub-060,FPRT,0.34203785396452535
El espejo,sub-112,sub-103,FPRT,0.3271902445424955
El espejo,sub-112,sub-105,FPRT,0.1936031135906316
El espejo,sub-112,sub-064,FPRT,0.2151263608081155
El espejo,sub-112,sub-010,FPRT,0.03882182186994583
El espejo,sub-112,sub-034,FPRT,0.22822730908946456
El espejo,sub-112,sub-002,FPRT,0.31599641786401517
El espejo,sub-112,sub-085,FPRT,0.38429635151305647
El espejo,sub-112,sub-021,FPRT,0.24333026515861975
El espejo,sub-112,sub-096,FPRT,0.38649534704767247
El espejo,sub-112,sub-027,FPRT,0.2859884685061117
El espejo,sub-112,sub-006,FPRT,0.3811047814554939
El espejo,sub-112,sub-066,FPRT,0.26104693484414293
El espejo,sub-112,sub-101,FPRT,0.17619302312318907
El espejo,sub-112,sub-042,FPRT,0.4049788355578651
El espejo,sub-112,sub-003,FPRT,0.4333729726762634
El espejo,sub-112,sub-107,FPRT,0.3055524418720601
El espejo,sub-112,sub-098,FPRT,0.2941687590536875
El espejo,sub-112,sub-086,FPRT,0.12809039393621302
El espejo,sub-112,sub-013,FPRT,0.30344815968485994
El espejo,sub-112,sub-068,FPRT,0.3178320117325441
El espejo,sub-058,sub-067,FPRT,0.2284526151380384
El espejo,sub-058,sub-054,FPRT,0.23338424348213963
El espejo,sub-058,sub-078,FPRT,0.22365793848504126
El espejo,sub-058,sub-046,FPRT,0.2758716583974234
El espejo,sub-058,sub-097,FPRT,0.3786268940779696
El espejo,sub-058,sub-079,FPRT,0.4189021457855752
El espejo,sub-058,sub-028,FPRT,0.3550531797454541
El espejo,sub-058,sub-089,FPRT,0.3648048747211632
El espejo,sub-058,sub-109,FPRT,0.47028061134757915
El espejo,sub-058,sub-070,FPRT,0.19014778706368687
El espejo,sub-058,sub-111,FPRT,0.17563617724813999
El espejo,sub-058,sub-073,FPRT,0.285370945855658
El espejo,sub-058,sub-001,FPRT,0.43504676561415295
El espejo,sub-058,sub-095,FPRT,0.3687562757952601
El espejo,sub-058,sub-012,FPRT,0.1352604678330637
El espejo,sub-058,sub-052,FPRT,0.3127757395261881
El espejo,sub-058,sub-094,FPRT,0.22175846364617183
El espejo,sub-058,sub-088,FPRT,0.16168511112613654
El espejo,sub-058,sub-044,FPRT,0.3499063227313731
El espejo,sub-058,sub-009,FPRT,0.3148837275071763
El espejo,sub-058,sub-041,FPRT,0.359551999604268
El espejo,sub-058,sub-024,FPRT,0.13980680971991905
El espejo,sub-058,sub-016,FPRT,0.2611548319986666
El espejo,sub-058,sub-112,FPRT,0.3523193369575896
El espejo,sub-058,sub-058,FPRT,1.0
El espejo,sub-058,sub-018,FPRT,0.26000512424065203
El espejo,sub-058,sub-048,FPRT,0.26361858353101436
El espejo,sub-058,sub-087,FPRT,0.34123866557661636
El espejo,sub-058,sub-091,FPRT,0.3820128054108718
El espejo,sub-058,sub-083,FPRT,0.3164680802906627
El espejo,sub-058,sub-065,FPRT,0.30056431670034733
El espejo,sub-058,sub-077,FPRT,0.18976896663571954
El espejo,sub-058,sub-039,FPRT,0.2913241803572352
El espejo,sub-058,sub-053,FPRT,0.23599302249612458
El espejo,sub-058,sub-075,FPRT,0.20674261843237726
El espejo,sub-058,sub-060,FPRT,0.34763532999131247
El espejo,sub-058,sub-103,FPRT,0.30605872255038985
El espejo,sub-058,sub-105,FPRT,0.21907583237857342
El espejo,sub-058,sub-064,FPRT,0.20527102278504772
El espejo,sub-058,sub-010,FPRT,0.04522773046983944
El espejo,sub-058,sub-034,FPRT,0.3261007155577403
El espejo,sub-058,sub-002,FPRT,0.3202458796703881
El espejo,sub-058,sub-085,FPRT,0.3034003141196497
El espejo,sub-058,sub-021,FPRT,0.22924904655311748
El espejo,sub-058,sub-096,FPRT,0.44187104815393075
El espejo,sub-058,sub-027,FPRT,0.3147540301910894
El espejo,sub-058,sub-006,FPRT,0.31678706047347
El espejo,sub-058,sub-066,FPRT,0.29433629234458253
El espejo,sub-058,sub-101,FPRT,0.21392456711208346
El espejo,sub-058,sub-042,FPRT,0.3782982416382027
El espejo,sub-058,sub-003,FPRT,0.404147792494855
El espejo,sub-058,sub-107,FPRT,0.26609801642167347
El espejo,sub-058,sub-098,FPRT,0.3098883322545483
El espejo,sub-058,sub-086,FPRT,0.15431603736156904
El espejo,sub-058,sub-013,FPRT,0.20828427217343748
El espejo,sub-058,sub-068,FPRT,0.33414168870949823
El espejo,sub-018,sub-067,FPRT,0.20091064685971358
El espejo,sub-018,sub-054,FPRT,0.15583585080598758
El espejo,sub-018,sub-078,FPRT,0.25620202792311864
El espejo,sub-018,sub-046,FPRT,0.19853762192142063
El espejo,sub-018,sub-097,FPRT,0.22890380993893644
El espejo,sub-018,sub-079,FPRT,0.2393040195659984
El espejo,sub-018,sub-028,FPRT,0.2718636018986454
El espejo,sub-018,sub-089,FPRT,0.29941294580346806
El espejo,sub-018,sub-109,FPRT,0.3194643826812284
El espejo,sub-018,sub-070,FPRT,0.15733939104499695
El espejo,sub-018,sub-111,FPRT,0.25926988567351583
El espejo,sub-018,sub-073,FPRT,0.23937032879675835
El espejo,sub-018,sub-001,FPRT,0.3030678705927025
El espejo,sub-018,sub-095,FPRT,0.3114575869882379
El espejo,sub-018,sub-012,FPRT,0.11902660940259253
El espejo,sub-018,sub-052,FPRT,0.22322709646035885
El espejo,sub-018,sub-094,FPRT,0.2335928589062221
El espejo,sub-018,sub-088,FPRT,0.07335727990419826
El espejo,sub-018,sub-044,FPRT,0.2645423938084285
El espejo,sub-018,sub-009,FPRT,0.16741003626297438
El espejo,sub-018,sub-041,FPRT,0.3462558327640532
El espejo,sub-018,sub-024,FPRT,0.12672812205552642
El espejo,sub-018,sub-016,FPRT,0.18674782062152348
El espejo,sub-018,sub-112,FPRT,0.2164371775550545
El espejo,sub-018,sub-058,FPRT,0.2600051242406521
El espejo,sub-018,sub-018,FPRT,1.0
El espejo,sub-018,sub-048,FPRT,0.3032122651684772
El espejo,sub-018,sub-087,FPRT,0.23712952455101724
El espejo,sub-018,sub-091,FPRT,0.32186645873439695
El espejo,sub-018,sub-083,FPRT,0.24705606155908005
El espejo,sub-018,sub-065,FPRT,0.25263068012550377
El espejo,sub-018,sub-077,FPRT,0.14295087852497296
El espejo,sub-018,sub-039,FPRT,0.1763535067351879
El espejo,sub-018,sub-053,FPRT,0.24806564039056647
El espejo,sub-018,sub-075,FPRT,0.29211840972696956
El espejo,sub-018,sub-060,FPRT,0.20635633613601356
El espejo,sub-018,sub-103,FPRT,0.30070570550617987
El espejo,sub-018,sub-105,FPRT,0.21160230812864247
El espejo,sub-018,sub-064,FPRT,0.198043514158732
El espejo,sub-018,sub-010,FPRT,0.16590487914050903
El espejo,sub-018,sub-034,FPRT,0.22950488325794638
El espejo,sub-018,sub-002,FPRT,0.2409929358003767
El espejo,sub-018,sub-085,FPRT,0.187460211910893
El espejo,sub-018,sub-021,FPRT,0.10627931699067987
El espejo,sub-018,sub-096,FPRT,0.3523981780230805
El espejo,sub-018,sub-027,FPRT,0.22115626289703785
El espejo,sub-018,sub-006,FPRT,0.26874444198893593
El espejo,sub-018,sub-066,FPRT,0.21699173567226837
El espejo,sub-018,sub-101,FPRT,0.27054424282067013
El espejo,sub-018,sub-042,FPRT,0.22023141195508728
El espejo,sub-018,sub-003,FPRT,0.3411861951562104
El espejo,sub-018,sub-107,FPRT,0.2649163870862025
El espejo,sub-018,sub-098,FPRT,0.21755193418234806
El espejo,sub-018,sub-086,FPRT,0.21497473298553574
El espejo,sub-018,sub-013,FPRT,0.27864000022382707
El espejo,sub-018,sub-068,FPRT,0.32637608609848096
El espejo,sub-048,sub-067,FPRT,0.23535372190447798
El espejo,sub-048,sub-054,FPRT,0.2109070453475367
El espejo,sub-048,sub-078,FPRT,0.28722826393011386
El espejo,sub-048,sub-046,FPRT,0.18443231924062164
El espejo,sub-048,sub-097,FPRT,0.2695668800008176
El espejo,sub-048,sub-079,FPRT,0.2601278513088056
El espejo,sub-048,sub-028,FPRT,0.27150299075407863
El espejo,sub-048,sub-089,FPRT,0.24722592059758958
El espejo,sub-048,sub-109,FPRT,0.35439621714111785
El espejo,sub-048,sub-070,FPRT,0.14866627261653292
El espejo,sub-048,sub-111,FPRT,0.2957568707557271
El espejo,sub-048,sub-073,FPRT,0.19475539531136526
El espejo,sub-048,sub-001,FPRT,0.2577779300137715
El espejo,sub-048,sub-095,FPRT,0.3573274423109714
El espejo,sub-048,sub-012,FPRT,0.056215204960192625
El espejo,sub-048,sub-052,FPRT,0.31477999725047584
El espejo,sub-048,sub-094,FPRT,0.28292357208417185
El espejo,sub-048,sub-088,FPRT,-0.03772360456292841
El espejo,sub-048,sub-044,FPRT,0.23946023907460692
El espejo,sub-048,sub-009,FPRT,0.22424322674830077
El espejo,sub-048,sub-041,FPRT,0.3901330645008349
El espejo,sub-048,sub-024,FPRT,0.23866304650485357
El espejo,sub-048,sub-016,FPRT,0.2080503255367632
El espejo,sub-048,sub-112,FPRT,0.23060589764202252
El espejo,sub-048,sub-058,FPRT,0.26361858353101436
El espejo,sub-048,sub-018,FPRT,0.30321226516847716
El espejo,sub-048,sub-048,FPRT,1.0
El espejo,sub-048,sub-087,FPRT,0.1849398379206785
El espejo,sub-048,sub-091,FPRT,0.31092066100336696
El espejo,sub-048,sub-083,FPRT,0.2961767080042409
El espejo,sub-048,sub-065,FPRT,0.23693850136964426
El espejo,sub-048,sub-077,FPRT,0.15624664567623908
El espejo,sub-048,sub-039,FPRT,0.19712513838246923
El espejo,sub-048,sub-053,FPRT,0.2530708953761384
El espejo,sub-048,sub-075,FPRT,0.2843538769189104
El espejo,sub-048,sub-060,FPRT,0.224678084312518
El espejo,sub-048,sub-103,FPRT,0.2636562415937742
El espejo,sub-048,sub-105,FPRT,0.23466277572127966
El espejo,sub-048,sub-064,FPRT,0.3081817070339909
El espejo,sub-048,sub-010,FPRT,0.11281601558492049
El espejo,sub-048,sub-034,FPRT,0.33399407640061074
El espejo,sub-048,sub-002,FPRT,0.2378353328177505
El espejo,sub-048,sub-085,FPRT,0.2814577241065464
El espejo,sub-048,sub-021,FPRT,0.1078790216775294
El espejo,sub-048,sub-096,FPRT,0.34479701527145096
El espejo,sub-048,sub-027,FPRT,0.14109310897456484
El espejo,sub-048,sub-006,FPRT,0.250471952565402
El espejo,sub-048,sub-066,FPRT,0.2737434716632202
El espejo,sub-048,sub-101,FPRT,0.2659466061848016
El espejo,sub-048,sub-042,FPRT,0.23077918590512364
El espejo,sub-048,sub-003,FPRT,0.2703345138510817
El espejo,sub-048,sub-107,FPRT,0.22992817319398914
El espejo,sub-048,sub-098,FPRT,0.28138807269329547
El espejo,sub-048,sub-086,FPRT,0.17817192784615
El espejo,sub-048,sub-013,FPRT,0.29379853684659785
El espejo,sub-048,sub-068,FPRT,0.28540090526463713
El espejo,sub-087,sub-067,FPRT,0.20606246926695487
El espejo,sub-087,sub-054,FPRT,0.21954152198374263
El espejo,sub-087,sub-078,FPRT,0.29991116346478225
El espejo,sub-087,sub-046,FPRT,0.3289371667659341
El espejo,sub-087,sub-097,FPRT,0.3807116560658387
El espejo,sub-087,sub-079,FPRT,0.3407528524665655
El espejo,sub-087,sub-028,FPRT,0.29730995333963
El espejo,sub-087,sub-089,FPRT,0.39053120984245226
El espejo,sub-087,sub-109,FPRT,0.4155747965333385
El espejo,sub-087,sub-070,FPRT,0.23493899673241597
El espejo,sub-087,sub-111,FPRT,0.3096694985095808
El espejo,sub-087,sub-073,FPRT,0.31298462703933594
El espejo,sub-087,sub-001,FPRT,0.37631921619060205
El espejo,sub-087,sub-095,FPRT,0.3842514645020668
El espejo,sub-087,sub-012,FPRT,0.13348121097895574
El espejo,sub-087,sub-052,FPRT,0.3037268990808198
El espejo,sub-087,sub-094,FPRT,0.2562921420230724
El espejo,sub-087,sub-088,FPRT,0.11843306887167175
El espejo,sub-087,sub-044,FPRT,0.4003627213190143
El espejo,sub-087,sub-009,FPRT,0.3007977002642026
El espejo,sub-087,sub-041,FPRT,0.3238733572474188
El espejo,sub-087,sub-024,FPRT,0.14169681227046535
El espejo,sub-087,sub-016,FPRT,0.21922497633100982
El espejo,sub-087,sub-112,FPRT,0.40996388736418954
El espejo,sub-087,sub-058,FPRT,0.34123866557661636
El espejo,sub-087,sub-018,FPRT,0.23712952455101727
El espejo,sub-087,sub-048,FPRT,0.1849398379206785
El espejo,sub-087,sub-087,FPRT,1.0
El espejo,sub-087,sub-091,FPRT,0.31912697650068444
El espejo,sub-087,sub-083,FPRT,0.376520254381848
El espejo,sub-087,sub-065,FPRT,0.35070730699479113
El espejo,sub-087,sub-077,FPRT,0.14620686935086627
El espejo,sub-087,sub-039,FPRT,0.21417257091088368
El espejo,sub-087,sub-053,FPRT,0.22703940587364974
El espejo,sub-087,sub-075,FPRT,0.2520868345036815
El espejo,sub-087,sub-060,FPRT,0.3407849040388011
El espejo,sub-087,sub-103,FPRT,0.2629738718939073
El espejo,sub-087,sub-105,FPRT,0.1620031606231583
El espejo,sub-087,sub-064,FPRT,0.27481633920877996
El espejo,sub-087,sub-010,FPRT,0.12981351220163637
El espejo,sub-087,sub-034,FPRT,0.269616747187633
El espejo,sub-087,sub-002,FPRT,0.3367799133828694
El espejo,sub-087,sub-085,FPRT,0.3731923388074632
El espejo,sub-087,sub-021,FPRT,0.20800298341542234
El espejo,sub-087,sub-096,FPRT,0.3441798388565934
El espejo,sub-087,sub-027,FPRT,0.2918927697025581
El espejo,sub-087,sub-006,FPRT,0.28776265531430695
El espejo,sub-087,sub-066,FPRT,0.23803617272074135
El espejo,sub-087,sub-101,FPRT,0.2571741732973918
El espejo,sub-087,sub-042,FPRT,0.32733525785788314
El espejo,sub-087,sub-003,FPRT,0.4206225365158485
El espejo,sub-087,sub-107,FPRT,0.2779741050960145
El espejo,sub-087,sub-098,FPRT,0.3100396517427993
El espejo,sub-087,sub-086,FPRT,0.183204257412478
El espejo,sub-087,sub-013,FPRT,0.27329103404324734
El espejo,sub-087,sub-068,FPRT,0.3939339490934536
El espejo,sub-091,sub-067,FPRT,0.2969307625165224
El espejo,sub-091,sub-054,FPRT,0.26106091481529614
El espejo,sub-091,sub-078,FPRT,0.32450148723248107
El espejo,sub-091,sub-046,FPRT,0.335329691296725
El espejo,sub-091,sub-097,FPRT,0.40307440168764036
El espejo,sub-091,sub-079,FPRT,0.3893381527842866
El espejo,sub-091,sub-028,FPRT,0.37134486675826267
El espejo,sub-091,sub-089,FPRT,0.3583492937569296
El espejo,sub-091,sub-109,FPRT,0.4555236683283676
El espejo,sub-091,sub-070,FPRT,0.18786007856689807
El espejo,sub-091,sub-111,FPRT,0.3000890069796697
El espejo,sub-091,sub-073,FPRT,0.2097669234362843
El espejo,sub-091,sub-001,FPRT,0.3614158866532087
El espejo,sub-091,sub-095,FPRT,0.40949800977546896
El espejo,sub-091,sub-012,FPRT,0.14524129531373478
El espejo,sub-091,sub-052,FPRT,0.29487316645688094
El espejo,sub-091,sub-094,FPRT,0.25729461773905093
El espejo,sub-091,sub-088,FPRT,0.09241028839225836
El espejo,sub-091,sub-044,FPRT,0.3542651717903953
El espejo,sub-091,sub-009,FPRT,0.31231764739373885
El espejo,sub-091,sub-041,FPRT,0.35104539092688036
El espejo,sub-091,sub-024,FPRT,0.10148462458345861
El espejo,sub-091,sub-016,FPRT,0.25778272925445506
El espejo,sub-091,sub-112,FPRT,0.3548391732478217
El espejo,sub-091,sub-058,FPRT,0.38201280541087185
El espejo,sub-091,sub-018,FPRT,0.321866458734397
El espejo,sub-091,sub-048,FPRT,0.31092066100336696
El espejo,sub-091,sub-087,FPRT,0.31912697650068444
El espejo,sub-091,sub-091,FPRT,1.0
El espejo,sub-091,sub-083,FPRT,0.38183986162200984
El espejo,sub-091,sub-065,FPRT,0.3722108627905483
El espejo,sub-091,sub-077,FPRT,0.19933347519941458
El espejo,sub-091,sub-039,FPRT,0.29623687630764023
El espejo,sub-091,sub-053,FPRT,0.2624501465769734
El espejo,sub-091,sub-075,FPRT,0.22721070022392448
El espejo,sub-091,sub-060,FPRT,0.33117878778565774
El espejo,sub-091,sub-103,FPRT,0.3111540056100519
El espejo,sub-091,sub-105,FPRT,0.30173519734806653
El espejo,sub-091,sub-064,FPRT,0.24843064290540567
El espejo,sub-091,sub-010,FPRT,0.12992575314354438
El espejo,sub-091,sub-034,FPRT,0.30260714780863657
El espejo,sub-091,sub-002,FPRT,0.3164639911508302
El espejo,sub-091,sub-085,FPRT,0.2999692610249944
El espejo,sub-091,sub-021,FPRT,0.23874534496833139
El espejo,sub-091,sub-096,FPRT,0.4514889895650253
El espejo,sub-091,sub-027,FPRT,0.2793524066123962
El espejo,sub-091,sub-006,FPRT,0.33152271160093477
El espejo,sub-091,sub-066,FPRT,0.34573148441997503
El espejo,sub-091,sub-101,FPRT,0.25729504139309617
El espejo,sub-091,sub-042,FPRT,0.3517627430645564
El espejo,sub-091,sub-003,FPRT,0.4082570340000436
El espejo,sub-091,sub-107,FPRT,0.34910038563264845
El espejo,sub-091,sub-098,FPRT,0.35806746608522744
El espejo,sub-091,sub-086,FPRT,0.13269025085839461
El espejo,sub-091,sub-013,FPRT,0.26985130054924367
El espejo,sub-091,sub-068,FPRT,0.3977206105554127
El espejo,sub-083,sub-067,FPRT,0.38262316221354215
El espejo,sub-083,sub-054,FPRT,0.24401465621097113
El espejo,sub-083,sub-078,FPRT,0.38806111745809113
El espejo,sub-083,sub-046,FPRT,0.32516636297580975
El espejo,sub-083,sub-097,FPRT,0.45009208086183444
El espejo,sub-083,sub-079,FPRT,0.45040572294924053
El espejo,sub-083,sub-028,FPRT,0.3901940873895528
El espejo,sub-083,sub-089,FPRT,0.3824504860119737
El espejo,sub-083,sub-109,FPRT,0.4939140041858366
El espejo,sub-083,sub-070,FPRT,0.19691639842895634
El espejo,sub-083,sub-111,FPRT,0.27553491281263853
El espejo,sub-083,sub-073,FPRT,0.29761041871390936
El espejo,sub-083,sub-001,FPRT,0.4401436997666915
El espejo,sub-083,sub-095,FPRT,0.444394006173487
El espejo,sub-083,sub-012,FPRT,0.22475690181234564
El espejo,sub-083,sub-052,FPRT,0.3472102653115873
El espejo,sub-083,sub-094,FPRT,0.311863778508747
El espejo,sub-083,sub-088,FPRT,0.18928503118393217
El espejo,sub-083,sub-044,FPRT,0.38988534918941165
El espejo,sub-083,sub-009,FPRT,0.3117638149273576
El espejo,sub-083,sub-041,FPRT,0.3996273501286814
El espejo,sub-083,sub-024,FPRT,0.1618997827618577
El espejo,sub-083,sub-016,FPRT,0.26769458102480337
El espejo,sub-083,sub-112,FPRT,0.33580148495042966
El espejo,sub-083,sub-058,FPRT,0.3164680802906627
El espejo,sub-083,sub-018,FPRT,0.24705606155908005
El espejo,sub-083,sub-048,FPRT,0.2961767080042409
El espejo,sub-083,sub-087,FPRT,0.376520254381848
El espejo,sub-083,sub-091,FPRT,0.3818398616220098
El espejo,sub-083,sub-083,FPRT,1.0
El espejo,sub-083,sub-065,FPRT,0.3995631034749686
El espejo,sub-083,sub-077,FPRT,0.22420065385244292
El espejo,sub-083,sub-039,FPRT,0.2997711022014733
El espejo,sub-083,sub-053,FPRT,0.2358150397450269
El espejo,sub-083,sub-075,FPRT,0.26258065485475546
El espejo,sub-083,sub-060,FPRT,0.3676082866439501
El espejo,sub-083,sub-103,FPRT,0.37206689598500853
El espejo,sub-083,sub-105,FPRT,0.2177000844515118
El espejo,sub-083,sub-064,FPRT,0.29803958560258753
El espejo,sub-083,sub-010,FPRT,0.051017878934625616
El espejo,sub-083,sub-034,FPRT,0.30940879300787094
El espejo,sub-083,sub-002,FPRT,0.31819273723347474
El espejo,sub-083,sub-085,FPRT,0.2923998826945705
El espejo,sub-083,sub-021,FPRT,0.2613476143616853
El espejo,sub-083,sub-096,FPRT,0.45110080775852296
El espejo,sub-083,sub-027,FPRT,0.2997632880604943
El espejo,sub-083,sub-006,FPRT,0.3456827365982106
El espejo,sub-083,sub-066,FPRT,0.3716265431312837
El espejo,sub-083,sub-101,FPRT,0.24775507922567452
El espejo,sub-083,sub-042,FPRT,0.3123034333814473
El espejo,sub-083,sub-003,FPRT,0.44186690667156253
El espejo,sub-083,sub-107,FPRT,0.3194248623908544
El espejo,sub-083,sub-098,FPRT,0.3924276394888076
El espejo,sub-083,sub-086,FPRT,0.11296397977551391
El espejo,sub-083,sub-013,FPRT,0.29691458271035187
El espejo,sub-083,sub-068,FPRT,0.4188615808746875
El espejo,sub-065,sub-067,FPRT,0.31023510275683924
El espejo,sub-065,sub-054,FPRT,0.22946003286595928
El espejo,sub-065,sub-078,FPRT,0.310234746104036
El espejo,sub-065,sub-046,FPRT,0.2996638788704344
El espejo,sub-065,sub-097,FPRT,0.392985405834916
El espejo,sub-065,sub-079,FPRT,0.38986466128390973
El espejo,sub-065,sub-028,FPRT,0.339148474508971
El espejo,sub-065,sub-089,FPRT,0.3618976226973975
El espejo,sub-065,sub-109,FPRT,0.480476448299088
El espejo,sub-065,sub-070,FPRT,0.2173587815811913
El espejo,sub-065,sub-111,FPRT,0.29682551071068475
El espejo,sub-065,sub-073,FPRT,0.28831647854421305
El espejo,sub-065,sub-001,FPRT,0.384138057855145
El espejo,sub-065,sub-095,FPRT,0.4535358803345176
El espejo,sub-065,sub-012,FPRT,0.17211277832044447
El espejo,sub-065,sub-052,FPRT,0.2611080848458883
El espejo,sub-065,sub-094,FPRT,0.20712197402289037
El espejo,sub-065,sub-088,FPRT,0.18869855130996763
El espejo,sub-065,sub-044,FPRT,0.4537710422537432
El espejo,sub-065,sub-009,FPRT,0.26692071175868454
El espejo,sub-065,sub-041,FPRT,0.34420816893683204
El espejo,sub-065,sub-024,FPRT,0.11991462332507492
El espejo,sub-065,sub-016,FPRT,0.23524677972616445
El espejo,sub-065,sub-112,FPRT,0.36051498091003487
El espejo,sub-065,sub-058,FPRT,0.3005643167003473
El espejo,sub-065,sub-018,FPRT,0.25263068012550377
El espejo,sub-065,sub-048,FPRT,0.23693850136964428
El espejo,sub-065,sub-087,FPRT,0.35070730699479113
El espejo,sub-065,sub-091,FPRT,0.3722108627905483
El espejo,sub-065,sub-083,FPRT,0.3995631034749686
El espejo,sub-065,sub-065,FPRT,0.9999999999999999
El espejo,sub-065,sub-077,FPRT,0.21589173696946878
El espejo,sub-065,sub-039,FPRT,0.3468774765354818
El espejo,sub-065,sub-053,FPRT,0.2598731473100369
El espejo,sub-065,sub-075,FPRT,0.24676237429963266
El espejo,sub-065,sub-060,FPRT,0.36352073565098475
El espejo,sub-065,sub-103,FPRT,0.3763854742570274
El espejo,sub-065,sub-105,FPRT,0.16067934565150238
El espejo,sub-065,sub-064,FPRT,0.23531974062521968
El espejo,sub-065,sub-010,FPRT,0.10493770289931674
El espejo,sub-065,sub-034,FPRT,0.27748198765114185
El espejo,sub-065,sub-002,FPRT,0.37883428917637724
El espejo,sub-065,sub-085,FPRT,0.29854133920843356
El espejo,sub-065,sub-021,FPRT,0.2768846735546348
El espejo,sub-065,sub-096,FPRT,0.43683181523585446
El espejo,sub-065,sub-027,FPRT,0.3733824377279732
El espejo,sub-065,sub-006,FPRT,0.37403566330806837
El espejo,sub-065,sub-066,FPRT,0.2872420949348067
El espejo,sub-065,sub-101,FPRT,0.2743120432600132
El espejo,sub-065,sub-042,FPRT,0.3693757109766919
El espejo,sub-065,sub-003,FPRT,0.41470194791810777
El espejo,sub-065,sub-107,FPRT,0.29609161593481975
El espejo,sub-065,sub-098,FPRT,0.32273168329295293
El espejo,sub-065,sub-086,FPRT,0.13452212703681227
El espejo,sub-065,sub-013,FPRT,0.25965608519850725
El espejo,sub-065,sub-068,FPRT,0.39074112986505033
El espejo,sub-077,sub-067,FPRT,0.19729349285004671
El espejo,sub-077,sub-054,FPRT,0.11239545292156723
El espejo,sub-077,sub-078,FPRT,0.1642760820931155
El espejo,sub-077,sub-046,FPRT,0.1617091981633411
El espejo,sub-077,sub-097,FPRT,0.17975478223916602
El espejo,sub-077,sub-079,FPRT,0.3085447350380903
El espejo,sub-077,sub-028,FPRT,0.17615714682918016
El espejo,sub-077,sub-089,FPRT,0.15775852954717606
El espejo,sub-077,sub-109,FPRT,0.2651551077854408
El espejo,sub-077,sub-070,FPRT,0.1188805505714979
El espejo,sub-077,sub-111,FPRT,0.09367860791582522
El espejo,sub-077,sub-073,FPRT,0.1760571564793624
El espejo,sub-077,sub-001,FPRT,0.23946458414324476
El espejo,sub-077,sub-095,FPRT,0.22510652232624512
El espejo,sub-077,sub-012,FPRT,0.11859005719150276
El espejo,sub-077,sub-052,FPRT,0.1570428944842518
El espejo,sub-077,sub-094,FPRT,0.16617823152343583
El espejo,sub-077,sub-088,FPRT,0.13181966823141716
El espejo,sub-077,sub-044,FPRT,0.22224430019504007
El espejo,sub-077,sub-009,FPRT,0.1621004447938795
El espejo,sub-077,sub-041,FPRT,0.15244874973683917
El espejo,sub-077,sub-024,FPRT,0.09620947645754242
El espejo,sub-077,sub-016,FPRT,0.15625754089704927
El espejo,sub-077,sub-112,FPRT,0.2283567292595198
El espejo,sub-077,sub-058,FPRT,0.18976896663571954
El espejo,sub-077,sub-018,FPRT,0.14295087852497296
El espejo,sub-077,sub-048,FPRT,0.15624664567623908
El espejo,sub-077,sub-087,FPRT,0.14620686935086624
El espejo,sub-077,sub-091,FPRT,0.19933347519941455
El espejo,sub-077,sub-083,FPRT,0.22420065385244292
El espejo,sub-077,sub-065,FPRT,0.21589173696946878
El espejo,sub-077,sub-077,FPRT,1.0
El espejo,sub-077,sub-039,FPRT,0.13970985976139308
El espejo,sub-077,sub-053,FPRT,0.10037541452367493
El espejo,sub-077,sub-075,FPRT,0.15828561461914867
El espejo,sub-077,sub-060,FPRT,0.21055277168374845
El espejo,sub-077,sub-103,FPRT,0.15046899018024243
El espejo,sub-077,sub-105,FPRT,0.1937619943104826
El espejo,sub-077,sub-064,FPRT,0.0961537893486395
El espejo,sub-077,sub-010,FPRT,0.02163916031159772
El espejo,sub-077,sub-034,FPRT,0.2007905403446665
El espejo,sub-077,sub-002,FPRT,0.11011898554334933
El espejo,sub-077,sub-085,FPRT,0.15596101237066784
El espejo,sub-077,sub-021,FPRT,0.17253163284041237
El espejo,sub-077,sub-096,FPRT,0.2601375701808388
El espejo,sub-077,sub-027,FPRT,0.2137157243952769
El espejo,sub-077,sub-006,FPRT,0.21350449251478212
El espejo,sub-077,sub-066,FPRT,0.17472780927044795
El espejo,sub-077,sub-101,FPRT,0.16023244695039493
El espejo,sub-077,sub-042,FPRT,0.2187461131362154
El espejo,sub-077,sub-003,FPRT,0.25131645803764663
El espejo,sub-077,sub-107,FPRT,0.19499182094497972
El espejo,sub-077,sub-098,FPRT,0.1747819339388936
El espejo,sub-077,sub-086,FPRT,0.08311572528192479
El espejo,sub-077,sub-013,FPRT,0.1638396744558986
El espejo,sub-077,sub-068,FPRT,0.16243273537683792
El espejo,sub-039,sub-067,FPRT,0.23648719812988162
El espejo,sub-039,sub-054,FPRT,0.25438261833899484
El espejo,sub-039,sub-078,FPRT,0.2242734605960003
El espejo,sub-039,sub-046,FPRT,0.34579449412223556
El espejo,sub-039,sub-097,FPRT,0.330519236631889
El espejo,sub-039,sub-079,FPRT,0.30793170391490404
El espejo,sub-039,sub-028,FPRT,0.25837929979986407
El espejo,sub-039,sub-089,FPRT,0.32316781426198027
El espejo,sub-039,sub-109,FPRT,0.39876364733766617
El espejo,sub-039,sub-070,FPRT,0.09220950334389105
El espejo,sub-039,sub-111,FPRT,0.22093973088091134
El espejo,sub-039,sub-073,FPRT,0.15781069456348648
El espejo,sub-039,sub-001,FPRT,0.3689427469456175
El espejo,sub-039,sub-095,FPRT,0.3404324854252294
El espejo,sub-039,sub-012,FPRT,0.17611483041653053
El espejo,sub-039,sub-052,FPRT,0.10831756319272623
El espejo,sub-039,sub-094,FPRT,0.16188052561912603
El espejo,sub-039,sub-088,FPRT,0.09558989286988785
El espejo,sub-039,sub-044,FPRT,0.39878541068198853
El espejo,sub-039,sub-009,FPRT,0.33531939088422114
El espejo,sub-039,sub-041,FPRT,0.297147020823656
El espejo,sub-039,sub-024,FPRT,0.04644416839095065
El espejo,sub-039,sub-016,FPRT,0.14835378556926523
El espejo,sub-039,sub-112,FPRT,0.3344291712596917
El espejo,sub-039,sub-058,FPRT,0.2913241803572351
El espejo,sub-039,sub-018,FPRT,0.17635350673518793
El espejo,sub-039,sub-048,FPRT,0.1971251383824692
El espejo,sub-039,sub-087,FPRT,0.21417257091088374
El espejo,sub-039,sub-091,FPRT,0.29623687630764023
El espejo,sub-039,sub-083,FPRT,0.2997711022014733
El espejo,sub-039,sub-065,FPRT,0.3468774765354818
El espejo,sub-039,sub-077,FPRT,0.13970985976139308
El espejo,sub-039,sub-039,FPRT,0.9999999999999998
El espejo,sub-039,sub-053,FPRT,0.10965269982812818
El espejo,sub-039,sub-075,FPRT,0.10350053412556963
El espejo,sub-039,sub-060,FPRT,0.2652366816451077
El espejo,sub-039,sub-103,FPRT,0.32146122867133353
El espejo,sub-039,sub-105,FPRT,0.14588026893929074
El espejo,sub-039,sub-064,FPRT,0.17646060418631485
El espejo,sub-039,sub-010,FPRT,0.029576266808313226
El espejo,sub-039,sub-034,FPRT,0.1782974301730941
El espejo,sub-039,sub-002,FPRT,0.3035018509866855
El espejo,sub-039,sub-085,FPRT,0.3099894884580491
El espejo,sub-039,sub-021,FPRT,0.43258143013306033
El espejo,sub-039,sub-096,FPRT,0.388504415744562
El espejo,sub-039,sub-027,FPRT,0.35657864022309316
El espejo,sub-039,sub-006,FPRT,0.33669024167668915
El espejo,sub-039,sub-066,FPRT,0.2627019659027725
El espejo,sub-039,sub-101,FPRT,0.11749302791314982
El espejo,sub-039,sub-042,FPRT,0.4190956706487827
El espejo,sub-039,sub-003,FPRT,0.36528415045661766
El espejo,sub-039,sub-107,FPRT,0.3065618081246248
El espejo,sub-039,sub-098,FPRT,0.20776315289072864
El espejo,sub-039,sub-086,FPRT,0.05353994924633211
El espejo,sub-039,sub-013,FPRT,0.12063856708199103
El espejo,sub-039,sub-068,FPRT,0.2716945783087251
El espejo,sub-053,sub-067,FPRT,0.23027246342134494
El espejo,sub-053,sub-054,FPRT,0.23665745475372849
El espejo,sub-053,sub-078,FPRT,0.28339158473394
El espejo,sub-053,sub-046,FPRT,0.14659866069295013
El espejo,sub-053,sub-097,FPRT,0.2303137775349854
El espejo,sub-053,sub-079,FPRT,0.2520579976046878
El espejo,sub-053,sub-028,FPRT,0.23969055291725944
El espejo,sub-053,sub-089,FPRT,0.22112176157210675
El espejo,sub-053,sub-109,FPRT,0.300742388209538
El espejo,sub-053,sub-070,FPRT,0.23093230068648593
El espejo,sub-053,sub-111,FPRT,0.2186533869342626
El espejo,sub-053,sub-073,FPRT,0.16922334520528232
El espejo,sub-053,sub-001,FPRT,0.23042865551281708
El espejo,sub-053,sub-095,FPRT,0.29540355133071894
El espejo,sub-053,sub-012,FPRT,0.17664529923667938
El espejo,sub-053,sub-052,FPRT,0.30237622349535703
El espejo,sub-053,sub-094,FPRT,0.3224364710060129
El espejo,sub-053,sub-088,FPRT,0.08638246544761138
El espejo,sub-053,sub-044,FPRT,0.23035452951140406
El espejo,sub-053,sub-009,FPRT,0.15973426003619526
El espejo,sub-053,sub-041,FPRT,0.261033068039456
El espejo,sub-053,sub-024,FPRT,0.16568564619370538
El espejo,sub-053,sub-016,FPRT,0.2883376512264838
El espejo,sub-053,sub-112,FPRT,0.18578888030195456
El espejo,sub-053,sub-058,FPRT,0.23599302249612458
El espejo,sub-053,sub-018,FPRT,0.24806564039056647
El espejo,sub-053,sub-048,FPRT,0.2530708953761384
El espejo,sub-053,sub-087,FPRT,0.22703940587364974
El espejo,sub-053,sub-091,FPRT,0.2624501465769734
El espejo,sub-053,sub-083,FPRT,0.2358150397450269
El espejo,sub-053,sub-065,FPRT,0.2598731473100369
El espejo,sub-053,sub-077,FPRT,0.10037541452367492
El espejo,sub-053,sub-039,FPRT,0.10965269982812818
El espejo,sub-053,sub-053,FPRT,1.0
El espejo,sub-053,sub-075,FPRT,0.27470481243056916
El espejo,sub-053,sub-060,FPRT,0.267201582238817
El espejo,sub-053,sub-103,FPRT,0.29981090720041037
El espejo,sub-053,sub-105,FPRT,0.2836861811938402
El espejo,sub-053,sub-064,FPRT,0.3203883436996765
El espejo,sub-053,sub-010,FPRT,0.27714978139247254
El espejo,sub-053,sub-034,FPRT,0.3091574875315866
El espejo,sub-053,sub-002,FPRT,0.1731098174690431
El espejo,sub-053,sub-085,FPRT,0.14097918331556036
El espejo,sub-053,sub-021,FPRT,0.12711374160970992
El espejo,sub-053,sub-096,FPRT,0.29085119178854224
El espejo,sub-053,sub-027,FPRT,0.1752422707038811
El espejo,sub-053,sub-006,FPRT,0.20112256703446174
El espejo,sub-053,sub-066,FPRT,0.20122954687681321
El espejo,sub-053,sub-101,FPRT,0.31523302447228796
El espejo,sub-053,sub-042,FPRT,0.18936967888255438
El espejo,sub-053,sub-003,FPRT,0.28808659192710584
El espejo,sub-053,sub-107,FPRT,0.2305172411921932
El espejo,sub-053,sub-098,FPRT,0.35537737194368035
El espejo,sub-053,sub-086,FPRT,0.23604282301561016
El espejo,sub-053,sub-013,FPRT,0.2960452644536705
El espejo,sub-053,sub-068,FPRT,0.314728575876893
El espejo,sub-075,sub-067,FPRT,0.23403649579219785
El espejo,sub-075,sub-054,FPRT,0.1902628691436091
El espejo,sub-075,sub-078,FPRT,0.2991619652558826
El espejo,sub-075,sub-046,FPRT,0.25007357057290963
El espejo,sub-075,sub-097,FPRT,0.25507577037114193
El espejo,sub-075,sub-079,FPRT,0.2729292377215464
El espejo,sub-075,sub-028,FPRT,0.25921124930752637
El espejo,sub-075,sub-089,FPRT,0.2059205103485909
El espejo,sub-075,sub-109,FPRT,0.29129384414963977
El espejo,sub-075,sub-070,FPRT,0.228101161497335
El espejo,sub-075,sub-111,FPRT,0.2392380939978875
El espejo,sub-075,sub-073,FPRT,0.25636641386500325
El espejo,sub-075,sub-001,FPRT,0.23183402560327976
El espejo,sub-075,sub-095,FPRT,0.2623604831824551
El espejo,sub-075,sub-012,FPRT,0.060093808338292705
El espejo,sub-075,sub-052,FPRT,0.268677134007476
El espejo,sub-075,sub-094,FPRT,0.2940277653972469
El espejo,sub-075,sub-088,FPRT,0.08604817749057857
El espejo,sub-075,sub-044,FPRT,0.21727566983917077
El espejo,sub-075,sub-009,FPRT,0.18718076010064588
El espejo,sub-075,sub-041,FPRT,0.3242665476967755
El espejo,sub-075,sub-024,FPRT,0.2333960251268201
El espejo,sub-075,sub-016,FPRT,0.1958338099148689
El espejo,sub-075,sub-112,FPRT,0.2514487100395335
El espejo,sub-075,sub-058,FPRT,0.2067426184323773
El espejo,sub-075,sub-018,FPRT,0.2921184097269696
El espejo,sub-075,sub-048,FPRT,0.28435387691891034
El espejo,sub-075,sub-087,FPRT,0.2520868345036815
El espejo,sub-075,sub-091,FPRT,0.22721070022392445
El espejo,sub-075,sub-083,FPRT,0.26258065485475546
El espejo,sub-075,sub-065,FPRT,0.24676237429963266
El espejo,sub-075,sub-077,FPRT,0.15828561461914867
El espejo,sub-075,sub-039,FPRT,0.10350053412556963
El espejo,sub-075,sub-053,FPRT,0.27470481243056916
El espejo,sub-075,sub-075,FPRT,1.0
El espejo,sub-075,sub-060,FPRT,0.3051843959193662
El espejo,sub-075,sub-103,FPRT,0.2809279593039674
El espejo,sub-075,sub-105,FPRT,0.16454080657923287
El espejo,sub-075,sub-064,FPRT,0.28680456049823494
El espejo,sub-075,sub-010,FPRT,0.18376237023165465
El espejo,sub-075,sub-034,FPRT,0.35250417911426535
El espejo,sub-075,sub-002,FPRT,0.1511287496972955
El espejo,sub-075,sub-085,FPRT,0.21865750876348
El espejo,sub-075,sub-021,FPRT,0.0649492661188283
El espejo,sub-075,sub-096,FPRT,0.2972369816507098
El espejo,sub-075,sub-027,FPRT,0.16302159010093642
El espejo,sub-075,sub-006,FPRT,0.22365747641698006
El espejo,sub-075,sub-066,FPRT,0.22460204083373103
El espejo,sub-075,sub-101,FPRT,0.3294922078339801
El espejo,sub-075,sub-042,FPRT,0.16737175837879512
El espejo,sub-075,sub-003,FPRT,0.2861573824040928
El espejo,sub-075,sub-107,FPRT,0.20178920308813253
El espejo,sub-075,sub-098,FPRT,0.2681668293321308
El espejo,sub-075,sub-086,FPRT,0.1693857613991481
El espejo,sub-075,sub-013,FPRT,0.3687321026485606
El espejo,sub-075,sub-068,FPRT,0.3343628468059585
El espejo,sub-060,sub-067,FPRT,0.2428433851950977
El espejo,sub-060,sub-054,FPRT,0.22074629210445224
El espejo,sub-060,sub-078,FPRT,0.3205032446879244
El espejo,sub-060,sub-046,FPRT,0.31089160936552046
El espejo,sub-060,sub-097,FPRT,0.367965644558189
El espejo,sub-060,sub-079,FPRT,0.35869299975617697
El espejo,sub-060,sub-028,FPRT,0.4143136191508587
El espejo,sub-060,sub-089,FPRT,0.33885100185247513
El espejo,sub-060,sub-109,FPRT,0.41331396584435104
El espejo,sub-060,sub-070,FPRT,0.17008370938184988
El espejo,sub-060,sub-111,FPRT,0.255964295021325
El espejo,sub-060,sub-073,FPRT,0.3118035319479311
El espejo,sub-060,sub-001,FPRT,0.37954997472375407
El espejo,sub-060,sub-095,FPRT,0.4240500032261691
El espejo,sub-060,sub-012,FPRT,0.19722058311673626
El espejo,sub-060,sub-052,FPRT,0.29891371705069886
El espejo,sub-060,sub-094,FPRT,0.24086147156228535
El espejo,sub-060,sub-088,FPRT,0.19817615459492824
El espejo,sub-060,sub-044,FPRT,0.41639457611710046
El espejo,sub-060,sub-009,FPRT,0.2971332294400621
El espejo,sub-060,sub-041,FPRT,0.33229469353648855
El espejo,sub-060,sub-024,FPRT,0.06524711739800874
El espejo,sub-060,sub-016,FPRT,0.1820457035313784
El espejo,sub-060,sub-112,FPRT,0.34203785396452535
El espejo,sub-060,sub-058,FPRT,0.34763532999131247
El espejo,sub-060,sub-018,FPRT,0.20635633613601356
El espejo,sub-060,sub-048,FPRT,0.22467808431251804
El espejo,sub-060,sub-087,FPRT,0.3407849040388011
El espejo,sub-060,sub-091,FPRT,0.33117878778565774
El espejo,sub-060,sub-083,FPRT,0.3676082866439501
El espejo,sub-060,sub-065,FPRT,0.36352073565098475
El espejo,sub-060,sub-077,FPRT,0.21055277168374847
El espejo,sub-060,sub-039,FPRT,0.2652366816451078
El espejo,sub-060,sub-053,FPRT,0.267201582238817
El espejo,sub-060,sub-075,FPRT,0.30518439591936625
El espejo,sub-060,sub-060,FPRT,0.9999999999999998
El espejo,sub-060,sub-103,FPRT,0.3225377593083094
El espejo,sub-060,sub-105,FPRT,0.2384284221839213
El espejo,sub-060,sub-064,FPRT,0.2621405639160533
El espejo,sub-060,sub-010,FPRT,0.12028451151484924
El espejo,sub-060,sub-034,FPRT,0.3056448208693932
El espejo,sub-060,sub-002,FPRT,0.27841800392085747
El espejo,sub-060,sub-085,FPRT,0.3365040133318629
El espejo,sub-060,sub-021,FPRT,0.26009638074030705
El espejo,sub-060,sub-096,FPRT,0.3620859892994403
El espejo,sub-060,sub-027,FPRT,0.29687618200520627
El espejo,sub-060,sub-006,FPRT,0.34960295947861175
El espejo,sub-060,sub-066,FPRT,0.3185127275341016
El espejo,sub-060,sub-101,FPRT,0.24491891724261075
El espejo,sub-060,sub-042,FPRT,0.29966261036318664
El espejo,sub-060,sub-003,FPRT,0.42017749113632813
El espejo,sub-060,sub-107,FPRT,0.33653130165436496
El espejo,sub-060,sub-098,FPRT,0.28213011963249757
El espejo,sub-060,sub-086,FPRT,0.14655369050068598
El espejo,sub-060,sub-013,FPRT,0.25685805491756486
El espejo,sub-060,sub-068,FPRT,0.36453462787266017
El espejo,sub-103,sub-067,FPRT,0.23685932401916135
El espejo,sub-103,sub-054,FPRT,0.22384914473078826
El espejo,sub-103,sub-078,FPRT,0.2781164844985325
El espejo,sub-103,sub-046,FPRT,0.2876983865910346
El espejo,sub-103,sub-097,FPRT,0.36105700131772284
El espejo,sub-103,sub-079,FPRT,0.38434753298463575
El espejo,sub-103,sub-028,FPRT,0.3674717530071652
El espejo,sub-103,sub-089,FPRT,0.4057282809662755
El espejo,sub-103,sub-109,FPRT,0.42206185375774474
El espejo,sub-103,sub-070,FPRT,0.20110635973743615
El espejo,sub-103,sub-111,FPRT,0.32012245850113535
El espejo,sub-103,sub-073,FPRT,0.2829086041428971
El espejo,sub-103,sub-001,FPRT,0.381106684495239
El espejo,sub-103,sub-095,FPRT,0.45336837222599286
El espejo,sub-103,sub-012,FPRT,0.14123396478027425
El espejo,sub-103,sub-052,FPRT,0.2718970548128225
El espejo,sub-103,sub-094,FPRT,0.3121082939443084
El espejo,sub-103,sub-088,FPRT,0.09982191298151953
El espejo,sub-103,sub-044,FPRT,0.3806370295829764
El espejo,sub-103,sub-009,FPRT,0.26106037016491673
El espejo,sub-103,sub-041,FPRT,0.33246221970465567
El espejo,sub-103,sub-024,FPRT,0.17053694408008463
El espejo,sub-103,sub-016,FPRT,0.2646420702081085
El espejo,sub-103,sub-112,FPRT,0.3271902445424955
El espejo,sub-103,sub-058,FPRT,0.30605872255038985
El espejo,sub-103,sub-018,FPRT,0.30070570550617987
El espejo,sub-103,sub-048,FPRT,0.2636562415937742
El espejo,sub-103,sub-087,FPRT,0.2629738718939073
El espejo,sub-103,sub-091,FPRT,0.3111540056100519
El espejo,sub-103,sub-083,FPRT,0.37206689598500853
El espejo,sub-103,sub-065,FPRT,0.3763854742570274
El espejo,sub-103,sub-077,FPRT,0.15046899018024243
El espejo,sub-103,sub-039,FPRT,0.32146122867133353
El espejo,sub-103,sub-053,FPRT,0.29981090720041037
El espejo,sub-103,sub-075,FPRT,0.28092795930396736
El espejo,sub-103,sub-060,FPRT,0.3225377593083094
El espejo,sub-103,sub-103,FPRT,1.0
El espejo,sub-103,sub-105,FPRT,0.25295278064634535
El espejo,sub-103,sub-064,FPRT,0.26241284349233934
El espejo,sub-103,sub-010,FPRT,0.1618001998299652
El espejo,sub-103,sub-034,FPRT,0.32337534782729904
El espejo,sub-103,sub-002,FPRT,0.26504236773946027
El espejo,sub-103,sub-085,FPRT,0.31910587508929494
El espejo,sub-103,sub-021,FPRT,0.27154922214241745
El espejo,sub-103,sub-096,FPRT,0.40252825584219104
El espejo,sub-103,sub-027,FPRT,0.28099977631019746
El espejo,sub-103,sub-006,FPRT,0.2898542823848974
El espejo,sub-103,sub-066,FPRT,0.36777043091206063
El espejo,sub-103,sub-101,FPRT,0.2844196820859636
El espejo,sub-103,sub-042,FPRT,0.3572759874617062
El espejo,sub-103,sub-003,FPRT,0.4111927996618046
El espejo,sub-103,sub-107,FPRT,0.2639560407054322
El espejo,sub-103,sub-098,FPRT,0.3169867575055281
El espejo,sub-103,sub-086,FPRT,0.16444436995584702
El espejo,sub-103,sub-013,FPRT,0.3524623697874273
El espejo,sub-103,sub-068,FPRT,0.3597527569650987
El espejo,sub-105,sub-067,FPRT,0.1686889258180383
El espejo,sub-105,sub-054,FPRT,0.1675042651170874
El espejo,sub-105,sub-078,FPRT,0.20533702491680386
El espejo,sub-105,sub-046,FPRT,0.13575423388387886
El espejo,sub-105,sub-097,FPRT,0.2301278777873561
El espejo,sub-105,sub-079,FPRT,0.2099693037960252
El espejo,sub-105,sub-028,FPRT,0.2569686113269846
El espejo,sub-105,sub-089,FPRT,0.18073162870595194
El espejo,sub-105,sub-109,FPRT,0.30955957447454063
El espejo,sub-105,sub-070,FPRT,0.15287577942130706
El espejo,sub-105,sub-111,FPRT,0.11550617375033846
El espejo,sub-105,sub-073,FPRT,0.13793682189666914
El espejo,sub-105,sub-001,FPRT,0.21168708521632243
El espejo,sub-105,sub-095,FPRT,0.23614530424319047
El espejo,sub-105,sub-012,FPRT,0.05515815345615198
El espejo,sub-105,sub-052,FPRT,0.18535276117486343
El espejo,sub-105,sub-094,FPRT,0.25062703752795706
El espejo,sub-105,sub-088,FPRT,0.16085742269794706
El espejo,sub-105,sub-044,FPRT,0.2595766167148446
El espejo,sub-105,sub-009,FPRT,0.07075485625311805
El espejo,sub-105,sub-041,FPRT,0.258541605361926
El espejo,sub-105,sub-024,FPRT,0.1705992506678035
El espejo,sub-105,sub-016,FPRT,0.17918028504324945
El espejo,sub-105,sub-112,FPRT,0.1936031135906316
El espejo,sub-105,sub-058,FPRT,0.21907583237857342
El espejo,sub-105,sub-018,FPRT,0.21160230812864247
El espejo,sub-105,sub-048,FPRT,0.2346627757212797
El espejo,sub-105,sub-087,FPRT,0.16200316062315828
El espejo,sub-105,sub-091,FPRT,0.30173519734806653
El espejo,sub-105,sub-083,FPRT,0.2177000844515118
El espejo,sub-105,sub-065,FPRT,0.16067934565150238
El espejo,sub-105,sub-077,FPRT,0.1937619943104826
El espejo,sub-105,sub-039,FPRT,0.14588026893929074
El espejo,sub-105,sub-053,FPRT,0.28368618119384026
El espejo,sub-105,sub-075,FPRT,0.16454080657923287
El espejo,sub-105,sub-060,FPRT,0.23842842218392132
El espejo,sub-105,sub-103,FPRT,0.25295278064634535
El espejo,sub-105,sub-105,FPRT,1.0
El espejo,sub-105,sub-064,FPRT,0.18113844254370348
El espejo,sub-105,sub-010,FPRT,0.06411510599857087
El espejo,sub-105,sub-034,FPRT,0.3044871417578595
El espejo,sub-105,sub-002,FPRT,0.15668642217029366
El espejo,sub-105,sub-085,FPRT,0.1474929486148868
El espejo,sub-105,sub-021,FPRT,0.11395486631964838
El espejo,sub-105,sub-096,FPRT,0.2643421521718947
El espejo,sub-105,sub-027,FPRT,0.14014439967276857
El espejo,sub-105,sub-006,FPRT,0.14572275283073186
El espejo,sub-105,sub-066,FPRT,0.16342454909147502
El espejo,sub-105,sub-101,FPRT,0.2245760851410943
El espejo,sub-105,sub-042,FPRT,0.18177994506924586
El espejo,sub-105,sub-003,FPRT,0.2524099183070007
El espejo,sub-105,sub-107,FPRT,0.10428623676783626
El espejo,sub-105,sub-098,FPRT,0.1955687167235614
El espejo,sub-105,sub-086,FPRT,0.15076583987329376
El espejo,sub-105,sub-013,FPRT,0.16855660217678403
El espejo,sub-105,sub-068,FPRT,0.2706095069014604
El espejo,sub-064,sub-067,FPRT,0.25902900162878273
El espejo,sub-064,sub-054,FPRT,0.2321908783062179
El espejo,sub-064,sub-078,FPRT,0.23757294937937118
El espejo,sub-064,sub-046,FPRT,0.2203887916179868
El espejo,sub-064,sub-097,FPRT,0.18906791581548948
El espejo,sub-064,sub-079,FPRT,0.26968656294503196
El espejo,sub-064,sub-028,FPRT,0.27688220061154045
El espejo,sub-064,sub-089,FPRT,0.26371964957155175
El espejo,sub-064,sub-109,FPRT,0.32249610543470064
El espejo,sub-064,sub-070,FPRT,0.17821694265099072
El espejo,sub-064,sub-111,FPRT,0.2546283052013161
El espejo,sub-064,sub-073,FPRT,0.1724922965255888
El espejo,sub-064,sub-001,FPRT,0.34267635021778126
El espejo,sub-064,sub-095,FPRT,0.34410425131339784
El espejo,sub-064,sub-012,FPRT,0.13898741853623095
El espejo,sub-064,sub-052,FPRT,0.3019000515594786
El espejo,sub-064,sub-094,FPRT,0.33037354891493714
El espejo,sub-064,sub-088,FPRT,0.1041277119360963
El espejo,sub-064,sub-044,FPRT,0.2772417726463582
El espejo,sub-064,sub-009,FPRT,0.1983575250495902
El espejo,sub-064,sub-041,FPRT,0.29560101304321557
El espejo,sub-064,sub-024,FPRT,0.18757455943135842
El espejo,sub-064,sub-016,FPRT,0.2529710742629089
El espejo,sub-064,sub-112,FPRT,0.21512636080811548
El espejo,sub-064,sub-058,FPRT,0.20527102278504772
El espejo,sub-064,sub-018,FPRT,0.19804351415873198
El espejo,sub-064,sub-048,FPRT,0.30818170703399084
El espejo,sub-064,sub-087,FPRT,0.27481633920878
El espejo,sub-064,sub-091,FPRT,0.24843064290540567
El espejo,sub-064,sub-083,FPRT,0.29803958560258753
El espejo,sub-064,sub-065,FPRT,0.23531974062521968
El espejo,sub-064,sub-077,FPRT,0.0961537893486395
El espejo,sub-064,sub-039,FPRT,0.17646060418631485
El espejo,sub-064,sub-053,FPRT,0.3203883436996765
El espejo,sub-064,sub-075,FPRT,0.2868045604982349
El espejo,sub-064,sub-060,FPRT,0.2621405639160533
El espejo,sub-064,sub-103,FPRT,0.2624128434923394
El espejo,sub-064,sub-105,FPRT,0.18113844254370348
El espejo,sub-064,sub-064,FPRT,0.9999999999999999
El espejo,sub-064,sub-010,FPRT,0.17157964159718414
El espejo,sub-064,sub-034,FPRT,0.3267445170159028
El espejo,sub-064,sub-002,FPRT,0.25296241226716076
El espejo,sub-064,sub-085,FPRT,0.20981175200143434
El espejo,sub-064,sub-021,FPRT,0.19966004351553826
El espejo,sub-064,sub-096,FPRT,0.30770207672606725
El espejo,sub-064,sub-027,FPRT,0.22060750961753453
El espejo,sub-064,sub-006,FPRT,0.24186498880656104
El espejo,sub-064,sub-066,FPRT,0.25581029999082544
El espejo,sub-064,sub-101,FPRT,0.325605808239537
El espejo,sub-064,sub-042,FPRT,0.2218794314272056
El espejo,sub-064,sub-003,FPRT,0.2581316967766074
El espejo,sub-064,sub-107,FPRT,0.19932420724646718
El espejo,sub-064,sub-098,FPRT,0.3825579729750966
El espejo,sub-064,sub-086,FPRT,0.20799220361337978
El espejo,sub-064,sub-013,FPRT,0.30673366767851207
El espejo,sub-064,sub-068,FPRT,0.2938967426975883
El espejo,sub-010,sub-067,FPRT,0.06626858081106066
El espejo,sub-010,sub-054,FPRT,0.11807566882573889
El espejo,sub-010,sub-078,FPRT,0.13159124392174482
El espejo,sub-010,sub-046,FPRT,0.029073928670617685
El espejo,sub-010,sub-097,FPRT,0.09191308569982609
El espejo,sub-010,sub-079,FPRT,0.08466235039291795
El espejo,sub-010,sub-028,FPRT,0.12849755614828418
El espejo,sub-010,sub-089,FPRT,0.03284134672331063
El espejo,sub-010,sub-109,FPRT,0.10210109690783747
El espejo,sub-010,sub-070,FPRT,0.17402756807143674
El espejo,sub-010,sub-111,FPRT,0.13937976599634078
El espejo,sub-010,sub-073,FPRT,0.10721517672126794
El espejo,sub-010,sub-001,FPRT,0.09683512764874623
El espejo,sub-010,sub-095,FPRT,0.12423809230924175
El espejo,sub-010,sub-012,FPRT,0.05451092807172931
El espejo,sub-010,sub-052,FPRT,0.2033875410007603
El espejo,sub-010,sub-094,FPRT,0.2588700749755695
El espejo,sub-010,sub-088,FPRT,0.025780019444137603
El espejo,sub-010,sub-044,FPRT,0.10331249917876056
El espejo,sub-010,sub-009,FPRT,0.12149005075547098
El espejo,sub-010,sub-041,FPRT,0.12911969543275645
El espejo,sub-010,sub-024,FPRT,0.13631215109465677
El espejo,sub-010,sub-016,FPRT,0.18968082664583888
El espejo,sub-010,sub-112,FPRT,0.03882182186994583
El espejo,sub-010,sub-058,FPRT,0.04522773046983944
El espejo,sub-010,sub-018,FPRT,0.16590487914050903
El espejo,sub-010,sub-048,FPRT,0.1128160155849205
El espejo,sub-010,sub-087,FPRT,0.12981351220163634
El espejo,sub-010,sub-091,FPRT,0.12992575314354438
El espejo,sub-010,sub-083,FPRT,0.05101787893462561
El espejo,sub-010,sub-065,FPRT,0.10493770289931674
El espejo,sub-010,sub-077,FPRT,0.02163916031159772
El espejo,sub-010,sub-039,FPRT,0.029576266808313222
El espejo,sub-010,sub-053,FPRT,0.27714978139247254
El espejo,sub-010,sub-075,FPRT,0.18376237023165465
El espejo,sub-010,sub-060,FPRT,0.12028451151484924
El espejo,sub-010,sub-103,FPRT,0.1618001998299652
El espejo,sub-010,sub-105,FPRT,0.06411510599857087
El espejo,sub-010,sub-064,FPRT,0.17157964159718414
El espejo,sub-010,sub-010,FPRT,1.0
El espejo,sub-010,sub-034,FPRT,0.2001338365456633
El espejo,sub-010,sub-002,FPRT,0.031017014557420865
El espejo,sub-010,sub-085,FPRT,0.11478681028801511
El espejo,sub-010,sub-021,FPRT,0.051565689139472515
El espejo,sub-010,sub-096,FPRT,0.16898228736143558
El espejo,sub-010,sub-027,FPRT,0.07748881284052322
El espejo,sub-010,sub-006,FPRT,0.08811525459120181
El espejo,sub-010,sub-066,FPRT,0.0653151092599723
El espejo,sub-010,sub-101,FPRT,0.16103439438551767
El espejo,sub-010,sub-042,FPRT,0.06713849619984434
El espejo,sub-010,sub-003,FPRT,0.11682186173121199
El espejo,sub-010,sub-107,FPRT,0.06803945504129467
El espejo,sub-010,sub-098,FPRT,0.10933456176687974
El espejo,sub-010,sub-086,FPRT,0.21610547206307726
El espejo,sub-010,sub-013,FPRT,0.2138381682304217
El espejo,sub-010,sub-068,FPRT,0.12031283927943802
El espejo,sub-034,sub-067,FPRT,0.3184874284014602
El espejo,sub-034,sub-054,FPRT,0.3322301810462971
El espejo,sub-034,sub-078,FPRT,0.2978218913371749
El espejo,sub-034,sub-046,FPRT,0.17754019382132827
El espejo,sub-034,sub-097,FPRT,0.33692718152227064
El espejo,sub-034,sub-079,FPRT,0.3311503546379994
El espejo,sub-034,sub-028,FPRT,0.3574978191404751
El espejo,sub-034,sub-089,FPRT,0.25844750894739826
El espejo,sub-034,sub-109,FPRT,0.38503229079704104
El espejo,sub-034,sub-070,FPRT,0.2750630776937404
El espejo,sub-034,sub-111,FPRT,0.16728637301264662
El espejo,sub-034,sub-073,FPRT,0.232332094004576
El espejo,sub-034,sub-001,FPRT,0.2540072777533415
El espejo,sub-034,sub-095,FPRT,0.34497822291363905
El espejo,sub-034,sub-012,FPRT,0.1161652681910164
El espejo,sub-034,sub-052,FPRT,0.33458778658611843
El espejo,sub-034,sub-094,FPRT,0.38136109070079965
El espejo,sub-034,sub-088,FPRT,0.09169316969687666
El espejo,sub-034,sub-044,FPRT,0.2784329022447324
El espejo,sub-034,sub-009,FPRT,0.19441586297274757
El espejo,sub-034,sub-041,FPRT,0.34798845713045845
El espejo,sub-034,sub-024,FPRT,0.27574972277473003
El espejo,sub-034,sub-016,FPRT,0.3311903456565214
El espejo,sub-034,sub-112,FPRT,0.22822730908946456
El espejo,sub-034,sub-058,FPRT,0.3261007155577403
El espejo,sub-034,sub-018,FPRT,0.22950488325794638
El espejo,sub-034,sub-048,FPRT,0.33399407640061074
El espejo,sub-034,sub-087,FPRT,0.269616747187633
El espejo,sub-034,sub-091,FPRT,0.30260714780863657
El espejo,sub-034,sub-083,FPRT,0.30940879300787094
El espejo,sub-034,sub-065,FPRT,0.27748198765114185
El espejo,sub-034,sub-077,FPRT,0.2007905403446665
El espejo,sub-034,sub-039,FPRT,0.17829743017309413
El espejo,sub-034,sub-053,FPRT,0.3091574875315866
El espejo,sub-034,sub-075,FPRT,0.35250417911426535
El espejo,sub-034,sub-060,FPRT,0.3056448208693932
El espejo,sub-034,sub-103,FPRT,0.323375347827299
El espejo,sub-034,sub-105,FPRT,0.3044871417578595
El espejo,sub-034,sub-064,FPRT,0.3267445170159028
El espejo,sub-034,sub-010,FPRT,0.2001338365456633
El espejo,sub-034,sub-034,FPRT,1.0
El espejo,sub-034,sub-002,FPRT,0.25444300624945143
El espejo,sub-034,sub-085,FPRT,0.25234192034452485
El espejo,sub-034,sub-021,FPRT,0.1628963328625321
El espejo,sub-034,sub-096,FPRT,0.38495449054167696
El espejo,sub-034,sub-027,FPRT,0.18242271705143007
El espejo,sub-034,sub-006,FPRT,0.23729806450892668
El espejo,sub-034,sub-066,FPRT,0.28774995763919625
El espejo,sub-034,sub-101,FPRT,0.38097461728679666
El espejo,sub-034,sub-042,FPRT,0.2357977734584634
El espejo,sub-034,sub-003,FPRT,0.3406336103041514
El espejo,sub-034,sub-107,FPRT,0.25289542128395875
El espejo,sub-034,sub-098,FPRT,0.35897850761566175
El espejo,sub-034,sub-086,FPRT,0.20647497477570367
El espejo,sub-034,sub-013,FPRT,0.3187764035657199
El espejo,sub-034,sub-068,FPRT,0.3572552901545005
El espejo,sub-002,sub-067,FPRT,0.2569079233378145
El espejo,sub-002,sub-054,FPRT,0.23846014797482598
El espejo,sub-002,sub-078,FPRT,0.25994407659244706
El espejo,sub-002,sub-046,FPRT,0.2882077470087903
El espejo,sub-002,sub-097,FPRT,0.2875221298514354
El espejo,sub-002,sub-079,FPRT,0.33868118566509614
El espejo,sub-002,sub-028,FPRT,0.27745104323313513
El espejo,sub-002,sub-089,FPRT,0.3565514081745447
El espejo,sub-002,sub-109,FPRT,0.4135649261366992
El espejo,sub-002,sub-070,FPRT,0.12021848800049585
El espejo,sub-002,sub-111,FPRT,0.2825644488613474
El espejo,sub-002,sub-073,FPRT,0.18731859215672667
El espejo,sub-002,sub-001,FPRT,0.3504903024039016
El espejo,sub-002,sub-095,FPRT,0.35303561361224517
El espejo,sub-002,sub-012,FPRT,0.1382900047409886
El espejo,sub-002,sub-052,FPRT,0.3304622398201764
El espejo,sub-002,sub-094,FPRT,0.20964671274721303
El espejo,sub-002,sub-088,FPRT,0.1839959631514968
El espejo,sub-002,sub-044,FPRT,0.3391034459456382
El espejo,sub-002,sub-009,FPRT,0.23500002253379293
El espejo,sub-002,sub-041,FPRT,0.30892132066983646
El espejo,sub-002,sub-024,FPRT,0.14975217108303085
El espejo,sub-002,sub-016,FPRT,0.19278736513925698
El espejo,sub-002,sub-112,FPRT,0.31599641786401517
El espejo,sub-002,sub-058,FPRT,0.3202458796703881
El espejo,sub-002,sub-018,FPRT,0.2409929358003767
El espejo,sub-002,sub-048,FPRT,0.23783533281775052
El espejo,sub-002,sub-087,FPRT,0.3367799133828694
El espejo,sub-002,sub-091,FPRT,0.3164639911508302
El espejo,sub-002,sub-083,FPRT,0.31819273723347474
El espejo,sub-002,sub-065,FPRT,0.37883428917637724
El espejo,sub-002,sub-077,FPRT,0.11011898554334934
El espejo,sub-002,sub-039,FPRT,0.3035018509866854
El espejo,sub-002,sub-053,FPRT,0.1731098174690431
El espejo,sub-002,sub-075,FPRT,0.1511287496972955
El espejo,sub-002,sub-060,FPRT,0.27841800392085747
El espejo,sub-002,sub-103,FPRT,0.26504236773946027
El espejo,sub-002,sub-105,FPRT,0.1566864221702937
El espejo,sub-002,sub-064,FPRT,0.25296241226716076
El espejo,sub-002,sub-010,FPRT,0.03101701455742087
El espejo,sub-002,sub-034,FPRT,0.25444300624945143
El espejo,sub-002,sub-002,FPRT,1.0
El espejo,sub-002,sub-085,FPRT,0.23418144283869613
El espejo,sub-002,sub-021,FPRT,0.16599859484875185
El espejo,sub-002,sub-096,FPRT,0.37968177189471397
El espejo,sub-002,sub-027,FPRT,0.34048641239727606
El espejo,sub-002,sub-006,FPRT,0.34987086633385417
El espejo,sub-002,sub-066,FPRT,0.27551663218410727
El espejo,sub-002,sub-101,FPRT,0.19721990924190505
El espejo,sub-002,sub-042,FPRT,0.31035546570644446
El espejo,sub-002,sub-003,FPRT,0.3766274199923923
El espejo,sub-002,sub-107,FPRT,0.303523020620979
El espejo,sub-002,sub-098,FPRT,0.3464035556265851
El espejo,sub-002,sub-086,FPRT,0.10723940457213142
El espejo,sub-002,sub-013,FPRT,0.18802420650083815
El espejo,sub-002,sub-068,FPRT,0.3719095170416216
El espejo,sub-085,sub-067,FPRT,0.22678401719284746
El espejo,sub-085,sub-054,FPRT,0.2374489195384103
El espejo,sub-085,sub-078,FPRT,0.2867061909545323
El espejo,sub-085,sub-046,FPRT,0.35608350417840545
El espejo,sub-085,sub-097,FPRT,0.3224797466249198
El espejo,sub-085,sub-079,FPRT,0.32733149565266545
El espejo,sub-085,sub-028,FPRT,0.2840400759093371
El espejo,sub-085,sub-089,FPRT,0.3756672214064738
El espejo,sub-085,sub-109,FPRT,0.3761926076741144
El espejo,sub-085,sub-070,FPRT,0.11237521076985366
El espejo,sub-085,sub-111,FPRT,0.2734007375406663
El espejo,sub-085,sub-073,FPRT,0.27321510753050515
El espejo,sub-085,sub-001,FPRT,0.3546436846976382
El espejo,sub-085,sub-095,FPRT,0.332191129165683
El espejo,sub-085,sub-012,FPRT,0.1082630766360511
El espejo,sub-085,sub-052,FPRT,0.2690888121496254
El espejo,sub-085,sub-094,FPRT,0.21193239106108241
El espejo,sub-085,sub-088,FPRT,0.013262878923259972
El espejo,sub-085,sub-044,FPRT,0.36543924230316366
El espejo,sub-085,sub-009,FPRT,0.3997552599749698
El espejo,sub-085,sub-041,FPRT,0.2953580304410431
El espejo,sub-085,sub-024,FPRT,0.19329740039719565
El espejo,sub-085,sub-016,FPRT,0.19850169037887816
El espejo,sub-085,sub-112,FPRT,0.38429635151305647
El espejo,sub-085,sub-058,FPRT,0.3034003141196497
El espejo,sub-085,sub-018,FPRT,0.18746021191089302
El espejo,sub-085,sub-048,FPRT,0.28145772410654635
El espejo,sub-085,sub-087,FPRT,0.3731923388074632
El espejo,sub-085,sub-091,FPRT,0.2999692610249944
El espejo,sub-085,sub-083,FPRT,0.2923998826945705
El espejo,sub-085,sub-065,FPRT,0.29854133920843356
El espejo,sub-085,sub-077,FPRT,0.15596101237066784
El espejo,sub-085,sub-039,FPRT,0.3099894884580491
El espejo,sub-085,sub-053,FPRT,0.14097918331556036
El espejo,sub-085,sub-075,FPRT,0.21865750876347997
El espejo,sub-085,sub-060,FPRT,0.3365040133318629
El espejo,sub-085,sub-103,FPRT,0.319105875089295
El espejo,sub-085,sub-105,FPRT,0.14749294861488677
El espejo,sub-085,sub-064,FPRT,0.20981175200143437
El espejo,sub-085,sub-010,FPRT,0.1147868102880151
El espejo,sub-085,sub-034,FPRT,0.25234192034452485
El espejo,sub-085,sub-002,FPRT,0.23418144283869613
El espejo,sub-085,sub-085,FPRT,1.0
El espejo,sub-085,sub-021,FPRT,0.2505306588306104
El espejo,sub-085,sub-096,FPRT,0.28178113306801894
El espejo,sub-085,sub-027,FPRT,0.1996112889879994
El espejo,sub-085,sub-006,FPRT,0.33638369065807056
El espejo,sub-085,sub-066,FPRT,0.33278353503324354
El espejo,sub-085,sub-101,FPRT,0.23549399924397355
El espejo,sub-085,sub-042,FPRT,0.3584606830537335
El espejo,sub-085,sub-003,FPRT,0.36070152586736154
El espejo,sub-085,sub-107,FPRT,0.2553045314376009
El espejo,sub-085,sub-098,FPRT,0.2547715551456247
El espejo,sub-085,sub-086,FPRT,0.12765247818009137
El espejo,sub-085,sub-013,FPRT,0.21338906681572212
El espejo,sub-085,sub-068,FPRT,0.3318284386681428
El espejo,sub-021,sub-067,FPRT,0.10120107382438816
El espejo,sub-021,sub-054,FPRT,0.261728421364094
El espejo,sub-021,sub-078,FPRT,0.125024512295364
El espejo,sub-021,sub-046,FPRT,0.34627181818418307
El espejo,sub-021,sub-097,FPRT,0.2654439047951226
El espejo,sub-021,sub-079,FPRT,0.33118421989401303
El espejo,sub-021,sub-028,FPRT,0.24479088938980254
El espejo,sub-021,sub-089,FPRT,0.24596632921762918
El espejo,sub-021,sub-109,FPRT,0.3329242960639316
El espejo,sub-021,sub-070,FPRT,0.1367428464968595
El espejo,sub-021,sub-111,FPRT,0.09838152774041328
El espejo,sub-021,sub-073,FPRT,0.12734712758995542
El espejo,sub-021,sub-001,FPRT,0.280882120651768
El espejo,sub-021,sub-095,FPRT,0.30265473345455124
El espejo,sub-021,sub-012,FPRT,0.20368917476554774
El espejo,sub-021,sub-052,FPRT,0.13337476191462752
El espejo,sub-021,sub-094,FPRT,0.17415392411134578
El espejo,sub-021,sub-088,FPRT,0.1567252593900806
El espejo,sub-021,sub-044,FPRT,0.3939592072477849
El espejo,sub-021,sub-009,FPRT,0.25127830888866587
El espejo,sub-021,sub-041,FPRT,0.21501994827058876
El espejo,sub-021,sub-024,FPRT,0.010945177171485703
El espejo,sub-021,sub-016,FPRT,0.18041687495635533
El espejo,sub-021,sub-112,FPRT,0.24333026515861975
El espejo,sub-021,sub-058,FPRT,0.22924904655311748
El espejo,sub-021,sub-018,FPRT,0.10627931699067987
El espejo,sub-021,sub-048,FPRT,0.1078790216775294
El espejo,sub-021,sub-087,FPRT,0.2080029834154223
El espejo,sub-021,sub-091,FPRT,0.23874534496833136
El espejo,sub-021,sub-083,FPRT,0.2613476143616853
El espejo,sub-021,sub-065,FPRT,0.2768846735546348
El espejo,sub-021,sub-077,FPRT,0.1725316328404124
El espejo,sub-021,sub-039,FPRT,0.4325814301330603
El espejo,sub-021,sub-053,FPRT,0.12711374160970992
El espejo,sub-021,sub-075,FPRT,0.0649492661188283
El espejo,sub-021,sub-060,FPRT,0.26009638074030705
El espejo,sub-021,sub-103,FPRT,0.27154922214241745
El espejo,sub-021,sub-105,FPRT,0.11395486631964837
El espejo,sub-021,sub-064,FPRT,0.19966004351553823
El espejo,sub-021,sub-010,FPRT,0.051565689139472515
El espejo,sub-021,sub-034,FPRT,0.1628963328625321
El espejo,sub-021,sub-002,FPRT,0.16599859484875185
El espejo,sub-021,sub-085,FPRT,0.25053065883061043
El espejo,sub-021,sub-021,FPRT,1.0
El espejo,sub-021,sub-096,FPRT,0.2581745894633961
El espejo,sub-021,sub-027,FPRT,0.30655878167689093
El espejo,sub-021,sub-006,FPRT,0.2999771784455925
El espejo,sub-021,sub-066,FPRT,0.22689887363272626
El espejo,sub-021,sub-101,FPRT,0.16736669985651295
El espejo,sub-021,sub-042,FPRT,0.3499766001934273
El espejo,sub-021,sub-003,FPRT,0.33647894094817554
El espejo,sub-021,sub-107,FPRT,0.2800439550461623
El espejo,sub-021,sub-098,FPRT,0.18908113461847703
El espejo,sub-021,sub-086,FPRT,0.06766273660779343
El espejo,sub-021,sub-013,FPRT,0.08156456029678913
El espejo,sub-021,sub-068,FPRT,0.20722419099532022
El espejo,sub-096,sub-067,FPRT,0.2808376696803686
El espejo,sub-096,sub-054,FPRT,0.23485942333482956
El espejo,sub-096,sub-078,FPRT,0.35741895254702016
El espejo,sub-096,sub-046,FPRT,0.334292022072712
El espejo,sub-096,sub-097,FPRT,0.4060564193086888
El espejo,sub-096,sub-079,FPRT,0.4624847386324192
El espejo,sub-096,sub-028,FPRT,0.3713630557439172
El espejo,sub-096,sub-089,FPRT,0.3813483108944458
El espejo,sub-096,sub-109,FPRT,0.5114830590383685
El espejo,sub-096,sub-070,FPRT,0.20656455797200274
El espejo,sub-096,sub-111,FPRT,0.36360115227472534
El espejo,sub-096,sub-073,FPRT,0.254817603369467
El espejo,sub-096,sub-001,FPRT,0.45178102980444307
El espejo,sub-096,sub-095,FPRT,0.4624247955761409
El espejo,sub-096,sub-012,FPRT,0.1724161010529431
El espejo,sub-096,sub-052,FPRT,0.37473690799511017
El espejo,sub-096,sub-094,FPRT,0.35474522325599744
El espejo,sub-096,sub-088,FPRT,0.1853302518179143
El espejo,sub-096,sub-044,FPRT,0.43706093770697996
El espejo,sub-096,sub-009,FPRT,0.2605266530798254
El espejo,sub-096,sub-041,FPRT,0.3990675859402568
El espejo,sub-096,sub-024,FPRT,0.1803536206538906
El espejo,sub-096,sub-016,FPRT,0.2388182488870244
El espejo,sub-096,sub-112,FPRT,0.3864953470476725
El espejo,sub-096,sub-058,FPRT,0.44187104815393075
El espejo,sub-096,sub-018,FPRT,0.3523981780230805
El espejo,sub-096,sub-048,FPRT,0.34479701527145096
El espejo,sub-096,sub-087,FPRT,0.3441798388565934
El espejo,sub-096,sub-091,FPRT,0.45148898956502537
El espejo,sub-096,sub-083,FPRT,0.45110080775852307
El espejo,sub-096,sub-065,FPRT,0.43683181523585446
El espejo,sub-096,sub-077,FPRT,0.2601375701808388
El espejo,sub-096,sub-039,FPRT,0.38850441574456207
El espejo,sub-096,sub-053,FPRT,0.29085119178854224
El espejo,sub-096,sub-075,FPRT,0.2972369816507098
El espejo,sub-096,sub-060,FPRT,0.3620859892994403
El espejo,sub-096,sub-103,FPRT,0.40252825584219104
El espejo,sub-096,sub-105,FPRT,0.2643421521718947
El espejo,sub-096,sub-064,FPRT,0.30770207672606725
El espejo,sub-096,sub-010,FPRT,0.16898228736143558
El espejo,sub-096,sub-034,FPRT,0.38495449054167696
El espejo,sub-096,sub-002,FPRT,0.37968177189471397
El espejo,sub-096,sub-085,FPRT,0.2817811330680189
El espejo,sub-096,sub-021,FPRT,0.2581745894633961
El espejo,sub-096,sub-096,FPRT,0.9999999999999999
El espejo,sub-096,sub-027,FPRT,0.39022634467873724
El espejo,sub-096,sub-006,FPRT,0.40191100773412763
El espejo,sub-096,sub-066,FPRT,0.40076773774546753
El espejo,sub-096,sub-101,FPRT,0.3060121736346069
El espejo,sub-096,sub-042,FPRT,0.38391258803667877
El espejo,sub-096,sub-003,FPRT,0.428991177818606
El espejo,sub-096,sub-107,FPRT,0.3637928860978826
El espejo,sub-096,sub-098,FPRT,0.3769271530039505
El espejo,sub-096,sub-086,FPRT,0.1681917830423274
El espejo,sub-096,sub-013,FPRT,0.320376695604896
El espejo,sub-096,sub-068,FPRT,0.453210611117071
El espejo,sub-027,sub-067,FPRT,0.23895842775930112
El espejo,sub-027,sub-054,FPRT,0.16690385762703241
El espejo,sub-027,sub-078,FPRT,0.1853931065223281
El espejo,sub-027,sub-046,FPRT,0.34709630774823363
El espejo,sub-027,sub-097,FPRT,0.3311256048551613
El espejo,sub-027,sub-079,FPRT,0.41153004488361633
El espejo,sub-027,sub-028,FPRT,0.29966629833434083
El espejo,sub-027,sub-089,FPRT,0.29773489190888663
El espejo,sub-027,sub-109,FPRT,0.3701646977038958
El espejo,sub-027,sub-070,FPRT,0.09581267199990363
El espejo,sub-027,sub-111,FPRT,0.24762842604735052
El espejo,sub-027,sub-073,FPRT,0.19231438254341673
El espejo,sub-027,sub-001,FPRT,0.34346247996854656
El espejo,sub-027,sub-095,FPRT,0.3131577764736403
El espejo,sub-027,sub-012,FPRT,0.21898657818163292
El espejo,sub-027,sub-052,FPRT,0.17390179260373573
El espejo,sub-027,sub-094,FPRT,0.18828732537146045
El espejo,sub-027,sub-088,FPRT,0.2367871378088152
El espejo,sub-027,sub-044,FPRT,0.4046557293487326
El espejo,sub-027,sub-009,FPRT,0.2930121342025045
El espejo,sub-027,sub-041,FPRT,0.2692081948028746
El espejo,sub-027,sub-024,FPRT,0.11409013339318556
El espejo,sub-027,sub-016,FPRT,0.19671296701240512
El espejo,sub-027,sub-112,FPRT,0.2859884685061117
El espejo,sub-027,sub-058,FPRT,0.31475403019108933
El espejo,sub-027,sub-018,FPRT,0.22115626289703788
El espejo,sub-027,sub-048,FPRT,0.14109310897456484
El espejo,sub-027,sub-087,FPRT,0.2918927697025581
El espejo,sub-027,sub-091,FPRT,0.2793524066123962
El espejo,sub-027,sub-083,FPRT,0.29976328806049424
El espejo,sub-027,sub-065,FPRT,0.37338243772797325
El espejo,sub-027,sub-077,FPRT,0.2137157243952769
El espejo,sub-027,sub-039,FPRT,0.35657864022309316
El espejo,sub-027,sub-053,FPRT,0.1752422707038811
El espejo,sub-027,sub-075,FPRT,0.16302159010093642
El espejo,sub-027,sub-060,FPRT,0.29687618200520627
El espejo,sub-027,sub-103,FPRT,0.28099977631019746
El espejo,sub-027,sub-105,FPRT,0.14014439967276857
El espejo,sub-027,sub-064,FPRT,0.22060750961753456
El espejo,sub-027,sub-010,FPRT,0.07748881284052322
El espejo,sub-027,sub-034,FPRT,0.18242271705143007
El espejo,sub-027,sub-002,FPRT,0.34048641239727606
El espejo,sub-027,sub-085,FPRT,0.19961128898799943
El espejo,sub-027,sub-021,FPRT,0.30655878167689093
El espejo,sub-027,sub-096,FPRT,0.39022634467873724
El espejo,sub-027,sub-027,FPRT,1.0
El espejo,sub-027,sub-006,FPRT,0.3176950833335078
El espejo,sub-027,sub-066,FPRT,0.20892671578688113
El espejo,sub-027,sub-101,FPRT,0.13427077956691744
El espejo,sub-027,sub-042,FPRT,0.36030210405791824
El espejo,sub-027,sub-003,FPRT,0.40527283100642214
El espejo,sub-027,sub-107,FPRT,0.28307615366406697
El espejo,sub-027,sub-098,FPRT,0.2758403976530464
El espejo,sub-027,sub-086,FPRT,0.10383076714848104
El espejo,sub-027,sub-013,FPRT,0.21055319038779102
El espejo,sub-027,sub-068,FPRT,0.28712365049069466
El espejo,sub-006,sub-067,FPRT,0.24142459000846334
El espejo,sub-006,sub-054,FPRT,0.239095290480204
El espejo,sub-006,sub-078,FPRT,0.2472131611119307
El espejo,sub-006,sub-046,FPRT,0.39318401338459336
El espejo,sub-006,sub-097,FPRT,0.36892312151937884
El espejo,sub-006,sub-079,FPRT,0.3765609785438171
El espejo,sub-006,sub-028,FPRT,0.3809261035930428
El espejo,sub-006,sub-089,FPRT,0.37075621900973277
El espejo,sub-006,sub-109,FPRT,0.4694908944041958
El espejo,sub-006,sub-070,FPRT,0.13717620469407274
El espejo,sub-006,sub-111,FPRT,0.260855077715901
El espejo,sub-006,sub-073,FPRT,0.28184214013963954
El espejo,sub-006,sub-001,FPRT,0.4344054889821921
El espejo,sub-006,sub-095,FPRT,0.4354334663793171
El espejo,sub-006,sub-012,FPRT,0.21871775586376369
El espejo,sub-006,sub-052,FPRT,0.25316458139005965
El espejo,sub-006,sub-094,FPRT,0.1954826497577172
El espejo,sub-006,sub-088,FPRT,0.165839150233739
El espejo,sub-006,sub-044,FPRT,0.44216583626134603
El espejo,sub-006,sub-009,FPRT,0.3930711413603209
El espejo,sub-006,sub-041,FPRT,0.3626623479588621
El espejo,sub-006,sub-024,FPRT,0.1183474022982117
El espejo,sub-006,sub-016,FPRT,0.17207341557069677
El espejo,sub-006,sub-112,FPRT,0.3811047814554939
El espejo,sub-006,sub-058,FPRT,0.31678706047347
El espejo,sub-006,sub-018,FPRT,0.26874444198893593
El espejo,sub-006,sub-048,FPRT,0.250471952565402
El espejo,sub-006,sub-087,FPRT,0.28776265531430695
El espejo,sub-006,sub-091,FPRT,0.33152271160093477
El espejo,sub-006,sub-083,FPRT,0.34568273659821064
El espejo,sub-006,sub-065,FPRT,0.3740356633080683
El espejo,sub-006,sub-077,FPRT,0.21350449251478212
El espejo,sub-006,sub-039,FPRT,0.33669024167668915
El espejo,sub-006,sub-053,FPRT,0.2011225670344617
El espejo,sub-006,sub-075,FPRT,0.22365747641698006
El espejo,sub-006,sub-060,FPRT,0.34960295947861175
El espejo,sub-006,sub-103,FPRT,0.2898542823848974
El espejo,sub-006,sub-105,FPRT,0.14572275283073186
El espejo,sub-006,sub-064,FPRT,0.24186498880656104
El espejo,sub-006,sub-010,FPRT,0.08811525459120181
El espejo,sub-006,sub-034,FPRT,0.23729806450892668
El espejo,sub-006,sub-002,FPRT,0.3498708663338541
El espejo,sub-006,sub-085,FPRT,0.33638369065807056
El espejo,sub-006,sub-021,FPRT,0.2999771784455925
El espejo,sub-006,sub-096,FPRT,0.40191100773412763
El espejo,sub-006,sub-027,FPRT,0.3176950833335078
El espejo,sub-006,sub-006,FPRT,1.0
El espejo,sub-006,sub-066,FPRT,0.3816113528861521
El espejo,sub-006,sub-101,FPRT,0.22642451735926072
El espejo,sub-006,sub-042,FPRT,0.39440848065305734
El espejo,sub-006,sub-003,FPRT,0.4256772753254144
El espejo,sub-006,sub-107,FPRT,0.4227113142561515
El espejo,sub-006,sub-098,FPRT,0.26871326207180724
El espejo,sub-006,sub-086,FPRT,0.12680093486781854
El espejo,sub-006,sub-013,FPRT,0.27774701824204384
El espejo,sub-006,sub-068,FPRT,0.3519405299291291
El espejo,sub-066,sub-067,FPRT,0.25265494501371
El espejo,sub-066,sub-054,FPRT,0.2545250371258192
El espejo,sub-066,sub-078,FPRT,0.26864434780576024
El espejo,sub-066,sub-046,FPRT,0.31923535542583675
El espejo,sub-066,sub-097,FPRT,0.39443538140223505
El espejo,sub-066,sub-079,FPRT,0.33556267219466235
El espejo,sub-066,sub-028,FPRT,0.3568011248839748
El espejo,sub-066,sub-089,FPRT,0.2846473012041084
El espejo,sub-066,sub-109,FPRT,0.3795223722399059
El espejo,sub-066,sub-070,FPRT,0.17428999822354238
El espejo,sub-066,sub-111,FPRT,0.29049585783315013
El espejo,sub-066,sub-073,FPRT,0.3485353866929127
El espejo,sub-066,sub-001,FPRT,0.33878110734606726
El espejo,sub-066,sub-095,FPRT,0.38821095438754677
El espejo,sub-066,sub-012,FPRT,0.10241300500226151
El espejo,sub-066,sub-052,FPRT,0.348288296429963
El espejo,sub-066,sub-094,FPRT,0.27277891984972363
El espejo,sub-066,sub-088,FPRT,0.054764901861369654
El espejo,sub-066,sub-044,FPRT,0.3589152889303824
El espejo,sub-066,sub-009,FPRT,0.31070477706625665
El espejo,sub-066,sub-041,FPRT,0.38979050365716855
El espejo,sub-066,sub-024,FPRT,0.19725504892244625
El espejo,sub-066,sub-016,FPRT,0.17178354200069873
El espejo,sub-066,sub-112,FPRT,0.26104693484414293
El espejo,sub-066,sub-058,FPRT,0.29433629234458253
El espejo,sub-066,sub-018,FPRT,0.21699173567226834
El espejo,sub-066,sub-048,FPRT,0.2737434716632202
El espejo,sub-066,sub-087,FPRT,0.23803617272074135
El espejo,sub-066,sub-091,FPRT,0.34573148441997503
El espejo,sub-066,sub-083,FPRT,0.3716265431312837
El espejo,sub-066,sub-065,FPRT,0.28724209493480674
El espejo,sub-066,sub-077,FPRT,0.17472780927044795
El espejo,sub-066,sub-039,FPRT,0.2627019659027725
El espejo,sub-066,sub-053,FPRT,0.20122954687681321
El espejo,sub-066,sub-075,FPRT,0.224602040833731
El espejo,sub-066,sub-060,FPRT,0.3185127275341016
El espejo,sub-066,sub-103,FPRT,0.3677704309120607
El espejo,sub-066,sub-105,FPRT,0.16342454909147502
El espejo,sub-066,sub-064,FPRT,0.25581029999082544
El espejo,sub-066,sub-010,FPRT,0.0653151092599723
El espejo,sub-066,sub-034,FPRT,0.28774995763919625
El espejo,sub-066,sub-002,FPRT,0.27551663218410727
El espejo,sub-066,sub-085,FPRT,0.33278353503324354
El espejo,sub-066,sub-021,FPRT,0.22689887363272623
El espejo,sub-066,sub-096,FPRT,0.40076773774546753
El espejo,sub-066,sub-027,FPRT,0.20892671578688113
El espejo,sub-066,sub-006,FPRT,0.38161135288615206
El espejo,sub-066,sub-066,FPRT,1.0
El espejo,sub-066,sub-101,FPRT,0.23886569730008209
El espejo,sub-066,sub-042,FPRT,0.30808710738056755
El espejo,sub-066,sub-003,FPRT,0.3133854826022306
El espejo,sub-066,sub-107,FPRT,0.27927985525029875
El espejo,sub-066,sub-098,FPRT,0.34606378427084256
El espejo,sub-066,sub-086,FPRT,0.09973755845942427
El espejo,sub-066,sub-013,FPRT,0.3096652157070529
El espejo,sub-066,sub-068,FPRT,0.31951350213243884
El espejo,sub-101,sub-067,FPRT,0.2427202499878595
El espejo,sub-101,sub-054,FPRT,0.2757049925693339
El espejo,sub-101,sub-078,FPRT,0.26556807410594824
El espejo,sub-101,sub-046,FPRT,0.2148697704868884
El espejo,sub-101,sub-097,FPRT,0.25394403402050714
El espejo,sub-101,sub-079,FPRT,0.2814850094747724
El espejo,sub-101,sub-028,FPRT,0.2831562473394368
El espejo,sub-101,sub-089,FPRT,0.21601348183348573
El espejo,sub-101,sub-109,FPRT,0.2902602733307872
El espejo,sub-101,sub-070,FPRT,0.23433615668279692
El espejo,sub-101,sub-111,FPRT,0.2422620725782938
El espejo,sub-101,sub-073,FPRT,0.23376835537868768
El espejo,sub-101,sub-001,FPRT,0.236125248825307
El espejo,sub-101,sub-095,FPRT,0.35333900650164946
El espejo,sub-101,sub-012,FPRT,0.11168203115063452
El espejo,sub-101,sub-052,FPRT,0.2953759160191103
El espejo,sub-101,sub-094,FPRT,0.3333804056995906
El espejo,sub-101,sub-088,FPRT,0.0380934267379401
El espejo,sub-101,sub-044,FPRT,0.28236945251081474
El espejo,sub-101,sub-009,FPRT,0.16359491955820848
El espejo,sub-101,sub-041,FPRT,0.2723464878531357
El espejo,sub-101,sub-024,FPRT,0.2493626042076179
El espejo,sub-101,sub-016,FPRT,0.2649620073829152
El espejo,sub-101,sub-112,FPRT,0.17619302312318907
El espejo,sub-101,sub-058,FPRT,0.21392456711208346
El espejo,sub-101,sub-018,FPRT,0.27054424282067013
El espejo,sub-101,sub-048,FPRT,0.2659466061848016
El espejo,sub-101,sub-087,FPRT,0.2571741732973918
El espejo,sub-101,sub-091,FPRT,0.25729504139309617
El espejo,sub-101,sub-083,FPRT,0.24775507922567452
El espejo,sub-101,sub-065,FPRT,0.2743120432600132
El espejo,sub-101,sub-077,FPRT,0.16023244695039493
El espejo,sub-101,sub-039,FPRT,0.1174930279131498
El espejo,sub-101,sub-053,FPRT,0.31523302447228796
El espejo,sub-101,sub-075,FPRT,0.32949220783398003
El espejo,sub-101,sub-060,FPRT,0.24491891724261075
El espejo,sub-101,sub-103,FPRT,0.28441968208596363
El espejo,sub-101,sub-105,FPRT,0.22457608514109437
El espejo,sub-101,sub-064,FPRT,0.325605808239537
El espejo,sub-101,sub-010,FPRT,0.16103439438551767
El espejo,sub-101,sub-034,FPRT,0.38097461728679666
El espejo,sub-101,sub-002,FPRT,0.19721990924190508
El espejo,sub-101,sub-085,FPRT,0.23549399924397355
El espejo,sub-101,sub-021,FPRT,0.16736669985651292
El espejo,sub-101,sub-096,FPRT,0.3060121736346069
El espejo,sub-101,sub-027,FPRT,0.13427077956691744
El espejo,sub-101,sub-006,FPRT,0.22642451735926072
El espejo,sub-101,sub-066,FPRT,0.23886569730008209
El espejo,sub-101,sub-101,FPRT,0.9999999999999999
El espejo,sub-101,sub-042,FPRT,0.2100496179378828
El espejo,sub-101,sub-003,FPRT,0.3078676726769128
El espejo,sub-101,sub-107,FPRT,0.2467678127543814
El espejo,sub-101,sub-098,FPRT,0.3156038905834193
El espejo,sub-101,sub-086,FPRT,0.23351560855910977
El espejo,sub-101,sub-013,FPRT,0.31204123925269545
El espejo,sub-101,sub-068,FPRT,0.27756155271279587
El espejo,sub-042,sub-067,FPRT,0.21001202856366546
El espejo,sub-042,sub-054,FPRT,0.244887276259693
El espejo,sub-042,sub-078,FPRT,0.22774677210457978
El espejo,sub-042,sub-046,FPRT,0.3891226866057518
El espejo,sub-042,sub-097,FPRT,0.4067311543237412
El espejo,sub-042,sub-079,FPRT,0.4234668517072886
El espejo,sub-042,sub-028,FPRT,0.3175478948324342
El espejo,sub-042,sub-089,FPRT,0.398342582766425
El espejo,sub-042,sub-109,FPRT,0.42185026638505635
El espejo,sub-042,sub-070,FPRT,0.13946264103869713
El espejo,sub-042,sub-111,FPRT,0.20957490079516672
El espejo,sub-042,sub-073,FPRT,0.294901791330797
El espejo,sub-042,sub-001,FPRT,0.4838220723299542
El espejo,sub-042,sub-095,FPRT,0.39017159962083464
El espejo,sub-042,sub-012,FPRT,0.18088180225232442
El espejo,sub-042,sub-052,FPRT,0.22157562342787937
El espejo,sub-042,sub-094,FPRT,0.228316505634478
El espejo,sub-042,sub-088,FPRT,0.11699258456860805
El espejo,sub-042,sub-044,FPRT,0.5034515001931412
El espejo,sub-042,sub-009,FPRT,0.3815506114116091
El espejo,sub-042,sub-041,FPRT,0.2818830763392565
El espejo,sub-042,sub-024,FPRT,0.08564862313123686
El espejo,sub-042,sub-016,FPRT,0.24860819907701664
El espejo,sub-042,sub-112,FPRT,0.4049788355578652
El espejo,sub-042,sub-058,FPRT,0.3782982416382027
El espejo,sub-042,sub-018,FPRT,0.2202314119550873
El espejo,sub-042,sub-048,FPRT,0.2307791859051236
El espejo,sub-042,sub-087,FPRT,0.32733525785788314
El espejo,sub-042,sub-091,FPRT,0.3517627430645564
El espejo,sub-042,sub-083,FPRT,0.3123034333814473
El espejo,sub-042,sub-065,FPRT,0.3693757109766919
El espejo,sub-042,sub-077,FPRT,0.2187461131362154
El espejo,sub-042,sub-039,FPRT,0.41909567064878267
El espejo,sub-042,sub-053,FPRT,0.18936967888255435
El espejo,sub-042,sub-075,FPRT,0.16737175837879512
El espejo,sub-042,sub-060,FPRT,0.2996626103631866
El espejo,sub-042,sub-103,FPRT,0.35727598746170625
El espejo,sub-042,sub-105,FPRT,0.18177994506924586
El espejo,sub-042,sub-064,FPRT,0.2218794314272056
El espejo,sub-042,sub-010,FPRT,0.06713849619984434
El espejo,sub-042,sub-034,FPRT,0.2357977734584634
El espejo,sub-042,sub-002,FPRT,0.3103554657064444
El espejo,sub-042,sub-085,FPRT,0.3584606830537335
El espejo,sub-042,sub-021,FPRT,0.3499766001934273
El espejo,sub-042,sub-096,FPRT,0.3839125880366787
El espejo,sub-042,sub-027,FPRT,0.3603021040579182
El espejo,sub-042,sub-006,FPRT,0.39440848065305734
El espejo,sub-042,sub-066,FPRT,0.3080871073805676
El espejo,sub-042,sub-101,FPRT,0.2100496179378828
El espejo,sub-042,sub-042,FPRT,1.0
El espejo,sub-042,sub-003,FPRT,0.4037461940029963
El espejo,sub-042,sub-107,FPRT,0.36085447226877704
El espejo,sub-042,sub-098,FPRT,0.26573551403788265
El espejo,sub-042,sub-086,FPRT,0.09432638838567721
El espejo,sub-042,sub-013,FPRT,0.19870414675927273
El espejo,sub-042,sub-068,FPRT,0.34758152000810655
El espejo,sub-003,sub-067,FPRT,0.3144855649297723
El espejo,sub-003,sub-054,FPRT,0.2801942176683652
El espejo,sub-003,sub-078,FPRT,0.3567664316331014
El espejo,sub-003,sub-046,FPRT,0.39466794697186136
El espejo,sub-003,sub-097,FPRT,0.3877216575957166
El espejo,sub-003,sub-079,FPRT,0.4759041795707059
El espejo,sub-003,sub-028,FPRT,0.3902157148439682
El espejo,sub-003,sub-089,FPRT,0.39462364524993176
El espejo,sub-003,sub-109,FPRT,0.5603182639584096
El espejo,sub-003,sub-070,FPRT,0.1619701028840468
El espejo,sub-003,sub-111,FPRT,0.3215053408012965
El espejo,sub-003,sub-073,FPRT,0.28706582762914856
El espejo,sub-003,sub-001,FPRT,0.4592938632381802
El espejo,sub-003,sub-095,FPRT,0.4682894278079929
El espejo,sub-003,sub-012,FPRT,0.14359416803599717
El espejo,sub-003,sub-052,FPRT,0.32781657412258886
El espejo,sub-003,sub-094,FPRT,0.26250117273069523
El espejo,sub-003,sub-088,FPRT,0.16852485262834097
El espejo,sub-003,sub-044,FPRT,0.48946747266843144
El espejo,sub-003,sub-009,FPRT,0.3595187042534956
El espejo,sub-003,sub-041,FPRT,0.4028445515610121
El espejo,sub-003,sub-024,FPRT,0.1832669979224769
El espejo,sub-003,sub-016,FPRT,0.2296854686895501
El espejo,sub-003,sub-112,FPRT,0.43337297267626346
El espejo,sub-003,sub-058,FPRT,0.404147792494855
El espejo,sub-003,sub-018,FPRT,0.3411861951562104
El espejo,sub-003,sub-048,FPRT,0.2703345138510817
El espejo,sub-003,sub-087,FPRT,0.4206225365158485
El espejo,sub-003,sub-091,FPRT,0.40825703400004354
El espejo,sub-003,sub-083,FPRT,0.4418669066715626
El espejo,sub-003,sub-065,FPRT,0.4147019479181078
El espejo,sub-003,sub-077,FPRT,0.25131645803764663
El espejo,sub-003,sub-039,FPRT,0.3652841504566177
El espejo,sub-003,sub-053,FPRT,0.28808659192710584
El espejo,sub-003,sub-075,FPRT,0.2861573824040927
El espejo,sub-003,sub-060,FPRT,0.42017749113632813
El espejo,sub-003,sub-103,FPRT,0.4111927996618046
El espejo,sub-003,sub-105,FPRT,0.2524099183070007
El espejo,sub-003,sub-064,FPRT,0.2581316967766074
El espejo,sub-003,sub-010,FPRT,0.11682186173121198
El espejo,sub-003,sub-034,FPRT,0.3406336103041514
El espejo,sub-003,sub-002,FPRT,0.3766274199923923
El espejo,sub-003,sub-085,FPRT,0.36070152586736154
El espejo,sub-003,sub-021,FPRT,0.33647894094817554
El espejo,sub-003,sub-096,FPRT,0.428991177818606
El espejo,sub-003,sub-027,FPRT,0.4052728310064222
El espejo,sub-003,sub-006,FPRT,0.42567727532541444
El espejo,sub-003,sub-066,FPRT,0.3133854826022306
El espejo,sub-003,sub-101,FPRT,0.3078676726769128
El espejo,sub-003,sub-042,FPRT,0.4037461940029962
El espejo,sub-003,sub-003,FPRT,1.0
El espejo,sub-003,sub-107,FPRT,0.3453890761442299
El espejo,sub-003,sub-098,FPRT,0.3612550501255956
El espejo,sub-003,sub-086,FPRT,0.13231887269976755
El espejo,sub-003,sub-013,FPRT,0.29774044407135547
El espejo,sub-003,sub-068,FPRT,0.38813899130223906
El espejo,sub-107,sub-067,FPRT,0.2707807961943048
El espejo,sub-107,sub-054,FPRT,0.23675449968920248
El espejo,sub-107,sub-078,FPRT,0.2563322657990422
El espejo,sub-107,sub-046,FPRT,0.3395134261437254
El espejo,sub-107,sub-097,FPRT,0.3098859326270363
El espejo,sub-107,sub-079,FPRT,0.3111798081447659
El espejo,sub-107,sub-028,FPRT,0.30797166409627513
El espejo,sub-107,sub-089,FPRT,0.3109176398021537
El espejo,sub-107,sub-109,FPRT,0.3634258276504563
El espejo,sub-107,sub-070,FPRT,0.12035066691382934
El espejo,sub-107,sub-111,FPRT,0.17566902455972289
El espejo,sub-107,sub-073,FPRT,0.20565952127016968
El espejo,sub-107,sub-001,FPRT,0.33735320149372516
El espejo,sub-107,sub-095,FPRT,0.3357370760762516
El espejo,sub-107,sub-012,FPRT,0.18517426826743671
El espejo,sub-107,sub-052,FPRT,0.20044436874280885
El espejo,sub-107,sub-094,FPRT,0.1990625278694554
El espejo,sub-107,sub-088,FPRT,0.08644641843389009
El espejo,sub-107,sub-044,FPRT,0.2987617036291653
El espejo,sub-107,sub-009,FPRT,0.2755320062446228
El espejo,sub-107,sub-041,FPRT,0.22657134615850136
El espejo,sub-107,sub-024,FPRT,0.13815532681030013
El espejo,sub-107,sub-016,FPRT,0.16380110826430175
El espejo,sub-107,sub-112,FPRT,0.30555244187206004
El espejo,sub-107,sub-058,FPRT,0.26609801642167347
El espejo,sub-107,sub-018,FPRT,0.2649163870862025
El espejo,sub-107,sub-048,FPRT,0.22992817319398912
El espejo,sub-107,sub-087,FPRT,0.27797410509601456
El espejo,sub-107,sub-091,FPRT,0.34910038563264845
El espejo,sub-107,sub-083,FPRT,0.3194248623908544
El espejo,sub-107,sub-065,FPRT,0.29609161593481975
El espejo,sub-107,sub-077,FPRT,0.19499182094497974
El espejo,sub-107,sub-039,FPRT,0.3065618081246248
El espejo,sub-107,sub-053,FPRT,0.23051724119219316
El espejo,sub-107,sub-075,FPRT,0.20178920308813253
El espejo,sub-107,sub-060,FPRT,0.3365313016543649
El espejo,sub-107,sub-103,FPRT,0.26395604070543227
El espejo,sub-107,sub-105,FPRT,0.10428623676783626
El espejo,sub-107,sub-064,FPRT,0.1993242072464672
El espejo,sub-107,sub-010,FPRT,0.06803945504129467
El espejo,sub-107,sub-034,FPRT,0.2528954212839587
El espejo,sub-107,sub-002,FPRT,0.303523020620979
El espejo,sub-107,sub-085,FPRT,0.2553045314376009
El espejo,sub-107,sub-021,FPRT,0.2800439550461623
El espejo,sub-107,sub-096,FPRT,0.3637928860978826
El espejo,sub-107,sub-027,FPRT,0.283076153664067
El espejo,sub-107,sub-006,FPRT,0.4227113142561515
El espejo,sub-107,sub-066,FPRT,0.27927985525029875
El espejo,sub-107,sub-101,FPRT,0.24676781275438137
El espejo,sub-107,sub-042,FPRT,0.36085447226877704
El espejo,sub-107,sub-003,FPRT,0.34538907614422987
El espejo,sub-107,sub-107,FPRT,0.9999999999999998
El espejo,sub-107,sub-098,FPRT,0.2722335277511076
El espejo,sub-107,sub-086,FPRT,0.09314674854633115
El espejo,sub-107,sub-013,FPRT,0.2789832883611101
El espejo,sub-107,sub-068,FPRT,0.313943786398273
El espejo,sub-098,sub-067,FPRT,0.2335987743121115
El espejo,sub-098,sub-054,FPRT,0.2995980455408371
El espejo,sub-098,sub-078,FPRT,0.2878376674173099
El espejo,sub-098,sub-046,FPRT,0.24441734013892188
El espejo,sub-098,sub-097,FPRT,0.3586850069049797
El espejo,sub-098,sub-079,FPRT,0.34092938460013633
El espejo,sub-098,sub-028,FPRT,0.33756387447100294
El espejo,sub-098,sub-089,FPRT,0.3389818302656808
El espejo,sub-098,sub-109,FPRT,0.4189459777847034
El espejo,sub-098,sub-070,FPRT,0.17304234107925068
El espejo,sub-098,sub-111,FPRT,0.2517143554012796
El espejo,sub-098,sub-073,FPRT,0.2448361646117508
El espejo,sub-098,sub-001,FPRT,0.3312439322270551
El espejo,sub-098,sub-095,FPRT,0.3869126390523555
El espejo,sub-098,sub-012,FPRT,0.15300669864475108
El espejo,sub-098,sub-052,FPRT,0.4001942818793628
El espejo,sub-098,sub-094,FPRT,0.33619783786401286
El espejo,sub-098,sub-088,FPRT,0.141485242711691
El espejo,sub-098,sub-044,FPRT,0.28211416402844375
El espejo,sub-098,sub-009,FPRT,0.19603711596872841
El espejo,sub-098,sub-041,FPRT,0.3692589090810372
El espejo,sub-098,sub-024,FPRT,0.21902157608902545
El espejo,sub-098,sub-016,FPRT,0.29158146438191296
El espejo,sub-098,sub-112,FPRT,0.2941687590536875
El espejo,sub-098,sub-058,FPRT,0.3098883322545483
El espejo,sub-098,sub-018,FPRT,0.21755193418234803
El espejo,sub-098,sub-048,FPRT,0.28138807269329547
El espejo,sub-098,sub-087,FPRT,0.31003965174279935
El espejo,sub-098,sub-091,FPRT,0.35806746608522744
El espejo,sub-098,sub-083,FPRT,0.3924276394888076
El espejo,sub-098,sub-065,FPRT,0.32273168329295293
El espejo,sub-098,sub-077,FPRT,0.1747819339388936
El espejo,sub-098,sub-039,FPRT,0.20776315289072866
El espejo,sub-098,sub-053,FPRT,0.35537737194368035
El espejo,sub-098,sub-075,FPRT,0.2681668293321308
El espejo,sub-098,sub-060,FPRT,0.28213011963249757
El espejo,sub-098,sub-103,FPRT,0.3169867575055281
El espejo,sub-098,sub-105,FPRT,0.19556871672356138
El espejo,sub-098,sub-064,FPRT,0.3825579729750966
El espejo,sub-098,sub-010,FPRT,0.10933456176687975
El espejo,sub-098,sub-034,FPRT,0.35897850761566175
El espejo,sub-098,sub-002,FPRT,0.34640355562658504
El espejo,sub-098,sub-085,FPRT,0.2547715551456247
El espejo,sub-098,sub-021,FPRT,0.18908113461847703
El espejo,sub-098,sub-096,FPRT,0.3769271530039506
El espejo,sub-098,sub-027,FPRT,0.2758403976530464
El espejo,sub-098,sub-006,FPRT,0.26871326207180724
El espejo,sub-098,sub-066,FPRT,0.34606378427084256
El espejo,sub-098,sub-101,FPRT,0.3156038905834193
El espejo,sub-098,sub-042,FPRT,0.2657355140378826
El espejo,sub-098,sub-003,FPRT,0.3612550501255956
El espejo,sub-098,sub-107,FPRT,0.2722335277511076
El espejo,sub-098,sub-098,FPRT,0.9999999999999999
El espejo,sub-098,sub-086,FPRT,0.14506196656570886
El espejo,sub-098,sub-013,FPRT,0.3568005642309083
El espejo,sub-098,sub-068,FPRT,0.34552532731914576
El espejo,sub-086,sub-067,FPRT,0.14578766778759925
El espejo,sub-086,sub-054,FPRT,0.14717590858188792
El espejo,sub-086,sub-078,FPRT,0.1998155329216668
El espejo,sub-086,sub-046,FPRT,0.11157681522408087
El espejo,sub-086,sub-097,FPRT,0.12215711632987705
El espejo,sub-086,sub-079,FPRT,0.1389810243820447
El espejo,sub-086,sub-028,FPRT,0.11279079759428473
El espejo,sub-086,sub-089,FPRT,0.16708069762546485
El espejo,sub-086,sub-109,FPRT,0.14460186506681663
El espejo,sub-086,sub-070,FPRT,0.23639770834147486
El espejo,sub-086,sub-111,FPRT,0.14443065524396556
El espejo,sub-086,sub-073,FPRT,0.12571162735215263
El espejo,sub-086,sub-001,FPRT,0.11594599098767254
El espejo,sub-086,sub-095,FPRT,0.12477044095057971
El espejo,sub-086,sub-012,FPRT,0.07374951087324162
El espejo,sub-086,sub-052,FPRT,0.2584476883959442
El espejo,sub-086,sub-094,FPRT,0.2458669551195523
El espejo,sub-086,sub-088,FPRT,0.03625868823187355
El espejo,sub-086,sub-044,FPRT,0.0897165304395725
El espejo,sub-086,sub-009,FPRT,0.09004858036400658
El espejo,sub-086,sub-041,FPRT,0.19063475697363166
El espejo,sub-086,sub-024,FPRT,0.11960829787372242
El espejo,sub-086,sub-016,FPRT,0.1884690008832542
El espejo,sub-086,sub-112,FPRT,0.12809039393621302
El espejo,sub-086,sub-058,FPRT,0.15431603736156907
El espejo,sub-086,sub-018,FPRT,0.21497473298553577
El espejo,sub-086,sub-048,FPRT,0.17817192784615
El espejo,sub-086,sub-087,FPRT,0.183204257412478
El espejo,sub-086,sub-091,FPRT,0.13269025085839461
El espejo,sub-086,sub-083,FPRT,0.11296397977551391
El espejo,sub-086,sub-065,FPRT,0.13452212703681227
El espejo,sub-086,sub-077,FPRT,0.08311572528192479
El espejo,sub-086,sub-039,FPRT,0.05353994924633211
El espejo,sub-086,sub-053,FPRT,0.23604282301561014
El espejo,sub-086,sub-075,FPRT,0.16938576139914807
El espejo,sub-086,sub-060,FPRT,0.14655369050068598
El espejo,sub-086,sub-103,FPRT,0.16444436995584702
El espejo,sub-086,sub-105,FPRT,0.15076583987329373
El espejo,sub-086,sub-064,FPRT,0.20799220361337975
El espejo,sub-086,sub-010,FPRT,0.21610547206307726
El espejo,sub-086,sub-034,FPRT,0.2064749747757037
El espejo,sub-086,sub-002,FPRT,0.10723940457213142
El espejo,sub-086,sub-085,FPRT,0.12765247818009134
El espejo,sub-086,sub-021,FPRT,0.06766273660779343
El espejo,sub-086,sub-096,FPRT,0.16819178304232738
El espejo,sub-086,sub-027,FPRT,0.10383076714848104
El espejo,sub-086,sub-006,FPRT,0.12680093486781854
El espejo,sub-086,sub-066,FPRT,0.09973755845942428
El espejo,sub-086,sub-101,FPRT,0.2335156085591098
El espejo,sub-086,sub-042,FPRT,0.09432638838567721
El espejo,sub-086,sub-003,FPRT,0.13231887269976753
El espejo,sub-086,sub-107,FPRT,0.09314674854633115
El espejo,sub-086,sub-098,FPRT,0.14506196656570886
El espejo,sub-086,sub-086,FPRT,1.0
El espejo,sub-086,sub-013,FPRT,0.1836816381506434
El espejo,sub-086,sub-068,FPRT,0.19156382490953067
El espejo,sub-013,sub-067,FPRT,0.2618080124875989
El espejo,sub-013,sub-054,FPRT,0.1633743106121757
El espejo,sub-013,sub-078,FPRT,0.24072622016919562
El espejo,sub-013,sub-046,FPRT,0.24491000491507126
El espejo,sub-013,sub-097,FPRT,0.3108158371911451
El espejo,sub-013,sub-079,FPRT,0.29241417710495193
El espejo,sub-013,sub-028,FPRT,0.2696284748848792
El espejo,sub-013,sub-089,FPRT,0.24095759512121376
El espejo,sub-013,sub-109,FPRT,0.37898193304141975
El espejo,sub-013,sub-070,FPRT,0.21223716184173252
El espejo,sub-013,sub-111,FPRT,0.24766258109060268
El espejo,sub-013,sub-073,FPRT,0.18940453078785854
El espejo,sub-013,sub-001,FPRT,0.29047851771108113
El espejo,sub-013,sub-095,FPRT,0.27589248247942644
El espejo,sub-013,sub-012,FPRT,0.07958033827273643
El espejo,sub-013,sub-052,FPRT,0.3036971205785462
El espejo,sub-013,sub-094,FPRT,0.3015957593515175
El espejo,sub-013,sub-088,FPRT,0.08365438341163701
El espejo,sub-013,sub-044,FPRT,0.2816159077273703
El espejo,sub-013,sub-009,FPRT,0.20283053884815722
El espejo,sub-013,sub-041,FPRT,0.35289191659463304
El espejo,sub-013,sub-024,FPRT,0.2490284412793156
El espejo,sub-013,sub-016,FPRT,0.19426830266788353
El espejo,sub-013,sub-112,FPRT,0.30344815968485994
El espejo,sub-013,sub-058,FPRT,0.20828427217343748
El espejo,sub-013,sub-018,FPRT,0.27864000022382707
El espejo,sub-013,sub-048,FPRT,0.2937985368465979
El espejo,sub-013,sub-087,FPRT,0.2732910340432473
El espejo,sub-013,sub-091,FPRT,0.26985130054924367
El espejo,sub-013,sub-083,FPRT,0.29691458271035187
El espejo,sub-013,sub-065,FPRT,0.2596560851985072
El espejo,sub-013,sub-077,FPRT,0.1638396744558986
El espejo,sub-013,sub-039,FPRT,0.12063856708199103
El espejo,sub-013,sub-053,FPRT,0.2960452644536705
El espejo,sub-013,sub-075,FPRT,0.36873210264856066
El espejo,sub-013,sub-060,FPRT,0.25685805491756486
El espejo,sub-013,sub-103,FPRT,0.3524623697874273
El espejo,sub-013,sub-105,FPRT,0.16855660217678403
El espejo,sub-013,sub-064,FPRT,0.30673366767851207
El espejo,sub-013,sub-010,FPRT,0.21383816823042173
El espejo,sub-013,sub-034,FPRT,0.3187764035657199
El espejo,sub-013,sub-002,FPRT,0.18802420650083815
El espejo,sub-013,sub-085,FPRT,0.2133890668157221
El espejo,sub-013,sub-021,FPRT,0.08156456029678913
El espejo,sub-013,sub-096,FPRT,0.320376695604896
El espejo,sub-013,sub-027,FPRT,0.21055319038779102
El espejo,sub-013,sub-006,FPRT,0.27774701824204384
El espejo,sub-013,sub-066,FPRT,0.3096652157070529
El espejo,sub-013,sub-101,FPRT,0.31204123925269545
El espejo,sub-013,sub-042,FPRT,0.1987041467592727
El espejo,sub-013,sub-003,FPRT,0.29774044407135547
El espejo,sub-013,sub-107,FPRT,0.2789832883611101
El espejo,sub-013,sub-098,FPRT,0.3568005642309083
El espejo,sub-013,sub-086,FPRT,0.1836816381506434
El espejo,sub-013,sub-013,FPRT,1.0
El espejo,sub-013,sub-068,FPRT,0.2977817096643001
El espejo,sub-068,sub-067,FPRT,0.3022966391447806
El espejo,sub-068,sub-054,FPRT,0.25665900981043144
El espejo,sub-068,sub-078,FPRT,0.3345926490049378
El espejo,sub-068,sub-046,FPRT,0.2612427659841948
El espejo,sub-068,sub-097,FPRT,0.36735862009103243
El espejo,sub-068,sub-079,FPRT,0.38525495763500206
El espejo,sub-068,sub-028,FPRT,0.32212931713293735
El espejo,sub-068,sub-089,FPRT,0.358299257007092
El espejo,sub-068,sub-109,FPRT,0.45543575470172404
El espejo,sub-068,sub-070,FPRT,0.3039590891944872
El espejo,sub-068,sub-111,FPRT,0.31227425556839244
El espejo,sub-068,sub-073,FPRT,0.3179572045226991
El espejo,sub-068,sub-001,FPRT,0.39932968508186223
El espejo,sub-068,sub-095,FPRT,0.42507916331443957
El espejo,sub-068,sub-012,FPRT,0.0965135670710935
El espejo,sub-068,sub-052,FPRT,0.34381354380189016
El espejo,sub-068,sub-094,FPRT,0.3541091954828755
El espejo,sub-068,sub-088,FPRT,0.1509479272358807
El espejo,sub-068,sub-044,FPRT,0.4219983612066304
El espejo,sub-068,sub-009,FPRT,0.20451305311882315
El espejo,sub-068,sub-041,FPRT,0.3909179910130648
El espejo,sub-068,sub-024,FPRT,0.1433648955174874
El espejo,sub-068,sub-016,FPRT,0.31716456155045264
El espejo,sub-068,sub-112,FPRT,0.31783201173254405
El espejo,sub-068,sub-058,FPRT,0.33414168870949823
El espejo,sub-068,sub-018,FPRT,0.32637608609848096
El espejo,sub-068,sub-048,FPRT,0.2854009052646371
El espejo,sub-068,sub-087,FPRT,0.39393394909345353
El espejo,sub-068,sub-091,FPRT,0.3977206105554127
El espejo,sub-068,sub-083,FPRT,0.41886158087468756
El espejo,sub-068,sub-065,FPRT,0.39074112986505033
El espejo,sub-068,sub-077,FPRT,0.16243273537683792
El espejo,sub-068,sub-039,FPRT,0.27169457830872507
El espejo,sub-068,sub-053,FPRT,0.314728575876893
El espejo,sub-068,sub-075,FPRT,0.3343628468059585
El espejo,sub-068,sub-060,FPRT,0.36453462787266017
El espejo,sub-068,sub-103,FPRT,0.3597527569650986
El espejo,sub-068,sub-105,FPRT,0.2706095069014604
El espejo,sub-068,sub-064,FPRT,0.29389674269758825
El espejo,sub-068,sub-010,FPRT,0.12031283927943803
El espejo,sub-068,sub-034,FPRT,0.3572552901545005
El espejo,sub-068,sub-002,FPRT,0.3719095170416216
El espejo,sub-068,sub-085,FPRT,0.3318284386681428
El espejo,sub-068,sub-021,FPRT,0.20722419099532025
El espejo,sub-068,sub-096,FPRT,0.453210611117071
El espejo,sub-068,sub-027,FPRT,0.28712365049069466
El espejo,sub-068,sub-006,FPRT,0.3519405299291291
El espejo,sub-068,sub-066,FPRT,0.3195135021324388
El espejo,sub-068,sub-101,FPRT,0.27756155271279587
El espejo,sub-068,sub-042,FPRT,0.34758152000810655
El espejo,sub-068,sub-003,FPRT,0.3881389913022391
El espejo,sub-068,sub-107,FPRT,0.31394378639827303
El espejo,sub-068,sub-098,FPRT,0.3455253273191457
El espejo,sub-068,sub-086,FPRT,0.19156382490953067
El espejo,sub-068,sub-013,FPRT,0.2977817096643001
El espejo,sub-068,sub-068,FPRT,1.0
El espejo,sub-067,sub-067,TFD,0.9999999999999999
El espejo,sub-067,sub-054,TFD,0.31972376601140423
El espejo,sub-067,sub-078,TFD,0.23026537844575465
El espejo,sub-067,sub-046,TFD,0.21003644713149852
El espejo,sub-067,sub-097,TFD,0.31635183547277007
El espejo,sub-067,sub-079,TFD,0.308193381198454
El espejo,sub-067,sub-028,TFD,0.28260508625508474
El espejo,sub-067,sub-089,TFD,0.2933675661729462
El espejo,sub-067,sub-109,TFD,0.32407175309064
El espejo,sub-067,sub-070,TFD,0.25561696921765414
El espejo,sub-067,sub-111,TFD,0.2616387504930385
El espejo,sub-067,sub-073,TFD,0.2653442045067789
El espejo,sub-067,sub-001,TFD,0.2727720554044823
El espejo,sub-067,sub-095,TFD,0.33744444228657655
El espejo,sub-067,sub-012,TFD,0.12806811579331545
El espejo,sub-067,sub-052,TFD,0.2691530267590854
El espejo,sub-067,sub-094,TFD,0.24493397336928469
El espejo,sub-067,sub-088,TFD,0.2541322066743639
El espejo,sub-067,sub-044,TFD,0.24675591818176645
El espejo,sub-067,sub-009,TFD,0.21976821089135465
El espejo,sub-067,sub-041,TFD,0.3168219317766875
El espejo,sub-067,sub-024,TFD,0.14763807142529503
El espejo,sub-067,sub-016,TFD,0.19517741363512675
El espejo,sub-067,sub-112,TFD,0.2432394379394892
El espejo,sub-067,sub-058,TFD,0.25562076066017686
El espejo,sub-067,sub-018,TFD,0.20458413944821918
El espejo,sub-067,sub-048,TFD,0.2584833403569267
El espejo,sub-067,sub-087,TFD,0.2528039854796563
El espejo,sub-067,sub-091,TFD,0.2751963153843444
El espejo,sub-067,sub-083,TFD,0.344946296891129
El espejo,sub-067,sub-065,TFD,0.29971866923258683
El espejo,sub-067,sub-077,TFD,0.23372365493365205
El espejo,sub-067,sub-039,TFD,0.20850350938081919
El espejo,sub-067,sub-053,TFD,0.25452124744638865
El espejo,sub-067,sub-075,TFD,0.2561511354819789
El espejo,sub-067,sub-060,TFD,0.29905407826699676
El espejo,sub-067,sub-103,TFD,0.27864618624554943
El espejo,sub-067,sub-105,TFD,0.17597413989380237
El espejo,sub-067,sub-064,TFD,0.24538468634528462
El espejo,sub-067,sub-010,TFD,0.11487939925239954
El espejo,sub-067,sub-034,TFD,0.3048646213057823
El espejo,sub-067,sub-002,TFD,0.2407817557041464
El espejo,sub-067,sub-085,TFD,0.2974763841603866
El espejo,sub-067,sub-021,TFD,0.10228815468837772
El espejo,sub-067,sub-096,TFD,0.30845691538075654
El espejo,sub-067,sub-027,TFD,0.1726632763374936
El espejo,sub-067,sub-006,TFD,0.2359817683512877
El espejo,sub-067,sub-066,TFD,0.26227572619415407
El espejo,sub-067,sub-101,TFD,0.2518166402483587
El espejo,sub-067,sub-042,TFD,0.22636546029088192
El espejo,sub-067,sub-003,TFD,0.30707938461133655
El espejo,sub-067,sub-107,TFD,0.2796076116703274
El espejo,sub-067,sub-098,TFD,0.23842129151735258
El espejo,sub-067,sub-086,TFD,0.2286035411493749
El espejo,sub-067,sub-013,TFD,0.25213901522049187
El espejo,sub-067,sub-068,TFD,0.37272229180926725
El espejo,sub-054,sub-067,TFD,0.31972376601140423
El espejo,sub-054,sub-054,TFD,1.0
El espejo,sub-054,sub-078,TFD,0.24920800068026192
El espejo,sub-054,sub-046,TFD,0.23749434495117644
El espejo,sub-054,sub-097,TFD,0.2877875431805349
El espejo,sub-054,sub-079,TFD,0.2935052648705918
El espejo,sub-054,sub-028,TFD,0.35124206259490504
El espejo,sub-054,sub-089,TFD,0.28783226209355417
El espejo,sub-054,sub-109,TFD,0.36098266139044705
El espejo,sub-054,sub-070,TFD,0.2953513922128395
El espejo,sub-054,sub-111,TFD,0.22893212686632483
El espejo,sub-054,sub-073,TFD,0.22771462639324783
El espejo,sub-054,sub-001,TFD,0.24204080828000635
El espejo,sub-054,sub-095,TFD,0.30899969257071536
El espejo,sub-054,sub-012,TFD,0.19873146240890507
El espejo,sub-054,sub-052,TFD,0.2332036523411738
El espejo,sub-054,sub-094,TFD,0.2748937198401952
El espejo,sub-054,sub-088,TFD,0.20619340880045578
El espejo,sub-054,sub-044,TFD,0.2879042239174314
El espejo,sub-054,sub-009,TFD,0.24482266157327828
El espejo,sub-054,sub-041,TFD,0.224047176838853
El espejo,sub-054,sub-024,TFD,0.22553201671007012
El espejo,sub-054,sub-016,TFD,0.22358930454667947
El espejo,sub-054,sub-112,TFD,0.2898203753357029
El espejo,sub-054,sub-058,TFD,0.32923968623823
El espejo,sub-054,sub-018,TFD,0.21096529372941086
El espejo,sub-054,sub-048,TFD,0.2018596467977142
El espejo,sub-054,sub-087,TFD,0.18174375408935495
El espejo,sub-054,sub-091,TFD,0.2435856870319029
El espejo,sub-054,sub-083,TFD,0.23064912608732205
El espejo,sub-054,sub-065,TFD,0.2651802824273883
El espejo,sub-054,sub-077,TFD,0.2239026327315485
El espejo,sub-054,sub-039,TFD,0.2806483782521923
El espejo,sub-054,sub-053,TFD,0.2384067924949719
El espejo,sub-054,sub-075,TFD,0.21199681072445198
El espejo,sub-054,sub-060,TFD,0.2791759592125295
El espejo,sub-054,sub-103,TFD,0.2983618606487528
El espejo,sub-054,sub-105,TFD,0.18996705939861605
El espejo,sub-054,sub-064,TFD,0.2744449240746881
El espejo,sub-054,sub-010,TFD,0.17309821787019905
El espejo,sub-054,sub-034,TFD,0.31223720812126504
El espejo,sub-054,sub-002,TFD,0.26588278935830084
El espejo,sub-054,sub-085,TFD,0.2109562248442053
El espejo,sub-054,sub-021,TFD,0.22009066331785843
El espejo,sub-054,sub-096,TFD,0.32784032329215407
El espejo,sub-054,sub-027,TFD,0.16481813229163458
El espejo,sub-054,sub-006,TFD,0.2653987926172761
El espejo,sub-054,sub-066,TFD,0.23854636798869
El espejo,sub-054,sub-101,TFD,0.2954824002524551
El espejo,sub-054,sub-042,TFD,0.25244107616241745
El espejo,sub-054,sub-003,TFD,0.3009484042403188
El espejo,sub-054,sub-107,TFD,0.3069103686432397
El espejo,sub-054,sub-098,TFD,0.27021364890217986
El espejo,sub-054,sub-086,TFD,0.16133934151133927
El espejo,sub-054,sub-013,TFD,0.25889103747389014
El espejo,sub-054,sub-068,TFD,0.3029759105012523
El espejo,sub-078,sub-067,TFD,0.23026537844575465
El espejo,sub-078,sub-054,TFD,0.24920800068026192
El espejo,sub-078,sub-078,TFD,1.0
El espejo,sub-078,sub-046,TFD,0.23084651030299125
El espejo,sub-078,sub-097,TFD,0.24511299012642226
El espejo,sub-078,sub-079,TFD,0.25257088420644835
El espejo,sub-078,sub-028,TFD,0.2713874390449849
El espejo,sub-078,sub-089,TFD,0.2651119929463479
El espejo,sub-078,sub-109,TFD,0.2978341379045547
El espejo,sub-078,sub-070,TFD,0.23732773152074027
El espejo,sub-078,sub-111,TFD,0.2866504567466314
El espejo,sub-078,sub-073,TFD,0.24715419354935889
El espejo,sub-078,sub-001,TFD,0.31487170801370457
El espejo,sub-078,sub-095,TFD,0.3220265592537917
El espejo,sub-078,sub-012,TFD,0.119336004159039
El espejo,sub-078,sub-052,TFD,0.2826765609325329
El espejo,sub-078,sub-094,TFD,0.36407008680147296
El espejo,sub-078,sub-088,TFD,0.14103460625583003
El espejo,sub-078,sub-044,TFD,0.2139992964821407
El espejo,sub-078,sub-009,TFD,0.24303412550114661
El espejo,sub-078,sub-041,TFD,0.28283022774907696
El espejo,sub-078,sub-024,TFD,0.17408938057128162
El espejo,sub-078,sub-016,TFD,0.2008496567564319
El espejo,sub-078,sub-112,TFD,0.25860342990444135
El espejo,sub-078,sub-058,TFD,0.25116551141410626
El espejo,sub-078,sub-018,TFD,0.22212885568191168
El espejo,sub-078,sub-048,TFD,0.21925167873159113
El espejo,sub-078,sub-087,TFD,0.32626650317025047
El espejo,sub-078,sub-091,TFD,0.32785255411773395
El espejo,sub-078,sub-083,TFD,0.2865760507436544
El espejo,sub-078,sub-065,TFD,0.31886655685675
El espejo,sub-078,sub-077,TFD,0.17793141542951435
El espejo,sub-078,sub-039,TFD,0.13650197641460327
El espejo,sub-078,sub-053,TFD,0.2963221994223193
El espejo,sub-078,sub-075,TFD,0.3031910928512387
El espejo,sub-078,sub-060,TFD,0.29793306902893285
El espejo,sub-078,sub-103,TFD,0.2725376468289212
El espejo,sub-078,sub-105,TFD,0.22299374121419333
El espejo,sub-078,sub-064,TFD,0.2743693875700405
El espejo,sub-078,sub-010,TFD,0.24293082543285874
El espejo,sub-078,sub-034,TFD,0.32112627892627893
El espejo,sub-078,sub-002,TFD,0.25811624097712327
El espejo,sub-078,sub-085,TFD,0.2517404403025079
El espejo,sub-078,sub-021,TFD,0.07346809951757478
El espejo,sub-078,sub-096,TFD,0.3327733248866971
El espejo,sub-078,sub-027,TFD,0.13683368476535676
El espejo,sub-078,sub-006,TFD,0.26387735628449743
El espejo,sub-078,sub-066,TFD,0.220341041170863
El espejo,sub-078,sub-101,TFD,0.236923214883819
El espejo,sub-078,sub-042,TFD,0.1708608627813842
El espejo,sub-078,sub-003,TFD,0.29073255065969866
El espejo,sub-078,sub-107,TFD,0.24077931246660234
El espejo,sub-078,sub-098,TFD,0.26547397681294155
El espejo,sub-078,sub-086,TFD,0.2556197838625932
El espejo,sub-078,sub-013,TFD,0.29432682243086555
El espejo,sub-078,sub-068,TFD,0.3052440210476754
El espejo,sub-046,sub-067,TFD,0.21003644713149852
El espejo,sub-046,sub-054,TFD,0.23749434495117644
El espejo,sub-046,sub-078,TFD,0.23084651030299122
El espejo,sub-046,sub-046,TFD,1.0
El espejo,sub-046,sub-097,TFD,0.327094564492227
El espejo,sub-046,sub-079,TFD,0.38557408843493196
El espejo,sub-046,sub-028,TFD,0.3127065184404874
El espejo,sub-046,sub-089,TFD,0.3704810962256469
El espejo,sub-046,sub-109,TFD,0.4066514285952731
El espejo,sub-046,sub-070,TFD,0.15214951139876814
El espejo,sub-046,sub-111,TFD,0.27551005830327474
El espejo,sub-046,sub-073,TFD,0.2674096391766229
El espejo,sub-046,sub-001,TFD,0.42650998297211745
El espejo,sub-046,sub-095,TFD,0.33408590201537397
El espejo,sub-046,sub-012,TFD,0.12774449031208707
El espejo,sub-046,sub-052,TFD,0.1820040581373818
El espejo,sub-046,sub-094,TFD,0.2096646367055166
El espejo,sub-046,sub-088,TFD,0.23417903799065232
El espejo,sub-046,sub-044,TFD,0.4268229609059016
El espejo,sub-046,sub-009,TFD,0.3300682988710655
El espejo,sub-046,sub-041,TFD,0.2711283856645026
El espejo,sub-046,sub-024,TFD,0.1322395377177439
El espejo,sub-046,sub-016,TFD,0.14664310111619527
El espejo,sub-046,sub-112,TFD,0.41927781055233837
El espejo,sub-046,sub-058,TFD,0.24957892796699405
El espejo,sub-046,sub-018,TFD,0.21760567859725632
El espejo,sub-046,sub-048,TFD,0.18761416394501207
El espejo,sub-046,sub-087,TFD,0.34732901405484656
El espejo,sub-046,sub-091,TFD,0.3670403520163583
El espejo,sub-046,sub-083,TFD,0.3306406153190342
El espejo,sub-046,sub-065,TFD,0.3044172758732397
El espejo,sub-046,sub-077,TFD,0.2427981616060048
El espejo,sub-046,sub-039,TFD,0.38793694818163893
El espejo,sub-046,sub-053,TFD,0.16367331478738828
El espejo,sub-046,sub-075,TFD,0.18589865567704736
El espejo,sub-046,sub-060,TFD,0.3369018880597816
El espejo,sub-046,sub-103,TFD,0.2658798211184582
El espejo,sub-046,sub-105,TFD,0.17355381154163066
El espejo,sub-046,sub-064,TFD,0.21687205251794775
El espejo,sub-046,sub-010,TFD,0.06567221771006904
El espejo,sub-046,sub-034,TFD,0.16649640588653378
El espejo,sub-046,sub-002,TFD,0.2815059068913393
El espejo,sub-046,sub-085,TFD,0.29848614242779326
El espejo,sub-046,sub-021,TFD,0.382325522454818
El espejo,sub-046,sub-096,TFD,0.3231613734988219
El espejo,sub-046,sub-027,TFD,0.3221461470409524
El espejo,sub-046,sub-006,TFD,0.37325521102923126
El espejo,sub-046,sub-066,TFD,0.34919339647156855
El espejo,sub-046,sub-101,TFD,0.2045824331099169
El espejo,sub-046,sub-042,TFD,0.41534571780800617
El espejo,sub-046,sub-003,TFD,0.3525803887701924
El espejo,sub-046,sub-107,TFD,0.3268684726230385
El espejo,sub-046,sub-098,TFD,0.22394005041946868
El espejo,sub-046,sub-086,TFD,0.11616168919147185
El espejo,sub-046,sub-013,TFD,0.22597223345812043
El espejo,sub-046,sub-068,TFD,0.24310787420912203
El espejo,sub-097,sub-067,TFD,0.31635183547277
El espejo,sub-097,sub-054,TFD,0.2877875431805349
El espejo,sub-097,sub-078,TFD,0.24511299012642224
El espejo,sub-097,sub-046,TFD,0.32709456449222707
El espejo,sub-097,sub-097,TFD,1.0
El espejo,sub-097,sub-079,TFD,0.4394690855443001
El espejo,sub-097,sub-028,TFD,0.40201867390706236
El espejo,sub-097,sub-089,TFD,0.38525407447483406
El espejo,sub-097,sub-109,TFD,0.5017124163434363
El espejo,sub-097,sub-070,TFD,0.2192431921132884
El espejo,sub-097,sub-111,TFD,0.2987178823420006
El espejo,sub-097,sub-073,TFD,0.33331582689350187
El espejo,sub-097,sub-001,TFD,0.4385031437977768
El espejo,sub-097,sub-095,TFD,0.4420527017211667
El espejo,sub-097,sub-012,TFD,0.14515710670770868
El espejo,sub-097,sub-052,TFD,0.30987347070571863
El espejo,sub-097,sub-094,TFD,0.2736306186641411
El espejo,sub-097,sub-088,TFD,0.29028736204087935
El espejo,sub-097,sub-044,TFD,0.3979636758312265
El espejo,sub-097,sub-009,TFD,0.30803052121765306
El espejo,sub-097,sub-041,TFD,0.3340312382735363
El espejo,sub-097,sub-024,TFD,0.2918615287565535
El espejo,sub-097,sub-016,TFD,0.21175315603950695
El espejo,sub-097,sub-112,TFD,0.3690528916508842
El espejo,sub-097,sub-058,TFD,0.33142249006743135
El espejo,sub-097,sub-018,TFD,0.22189604581521438
El espejo,sub-097,sub-048,TFD,0.29731301849060177
El espejo,sub-097,sub-087,TFD,0.395245756505386
El espejo,sub-097,sub-091,TFD,0.4062371320306756
El espejo,sub-097,sub-083,TFD,0.4517035182290771
El espejo,sub-097,sub-065,TFD,0.4271128617072595
El espejo,sub-097,sub-077,TFD,0.26446298593349793
El espejo,sub-097,sub-039,TFD,0.35032239800931525
El espejo,sub-097,sub-053,TFD,0.2607557660212772
El espejo,sub-097,sub-075,TFD,0.2933934507944335
El espejo,sub-097,sub-060,TFD,0.4020003756059452
El espejo,sub-097,sub-103,TFD,0.31864995956028325
El espejo,sub-097,sub-105,TFD,0.2676272870811278
El espejo,sub-097,sub-064,TFD,0.21198932996072123
El espejo,sub-097,sub-010,TFD,0.14137084555016885
El espejo,sub-097,sub-034,TFD,0.2820772503525619
El espejo,sub-097,sub-002,TFD,0.3315075161672436
El espejo,sub-097,sub-085,TFD,0.3109723358316417
El espejo,sub-097,sub-021,TFD,0.2814130595890902
El espejo,sub-097,sub-096,TFD,0.42583712538801255
El espejo,sub-097,sub-027,TFD,0.30005288039494604
El espejo,sub-097,sub-006,TFD,0.4213809840005919
El espejo,sub-097,sub-066,TFD,0.3670650387888511
El espejo,sub-097,sub-101,TFD,0.28396196754103903
El espejo,sub-097,sub-042,TFD,0.4083130500534999
El espejo,sub-097,sub-003,TFD,0.43605272364790737
El espejo,sub-097,sub-107,TFD,0.3607680333177615
El espejo,sub-097,sub-098,TFD,0.3545170872885708
El espejo,sub-097,sub-086,TFD,0.15997065042978428
El espejo,sub-097,sub-013,TFD,0.33364597302995236
El espejo,sub-097,sub-068,TFD,0.3847908816901408
El espejo,sub-079,sub-067,TFD,0.308193381198454
El espejo,sub-079,sub-054,TFD,0.2935052648705918
El espejo,sub-079,sub-078,TFD,0.25257088420644835
El espejo,sub-079,sub-046,TFD,0.385574088434932
El espejo,sub-079,sub-097,TFD,0.43946908554430003
El espejo,sub-079,sub-079,TFD,1.0
El espejo,sub-079,sub-028,TFD,0.3916120836741788
El espejo,sub-079,sub-089,TFD,0.4027773536539514
El espejo,sub-079,sub-109,TFD,0.5584156684202851
El espejo,sub-079,sub-070,TFD,0.1873685700534983
El espejo,sub-079,sub-111,TFD,0.3351127421719656
El espejo,sub-079,sub-073,TFD,0.3385180132440676
El espejo,sub-079,sub-001,TFD,0.5161566468441944
El espejo,sub-079,sub-095,TFD,0.42452225587654013
El espejo,sub-079,sub-012,TFD,0.2614303507078751
El espejo,sub-079,sub-052,TFD,0.297370601600666
El espejo,sub-079,sub-094,TFD,0.33907117887919136
El espejo,sub-079,sub-088,TFD,0.2826998367510085
El espejo,sub-079,sub-044,TFD,0.45444571036246023
El espejo,sub-079,sub-009,TFD,0.3144738306000961
El espejo,sub-079,sub-041,TFD,0.3239108652569033
El espejo,sub-079,sub-024,TFD,0.21704469673442195
El espejo,sub-079,sub-016,TFD,0.2533141264571319
El espejo,sub-079,sub-112,TFD,0.3571712202867421
El espejo,sub-079,sub-058,TFD,0.4173393780808527
El espejo,sub-079,sub-018,TFD,0.28363347033787323
El espejo,sub-079,sub-048,TFD,0.2514110978603492
El espejo,sub-079,sub-087,TFD,0.37055072189443616
El espejo,sub-079,sub-091,TFD,0.44543175611959146
El espejo,sub-079,sub-083,TFD,0.4551973088028338
El espejo,sub-079,sub-065,TFD,0.3906964492181756
El espejo,sub-079,sub-077,TFD,0.3553128989043661
El espejo,sub-079,sub-039,TFD,0.3719909006263243
El espejo,sub-079,sub-053,TFD,0.30514160116347533
El espejo,sub-079,sub-075,TFD,0.26335829195413696
El espejo,sub-079,sub-060,TFD,0.4189773380237871
El espejo,sub-079,sub-103,TFD,0.4003054330917827
El espejo,sub-079,sub-105,TFD,0.2534799215801988
El espejo,sub-079,sub-064,TFD,0.2934003760384366
El espejo,sub-079,sub-010,TFD,0.1141904143503774
El espejo,sub-079,sub-034,TFD,0.31293995819353954
El espejo,sub-079,sub-002,TFD,0.40301990847982505
El espejo,sub-079,sub-085,TFD,0.39651292712642666
El espejo,sub-079,sub-021,TFD,0.37227175575032373
El espejo,sub-079,sub-096,TFD,0.4954628421397367
El espejo,sub-079,sub-027,TFD,0.3898189216717166
El espejo,sub-079,sub-006,TFD,0.4087404286868371
El espejo,sub-079,sub-066,TFD,0.3576282646814075
El espejo,sub-079,sub-101,TFD,0.30147301432627377
El espejo,sub-079,sub-042,TFD,0.45433721608194555
El espejo,sub-079,sub-003,TFD,0.4718917351085953
El espejo,sub-079,sub-107,TFD,0.37769955800598626
El espejo,sub-079,sub-098,TFD,0.38292601945100035
El espejo,sub-079,sub-086,TFD,0.1484589665369273
El espejo,sub-079,sub-013,TFD,0.2757582508563389
El espejo,sub-079,sub-068,TFD,0.3904067463191777
El espejo,sub-028,sub-067,TFD,0.28260508625508474
El espejo,sub-028,sub-054,TFD,0.35124206259490504
El espejo,sub-028,sub-078,TFD,0.2713874390449849
El espejo,sub-028,sub-046,TFD,0.31270651844048736
El espejo,sub-028,sub-097,TFD,0.4020186739070624
El espejo,sub-028,sub-079,TFD,0.39161208367417877
El espejo,sub-028,sub-028,TFD,1.0
El espejo,sub-028,sub-089,TFD,0.3266139509190441
El espejo,sub-028,sub-109,TFD,0.4195697640682571
El espejo,sub-028,sub-070,TFD,0.22733021729719327
El espejo,sub-028,sub-111,TFD,0.24499116833824008
El espejo,sub-028,sub-073,TFD,0.2677411783503599
El espejo,sub-028,sub-001,TFD,0.4117478122232171
El espejo,sub-028,sub-095,TFD,0.4149728306821682
El espejo,sub-028,sub-012,TFD,0.13761336348989214
El espejo,sub-028,sub-052,TFD,0.351290603335441
El espejo,sub-028,sub-094,TFD,0.31160207951820196
El espejo,sub-028,sub-088,TFD,0.23713384146634722
El espejo,sub-028,sub-044,TFD,0.3784094480908732
El espejo,sub-028,sub-009,TFD,0.23294741329158747
El espejo,sub-028,sub-041,TFD,0.3147707145241166
El espejo,sub-028,sub-024,TFD,0.18877467635616366
El espejo,sub-028,sub-016,TFD,0.2245396675121551
El espejo,sub-028,sub-112,TFD,0.35213635055543746
El espejo,sub-028,sub-058,TFD,0.38433347898995424
El espejo,sub-028,sub-018,TFD,0.23232681551992362
El espejo,sub-028,sub-048,TFD,0.2925418197873713
El espejo,sub-028,sub-087,TFD,0.34342062212284535
El espejo,sub-028,sub-091,TFD,0.32441456906246746
El espejo,sub-028,sub-083,TFD,0.393270415348903
El espejo,sub-028,sub-065,TFD,0.36930805050324755
El espejo,sub-028,sub-077,TFD,0.26662789162176953
El espejo,sub-028,sub-039,TFD,0.27507728616832416
El espejo,sub-028,sub-053,TFD,0.25634239279606164
El espejo,sub-028,sub-075,TFD,0.31763603256092765
El espejo,sub-028,sub-060,TFD,0.4857783696733338
El espejo,sub-028,sub-103,TFD,0.362767562965631
El espejo,sub-028,sub-105,TFD,0.25424241704776973
El espejo,sub-028,sub-064,TFD,0.24824631854013407
El espejo,sub-028,sub-010,TFD,0.16317995923525083
El espejo,sub-028,sub-034,TFD,0.32871730352745665
El espejo,sub-028,sub-002,TFD,0.2958193189762108
El espejo,sub-028,sub-085,TFD,0.31491761969394755
El espejo,sub-028,sub-021,TFD,0.24591138657246558
El espejo,sub-028,sub-096,TFD,0.38477520331835047
El espejo,sub-028,sub-027,TFD,0.2711744907996608
El espejo,sub-028,sub-006,TFD,0.370389555766922
El espejo,sub-028,sub-066,TFD,0.3880658864757273
El espejo,sub-028,sub-101,TFD,0.27312428374632947
El espejo,sub-028,sub-042,TFD,0.29597348708152893
El espejo,sub-028,sub-003,TFD,0.4057588463277775
El espejo,sub-028,sub-107,TFD,0.3159544008940681
El espejo,sub-028,sub-098,TFD,0.3545415440557819
El espejo,sub-028,sub-086,TFD,0.14161927463503093
El espejo,sub-028,sub-013,TFD,0.2948292854481704
El espejo,sub-028,sub-068,TFD,0.3605868802279045
El espejo,sub-089,sub-067,TFD,0.2933675661729461
El espejo,sub-089,sub-054,TFD,0.28783226209355417
El espejo,sub-089,sub-078,TFD,0.2651119929463479
El espejo,sub-089,sub-046,TFD,0.37048109622564696
El espejo,sub-089,sub-097,TFD,0.385254074474834
El espejo,sub-089,sub-079,TFD,0.4027773536539514
El espejo,sub-089,sub-028,TFD,0.3266139509190441
El espejo,sub-089,sub-089,TFD,1.0
El espejo,sub-089,sub-109,TFD,0.530379228640585
El espejo,sub-089,sub-070,TFD,0.15982825786501498
El espejo,sub-089,sub-111,TFD,0.38877324108377975
El espejo,sub-089,sub-073,TFD,0.28373037304008397
El espejo,sub-089,sub-001,TFD,0.4719519652229307
El espejo,sub-089,sub-095,TFD,0.35394265809769093
El espejo,sub-089,sub-012,TFD,0.11355874738595245
El espejo,sub-089,sub-052,TFD,0.20087688847128474
El espejo,sub-089,sub-094,TFD,0.22602626894572567
El espejo,sub-089,sub-088,TFD,0.22328202019662574
El espejo,sub-089,sub-044,TFD,0.4174853392066484
El espejo,sub-089,sub-009,TFD,0.37808913783582915
El espejo,sub-089,sub-041,TFD,0.2814646609610646
El espejo,sub-089,sub-024,TFD,0.15310228544582247
El espejo,sub-089,sub-016,TFD,0.13670403127901168
El espejo,sub-089,sub-112,TFD,0.44761865167125964
El espejo,sub-089,sub-058,TFD,0.3015651095307598
El espejo,sub-089,sub-018,TFD,0.31940425147525264
El espejo,sub-089,sub-048,TFD,0.23699885675933252
El espejo,sub-089,sub-087,TFD,0.41726954881337236
El espejo,sub-089,sub-091,TFD,0.35359359401124896
El espejo,sub-089,sub-083,TFD,0.37877402572621577
El espejo,sub-089,sub-065,TFD,0.392096613113199
El espejo,sub-089,sub-077,TFD,0.2967492343472037
El espejo,sub-089,sub-039,TFD,0.3698842628949986
El espejo,sub-089,sub-053,TFD,0.24069020540409414
El espejo,sub-089,sub-075,TFD,0.23929662682185124
El espejo,sub-089,sub-060,TFD,0.35689211506218343
El espejo,sub-089,sub-103,TFD,0.36681025104511333
El espejo,sub-089,sub-105,TFD,0.1994888764660067
El espejo,sub-089,sub-064,TFD,0.25693444583759234
El espejo,sub-089,sub-010,TFD,0.03574572089732097
El espejo,sub-089,sub-034,TFD,0.20990840260163035
El espejo,sub-089,sub-002,TFD,0.3596275279509019
El espejo,sub-089,sub-085,TFD,0.37065048698775194
El espejo,sub-089,sub-021,TFD,0.2746416539592259
El espejo,sub-089,sub-096,TFD,0.3893219515240189
El espejo,sub-089,sub-027,TFD,0.317782261556936
El espejo,sub-089,sub-006,TFD,0.4122948871422404
El espejo,sub-089,sub-066,TFD,0.29097453409863855
El espejo,sub-089,sub-101,TFD,0.2277287532092051
El espejo,sub-089,sub-042,TFD,0.4320649398092768
El espejo,sub-089,sub-003,TFD,0.46211852703763634
El espejo,sub-089,sub-107,TFD,0.37324417882858885
El espejo,sub-089,sub-098,TFD,0.3293053207169525
El espejo,sub-089,sub-086,TFD,0.18375471569904364
El espejo,sub-089,sub-013,TFD,0.24388254901509882
El espejo,sub-089,sub-068,TFD,0.38527440574946364
El espejo,sub-109,sub-067,TFD,0.32407175309063996
El espejo,sub-109,sub-054,TFD,0.36098266139044705
El espejo,sub-109,sub-078,TFD,0.29783413790455476
El espejo,sub-109,sub-046,TFD,0.4066514285952731
El espejo,sub-109,sub-097,TFD,0.5017124163434363
El espejo,sub-109,sub-079,TFD,0.5584156684202851
El espejo,sub-109,sub-028,TFD,0.41956976406825713
El espejo,sub-109,sub-089,TFD,0.5303792286405851
El espejo,sub-109,sub-109,TFD,0.9999999999999999
El espejo,sub-109,sub-070,TFD,0.23998697609918945
El espejo,sub-109,sub-111,TFD,0.3936383256116723
El espejo,sub-109,sub-073,TFD,0.35083676564877053
El espejo,sub-109,sub-001,TFD,0.5611703317367814
El espejo,sub-109,sub-095,TFD,0.49133675624199635
El espejo,sub-109,sub-012,TFD,0.21573497534726693
El espejo,sub-109,sub-052,TFD,0.3162547289019185
El espejo,sub-109,sub-094,TFD,0.3051572165903739
El espejo,sub-109,sub-088,TFD,0.3369735884285732
El espejo,sub-109,sub-044,TFD,0.5568747276331478
El espejo,sub-109,sub-009,TFD,0.375486389658399
El espejo,sub-109,sub-041,TFD,0.35367529472939574
El espejo,sub-109,sub-024,TFD,0.22348601687550385
El espejo,sub-109,sub-016,TFD,0.2378194185194376
El espejo,sub-109,sub-112,TFD,0.5172307236130549
El espejo,sub-109,sub-058,TFD,0.46322139759890163
El espejo,sub-109,sub-018,TFD,0.3562958253314299
El espejo,sub-109,sub-048,TFD,0.35020284685144004
El espejo,sub-109,sub-087,TFD,0.44571938464923744
El espejo,sub-109,sub-091,TFD,0.482728520032427
El espejo,sub-109,sub-083,TFD,0.49077040722950055
El espejo,sub-109,sub-065,TFD,0.4970488216469296
El espejo,sub-109,sub-077,TFD,0.3552477492661491
El espejo,sub-109,sub-039,TFD,0.4680858184955244
El espejo,sub-109,sub-053,TFD,0.33170422176937586
El espejo,sub-109,sub-075,TFD,0.3240458907157487
El espejo,sub-109,sub-060,TFD,0.4545418286483501
El espejo,sub-109,sub-103,TFD,0.42209430719089014
El espejo,sub-109,sub-105,TFD,0.33534857204811125
El espejo,sub-109,sub-064,TFD,0.35218126808089817
El espejo,sub-109,sub-010,TFD,0.10674466012834245
El espejo,sub-109,sub-034,TFD,0.374194065234576
El espejo,sub-109,sub-002,TFD,0.4562555359478705
El espejo,sub-109,sub-085,TFD,0.42002464438253284
El espejo,sub-109,sub-021,TFD,0.3791875747300756
El espejo,sub-109,sub-096,TFD,0.5401362862589879
El espejo,sub-109,sub-027,TFD,0.3672740150369885
El espejo,sub-109,sub-006,TFD,0.46840770701190865
El espejo,sub-109,sub-066,TFD,0.4165802027525666
El espejo,sub-109,sub-101,TFD,0.308159749419407
El espejo,sub-109,sub-042,TFD,0.4625504280608461
El espejo,sub-109,sub-003,TFD,0.5919129916165841
El espejo,sub-109,sub-107,TFD,0.41913913806987035
El espejo,sub-109,sub-098,TFD,0.4287993579468108
El espejo,sub-109,sub-086,TFD,0.16675011773171639
El espejo,sub-109,sub-013,TFD,0.3377397286683972
El espejo,sub-109,sub-068,TFD,0.45569614367752215
El espejo,sub-070,sub-067,TFD,0.25561696921765414
El espejo,sub-070,sub-054,TFD,0.2953513922128395
El espejo,sub-070,sub-078,TFD,0.23732773152074027
El espejo,sub-070,sub-046,TFD,0.15214951139876814
El espejo,sub-070,sub-097,TFD,0.2192431921132884
El espejo,sub-070,sub-079,TFD,0.18736857005349827
El espejo,sub-070,sub-028,TFD,0.22733021729719327
El espejo,sub-070,sub-089,TFD,0.15982825786501498
El espejo,sub-070,sub-109,TFD,0.23998697609918948
El espejo,sub-070,sub-070,TFD,1.0
El espejo,sub-070,sub-111,TFD,0.19880821943756477
El espejo,sub-070,sub-073,TFD,0.1962082161132601
El espejo,sub-070,sub-001,TFD,0.2479960750261066
El espejo,sub-070,sub-095,TFD,0.29966775239336857
El espejo,sub-070,sub-012,TFD,0.054871106724815155
El espejo,sub-070,sub-052,TFD,0.2616700805075733
El espejo,sub-070,sub-094,TFD,0.3321776067140132
El espejo,sub-070,sub-088,TFD,0.11211562145266757
El espejo,sub-070,sub-044,TFD,0.22354892873423227
El espejo,sub-070,sub-009,TFD,0.111847907385186
El espejo,sub-070,sub-041,TFD,0.2047890059168248
El espejo,sub-070,sub-024,TFD,0.1408345603987123
El espejo,sub-070,sub-016,TFD,0.2327124458578362
El espejo,sub-070,sub-112,TFD,0.1759531363865537
El espejo,sub-070,sub-058,TFD,0.20016501791408345
El espejo,sub-070,sub-018,TFD,0.13065644277964922
El espejo,sub-070,sub-048,TFD,0.14451223369950303
El espejo,sub-070,sub-087,TFD,0.2161019778034384
El espejo,sub-070,sub-091,TFD,0.16414401270808446
El espejo,sub-070,sub-083,TFD,0.16014804561738769
El espejo,sub-070,sub-065,TFD,0.2387462854164385
El espejo,sub-070,sub-077,TFD,0.13559199018129184
El espejo,sub-070,sub-039,TFD,0.1215852803815635
El espejo,sub-070,sub-053,TFD,0.332919321646779
El espejo,sub-070,sub-075,TFD,0.20981681938083288
El espejo,sub-070,sub-060,TFD,0.21326264687474725
El espejo,sub-070,sub-103,TFD,0.24480710556218402
El espejo,sub-070,sub-105,TFD,0.15197557406441659
El espejo,sub-070,sub-064,TFD,0.2315722238816626
El espejo,sub-070,sub-010,TFD,0.2162245220844745
El espejo,sub-070,sub-034,TFD,0.30698958180118463
El espejo,sub-070,sub-002,TFD,0.18764017806866748
El espejo,sub-070,sub-085,TFD,0.15784397643692852
El espejo,sub-070,sub-021,TFD,0.17300284989616208
El espejo,sub-070,sub-096,TFD,0.21873390260820202
El espejo,sub-070,sub-027,TFD,0.11281713935329159
El espejo,sub-070,sub-006,TFD,0.12531477363898272
El espejo,sub-070,sub-066,TFD,0.18336175345457223
El espejo,sub-070,sub-101,TFD,0.25978444212445245
El espejo,sub-070,sub-042,TFD,0.1486149285277552
El espejo,sub-070,sub-003,TFD,0.17296149715724385
El espejo,sub-070,sub-107,TFD,0.16407007554852174
El espejo,sub-070,sub-098,TFD,0.16758763447861866
El espejo,sub-070,sub-086,TFD,0.2563480564013501
El espejo,sub-070,sub-013,TFD,0.21446603862506616
El espejo,sub-070,sub-068,TFD,0.3222980219393909
El espejo,sub-111,sub-067,TFD,0.2616387504930385
El espejo,sub-111,sub-054,TFD,0.22893212686632483
El espejo,sub-111,sub-078,TFD,0.28665045674663137
El espejo,sub-111,sub-046,TFD,0.27551005830327474
El espejo,sub-111,sub-097,TFD,0.2987178823420006
El espejo,sub-111,sub-079,TFD,0.3351127421719656
El espejo,sub-111,sub-028,TFD,0.24499116833824008
El espejo,sub-111,sub-089,TFD,0.38877324108377975
El espejo,sub-111,sub-109,TFD,0.3936383256116723
El espejo,sub-111,sub-070,TFD,0.1988082194375648
El espejo,sub-111,sub-111,TFD,1.0
El espejo,sub-111,sub-073,TFD,0.32252127932903973
El espejo,sub-111,sub-001,TFD,0.41222048240286063
El espejo,sub-111,sub-095,TFD,0.34065840987570456
El espejo,sub-111,sub-012,TFD,0.059501165343197195
El espejo,sub-111,sub-052,TFD,0.24231571632538704
El espejo,sub-111,sub-094,TFD,0.2589358539159505
El espejo,sub-111,sub-088,TFD,0.19820650406831006
El espejo,sub-111,sub-044,TFD,0.2915709036519413
El espejo,sub-111,sub-009,TFD,0.32542351361634136
El espejo,sub-111,sub-041,TFD,0.33454457896936046
El espejo,sub-111,sub-024,TFD,0.09964462624015237
El espejo,sub-111,sub-016,TFD,0.15229347569772614
El espejo,sub-111,sub-112,TFD,0.3442325860584251
El espejo,sub-111,sub-058,TFD,0.25175734116438514
El espejo,sub-111,sub-018,TFD,0.292209071889215
El espejo,sub-111,sub-048,TFD,0.2808858538799471
El espejo,sub-111,sub-087,TFD,0.3777057224034019
El espejo,sub-111,sub-091,TFD,0.34940013824476474
El espejo,sub-111,sub-083,TFD,0.32129195430038654
El espejo,sub-111,sub-065,TFD,0.3633463316882821
El espejo,sub-111,sub-077,TFD,0.18615709045875228
El espejo,sub-111,sub-039,TFD,0.22275510204790255
El espejo,sub-111,sub-053,TFD,0.2756188117605804
El espejo,sub-111,sub-075,TFD,0.2507028191361769
El espejo,sub-111,sub-060,TFD,0.3278113987831922
El espejo,sub-111,sub-103,TFD,0.2901565739796578
El espejo,sub-111,sub-105,TFD,0.1531234605801807
El espejo,sub-111,sub-064,TFD,0.23452121850585483
El espejo,sub-111,sub-010,TFD,0.16690169060357885
El espejo,sub-111,sub-034,TFD,0.21588612659789333
El espejo,sub-111,sub-002,TFD,0.3527950567552114
El espejo,sub-111,sub-085,TFD,0.3331265226960942
El espejo,sub-111,sub-021,TFD,0.11673668495420149
El espejo,sub-111,sub-096,TFD,0.3784733062944911
El espejo,sub-111,sub-027,TFD,0.27311187574739315
El espejo,sub-111,sub-006,TFD,0.3059067764388169
El espejo,sub-111,sub-066,TFD,0.320141877771601
El espejo,sub-111,sub-101,TFD,0.24398155203637173
El espejo,sub-111,sub-042,TFD,0.24384061864756335
El espejo,sub-111,sub-003,TFD,0.2966753146532479
El espejo,sub-111,sub-107,TFD,0.23461443512244778
El espejo,sub-111,sub-098,TFD,0.282620113927851
El espejo,sub-111,sub-086,TFD,0.15195507521329604
El espejo,sub-111,sub-013,TFD,0.26069842987190595
El espejo,sub-111,sub-068,TFD,0.36623217739361696
El espejo,sub-073,sub-067,TFD,0.2653442045067789
El espejo,sub-073,sub-054,TFD,0.22771462639324783
El espejo,sub-073,sub-078,TFD,0.24715419354935889
El espejo,sub-073,sub-046,TFD,0.26740963917662286
El espejo,sub-073,sub-097,TFD,0.3333158268935018
El espejo,sub-073,sub-079,TFD,0.3385180132440676
El espejo,sub-073,sub-028,TFD,0.2677411783503599
El espejo,sub-073,sub-089,TFD,0.2837303730400839
El espejo,sub-073,sub-109,TFD,0.35083676564877053
El espejo,sub-073,sub-070,TFD,0.1962082161132601
El espejo,sub-073,sub-111,TFD,0.32252127932903973
El espejo,sub-073,sub-073,TFD,1.0
El espejo,sub-073,sub-001,TFD,0.31832943845756156
El espejo,sub-073,sub-095,TFD,0.34279068804886575
El espejo,sub-073,sub-012,TFD,0.07911131120605451
El espejo,sub-073,sub-052,TFD,0.256757976294084
El espejo,sub-073,sub-094,TFD,0.25640323789760094
El espejo,sub-073,sub-088,TFD,0.14750513999963202
El espejo,sub-073,sub-044,TFD,0.3247214104846599
El espejo,sub-073,sub-009,TFD,0.2750434429608528
El espejo,sub-073,sub-041,TFD,0.27184951270704494
El espejo,sub-073,sub-024,TFD,0.2246122289725079
El espejo,sub-073,sub-016,TFD,0.2220334563930602
El espejo,sub-073,sub-112,TFD,0.23600165801950707
El espejo,sub-073,sub-058,TFD,0.3088125157726541
El espejo,sub-073,sub-018,TFD,0.28629849765350873
El espejo,sub-073,sub-048,TFD,0.2175815654362444
El espejo,sub-073,sub-087,TFD,0.31125712437693465
El espejo,sub-073,sub-091,TFD,0.27566109836345465
El espejo,sub-073,sub-083,TFD,0.28614625023891016
El espejo,sub-073,sub-065,TFD,0.37073376286377474
El espejo,sub-073,sub-077,TFD,0.1939702282356564
El espejo,sub-073,sub-039,TFD,0.21816373310927606
El espejo,sub-073,sub-053,TFD,0.21679762658116655
El espejo,sub-073,sub-075,TFD,0.2966660068689893
El espejo,sub-073,sub-060,TFD,0.322021335187469
El espejo,sub-073,sub-103,TFD,0.2793708873181574
El espejo,sub-073,sub-105,TFD,0.2387619166355749
El espejo,sub-073,sub-064,TFD,0.23649355839368222
El espejo,sub-073,sub-010,TFD,0.12550935895312365
El espejo,sub-073,sub-034,TFD,0.31858265451401546
El espejo,sub-073,sub-002,TFD,0.24591978875106382
El espejo,sub-073,sub-085,TFD,0.29736888238919446
El espejo,sub-073,sub-021,TFD,0.12086573368448533
El espejo,sub-073,sub-096,TFD,0.33620533824301824
El espejo,sub-073,sub-027,TFD,0.138711827224458
El espejo,sub-073,sub-006,TFD,0.27053050644790827
El espejo,sub-073,sub-066,TFD,0.3489483790311077
El espejo,sub-073,sub-101,TFD,0.23934610972702777
El espejo,sub-073,sub-042,TFD,0.25089897614470125
El espejo,sub-073,sub-003,TFD,0.30283099582059686
El espejo,sub-073,sub-107,TFD,0.2955935267550471
El espejo,sub-073,sub-098,TFD,0.220797250825039
El espejo,sub-073,sub-086,TFD,0.17768641530142007
El espejo,sub-073,sub-013,TFD,0.28104447276747624
El espejo,sub-073,sub-068,TFD,0.34980690678166904
El espejo,sub-001,sub-067,TFD,0.2727720554044823
El espejo,sub-001,sub-054,TFD,0.24204080828000632
El espejo,sub-001,sub-078,TFD,0.31487170801370457
El espejo,sub-001,sub-046,TFD,0.42650998297211745
El espejo,sub-001,sub-097,TFD,0.4385031437977768
El espejo,sub-001,sub-079,TFD,0.5161566468441944
El espejo,sub-001,sub-028,TFD,0.41174781222321716
El espejo,sub-001,sub-089,TFD,0.47195196522293065
El espejo,sub-001,sub-109,TFD,0.5611703317367814
El espejo,sub-001,sub-070,TFD,0.24799607502610657
El espejo,sub-001,sub-111,TFD,0.4122204824028607
El espejo,sub-001,sub-073,TFD,0.31832943845756156
El espejo,sub-001,sub-001,TFD,1.0
El espejo,sub-001,sub-095,TFD,0.4625014483600858
El espejo,sub-001,sub-012,TFD,0.15901745481988488
El espejo,sub-001,sub-052,TFD,0.2833773059526081
El espejo,sub-001,sub-094,TFD,0.347779549535471
El espejo,sub-001,sub-088,TFD,0.30808701608492617
El espejo,sub-001,sub-044,TFD,0.500925126788481
El espejo,sub-001,sub-009,TFD,0.3660886887978807
El espejo,sub-001,sub-041,TFD,0.4078195434025599
El espejo,sub-001,sub-024,TFD,0.17242083868275948
El espejo,sub-001,sub-016,TFD,0.2415065655585561
El espejo,sub-001,sub-112,TFD,0.4502430192186505
El espejo,sub-001,sub-058,TFD,0.38744345269860464
El espejo,sub-001,sub-018,TFD,0.3496626681434823
El espejo,sub-001,sub-048,TFD,0.2934677911860758
El espejo,sub-001,sub-087,TFD,0.4121849433844916
El espejo,sub-001,sub-091,TFD,0.4237841714877774
El espejo,sub-001,sub-083,TFD,0.41155005762234265
El espejo,sub-001,sub-065,TFD,0.4428688713024589
El espejo,sub-001,sub-077,TFD,0.332715347449848
El espejo,sub-001,sub-039,TFD,0.4639357901272623
El espejo,sub-001,sub-053,TFD,0.33326241125208467
El espejo,sub-001,sub-075,TFD,0.2754912619166323
El espejo,sub-001,sub-060,TFD,0.4358229473805349
El espejo,sub-001,sub-103,TFD,0.42591872138581344
El espejo,sub-001,sub-105,TFD,0.2673815485609437
El espejo,sub-001,sub-064,TFD,0.32092743092891945
El espejo,sub-001,sub-010,TFD,0.1522188989961505
El espejo,sub-001,sub-034,TFD,0.2831372740675923
El espejo,sub-001,sub-002,TFD,0.4408872886139608
El espejo,sub-001,sub-085,TFD,0.39559678383902536
El espejo,sub-001,sub-021,TFD,0.3828149505678519
El espejo,sub-001,sub-096,TFD,0.48321343827190266
El espejo,sub-001,sub-027,TFD,0.3919281275638794
El espejo,sub-001,sub-006,TFD,0.4300505388158474
El espejo,sub-001,sub-066,TFD,0.39938913774918205
El espejo,sub-001,sub-101,TFD,0.3077049159767763
El espejo,sub-001,sub-042,TFD,0.5295878745839847
El espejo,sub-001,sub-003,TFD,0.46776915949478065
El espejo,sub-001,sub-107,TFD,0.3650255188687756
El espejo,sub-001,sub-098,TFD,0.34433532336233297
El espejo,sub-001,sub-086,TFD,0.17328947133040978
El espejo,sub-001,sub-013,TFD,0.2904245799417653
El espejo,sub-001,sub-068,TFD,0.4341765265286114
El espejo,sub-095,sub-067,TFD,0.3374444422865766
El espejo,sub-095,sub-054,TFD,0.30899969257071536
El espejo,sub-095,sub-078,TFD,0.3220265592537917
El espejo,sub-095,sub-046,TFD,0.33408590201537397
El espejo,sub-095,sub-097,TFD,0.4420527017211667
El espejo,sub-095,sub-079,TFD,0.4245222558765401
El espejo,sub-095,sub-028,TFD,0.4149728306821682
El espejo,sub-095,sub-089,TFD,0.35394265809769093
El espejo,sub-095,sub-109,TFD,0.49133675624199635
El espejo,sub-095,sub-070,TFD,0.29966775239336857
El espejo,sub-095,sub-111,TFD,0.34065840987570456
El espejo,sub-095,sub-073,TFD,0.34279068804886575
El espejo,sub-095,sub-001,TFD,0.4625014483600858
El espejo,sub-095,sub-095,TFD,0.9999999999999999
El espejo,sub-095,sub-012,TFD,0.1788602447692592
El espejo,sub-095,sub-052,TFD,0.3569740602691562
El espejo,sub-095,sub-094,TFD,0.37479578800784663
El espejo,sub-095,sub-088,TFD,0.28506085920124197
El espejo,sub-095,sub-044,TFD,0.3826498167754706
El espejo,sub-095,sub-009,TFD,0.3479833689248388
El espejo,sub-095,sub-041,TFD,0.3481814802266665
El espejo,sub-095,sub-024,TFD,0.2521615753346258
El espejo,sub-095,sub-016,TFD,0.3202348989432828
El espejo,sub-095,sub-112,TFD,0.3523100333772638
El espejo,sub-095,sub-058,TFD,0.31178261640129723
El espejo,sub-095,sub-018,TFD,0.2654535221318666
El espejo,sub-095,sub-048,TFD,0.312894225625805
El espejo,sub-095,sub-087,TFD,0.40132543553347166
El espejo,sub-095,sub-091,TFD,0.3843050069979199
El espejo,sub-095,sub-083,TFD,0.35373878038034345
El espejo,sub-095,sub-065,TFD,0.4335108169051219
El espejo,sub-095,sub-077,TFD,0.2820159148830722
El espejo,sub-095,sub-039,TFD,0.34678738744664495
El espejo,sub-095,sub-053,TFD,0.30448780896048894
El espejo,sub-095,sub-075,TFD,0.2837792072326426
El espejo,sub-095,sub-060,TFD,0.482541018849597
El espejo,sub-095,sub-103,TFD,0.41568530041555235
El espejo,sub-095,sub-105,TFD,0.26711072048039636
El espejo,sub-095,sub-064,TFD,0.36262191964375895
El espejo,sub-095,sub-010,TFD,0.1647925517125818
El espejo,sub-095,sub-034,TFD,0.37779584511975933
El espejo,sub-095,sub-002,TFD,0.33311214559015856
El espejo,sub-095,sub-085,TFD,0.3470220877641278
El espejo,sub-095,sub-021,TFD,0.27211405163936
El espejo,sub-095,sub-096,TFD,0.46410737226129317
El espejo,sub-095,sub-027,TFD,0.29168422108828346
El espejo,sub-095,sub-006,TFD,0.427045136001936
El espejo,sub-095,sub-066,TFD,0.3501623395670845
El espejo,sub-095,sub-101,TFD,0.31445998186218815
El espejo,sub-095,sub-042,TFD,0.3493271264249156
El espejo,sub-095,sub-003,TFD,0.43125957763100603
El espejo,sub-095,sub-107,TFD,0.35304550891045805
El espejo,sub-095,sub-098,TFD,0.3513569063790959
El espejo,sub-095,sub-086,TFD,0.22817468466465743
El espejo,sub-095,sub-013,TFD,0.3491106374500244
El espejo,sub-095,sub-068,TFD,0.4303680412245354
El espejo,sub-012,sub-067,TFD,0.12806811579331545
El espejo,sub-012,sub-054,TFD,0.19873146240890507
El espejo,sub-012,sub-078,TFD,0.11933600415903899
El espejo,sub-012,sub-046,TFD,0.12774449031208707
El espejo,sub-012,sub-097,TFD,0.14515710670770868
El espejo,sub-012,sub-079,TFD,0.2614303507078751
El espejo,sub-012,sub-028,TFD,0.13761336348989214
El espejo,sub-012,sub-089,TFD,0.11355874738595244
El espejo,sub-012,sub-109,TFD,0.21573497534726693
El espejo,sub-012,sub-070,TFD,0.05487110672481516
El espejo,sub-012,sub-111,TFD,0.059501165343197195
El espejo,sub-012,sub-073,TFD,0.07911131120605451
El espejo,sub-012,sub-001,TFD,0.15901745481988488
El espejo,sub-012,sub-095,TFD,0.17886024476925919
El espejo,sub-012,sub-012,TFD,1.0
El espejo,sub-012,sub-052,TFD,0.06268164809773244
El espejo,sub-012,sub-094,TFD,0.1671812085575145
El espejo,sub-012,sub-088,TFD,0.20339596853545733
El espejo,sub-012,sub-044,TFD,0.19465723181423294
El espejo,sub-012,sub-009,TFD,0.08065552598799954
El espejo,sub-012,sub-041,TFD,0.08041077746865195
El espejo,sub-012,sub-024,TFD,0.10317072560058942
El espejo,sub-012,sub-016,TFD,0.1460618823455861
El espejo,sub-012,sub-112,TFD,0.20859313726096762
El espejo,sub-012,sub-058,TFD,0.16603320968958613
El espejo,sub-012,sub-018,TFD,0.12225760932569633
El espejo,sub-012,sub-048,TFD,0.12151445092238013
El espejo,sub-012,sub-087,TFD,0.1404493556779936
El espejo,sub-012,sub-091,TFD,0.18985847579379245
El espejo,sub-012,sub-083,TFD,0.18764923093057334
El espejo,sub-012,sub-065,TFD,0.16025896795771416
El espejo,sub-012,sub-077,TFD,0.14895299709489002
El espejo,sub-012,sub-039,TFD,0.20691539167734596
El espejo,sub-012,sub-053,TFD,0.18677090314724337
El espejo,sub-012,sub-075,TFD,0.1344671817566411
El espejo,sub-012,sub-060,TFD,0.2065221079954238
El espejo,sub-012,sub-103,TFD,0.22301240389964214
El espejo,sub-012,sub-105,TFD,0.07278586966021115
El espejo,sub-012,sub-064,TFD,0.13747580771068368
El espejo,sub-012,sub-010,TFD,0.06074947070571157
El espejo,sub-012,sub-034,TFD,0.09797758866401828
El espejo,sub-012,sub-002,TFD,0.17141363378421
El espejo,sub-012,sub-085,TFD,0.11308309340576839
El espejo,sub-012,sub-021,TFD,0.2219769723193358
El espejo,sub-012,sub-096,TFD,0.18085701394515316
El espejo,sub-012,sub-027,TFD,0.21478415657877478
El espejo,sub-012,sub-006,TFD,0.1981088371150781
El espejo,sub-012,sub-066,TFD,0.14788313683810578
El espejo,sub-012,sub-101,TFD,0.15481841438618862
El espejo,sub-012,sub-042,TFD,0.18723221719018066
El espejo,sub-012,sub-003,TFD,0.16358954426499864
El espejo,sub-012,sub-107,TFD,0.2233997210979472
El espejo,sub-012,sub-098,TFD,0.1745700207802229
El espejo,sub-012,sub-086,TFD,0.08436429459826786
El espejo,sub-012,sub-013,TFD,0.11351200198385047
El espejo,sub-012,sub-068,TFD,0.08869448801563111
El espejo,sub-052,sub-067,TFD,0.2691530267590854
El espejo,sub-052,sub-054,TFD,0.2332036523411738
El espejo,sub-052,sub-078,TFD,0.2826765609325329
El espejo,sub-052,sub-046,TFD,0.1820040581373818
El espejo,sub-052,sub-097,TFD,0.30987347070571863
El espejo,sub-052,sub-079,TFD,0.297370601600666
El espejo,sub-052,sub-028,TFD,0.351290603335441
El espejo,sub-052,sub-089,TFD,0.20087688847128474
El espejo,sub-052,sub-109,TFD,0.3162547289019185
El espejo,sub-052,sub-070,TFD,0.2616700805075733
El espejo,sub-052,sub-111,TFD,0.24231571632538706
El espejo,sub-052,sub-073,TFD,0.256757976294084
El espejo,sub-052,sub-001,TFD,0.2833773059526081
El espejo,sub-052,sub-095,TFD,0.35697406026915623
El espejo,sub-052,sub-012,TFD,0.06268164809773244
El espejo,sub-052,sub-052,TFD,1.0
El espejo,sub-052,sub-094,TFD,0.3758817028647696
El espejo,sub-052,sub-088,TFD,0.16846916613960453
El espejo,sub-052,sub-044,TFD,0.23929223622260948
El espejo,sub-052,sub-009,TFD,0.2251531208664222
El espejo,sub-052,sub-041,TFD,0.31665928744899247
El espejo,sub-052,sub-024,TFD,0.2022358095744861
El espejo,sub-052,sub-016,TFD,0.29806037648629186
El espejo,sub-052,sub-112,TFD,0.23196372718879688
El espejo,sub-052,sub-058,TFD,0.31243891801351337
El espejo,sub-052,sub-018,TFD,0.20700022418306516
El espejo,sub-052,sub-048,TFD,0.30188552583785305
El espejo,sub-052,sub-087,TFD,0.32122305418416514
El espejo,sub-052,sub-091,TFD,0.26510741559712103
El espejo,sub-052,sub-083,TFD,0.3231653324244419
El espejo,sub-052,sub-065,TFD,0.2960263071971511
El espejo,sub-052,sub-077,TFD,0.1837685590116022
El espejo,sub-052,sub-039,TFD,0.07678381549320225
El espejo,sub-052,sub-053,TFD,0.2789939043695835
El espejo,sub-052,sub-075,TFD,0.2739159634126917
El espejo,sub-052,sub-060,TFD,0.3367176150849757
El espejo,sub-052,sub-103,TFD,0.3054140243580324
El espejo,sub-052,sub-105,TFD,0.2144296237928425
El espejo,sub-052,sub-064,TFD,0.30385732956069034
El espejo,sub-052,sub-010,TFD,0.20305250167327885
El espejo,sub-052,sub-034,TFD,0.34646289378620765
El espejo,sub-052,sub-002,TFD,0.29606336002340455
El espejo,sub-052,sub-085,TFD,0.31629178961845084
El espejo,sub-052,sub-021,TFD,0.0955971524721629
El espejo,sub-052,sub-096,TFD,0.3803157174282703
El espejo,sub-052,sub-027,TFD,0.13750376316934457
El espejo,sub-052,sub-006,TFD,0.23224648305189222
El espejo,sub-052,sub-066,TFD,0.3065708267312379
El espejo,sub-052,sub-101,TFD,0.26857126879756127
El espejo,sub-052,sub-042,TFD,0.18254215936464907
El espejo,sub-052,sub-003,TFD,0.29372612392272834
El espejo,sub-052,sub-107,TFD,0.256582422925063
El espejo,sub-052,sub-098,TFD,0.34629287092365524
El espejo,sub-052,sub-086,TFD,0.28539275688017607
El espejo,sub-052,sub-013,TFD,0.32232773021590533
El espejo,sub-052,sub-068,TFD,0.3202816934940186
El espejo,sub-094,sub-067,TFD,0.24493397336928469
El espejo,sub-094,sub-054,TFD,0.2748937198401952
El espejo,sub-094,sub-078,TFD,0.36407008680147296
El espejo,sub-094,sub-046,TFD,0.2096646367055166
El espejo,sub-094,sub-097,TFD,0.2736306186641412
El espejo,sub-094,sub-079,TFD,0.3390711788791914
El espejo,sub-094,sub-028,TFD,0.31160207951820196
El espejo,sub-094,sub-089,TFD,0.2260262689457257
El espejo,sub-094,sub-109,TFD,0.3051572165903739
El espejo,sub-094,sub-070,TFD,0.3321776067140132
El espejo,sub-094,sub-111,TFD,0.2589358539159505
El espejo,sub-094,sub-073,TFD,0.25640323789760094
El espejo,sub-094,sub-001,TFD,0.347779549535471
El espejo,sub-094,sub-095,TFD,0.3747957880078467
El espejo,sub-094,sub-012,TFD,0.1671812085575145
El espejo,sub-094,sub-052,TFD,0.3758817028647696
El espejo,sub-094,sub-094,TFD,0.9999999999999999
El espejo,sub-094,sub-088,TFD,0.16509830909428863
El espejo,sub-094,sub-044,TFD,0.21935107857890468
El espejo,sub-094,sub-009,TFD,0.23447478197791005
El espejo,sub-094,sub-041,TFD,0.25789845293663777
El espejo,sub-094,sub-024,TFD,0.13393080675592908
El espejo,sub-094,sub-016,TFD,0.33349425553633655
El espejo,sub-094,sub-112,TFD,0.2717125588751291
El espejo,sub-094,sub-058,TFD,0.28090907406394816
El espejo,sub-094,sub-018,TFD,0.25532339614835364
El espejo,sub-094,sub-048,TFD,0.2859419905076155
El espejo,sub-094,sub-087,TFD,0.28343202379459626
El espejo,sub-094,sub-091,TFD,0.27778702300340175
El espejo,sub-094,sub-083,TFD,0.2572599690105891
El espejo,sub-094,sub-065,TFD,0.2667076465516637
El espejo,sub-094,sub-077,TFD,0.22780433580894435
El espejo,sub-094,sub-039,TFD,0.17451364470930214
El espejo,sub-094,sub-053,TFD,0.35968158419505136
El espejo,sub-094,sub-075,TFD,0.31146130236719044
El espejo,sub-094,sub-060,TFD,0.31387928648929647
El espejo,sub-094,sub-103,TFD,0.35821408706026575
El espejo,sub-094,sub-105,TFD,0.24779225622451265
El espejo,sub-094,sub-064,TFD,0.29402086877845934
El espejo,sub-094,sub-010,TFD,0.227926820416756
El espejo,sub-094,sub-034,TFD,0.3401027504793289
El espejo,sub-094,sub-002,TFD,0.21070014330125944
El espejo,sub-094,sub-085,TFD,0.22394621907731968
El espejo,sub-094,sub-021,TFD,0.1899577659099972
El espejo,sub-094,sub-096,TFD,0.369881951827485
El espejo,sub-094,sub-027,TFD,0.18739465421637952
El espejo,sub-094,sub-006,TFD,0.24223172797134734
El espejo,sub-094,sub-066,TFD,0.24665127445329865
El espejo,sub-094,sub-101,TFD,0.3237295767062371
El espejo,sub-094,sub-042,TFD,0.2203449627415074
El espejo,sub-094,sub-003,TFD,0.2570111910943875
El espejo,sub-094,sub-107,TFD,0.2608132028890725
El espejo,sub-094,sub-098,TFD,0.2877141954051808
El espejo,sub-094,sub-086,TFD,0.2767504395365546
El espejo,sub-094,sub-013,TFD,0.31619818077584416
El espejo,sub-094,sub-068,TFD,0.36365926187834546
El espejo,sub-088,sub-067,TFD,0.2541322066743639
El espejo,sub-088,sub-054,TFD,0.2061934088004558
El espejo,sub-088,sub-078,TFD,0.14103460625583003
El espejo,sub-088,sub-046,TFD,0.23417903799065232
El espejo,sub-088,sub-097,TFD,0.29028736204087935
El espejo,sub-088,sub-079,TFD,0.2826998367510085
El espejo,sub-088,sub-028,TFD,0.23713384146634722
El espejo,sub-088,sub-089,TFD,0.2232820201966258
El espejo,sub-088,sub-109,TFD,0.3369735884285732
El espejo,sub-088,sub-070,TFD,0.11211562145266757
El espejo,sub-088,sub-111,TFD,0.19820650406831009
El espejo,sub-088,sub-073,TFD,0.14750513999963202
El espejo,sub-088,sub-001,TFD,0.30808701608492617
El espejo,sub-088,sub-095,TFD,0.2850608592012419
El espejo,sub-088,sub-012,TFD,0.20339596853545733
El espejo,sub-088,sub-052,TFD,0.16846916613960453
El espejo,sub-088,sub-094,TFD,0.1650983090942886
El espejo,sub-088,sub-088,TFD,1.0
El espejo,sub-088,sub-044,TFD,0.29908960000168516
El espejo,sub-088,sub-009,TFD,0.14082686168349853
El espejo,sub-088,sub-041,TFD,0.2829134579432376
El espejo,sub-088,sub-024,TFD,0.13995142698463622
El espejo,sub-088,sub-016,TFD,0.15312252194316348
El espejo,sub-088,sub-112,TFD,0.1929094792793457
El espejo,sub-088,sub-058,TFD,0.24865095848378865
El espejo,sub-088,sub-018,TFD,0.10877496536265652
El espejo,sub-088,sub-048,TFD,0.12803366732751276
El espejo,sub-088,sub-087,TFD,0.2203935726785606
El espejo,sub-088,sub-091,TFD,0.26846814656481816
El espejo,sub-088,sub-083,TFD,0.231436199036407
El espejo,sub-088,sub-065,TFD,0.2633508793114206
El espejo,sub-088,sub-077,TFD,0.2671094146635055
El espejo,sub-088,sub-039,TFD,0.30165897046302814
El espejo,sub-088,sub-053,TFD,0.1497016005680604
El espejo,sub-088,sub-075,TFD,0.15753950549470985
El espejo,sub-088,sub-060,TFD,0.2616368274166101
El espejo,sub-088,sub-103,TFD,0.267698057156082
El espejo,sub-088,sub-105,TFD,0.24388115557720244
El espejo,sub-088,sub-064,TFD,0.15072459848785205
El espejo,sub-088,sub-010,TFD,0.0897596806349761
El espejo,sub-088,sub-034,TFD,0.20244442898832074
El espejo,sub-088,sub-002,TFD,0.29049516126069364
El espejo,sub-088,sub-085,TFD,0.14120115576315798
El espejo,sub-088,sub-021,TFD,0.2816717444567167
El espejo,sub-088,sub-096,TFD,0.27556096887523435
El espejo,sub-088,sub-027,TFD,0.3492981322289166
El espejo,sub-088,sub-006,TFD,0.23585391891257002
El espejo,sub-088,sub-066,TFD,0.23307390091296076
El espejo,sub-088,sub-101,TFD,0.18535122636866616
El espejo,sub-088,sub-042,TFD,0.20458460534598963
El espejo,sub-088,sub-003,TFD,0.2711071643607962
El espejo,sub-088,sub-107,TFD,0.21407389305243146
El espejo,sub-088,sub-098,TFD,0.2737402082444505
El espejo,sub-088,sub-086,TFD,0.11400117979402158
El espejo,sub-088,sub-013,TFD,0.17883890247060252
El espejo,sub-088,sub-068,TFD,0.23118368451725219
El espejo,sub-044,sub-067,TFD,0.24675591818176648
El espejo,sub-044,sub-054,TFD,0.2879042239174314
El espejo,sub-044,sub-078,TFD,0.2139992964821407
El espejo,sub-044,sub-046,TFD,0.42682296090590166
El espejo,sub-044,sub-097,TFD,0.3979636758312265
El espejo,sub-044,sub-079,TFD,0.4544457103624603
El espejo,sub-044,sub-028,TFD,0.3784094480908731
El espejo,sub-044,sub-089,TFD,0.4174853392066483
El espejo,sub-044,sub-109,TFD,0.5568747276331478
El espejo,sub-044,sub-070,TFD,0.2235489287342322
El espejo,sub-044,sub-111,TFD,0.2915709036519413
El espejo,sub-044,sub-073,TFD,0.3247214104846599
El espejo,sub-044,sub-001,TFD,0.500925126788481
El espejo,sub-044,sub-095,TFD,0.38264981677547055
El espejo,sub-044,sub-012,TFD,0.19465723181423294
El espejo,sub-044,sub-052,TFD,0.23929223622260945
El espejo,sub-044,sub-094,TFD,0.21935107857890468
El espejo,sub-044,sub-088,TFD,0.29908960000168516
El espejo,sub-044,sub-044,TFD,1.0
El espejo,sub-044,sub-009,TFD,0.3259868511615902
El espejo,sub-044,sub-041,TFD,0.32263687681864345
El espejo,sub-044,sub-024,TFD,0.17583501570016108
El espejo,sub-044,sub-016,TFD,0.19919381079674223
El espejo,sub-044,sub-112,TFD,0.3809418306627452
El espejo,sub-044,sub-058,TFD,0.3528925066185323
El espejo,sub-044,sub-018,TFD,0.2773848390334343
El espejo,sub-044,sub-048,TFD,0.27586131221203203
El espejo,sub-044,sub-087,TFD,0.3851309947377379
El espejo,sub-044,sub-091,TFD,0.40502548730479254
El espejo,sub-044,sub-083,TFD,0.35829425259444253
El espejo,sub-044,sub-065,TFD,0.4544812435998471
El espejo,sub-044,sub-077,TFD,0.29715255075545105
El espejo,sub-044,sub-039,TFD,0.42918770120531236
El espejo,sub-044,sub-053,TFD,0.2542423780442844
El espejo,sub-044,sub-075,TFD,0.19134204977078492
El espejo,sub-044,sub-060,TFD,0.3921727735892338
El espejo,sub-044,sub-103,TFD,0.38585373258880434
El espejo,sub-044,sub-105,TFD,0.2852846305890469
El espejo,sub-044,sub-064,TFD,0.2799149658141835
El espejo,sub-044,sub-010,TFD,0.08091290319919499
El espejo,sub-044,sub-034,TFD,0.2603893049810628
El espejo,sub-044,sub-002,TFD,0.3998740064461143
El espejo,sub-044,sub-085,TFD,0.3266115213367773
El espejo,sub-044,sub-021,TFD,0.41715778619092597
El espejo,sub-044,sub-096,TFD,0.46438156909325246
El espejo,sub-044,sub-027,TFD,0.36664963869743766
El espejo,sub-044,sub-006,TFD,0.42264444792119776
El espejo,sub-044,sub-066,TFD,0.37039362815034077
El espejo,sub-044,sub-101,TFD,0.2603463126287846
El espejo,sub-044,sub-042,TFD,0.47472672888990025
El espejo,sub-044,sub-003,TFD,0.47826738430151916
El espejo,sub-044,sub-107,TFD,0.3306839038783737
El espejo,sub-044,sub-098,TFD,0.26707530139642344
El espejo,sub-044,sub-086,TFD,0.10874676096030475
El espejo,sub-044,sub-013,TFD,0.28324308677770393
El espejo,sub-044,sub-068,TFD,0.413412938082318
El espejo,sub-009,sub-067,TFD,0.21976821089135465
El espejo,sub-009,sub-054,TFD,0.2448226615732783
El espejo,sub-009,sub-078,TFD,0.24303412550114661
El espejo,sub-009,sub-046,TFD,0.3300682988710655
El espejo,sub-009,sub-097,TFD,0.30803052121765306
El espejo,sub-009,sub-079,TFD,0.3144738306000961
El espejo,sub-009,sub-028,TFD,0.23294741329158747
El espejo,sub-009,sub-089,TFD,0.37808913783582915
El espejo,sub-009,sub-109,TFD,0.37548638965839903
El espejo,sub-009,sub-070,TFD,0.11184790738518599
El espejo,sub-009,sub-111,TFD,0.32542351361634136
El espejo,sub-009,sub-073,TFD,0.2750434429608528
El espejo,sub-009,sub-001,TFD,0.3660886887978807
El espejo,sub-009,sub-095,TFD,0.3479833689248387
El espejo,sub-009,sub-012,TFD,0.08065552598799952
El espejo,sub-009,sub-052,TFD,0.2251531208664222
El espejo,sub-009,sub-094,TFD,0.23447478197791008
El espejo,sub-009,sub-088,TFD,0.14082686168349853
El espejo,sub-009,sub-044,TFD,0.3259868511615902
El espejo,sub-009,sub-009,TFD,0.9999999999999998
El espejo,sub-009,sub-041,TFD,0.27385977515206256
El espejo,sub-009,sub-024,TFD,0.1147661187158504
El espejo,sub-009,sub-016,TFD,0.232241985309634
El espejo,sub-009,sub-112,TFD,0.4028803680212298
El espejo,sub-009,sub-058,TFD,0.2792863952786096
El espejo,sub-009,sub-018,TFD,0.22683304164667334
El espejo,sub-009,sub-048,TFD,0.22527995759842157
El espejo,sub-009,sub-087,TFD,0.3788009698651858
El espejo,sub-009,sub-091,TFD,0.3392912880497107
El espejo,sub-009,sub-083,TFD,0.30165326944146076
El espejo,sub-009,sub-065,TFD,0.3231973262266815
El espejo,sub-009,sub-077,TFD,0.16950728345622554
El espejo,sub-009,sub-039,TFD,0.33004326084697916
El espejo,sub-009,sub-053,TFD,0.21788314667212177
El espejo,sub-009,sub-075,TFD,0.23058016919797794
El espejo,sub-009,sub-060,TFD,0.3114526254753479
El espejo,sub-009,sub-103,TFD,0.2653675729856923
El espejo,sub-009,sub-105,TFD,0.11471265282989833
El espejo,sub-009,sub-064,TFD,0.24349127913536833
El espejo,sub-009,sub-010,TFD,0.1517763556223322
El espejo,sub-009,sub-034,TFD,0.23507886078368848
El espejo,sub-009,sub-002,TFD,0.2524922907851658
El espejo,sub-009,sub-085,TFD,0.3398512364823551
El espejo,sub-009,sub-021,TFD,0.2119946986292683
El espejo,sub-009,sub-096,TFD,0.30062606984944334
El espejo,sub-009,sub-027,TFD,0.23291817025251885
El espejo,sub-009,sub-006,TFD,0.3798624105188879
El espejo,sub-009,sub-066,TFD,0.33823243511130385
El espejo,sub-009,sub-101,TFD,0.16977791246238833
El espejo,sub-009,sub-042,TFD,0.3554018115694072
El espejo,sub-009,sub-003,TFD,0.34439523664696686
El espejo,sub-009,sub-107,TFD,0.2820121144937823
El espejo,sub-009,sub-098,TFD,0.22509127960260608
El espejo,sub-009,sub-086,TFD,0.17479454685879284
El espejo,sub-009,sub-013,TFD,0.23019310525293554
El espejo,sub-009,sub-068,TFD,0.26401079462340465
El espejo,sub-041,sub-067,TFD,0.3168219317766875
El espejo,sub-041,sub-054,TFD,0.22404717683885303
El espejo,sub-041,sub-078,TFD,0.282830227749077
El espejo,sub-041,sub-046,TFD,0.27112838566450265
El espejo,sub-041,sub-097,TFD,0.3340312382735363
El espejo,sub-041,sub-079,TFD,0.3239108652569034
El espejo,sub-041,sub-028,TFD,0.3147707145241166
El espejo,sub-041,sub-089,TFD,0.2814646609610646
El espejo,sub-041,sub-109,TFD,0.35367529472939574
El espejo,sub-041,sub-070,TFD,0.2047890059168248
El espejo,sub-041,sub-111,TFD,0.33454457896936046
El espejo,sub-041,sub-073,TFD,0.27184951270704494
El espejo,sub-041,sub-001,TFD,0.4078195434025599
El espejo,sub-041,sub-095,TFD,0.3481814802266665
El espejo,sub-041,sub-012,TFD,0.08041077746865194
El espejo,sub-041,sub-052,TFD,0.31665928744899247
El espejo,sub-041,sub-094,TFD,0.2578984529366378
El espejo,sub-041,sub-088,TFD,0.2829134579432375
El espejo,sub-041,sub-044,TFD,0.32263687681864345
El espejo,sub-041,sub-009,TFD,0.27385977515206256
El espejo,sub-041,sub-041,TFD,1.0
El espejo,sub-041,sub-024,TFD,0.15325076564042914
El espejo,sub-041,sub-016,TFD,0.1954763732517605
El espejo,sub-041,sub-112,TFD,0.3309248657534207
El espejo,sub-041,sub-058,TFD,0.31456584199096377
El espejo,sub-041,sub-018,TFD,0.3102118168295879
El espejo,sub-041,sub-048,TFD,0.3278950880320695
El espejo,sub-041,sub-087,TFD,0.32850569020019565
El espejo,sub-041,sub-091,TFD,0.3502099427382101
El espejo,sub-041,sub-083,TFD,0.3260368000121873
El espejo,sub-041,sub-065,TFD,0.29977670331114376
El espejo,sub-041,sub-077,TFD,0.23109880103348762
El espejo,sub-041,sub-039,TFD,0.2557583524876863
El espejo,sub-041,sub-053,TFD,0.22127773104367643
El espejo,sub-041,sub-075,TFD,0.26473418230396034
El espejo,sub-041,sub-060,TFD,0.3070775574571589
El espejo,sub-041,sub-103,TFD,0.28797792043743825
El espejo,sub-041,sub-105,TFD,0.26332509471343035
El espejo,sub-041,sub-064,TFD,0.2570200705366849
El espejo,sub-041,sub-010,TFD,0.13196922003272835
El espejo,sub-041,sub-034,TFD,0.32638903531123065
El espejo,sub-041,sub-002,TFD,0.31105597081058006
El espejo,sub-041,sub-085,TFD,0.3002191019604025
El espejo,sub-041,sub-021,TFD,0.14460356380657408
El espejo,sub-041,sub-096,TFD,0.3859396018567639
El espejo,sub-041,sub-027,TFD,0.23985820305916025
El espejo,sub-041,sub-006,TFD,0.3367380156786868
El espejo,sub-041,sub-066,TFD,0.3370765276714051
El espejo,sub-041,sub-101,TFD,0.2402321348493106
El espejo,sub-041,sub-042,TFD,0.23993200447939342
El espejo,sub-041,sub-003,TFD,0.32915885699680697
El espejo,sub-041,sub-107,TFD,0.24200633558055262
El espejo,sub-041,sub-098,TFD,0.32053968523819293
El espejo,sub-041,sub-086,TFD,0.2047983943599982
El espejo,sub-041,sub-013,TFD,0.3164092124467767
El espejo,sub-041,sub-068,TFD,0.32890781493765314
El espejo,sub-024,sub-067,TFD,0.14763807142529503
El espejo,sub-024,sub-054,TFD,0.22553201671007014
El espejo,sub-024,sub-078,TFD,0.17408938057128162
El espejo,sub-024,sub-046,TFD,0.13223953771774394
El espejo,sub-024,sub-097,TFD,0.2918615287565535
El espejo,sub-024,sub-079,TFD,0.21704469673442195
El espejo,sub-024,sub-028,TFD,0.18877467635616366
El espejo,sub-024,sub-089,TFD,0.15310228544582247
El espejo,sub-024,sub-109,TFD,0.22348601687550387
El espejo,sub-024,sub-070,TFD,0.1408345603987123
El espejo,sub-024,sub-111,TFD,0.09964462624015238
El espejo,sub-024,sub-073,TFD,0.22461222897250793
El espejo,sub-024,sub-001,TFD,0.17242083868275948
El espejo,sub-024,sub-095,TFD,0.2521615753346258
El espejo,sub-024,sub-012,TFD,0.10317072560058942
El espejo,sub-024,sub-052,TFD,0.2022358095744861
El espejo,sub-024,sub-094,TFD,0.13393080675592908
El espejo,sub-024,sub-088,TFD,0.13995142698463622
El espejo,sub-024,sub-044,TFD,0.17583501570016108
El espejo,sub-024,sub-009,TFD,0.11476611871585038
El espejo,sub-024,sub-041,TFD,0.15325076564042914
El espejo,sub-024,sub-024,TFD,0.9999999999999999
El espejo,sub-024,sub-016,TFD,0.20741661914569198
El espejo,sub-024,sub-112,TFD,0.11169955442838779
El espejo,sub-024,sub-058,TFD,0.17645748759118404
El espejo,sub-024,sub-018,TFD,0.08653120318265563
El espejo,sub-024,sub-048,TFD,0.2213963017833309
El espejo,sub-024,sub-087,TFD,0.15247454242027805
El espejo,sub-024,sub-091,TFD,0.12005511997155717
El espejo,sub-024,sub-083,TFD,0.18905395642053635
El espejo,sub-024,sub-065,TFD,0.1941198821009404
El espejo,sub-024,sub-077,TFD,0.1733172953208133
El espejo,sub-024,sub-039,TFD,0.08758414417092206
El espejo,sub-024,sub-053,TFD,0.186801978496178
El espejo,sub-024,sub-075,TFD,0.18926107799148292
El espejo,sub-024,sub-060,TFD,0.11970665297845079
El espejo,sub-024,sub-103,TFD,0.21975919206177166
El espejo,sub-024,sub-105,TFD,0.1725518942066128
El espejo,sub-024,sub-064,TFD,0.2138736942535951
El espejo,sub-024,sub-010,TFD,0.12666963144003765
El espejo,sub-024,sub-034,TFD,0.22803245180826082
El espejo,sub-024,sub-002,TFD,0.10426039908735978
El espejo,sub-024,sub-085,TFD,0.15243904245204346
El espejo,sub-024,sub-021,TFD,0.017403505507569004
El espejo,sub-024,sub-096,TFD,0.18835699627237049
El espejo,sub-024,sub-027,TFD,0.14648467678234747
El espejo,sub-024,sub-006,TFD,0.16939203967169
El espejo,sub-024,sub-066,TFD,0.21126684915276014
El espejo,sub-024,sub-101,TFD,0.24058913260209802
El espejo,sub-024,sub-042,TFD,0.15780024058629818
El espejo,sub-024,sub-003,TFD,0.20963593946394213
El espejo,sub-024,sub-107,TFD,0.23197560503292158
El espejo,sub-024,sub-098,TFD,0.259264814938628
El espejo,sub-024,sub-086,TFD,0.11741153079165229
El espejo,sub-024,sub-013,TFD,0.28373674472708443
El espejo,sub-024,sub-068,TFD,0.18509910517934583
El espejo,sub-016,sub-067,TFD,0.19517741363512672
El espejo,sub-016,sub-054,TFD,0.22358930454667947
El espejo,sub-016,sub-078,TFD,0.2008496567564319
El espejo,sub-016,sub-046,TFD,0.1466431011161953
El espejo,sub-016,sub-097,TFD,0.21175315603950698
El espejo,sub-016,sub-079,TFD,0.25331412645713197
El espejo,sub-016,sub-028,TFD,0.2245396675121551
El espejo,sub-016,sub-089,TFD,0.13670403127901168
El espejo,sub-016,sub-109,TFD,0.23781941851943758
El espejo,sub-016,sub-070,TFD,0.2327124458578362
El espejo,sub-016,sub-111,TFD,0.15229347569772614
El espejo,sub-016,sub-073,TFD,0.22203345639306019
El espejo,sub-016,sub-001,TFD,0.24150656555855607
El espejo,sub-016,sub-095,TFD,0.3202348989432828
El espejo,sub-016,sub-012,TFD,0.1460618823455861
El espejo,sub-016,sub-052,TFD,0.29806037648629186
El espejo,sub-016,sub-094,TFD,0.33349425553633655
El espejo,sub-016,sub-088,TFD,0.15312252194316348
El espejo,sub-016,sub-044,TFD,0.1991938107967422
El espejo,sub-016,sub-009,TFD,0.232241985309634
El espejo,sub-016,sub-041,TFD,0.19547637325176054
El espejo,sub-016,sub-024,TFD,0.20741661914569198
El espejo,sub-016,sub-016,TFD,1.0
El espejo,sub-016,sub-112,TFD,0.19094346197581732
El espejo,sub-016,sub-058,TFD,0.28036753059107156
El espejo,sub-016,sub-018,TFD,0.2157542845505886
El espejo,sub-016,sub-048,TFD,0.13157061303276285
El espejo,sub-016,sub-087,TFD,0.17614625316006524
El espejo,sub-016,sub-091,TFD,0.2499727232032081
El espejo,sub-016,sub-083,TFD,0.17822469429455048
El espejo,sub-016,sub-065,TFD,0.21695610713262237
El espejo,sub-016,sub-077,TFD,0.15731983776092123
El espejo,sub-016,sub-039,TFD,0.13993561786272588
El espejo,sub-016,sub-053,TFD,0.29326503975808804
El espejo,sub-016,sub-075,TFD,0.20290786842830236
El espejo,sub-016,sub-060,TFD,0.27114317841074603
El espejo,sub-016,sub-103,TFD,0.22790215752045442
El espejo,sub-016,sub-105,TFD,0.18897884992691297
El espejo,sub-016,sub-064,TFD,0.23719265883096158
El espejo,sub-016,sub-010,TFD,0.19567561047551735
El espejo,sub-016,sub-034,TFD,0.2995705451066775
El espejo,sub-016,sub-002,TFD,0.13986490768322132
El espejo,sub-016,sub-085,TFD,0.17609922035952338
El espejo,sub-016,sub-021,TFD,0.16067280533317255
El espejo,sub-016,sub-096,TFD,0.2339029478441479
El espejo,sub-016,sub-027,TFD,0.17622712127666634
El espejo,sub-016,sub-006,TFD,0.2298667563408526
El espejo,sub-016,sub-066,TFD,0.1761196838960377
El espejo,sub-016,sub-101,TFD,0.2441882107170779
El espejo,sub-016,sub-042,TFD,0.20947506907614444
El espejo,sub-016,sub-003,TFD,0.16780964675968563
El espejo,sub-016,sub-107,TFD,0.23116679537318185
El espejo,sub-016,sub-098,TFD,0.25355647871993636
El espejo,sub-016,sub-086,TFD,0.18205332310733763
El espejo,sub-016,sub-013,TFD,0.194342113372203
El espejo,sub-016,sub-068,TFD,0.3183216816619785
El espejo,sub-112,sub-067,TFD,0.2432394379394892
El espejo,sub-112,sub-054,TFD,0.2898203753357029
El espejo,sub-112,sub-078,TFD,0.25860342990444135
El espejo,sub-112,sub-046,TFD,0.4192778105523384
El espejo,sub-112,sub-097,TFD,0.3690528916508842
El espejo,sub-112,sub-079,TFD,0.3571712202867421
El espejo,sub-112,sub-028,TFD,0.35213635055543746
El espejo,sub-112,sub-089,TFD,0.4476186516712597
El espejo,sub-112,sub-109,TFD,0.5172307236130549
El espejo,sub-112,sub-070,TFD,0.1759531363865537
El espejo,sub-112,sub-111,TFD,0.34423258605842505
El espejo,sub-112,sub-073,TFD,0.23600165801950704
El espejo,sub-112,sub-001,TFD,0.4502430192186505
El espejo,sub-112,sub-095,TFD,0.35231003337726385
El espejo,sub-112,sub-012,TFD,0.20859313726096762
El espejo,sub-112,sub-052,TFD,0.23196372718879688
El espejo,sub-112,sub-094,TFD,0.27171255887512913
El espejo,sub-112,sub-088,TFD,0.19290947927934568
El espejo,sub-112,sub-044,TFD,0.38094183066274523
El espejo,sub-112,sub-009,TFD,0.4028803680212298
El espejo,sub-112,sub-041,TFD,0.3309248657534207
El espejo,sub-112,sub-024,TFD,0.1116995544283878
El espejo,sub-112,sub-016,TFD,0.19094346197581732
El espejo,sub-112,sub-112,TFD,1.0
El espejo,sub-112,sub-058,TFD,0.3104835267510714
El espejo,sub-112,sub-018,TFD,0.22030828993513982
El espejo,sub-112,sub-048,TFD,0.23999269950974772
El espejo,sub-112,sub-087,TFD,0.3875096870576828
El espejo,sub-112,sub-091,TFD,0.346061212191419
El espejo,sub-112,sub-083,TFD,0.33431995464310915
El espejo,sub-112,sub-065,TFD,0.3540598377749983
El espejo,sub-112,sub-077,TFD,0.2760638047467695
El espejo,sub-112,sub-039,TFD,0.35874573677761235
El espejo,sub-112,sub-053,TFD,0.22169513284590991
El espejo,sub-112,sub-075,TFD,0.2638396000422461
El espejo,sub-112,sub-060,TFD,0.4069540898899466
El espejo,sub-112,sub-103,TFD,0.29303106428941406
El espejo,sub-112,sub-105,TFD,0.21340763978006974
El espejo,sub-112,sub-064,TFD,0.24279928750679858
El espejo,sub-112,sub-010,TFD,0.07746006190146434
El espejo,sub-112,sub-034,TFD,0.23477933552063415
El espejo,sub-112,sub-002,TFD,0.33524917091468215
El espejo,sub-112,sub-085,TFD,0.3398195763428841
El espejo,sub-112,sub-021,TFD,0.24962510411168345
El espejo,sub-112,sub-096,TFD,0.37064459645584086
El espejo,sub-112,sub-027,TFD,0.2670256491010699
El espejo,sub-112,sub-006,TFD,0.39903624815849426
El espejo,sub-112,sub-066,TFD,0.2815751870915189
El espejo,sub-112,sub-101,TFD,0.2175684901546588
El espejo,sub-112,sub-042,TFD,0.41637125473292463
El espejo,sub-112,sub-003,TFD,0.42647565109235713
El espejo,sub-112,sub-107,TFD,0.32023715633160005
El espejo,sub-112,sub-098,TFD,0.29678387009489776
El espejo,sub-112,sub-086,TFD,0.14514570678020683
El espejo,sub-112,sub-013,TFD,0.2946000078540243
El espejo,sub-112,sub-068,TFD,0.3078706655702829
El espejo,sub-058,sub-067,TFD,0.25562076066017686
El espejo,sub-058,sub-054,TFD,0.32923968623823
El espejo,sub-058,sub-078,TFD,0.25116551141410626
El espejo,sub-058,sub-046,TFD,0.24957892796699405
El espejo,sub-058,sub-097,TFD,0.33142249006743135
El espejo,sub-058,sub-079,TFD,0.41733937808085264
El espejo,sub-058,sub-028,TFD,0.38433347898995424
El espejo,sub-058,sub-089,TFD,0.3015651095307598
El espejo,sub-058,sub-109,TFD,0.4632213975989017
El espejo,sub-058,sub-070,TFD,0.20016501791408345
El espejo,sub-058,sub-111,TFD,0.25175734116438514
El espejo,sub-058,sub-073,TFD,0.3088125157726541
El espejo,sub-058,sub-001,TFD,0.3874434526986047
El espejo,sub-058,sub-095,TFD,0.31178261640129723
El espejo,sub-058,sub-012,TFD,0.16603320968958613
El espejo,sub-058,sub-052,TFD,0.31243891801351337
El espejo,sub-058,sub-094,TFD,0.28090907406394816
El espejo,sub-058,sub-088,TFD,0.24865095848378868
El espejo,sub-058,sub-044,TFD,0.3528925066185323
El espejo,sub-058,sub-009,TFD,0.2792863952786096
El espejo,sub-058,sub-041,TFD,0.31456584199096377
El espejo,sub-058,sub-024,TFD,0.17645748759118404
El espejo,sub-058,sub-016,TFD,0.28036753059107156
El espejo,sub-058,sub-112,TFD,0.3104835267510713
El espejo,sub-058,sub-058,TFD,1.0
El espejo,sub-058,sub-018,TFD,0.2515121177812636
El espejo,sub-058,sub-048,TFD,0.31576871480494806
El espejo,sub-058,sub-087,TFD,0.32996745748749035
El espejo,sub-058,sub-091,TFD,0.3742105797874146
El espejo,sub-058,sub-083,TFD,0.35497322782664115
El espejo,sub-058,sub-065,TFD,0.3103129423269028
El espejo,sub-058,sub-077,TFD,0.25870681722368916
El espejo,sub-058,sub-039,TFD,0.27211202677780405
El espejo,sub-058,sub-053,TFD,0.24539650401099308
El espejo,sub-058,sub-075,TFD,0.26138326711996523
El espejo,sub-058,sub-060,TFD,0.3547303169088404
El espejo,sub-058,sub-103,TFD,0.3076992059684128
El espejo,sub-058,sub-105,TFD,0.2672841859046009
El espejo,sub-058,sub-064,TFD,0.23259108575297355
El espejo,sub-058,sub-010,TFD,0.08982191104509499
El espejo,sub-058,sub-034,TFD,0.2758618478412288
El espejo,sub-058,sub-002,TFD,0.3635977043622718
El espejo,sub-058,sub-085,TFD,0.3108585149844609
El espejo,sub-058,sub-021,TFD,0.2102652162324041
El espejo,sub-058,sub-096,TFD,0.43345044602289606
El espejo,sub-058,sub-027,TFD,0.1949600539138244
El espejo,sub-058,sub-006,TFD,0.330583010223756
El espejo,sub-058,sub-066,TFD,0.31630703982559777
El espejo,sub-058,sub-101,TFD,0.2355787731214961
El espejo,sub-058,sub-042,TFD,0.3226124354337157
El espejo,sub-058,sub-003,TFD,0.33553731282522076
El espejo,sub-058,sub-107,TFD,0.3347541912643783
El espejo,sub-058,sub-098,TFD,0.3006960059488225
El espejo,sub-058,sub-086,TFD,0.16721239000706772
El espejo,sub-058,sub-013,TFD,0.21859578012410663
El espejo,sub-058,sub-068,TFD,0.31847897949480886
El espejo,sub-018,sub-067,TFD,0.20458413944821918
El espejo,sub-018,sub-054,TFD,0.21096529372941084
El espejo,sub-018,sub-078,TFD,0.22212885568191168
El espejo,sub-018,sub-046,TFD,0.21760567859725632
El espejo,sub-018,sub-097,TFD,0.22189604581521438
El espejo,sub-018,sub-079,TFD,0.28363347033787323
El espejo,sub-018,sub-028,TFD,0.2323268155199236
El espejo,sub-018,sub-089,TFD,0.31940425147525264
El espejo,sub-018,sub-109,TFD,0.3562958253314299
El espejo,sub-018,sub-070,TFD,0.13065644277964922
El espejo,sub-018,sub-111,TFD,0.292209071889215
El espejo,sub-018,sub-073,TFD,0.28629849765350873
El espejo,sub-018,sub-001,TFD,0.3496626681434823
El espejo,sub-018,sub-095,TFD,0.2654535221318666
El espejo,sub-018,sub-012,TFD,0.12225760932569635
El espejo,sub-018,sub-052,TFD,0.20700022418306516
El espejo,sub-018,sub-094,TFD,0.2553233961483536
El espejo,sub-018,sub-088,TFD,0.10877496536265652
El espejo,sub-018,sub-044,TFD,0.2773848390334343
El espejo,sub-018,sub-009,TFD,0.2268330416466733
El espejo,sub-018,sub-041,TFD,0.3102118168295879
El espejo,sub-018,sub-024,TFD,0.08653120318265563
El espejo,sub-018,sub-016,TFD,0.21575428455058857
El espejo,sub-018,sub-112,TFD,0.2203082899351398
El espejo,sub-018,sub-058,TFD,0.2515121177812636
El espejo,sub-018,sub-018,TFD,1.0
El espejo,sub-018,sub-048,TFD,0.253304038412434
El espejo,sub-018,sub-087,TFD,0.3026387368618037
El espejo,sub-018,sub-091,TFD,0.32823774378882536
El espejo,sub-018,sub-083,TFD,0.25847756046360126
El espejo,sub-018,sub-065,TFD,0.2815543511289734
El espejo,sub-018,sub-077,TFD,0.26526858251943675
El espejo,sub-018,sub-039,TFD,0.19008153937364733
El espejo,sub-018,sub-053,TFD,0.2721289888826425
El espejo,sub-018,sub-075,TFD,0.2525349855654578
El espejo,sub-018,sub-060,TFD,0.20535673771903595
El espejo,sub-018,sub-103,TFD,0.33018768024683626
El espejo,sub-018,sub-105,TFD,0.21441461840843026
El espejo,sub-018,sub-064,TFD,0.22204698518081445
El espejo,sub-018,sub-010,TFD,0.17894468980972672
El espejo,sub-018,sub-034,TFD,0.21979299052996382
El espejo,sub-018,sub-002,TFD,0.22355341376002796
El espejo,sub-018,sub-085,TFD,0.28318284151538176
El espejo,sub-018,sub-021,TFD,0.12874822435617794
El espejo,sub-018,sub-096,TFD,0.35614032707320814
El espejo,sub-018,sub-027,TFD,0.18529896481823113
El espejo,sub-018,sub-006,TFD,0.29563907179604154
El espejo,sub-018,sub-066,TFD,0.2347908126787902
El espejo,sub-018,sub-101,TFD,0.2245836009450793
El espejo,sub-018,sub-042,TFD,0.2233589293575599
El espejo,sub-018,sub-003,TFD,0.3109232001587451
El espejo,sub-018,sub-107,TFD,0.24102180045464167
El espejo,sub-018,sub-098,TFD,0.23928896153303272
El espejo,sub-018,sub-086,TFD,0.21286700538885506
El espejo,sub-018,sub-013,TFD,0.29849597892862345
El espejo,sub-018,sub-068,TFD,0.349356583010548
El espejo,sub-048,sub-067,TFD,0.2584833403569267
El espejo,sub-048,sub-054,TFD,0.2018596467977142
El espejo,sub-048,sub-078,TFD,0.21925167873159113
El espejo,sub-048,sub-046,TFD,0.18761416394501207
El espejo,sub-048,sub-097,TFD,0.29731301849060177
El espejo,sub-048,sub-079,TFD,0.2514110978603492
El espejo,sub-048,sub-028,TFD,0.2925418197873713
El espejo,sub-048,sub-089,TFD,0.23699885675933252
El espejo,sub-048,sub-109,TFD,0.35020284685144004
El espejo,sub-048,sub-070,TFD,0.14451223369950303
El espejo,sub-048,sub-111,TFD,0.2808858538799471
El espejo,sub-048,sub-073,TFD,0.21758156543624443
El espejo,sub-048,sub-001,TFD,0.2934677911860758
El espejo,sub-048,sub-095,TFD,0.312894225625805
El espejo,sub-048,sub-012,TFD,0.12151445092238011
El espejo,sub-048,sub-052,TFD,0.301885525837853
El espejo,sub-048,sub-094,TFD,0.2859419905076155
El espejo,sub-048,sub-088,TFD,0.12803366732751276
El espejo,sub-048,sub-044,TFD,0.2758613122120321
El espejo,sub-048,sub-009,TFD,0.22527995759842157
El espejo,sub-048,sub-041,TFD,0.3278950880320695
El espejo,sub-048,sub-024,TFD,0.22139630178333086
El espejo,sub-048,sub-016,TFD,0.13157061303276285
El espejo,sub-048,sub-112,TFD,0.23999269950974772
El espejo,sub-048,sub-058,TFD,0.315768714804948
El espejo,sub-048,sub-018,TFD,0.253304038412434
El espejo,sub-048,sub-048,TFD,1.0
El espejo,sub-048,sub-087,TFD,0.25331954945212243
El espejo,sub-048,sub-091,TFD,0.23397718653741087
El espejo,sub-048,sub-083,TFD,0.3014254186061975
El espejo,sub-048,sub-065,TFD,0.2502327949300754
El espejo,sub-048,sub-077,TFD,0.1705913155703988
El espejo,sub-048,sub-039,TFD,0.17517244395662715
El espejo,sub-048,sub-053,TFD,0.3090918976108725
El espejo,sub-048,sub-075,TFD,0.2944729400248964
El espejo,sub-048,sub-060,TFD,0.2961623778340086
El espejo,sub-048,sub-103,TFD,0.25363461498127576
El espejo,sub-048,sub-105,TFD,0.24295479328337133
El espejo,sub-048,sub-064,TFD,0.2802030206923146
El espejo,sub-048,sub-010,TFD,0.10031232897293471
El espejo,sub-048,sub-034,TFD,0.27971801975843824
El espejo,sub-048,sub-002,TFD,0.22394931583929936
El espejo,sub-048,sub-085,TFD,0.27232735692260707
El espejo,sub-048,sub-021,TFD,0.11963513659263186
El espejo,sub-048,sub-096,TFD,0.3271982631349727
El espejo,sub-048,sub-027,TFD,0.07404872325037763
El espejo,sub-048,sub-006,TFD,0.2737464002030035
El espejo,sub-048,sub-066,TFD,0.2638136424211696
El espejo,sub-048,sub-101,TFD,0.22365858602086539
El espejo,sub-048,sub-042,TFD,0.21532544789729197
El espejo,sub-048,sub-003,TFD,0.2833429625540806
El espejo,sub-048,sub-107,TFD,0.2494871108145446
El espejo,sub-048,sub-098,TFD,0.25880257454186417
El espejo,sub-048,sub-086,TFD,0.17893236077762079
El espejo,sub-048,sub-013,TFD,0.32158314609668553
El espejo,sub-048,sub-068,TFD,0.30967541778696495
El espejo,sub-087,sub-067,TFD,0.2528039854796563
El espejo,sub-087,sub-054,TFD,0.18174375408935495
El espejo,sub-087,sub-078,TFD,0.32626650317025047
El espejo,sub-087,sub-046,TFD,0.34732901405484656
El espejo,sub-087,sub-097,TFD,0.395245756505386
El espejo,sub-087,sub-079,TFD,0.37055072189443616
El espejo,sub-087,sub-028,TFD,0.34342062212284535
El espejo,sub-087,sub-089,TFD,0.41726954881337236
El espejo,sub-087,sub-109,TFD,0.44571938464923744
El espejo,sub-087,sub-070,TFD,0.21610197780343837
El espejo,sub-087,sub-111,TFD,0.37770572240340194
El espejo,sub-087,sub-073,TFD,0.31125712437693465
El espejo,sub-087,sub-001,TFD,0.4121849433844916
El espejo,sub-087,sub-095,TFD,0.40132543553347166
El espejo,sub-087,sub-012,TFD,0.1404493556779936
El espejo,sub-087,sub-052,TFD,0.32122305418416514
El espejo,sub-087,sub-094,TFD,0.28343202379459626
El espejo,sub-087,sub-088,TFD,0.22039357267856058
El espejo,sub-087,sub-044,TFD,0.3851309947377379
El espejo,sub-087,sub-009,TFD,0.37880096986518574
El espejo,sub-087,sub-041,TFD,0.3285056902001956
El espejo,sub-087,sub-024,TFD,0.15247454242027805
El espejo,sub-087,sub-016,TFD,0.17614625316006524
El espejo,sub-087,sub-112,TFD,0.38750968705768285
El espejo,sub-087,sub-058,TFD,0.32996745748749035
El espejo,sub-087,sub-018,TFD,0.3026387368618037
El espejo,sub-087,sub-048,TFD,0.25331954945212243
El espejo,sub-087,sub-087,TFD,1.0
El espejo,sub-087,sub-091,TFD,0.3496676038009307
El espejo,sub-087,sub-083,TFD,0.4158536908587
El espejo,sub-087,sub-065,TFD,0.36361129635059397
El espejo,sub-087,sub-077,TFD,0.1951263962174668
El espejo,sub-087,sub-039,TFD,0.24155952186155513
El espejo,sub-087,sub-053,TFD,0.26623329148846747
El espejo,sub-087,sub-075,TFD,0.28339835341939845
El espejo,sub-087,sub-060,TFD,0.41274941848525853
El espejo,sub-087,sub-103,TFD,0.3072057172535584
El espejo,sub-087,sub-105,TFD,0.20456852325002495
El espejo,sub-087,sub-064,TFD,0.3108632107348214
El espejo,sub-087,sub-010,TFD,0.13870991119401763
El espejo,sub-087,sub-034,TFD,0.28580627222661076
El espejo,sub-087,sub-002,TFD,0.3695088644419802
El espejo,sub-087,sub-085,TFD,0.41962417435761673
El espejo,sub-087,sub-021,TFD,0.2311825193097883
El espejo,sub-087,sub-096,TFD,0.3804367366034758
El espejo,sub-087,sub-027,TFD,0.25706419144299614
El espejo,sub-087,sub-006,TFD,0.34639156883126765
El espejo,sub-087,sub-066,TFD,0.28634845851448143
El espejo,sub-087,sub-101,TFD,0.26416023039405684
El espejo,sub-087,sub-042,TFD,0.32793817412119297
El espejo,sub-087,sub-003,TFD,0.44414416960822656
El espejo,sub-087,sub-107,TFD,0.3393708561300894
El espejo,sub-087,sub-098,TFD,0.3500121398058397
El espejo,sub-087,sub-086,TFD,0.247124764815518
El espejo,sub-087,sub-013,TFD,0.3413752533560491
El espejo,sub-087,sub-068,TFD,0.3707135197680103
El espejo,sub-091,sub-067,TFD,0.2751963153843444
El espejo,sub-091,sub-054,TFD,0.2435856870319029
El espejo,sub-091,sub-078,TFD,0.3278525541177339
El espejo,sub-091,sub-046,TFD,0.36704035201635826
El espejo,sub-091,sub-097,TFD,0.4062371320306756
El espejo,sub-091,sub-079,TFD,0.4454317561195915
El espejo,sub-091,sub-028,TFD,0.32441456906246746
El espejo,sub-091,sub-089,TFD,0.3535935940112489
El espejo,sub-091,sub-109,TFD,0.48272852003242706
El espejo,sub-091,sub-070,TFD,0.16414401270808446
El espejo,sub-091,sub-111,TFD,0.34940013824476474
El espejo,sub-091,sub-073,TFD,0.27566109836345465
El espejo,sub-091,sub-001,TFD,0.4237841714877774
El espejo,sub-091,sub-095,TFD,0.3843050069979199
El espejo,sub-091,sub-012,TFD,0.18985847579379245
El espejo,sub-091,sub-052,TFD,0.26510741559712103
El espejo,sub-091,sub-094,TFD,0.27778702300340175
El espejo,sub-091,sub-088,TFD,0.26846814656481816
El espejo,sub-091,sub-044,TFD,0.4050254873047926
El espejo,sub-091,sub-009,TFD,0.33929128804971076
El espejo,sub-091,sub-041,TFD,0.3502099427382101
El espejo,sub-091,sub-024,TFD,0.12005511997155717
El espejo,sub-091,sub-016,TFD,0.2499727232032081
El espejo,sub-091,sub-112,TFD,0.346061212191419
El espejo,sub-091,sub-058,TFD,0.3742105797874146
El espejo,sub-091,sub-018,TFD,0.32823774378882536
El espejo,sub-091,sub-048,TFD,0.2339771865374109
El espejo,sub-091,sub-087,TFD,0.3496676038009307
El espejo,sub-091,sub-091,TFD,1.0
El espejo,sub-091,sub-083,TFD,0.3546454267192486
El espejo,sub-091,sub-065,TFD,0.42526906860443825
El espejo,sub-091,sub-077,TFD,0.2593687438162051
El espejo,sub-091,sub-039,TFD,0.3324197885643339
El espejo,sub-091,sub-053,TFD,0.2937719524716841
El espejo,sub-091,sub-075,TFD,0.23948126309374695
El espejo,sub-091,sub-060,TFD,0.3653810149958495
El espejo,sub-091,sub-103,TFD,0.3161658938938907
El espejo,sub-091,sub-105,TFD,0.2643882577967118
El espejo,sub-091,sub-064,TFD,0.2629323183959447
El espejo,sub-091,sub-010,TFD,0.16002379145347073
El espejo,sub-091,sub-034,TFD,0.28305455735868756
El espejo,sub-091,sub-002,TFD,0.3086557950628631
El espejo,sub-091,sub-085,TFD,0.3562982557517857
El espejo,sub-091,sub-021,TFD,0.2612779176964337
El espejo,sub-091,sub-096,TFD,0.4358568493383546
El espejo,sub-091,sub-027,TFD,0.26250849854595837
El espejo,sub-091,sub-006,TFD,0.37390727342133756
El espejo,sub-091,sub-066,TFD,0.3530675727911403
El espejo,sub-091,sub-101,TFD,0.2744698530930637
El espejo,sub-091,sub-042,TFD,0.35821749863180546
El espejo,sub-091,sub-003,TFD,0.4147793116296429
El espejo,sub-091,sub-107,TFD,0.3376245236015335
El espejo,sub-091,sub-098,TFD,0.3358901515495861
El espejo,sub-091,sub-086,TFD,0.17573182924485314
El espejo,sub-091,sub-013,TFD,0.2970127088336484
El espejo,sub-091,sub-068,TFD,0.40169275012210115
El espejo,sub-083,sub-067,TFD,0.344946296891129
El espejo,sub-083,sub-054,TFD,0.23064912608732205
El espejo,sub-083,sub-078,TFD,0.2865760507436544
El espejo,sub-083,sub-046,TFD,0.33064061531903416
El espejo,sub-083,sub-097,TFD,0.4517035182290771
El espejo,sub-083,sub-079,TFD,0.45519730880283377
El espejo,sub-083,sub-028,TFD,0.3932704153489031
El espejo,sub-083,sub-089,TFD,0.37877402572621577
El espejo,sub-083,sub-109,TFD,0.49077040722950055
El espejo,sub-083,sub-070,TFD,0.1601480456173877
El espejo,sub-083,sub-111,TFD,0.32129195430038654
El espejo,sub-083,sub-073,TFD,0.28614625023891016
El espejo,sub-083,sub-001,TFD,0.4115500576223426
El espejo,sub-083,sub-095,TFD,0.35373878038034345
El espejo,sub-083,sub-012,TFD,0.18764923093057334
El espejo,sub-083,sub-052,TFD,0.3231653324244419
El espejo,sub-083,sub-094,TFD,0.2572599690105891
El espejo,sub-083,sub-088,TFD,0.231436199036407
El espejo,sub-083,sub-044,TFD,0.35829425259444253
El espejo,sub-083,sub-009,TFD,0.30165326944146076
El espejo,sub-083,sub-041,TFD,0.3260368000121873
El espejo,sub-083,sub-024,TFD,0.18905395642053635
El espejo,sub-083,sub-016,TFD,0.17822469429455048
El espejo,sub-083,sub-112,TFD,0.3343199546431091
El espejo,sub-083,sub-058,TFD,0.35497322782664115
El espejo,sub-083,sub-018,TFD,0.25847756046360126
El espejo,sub-083,sub-048,TFD,0.3014254186061975
El espejo,sub-083,sub-087,TFD,0.41585369085869994
El espejo,sub-083,sub-091,TFD,0.3546454267192486
El espejo,sub-083,sub-083,TFD,1.0
El espejo,sub-083,sub-065,TFD,0.38738907412314544
El espejo,sub-083,sub-077,TFD,0.2624276337439947
El espejo,sub-083,sub-039,TFD,0.2729828253213511
El espejo,sub-083,sub-053,TFD,0.25542286559140437
El espejo,sub-083,sub-075,TFD,0.20530516808473906
El espejo,sub-083,sub-060,TFD,0.3738444935061525
El espejo,sub-083,sub-103,TFD,0.3488218743122739
El espejo,sub-083,sub-105,TFD,0.23679031241704898
El espejo,sub-083,sub-064,TFD,0.29028580188359965
El espejo,sub-083,sub-010,TFD,0.05794293913337076
El espejo,sub-083,sub-034,TFD,0.24314707030998323
El espejo,sub-083,sub-002,TFD,0.3612579344238151
El espejo,sub-083,sub-085,TFD,0.32864480232240506
El espejo,sub-083,sub-021,TFD,0.23182366406689192
El espejo,sub-083,sub-096,TFD,0.4309973858409404
El espejo,sub-083,sub-027,TFD,0.2640301081908996
El espejo,sub-083,sub-006,TFD,0.36182376690151796
El espejo,sub-083,sub-066,TFD,0.35964906154927473
El espejo,sub-083,sub-101,TFD,0.21794298273807264
El espejo,sub-083,sub-042,TFD,0.30219844300875204
El espejo,sub-083,sub-003,TFD,0.4223175797888204
El espejo,sub-083,sub-107,TFD,0.33546654663024156
El espejo,sub-083,sub-098,TFD,0.34827333810790884
El espejo,sub-083,sub-086,TFD,0.13878587777596152
El espejo,sub-083,sub-013,TFD,0.2296214806214232
El espejo,sub-083,sub-068,TFD,0.35620789793724267
El espejo,sub-065,sub-067,TFD,0.29971866923258683
El espejo,sub-065,sub-054,TFD,0.2651802824273883
El espejo,sub-065,sub-078,TFD,0.3188665568567501
El espejo,sub-065,sub-046,TFD,0.30441727587323975
El espejo,sub-065,sub-097,TFD,0.42711286170725954
El espejo,sub-065,sub-079,TFD,0.3906964492181756
El espejo,sub-065,sub-028,TFD,0.36930805050324755
El espejo,sub-065,sub-089,TFD,0.392096613113199
El espejo,sub-065,sub-109,TFD,0.4970488216469296
El espejo,sub-065,sub-070,TFD,0.2387462854164385
El espejo,sub-065,sub-111,TFD,0.3633463316882821
El espejo,sub-065,sub-073,TFD,0.3707337628637748
El espejo,sub-065,sub-001,TFD,0.44286887130245894
El espejo,sub-065,sub-095,TFD,0.4335108169051219
El espejo,sub-065,sub-012,TFD,0.16025896795771416
El espejo,sub-065,sub-052,TFD,0.2960263071971511
El espejo,sub-065,sub-094,TFD,0.2667076465516637
El espejo,sub-065,sub-088,TFD,0.2633508793114206
El espejo,sub-065,sub-044,TFD,0.4544812435998472
El espejo,sub-065,sub-009,TFD,0.3231973262266815
El espejo,sub-065,sub-041,TFD,0.29977670331114376
El espejo,sub-065,sub-024,TFD,0.19411988210094042
El espejo,sub-065,sub-016,TFD,0.21695610713262237
El espejo,sub-065,sub-112,TFD,0.3540598377749983
El espejo,sub-065,sub-058,TFD,0.3103129423269028
El espejo,sub-065,sub-018,TFD,0.2815543511289734
El espejo,sub-065,sub-048,TFD,0.2502327949300754
El espejo,sub-065,sub-087,TFD,0.363611296350594
El espejo,sub-065,sub-091,TFD,0.4252690686044382
El espejo,sub-065,sub-083,TFD,0.38738907412314544
El espejo,sub-065,sub-065,TFD,0.9999999999999999
El espejo,sub-065,sub-077,TFD,0.2932879080245097
El espejo,sub-065,sub-039,TFD,0.3440707357662615
El espejo,sub-065,sub-053,TFD,0.291573073609557
El espejo,sub-065,sub-075,TFD,0.28152552307326456
El espejo,sub-065,sub-060,TFD,0.4112906341559087
El espejo,sub-065,sub-103,TFD,0.3525080898133652
El espejo,sub-065,sub-105,TFD,0.20574790057232079
El espejo,sub-065,sub-064,TFD,0.3173823421771622
El espejo,sub-065,sub-010,TFD,0.15049817964232878
El espejo,sub-065,sub-034,TFD,0.28035037111550676
El espejo,sub-065,sub-002,TFD,0.40745267466306695
El espejo,sub-065,sub-085,TFD,0.30039134158289893
El espejo,sub-065,sub-021,TFD,0.26130408929226456
El espejo,sub-065,sub-096,TFD,0.4413112988134451
El espejo,sub-065,sub-027,TFD,0.301427876418466
El espejo,sub-065,sub-006,TFD,0.38265752482436877
El espejo,sub-065,sub-066,TFD,0.3224669667405316
El espejo,sub-065,sub-101,TFD,0.2752958470846382
El espejo,sub-065,sub-042,TFD,0.38768287198662715
El espejo,sub-065,sub-003,TFD,0.39265965281501736
El espejo,sub-065,sub-107,TFD,0.3479735948718398
El espejo,sub-065,sub-098,TFD,0.32975592668547044
El espejo,sub-065,sub-086,TFD,0.1959191147962278
El espejo,sub-065,sub-013,TFD,0.2837065899047465
El espejo,sub-065,sub-068,TFD,0.4533918528913791
El espejo,sub-077,sub-067,TFD,0.23372365493365205
El espejo,sub-077,sub-054,TFD,0.22390263273154848
El espejo,sub-077,sub-078,TFD,0.17793141542951435
El espejo,sub-077,sub-046,TFD,0.2427981616060048
El espejo,sub-077,sub-097,TFD,0.26446298593349793
El espejo,sub-077,sub-079,TFD,0.3553128989043661
El espejo,sub-077,sub-028,TFD,0.26662789162176953
El espejo,sub-077,sub-089,TFD,0.2967492343472037
El espejo,sub-077,sub-109,TFD,0.3552477492661491
El espejo,sub-077,sub-070,TFD,0.13559199018129184
El espejo,sub-077,sub-111,TFD,0.1861570904587523
El espejo,sub-077,sub-073,TFD,0.19397022823565638
El espejo,sub-077,sub-001,TFD,0.332715347449848
El espejo,sub-077,sub-095,TFD,0.2820159148830722
El espejo,sub-077,sub-012,TFD,0.14895299709489002
El espejo,sub-077,sub-052,TFD,0.1837685590116022
El espejo,sub-077,sub-094,TFD,0.22780433580894435
El espejo,sub-077,sub-088,TFD,0.2671094146635055
El espejo,sub-077,sub-044,TFD,0.29715255075545105
El espejo,sub-077,sub-009,TFD,0.16950728345622554
El espejo,sub-077,sub-041,TFD,0.23109880103348765
El espejo,sub-077,sub-024,TFD,0.1733172953208133
El espejo,sub-077,sub-016,TFD,0.1573198377609212
El espejo,sub-077,sub-112,TFD,0.2760638047467695
El espejo,sub-077,sub-058,TFD,0.25870681722368916
El espejo,sub-077,sub-018,TFD,0.26526858251943675
El espejo,sub-077,sub-048,TFD,0.1705913155703988
El espejo,sub-077,sub-087,TFD,0.19512639621746683
El espejo,sub-077,sub-091,TFD,0.2593687438162051
El espejo,sub-077,sub-083,TFD,0.2624276337439947
El espejo,sub-077,sub-065,TFD,0.2932879080245097
El espejo,sub-077,sub-077,TFD,1.0
El espejo,sub-077,sub-039,TFD,0.24940564756857256
El espejo,sub-077,sub-053,TFD,0.2096519742952414
El espejo,sub-077,sub-075,TFD,0.2044252232295003
El espejo,sub-077,sub-060,TFD,0.3145589047389377
El espejo,sub-077,sub-103,TFD,0.2903241167420115
El espejo,sub-077,sub-105,TFD,0.24879645982345377
El espejo,sub-077,sub-064,TFD,0.23510799710934296
El espejo,sub-077,sub-010,TFD,0.11551095079671587
El espejo,sub-077,sub-034,TFD,0.2695442051175118
El espejo,sub-077,sub-002,TFD,0.21769968666538397
El espejo,sub-077,sub-085,TFD,0.2096669543323487
El espejo,sub-077,sub-021,TFD,0.2420861883962582
El espejo,sub-077,sub-096,TFD,0.33119802498126694
El espejo,sub-077,sub-027,TFD,0.2091035058287396
El espejo,sub-077,sub-006,TFD,0.29603438538713167
El espejo,sub-077,sub-066,TFD,0.25081130504696253
El espejo,sub-077,sub-101,TFD,0.2490452295971264
El espejo,sub-077,sub-042,TFD,0.23494691274876944
El espejo,sub-077,sub-003,TFD,0.336474639726658
El espejo,sub-077,sub-107,TFD,0.27220698212151195
El espejo,sub-077,sub-098,TFD,0.28239984871405827
El espejo,sub-077,sub-086,TFD,0.16773941738412956
El espejo,sub-077,sub-013,TFD,0.20199245082392672
El espejo,sub-077,sub-068,TFD,0.2475940575502201
El espejo,sub-039,sub-067,TFD,0.20850350938081919
El espejo,sub-039,sub-054,TFD,0.28064837825219235
El espejo,sub-039,sub-078,TFD,0.13650197641460327
El espejo,sub-039,sub-046,TFD,0.387936948181639
El espejo,sub-039,sub-097,TFD,0.35032239800931525
El espejo,sub-039,sub-079,TFD,0.3719909006263243
El espejo,sub-039,sub-028,TFD,0.27507728616832416
El espejo,sub-039,sub-089,TFD,0.3698842628949986
El espejo,sub-039,sub-109,TFD,0.4680858184955244
El espejo,sub-039,sub-070,TFD,0.1215852803815635
El espejo,sub-039,sub-111,TFD,0.22275510204790255
El espejo,sub-039,sub-073,TFD,0.21816373310927606
El espejo,sub-039,sub-001,TFD,0.4639357901272624
El espejo,sub-039,sub-095,TFD,0.34678738744664495
El espejo,sub-039,sub-012,TFD,0.20691539167734593
El espejo,sub-039,sub-052,TFD,0.07678381549320223
El espejo,sub-039,sub-094,TFD,0.17451364470930214
El espejo,sub-039,sub-088,TFD,0.30165897046302814
El espejo,sub-039,sub-044,TFD,0.42918770120531236
El espejo,sub-039,sub-009,TFD,0.33004326084697916
El espejo,sub-039,sub-041,TFD,0.25575835248768636
El espejo,sub-039,sub-024,TFD,0.08758414417092206
El espejo,sub-039,sub-016,TFD,0.13993561786272588
El espejo,sub-039,sub-112,TFD,0.35874573677761235
El espejo,sub-039,sub-058,TFD,0.2721120267778041
El espejo,sub-039,sub-018,TFD,0.1900815393736473
El espejo,sub-039,sub-048,TFD,0.17517244395662715
El espejo,sub-039,sub-087,TFD,0.2415595218615551
El espejo,sub-039,sub-091,TFD,0.33241978856433396
El espejo,sub-039,sub-083,TFD,0.2729828253213511
El espejo,sub-039,sub-065,TFD,0.3440707357662615
El espejo,sub-039,sub-077,TFD,0.24940564756857256
El espejo,sub-039,sub-039,TFD,1.0
El espejo,sub-039,sub-053,TFD,0.13222542605367027
El espejo,sub-039,sub-075,TFD,0.1108099372453806
El espejo,sub-039,sub-060,TFD,0.30182221783529845
El espejo,sub-039,sub-103,TFD,0.28962093683635265
El espejo,sub-039,sub-105,TFD,0.1493963773878118
El espejo,sub-039,sub-064,TFD,0.17913004818134365
El espejo,sub-039,sub-010,TFD,0.04200811390699324
El espejo,sub-039,sub-034,TFD,0.13922179343555133
El espejo,sub-039,sub-002,TFD,0.36696752857212445
El espejo,sub-039,sub-085,TFD,0.2513325013749471
El espejo,sub-039,sub-021,TFD,0.4535941677451791
El espejo,sub-039,sub-096,TFD,0.3714902831783546
El espejo,sub-039,sub-027,TFD,0.3445419401338895
El espejo,sub-039,sub-006,TFD,0.38790326628589505
El espejo,sub-039,sub-066,TFD,0.3268942490885709
El espejo,sub-039,sub-101,TFD,0.1772486896324695
El espejo,sub-039,sub-042,TFD,0.4161425522243703
El espejo,sub-039,sub-003,TFD,0.36976631855635006
El espejo,sub-039,sub-107,TFD,0.3153322377295805
El espejo,sub-039,sub-098,TFD,0.2139971395682914
El espejo,sub-039,sub-086,TFD,0.06292453123908821
El espejo,sub-039,sub-013,TFD,0.17222770925774775
El espejo,sub-039,sub-068,TFD,0.26457572575215066
El espejo,sub-053,sub-067,TFD,0.25452124744638865
El espejo,sub-053,sub-054,TFD,0.2384067924949719
El espejo,sub-053,sub-078,TFD,0.2963221994223193
El espejo,sub-053,sub-046,TFD,0.16367331478738825
El espejo,sub-053,sub-097,TFD,0.2607557660212772
El espejo,sub-053,sub-079,TFD,0.30514160116347533
El espejo,sub-053,sub-028,TFD,0.25634239279606164
El espejo,sub-053,sub-089,TFD,0.24069020540409414
El espejo,sub-053,sub-109,TFD,0.33170422176937586
El espejo,sub-053,sub-070,TFD,0.33291932164677895
El espejo,sub-053,sub-111,TFD,0.2756188117605804
El espejo,sub-053,sub-073,TFD,0.21679762658116655
El espejo,sub-053,sub-001,TFD,0.33326241125208467
El espejo,sub-053,sub-095,TFD,0.30448780896048894
El espejo,sub-053,sub-012,TFD,0.18677090314724337
El espejo,sub-053,sub-052,TFD,0.2789939043695835
El espejo,sub-053,sub-094,TFD,0.3596815841950514
El espejo,sub-053,sub-088,TFD,0.1497016005680604
El espejo,sub-053,sub-044,TFD,0.2542423780442844
El espejo,sub-053,sub-009,TFD,0.21788314667212175
El espejo,sub-053,sub-041,TFD,0.22127773104367643
El espejo,sub-053,sub-024,TFD,0.186801978496178
El espejo,sub-053,sub-016,TFD,0.293265039758088
El espejo,sub-053,sub-112,TFD,0.22169513284590991
El espejo,sub-053,sub-058,TFD,0.24539650401099308
El espejo,sub-053,sub-018,TFD,0.2721289888826424
El espejo,sub-053,sub-048,TFD,0.3090918976108725
El espejo,sub-053,sub-087,TFD,0.26623329148846747
El espejo,sub-053,sub-091,TFD,0.2937719524716841
El espejo,sub-053,sub-083,TFD,0.25542286559140437
El espejo,sub-053,sub-065,TFD,0.291573073609557
El espejo,sub-053,sub-077,TFD,0.20965197429524138
El espejo,sub-053,sub-039,TFD,0.13222542605367027
El espejo,sub-053,sub-053,TFD,1.0
El espejo,sub-053,sub-075,TFD,0.2932897232389995
El espejo,sub-053,sub-060,TFD,0.2804634365129309
El espejo,sub-053,sub-103,TFD,0.3062320556931526
El espejo,sub-053,sub-105,TFD,0.28382577026350725
El espejo,sub-053,sub-064,TFD,0.3512164137648872
El espejo,sub-053,sub-010,TFD,0.27076114105913934
El espejo,sub-053,sub-034,TFD,0.33232060410960296
El espejo,sub-053,sub-002,TFD,0.22122289588679997
El espejo,sub-053,sub-085,TFD,0.1991148746798971
El espejo,sub-053,sub-021,TFD,0.14028338364312476
El espejo,sub-053,sub-096,TFD,0.3249148608351035
El espejo,sub-053,sub-027,TFD,0.16634940048773833
El espejo,sub-053,sub-006,TFD,0.23423410600756156
El espejo,sub-053,sub-066,TFD,0.22187816481263464
El espejo,sub-053,sub-101,TFD,0.34265226287368855
El espejo,sub-053,sub-042,TFD,0.23806133155891052
El espejo,sub-053,sub-003,TFD,0.28211826362657316
El espejo,sub-053,sub-107,TFD,0.28405302936802646
El espejo,sub-053,sub-098,TFD,0.37006504849710853
El espejo,sub-053,sub-086,TFD,0.2550164410506459
El espejo,sub-053,sub-013,TFD,0.2985152758047101
El espejo,sub-053,sub-068,TFD,0.3247334569258101
El espejo,sub-075,sub-067,TFD,0.2561511354819789
El espejo,sub-075,sub-054,TFD,0.21199681072445198
El espejo,sub-075,sub-078,TFD,0.30319109285123863
El espejo,sub-075,sub-046,TFD,0.18589865567704736
El espejo,sub-075,sub-097,TFD,0.2933934507944335
El espejo,sub-075,sub-079,TFD,0.26335829195413696
El espejo,sub-075,sub-028,TFD,0.31763603256092765
El espejo,sub-075,sub-089,TFD,0.23929662682185124
El espejo,sub-075,sub-109,TFD,0.3240458907157487
El espejo,sub-075,sub-070,TFD,0.20981681938083288
El espejo,sub-075,sub-111,TFD,0.2507028191361769
El espejo,sub-075,sub-073,TFD,0.2966660068689893
El espejo,sub-075,sub-001,TFD,0.2754912619166323
El espejo,sub-075,sub-095,TFD,0.2837792072326426
El espejo,sub-075,sub-012,TFD,0.1344671817566411
El espejo,sub-075,sub-052,TFD,0.2739159634126917
El espejo,sub-075,sub-094,TFD,0.31146130236719044
El espejo,sub-075,sub-088,TFD,0.15753950549470985
El espejo,sub-075,sub-044,TFD,0.19134204977078492
El espejo,sub-075,sub-009,TFD,0.23058016919797797
El espejo,sub-075,sub-041,TFD,0.26473418230396034
El espejo,sub-075,sub-024,TFD,0.18926107799148295
El espejo,sub-075,sub-016,TFD,0.20290786842830233
El espejo,sub-075,sub-112,TFD,0.2638396000422461
El espejo,sub-075,sub-058,TFD,0.26138326711996523
El espejo,sub-075,sub-018,TFD,0.2525349855654578
El espejo,sub-075,sub-048,TFD,0.2944729400248964
El espejo,sub-075,sub-087,TFD,0.28339835341939845
El espejo,sub-075,sub-091,TFD,0.23948126309374693
El espejo,sub-075,sub-083,TFD,0.20530516808473903
El espejo,sub-075,sub-065,TFD,0.28152552307326456
El espejo,sub-075,sub-077,TFD,0.20442522322950027
El espejo,sub-075,sub-039,TFD,0.1108099372453806
El espejo,sub-075,sub-053,TFD,0.2932897232389995
El espejo,sub-075,sub-075,TFD,0.9999999999999999
El espejo,sub-075,sub-060,TFD,0.3332563492868409
El espejo,sub-075,sub-103,TFD,0.3178177530152416
El espejo,sub-075,sub-105,TFD,0.18956035684564737
El espejo,sub-075,sub-064,TFD,0.3058745670099049
El espejo,sub-075,sub-010,TFD,0.1944463381011879
El espejo,sub-075,sub-034,TFD,0.3292880122228179
El espejo,sub-075,sub-002,TFD,0.19717662275905518
El espejo,sub-075,sub-085,TFD,0.2893136184284253
El espejo,sub-075,sub-021,TFD,0.09774608693437571
El espejo,sub-075,sub-096,TFD,0.3030928885122843
El espejo,sub-075,sub-027,TFD,0.17133568633133367
El espejo,sub-075,sub-006,TFD,0.23873654722582635
El espejo,sub-075,sub-066,TFD,0.1964107470490524
El espejo,sub-075,sub-101,TFD,0.28297611513174553
El espejo,sub-075,sub-042,TFD,0.1876549515183684
El espejo,sub-075,sub-003,TFD,0.2666496742669227
El espejo,sub-075,sub-107,TFD,0.24036178900634755
El espejo,sub-075,sub-098,TFD,0.2934863132785299
El espejo,sub-075,sub-086,TFD,0.1825759316233982
El espejo,sub-075,sub-013,TFD,0.31311211281493617
El espejo,sub-075,sub-068,TFD,0.34919735901414617
El espejo,sub-060,sub-067,TFD,0.29905407826699676
El espejo,sub-060,sub-054,TFD,0.2791759592125295
El espejo,sub-060,sub-078,TFD,0.29793306902893285
El espejo,sub-060,sub-046,TFD,0.3369018880597816
El espejo,sub-060,sub-097,TFD,0.4020003756059452
El espejo,sub-060,sub-079,TFD,0.4189773380237871
El espejo,sub-060,sub-028,TFD,0.4857783696733338
El espejo,sub-060,sub-089,TFD,0.35689211506218343
El espejo,sub-060,sub-109,TFD,0.4545418286483501
El espejo,sub-060,sub-070,TFD,0.21326264687474722
El espejo,sub-060,sub-111,TFD,0.32781139878319226
El espejo,sub-060,sub-073,TFD,0.322021335187469
El espejo,sub-060,sub-001,TFD,0.43582294738053484
El espejo,sub-060,sub-095,TFD,0.48254101884959705
El espejo,sub-060,sub-012,TFD,0.2065221079954238
El espejo,sub-060,sub-052,TFD,0.3367176150849757
El espejo,sub-060,sub-094,TFD,0.3138792864892965
El espejo,sub-060,sub-088,TFD,0.2616368274166101
El espejo,sub-060,sub-044,TFD,0.3921727735892338
El espejo,sub-060,sub-009,TFD,0.3114526254753479
El espejo,sub-060,sub-041,TFD,0.30707755745715887
El espejo,sub-060,sub-024,TFD,0.11970665297845078
El espejo,sub-060,sub-016,TFD,0.27114317841074603
El espejo,sub-060,sub-112,TFD,0.4069540898899467
El espejo,sub-060,sub-058,TFD,0.3547303169088404
El espejo,sub-060,sub-018,TFD,0.20535673771903595
El espejo,sub-060,sub-048,TFD,0.2961623778340086
El espejo,sub-060,sub-087,TFD,0.4127494184852585
El espejo,sub-060,sub-091,TFD,0.36538101499584946
El espejo,sub-060,sub-083,TFD,0.37384449350615245
El espejo,sub-060,sub-065,TFD,0.4112906341559086
El espejo,sub-060,sub-077,TFD,0.3145589047389377
El espejo,sub-060,sub-039,TFD,0.3018222178352984
El espejo,sub-060,sub-053,TFD,0.2804634365129309
El espejo,sub-060,sub-075,TFD,0.3332563492868409
El espejo,sub-060,sub-060,TFD,1.0
El espejo,sub-060,sub-103,TFD,0.39674459856060906
El espejo,sub-060,sub-105,TFD,0.22855943004276386
El espejo,sub-060,sub-064,TFD,0.3359144861220366
El espejo,sub-060,sub-010,TFD,0.11942924624979784
El espejo,sub-060,sub-034,TFD,0.3396883331502376
El espejo,sub-060,sub-002,TFD,0.3487046888537979
El espejo,sub-060,sub-085,TFD,0.3507938427030541
El espejo,sub-060,sub-021,TFD,0.2801750013912143
El espejo,sub-060,sub-096,TFD,0.4032430110557537
El espejo,sub-060,sub-027,TFD,0.3062711280745324
El espejo,sub-060,sub-006,TFD,0.387418089390865
El espejo,sub-060,sub-066,TFD,0.35032850845006414
El espejo,sub-060,sub-101,TFD,0.280735189822562
El espejo,sub-060,sub-042,TFD,0.3189827639118783
El espejo,sub-060,sub-003,TFD,0.42377819430359653
El espejo,sub-060,sub-107,TFD,0.36572940349140165
El espejo,sub-060,sub-098,TFD,0.37972938210174506
El espejo,sub-060,sub-086,TFD,0.16984376411857544
El espejo,sub-060,sub-013,TFD,0.299807637112821
El espejo,sub-060,sub-068,TFD,0.40029701090845626
El espejo,sub-103,sub-067,TFD,0.27864618624554943
El espejo,sub-103,sub-054,TFD,0.2983618606487528
El espejo,sub-103,sub-078,TFD,0.2725376468289212
El espejo,sub-103,sub-046,TFD,0.2658798211184582
El espejo,sub-103,sub-097,TFD,0.31864995956028325
El espejo,sub-103,sub-079,TFD,0.4003054330917827
El espejo,sub-103,sub-028,TFD,0.362767562965631
El espejo,sub-103,sub-089,TFD,0.36681025104511333
El espejo,sub-103,sub-109,TFD,0.42209430719089014
El espejo,sub-103,sub-070,TFD,0.24480710556218402
El espejo,sub-103,sub-111,TFD,0.2901565739796578
El espejo,sub-103,sub-073,TFD,0.2793708873181574
El espejo,sub-103,sub-001,TFD,0.42591872138581344
El espejo,sub-103,sub-095,TFD,0.4156853004155523
El espejo,sub-103,sub-012,TFD,0.22301240389964214
El espejo,sub-103,sub-052,TFD,0.3054140243580324
El espejo,sub-103,sub-094,TFD,0.35821408706026575
El espejo,sub-103,sub-088,TFD,0.267698057156082
El espejo,sub-103,sub-044,TFD,0.3858537325888043
El espejo,sub-103,sub-009,TFD,0.2653675729856923
El espejo,sub-103,sub-041,TFD,0.2879779204374383
El espejo,sub-103,sub-024,TFD,0.2197591920617717
El espejo,sub-103,sub-016,TFD,0.22790215752045442
El espejo,sub-103,sub-112,TFD,0.29303106428941406
El espejo,sub-103,sub-058,TFD,0.3076992059684129
El espejo,sub-103,sub-018,TFD,0.3301876802468363
El espejo,sub-103,sub-048,TFD,0.25363461498127576
El espejo,sub-103,sub-087,TFD,0.3072057172535584
El espejo,sub-103,sub-091,TFD,0.3161658938938907
El espejo,sub-103,sub-083,TFD,0.34882187431227385
El espejo,sub-103,sub-065,TFD,0.3525080898133652
El espejo,sub-103,sub-077,TFD,0.2903241167420115
El espejo,sub-103,sub-039,TFD,0.2896209368363527
El espejo,sub-103,sub-053,TFD,0.30623205569315265
El espejo,sub-103,sub-075,TFD,0.3178177530152416
El espejo,sub-103,sub-060,TFD,0.3967445985606091
El espejo,sub-103,sub-103,TFD,1.0
El espejo,sub-103,sub-105,TFD,0.2850391555473904
El espejo,sub-103,sub-064,TFD,0.3264378308489243
El espejo,sub-103,sub-010,TFD,0.19122323508761818
El espejo,sub-103,sub-034,TFD,0.3210767200867732
El espejo,sub-103,sub-002,TFD,0.32048104575351344
El espejo,sub-103,sub-085,TFD,0.3184376282208382
El espejo,sub-103,sub-021,TFD,0.24305176755670435
El espejo,sub-103,sub-096,TFD,0.4191763093862761
El espejo,sub-103,sub-027,TFD,0.3055215984735439
El espejo,sub-103,sub-006,TFD,0.3345522026912186
El espejo,sub-103,sub-066,TFD,0.3548784833600331
El espejo,sub-103,sub-101,TFD,0.2935174302746717
El espejo,sub-103,sub-042,TFD,0.3306558939419052
El espejo,sub-103,sub-003,TFD,0.3898910793983136
El espejo,sub-103,sub-107,TFD,0.32852348679285204
El espejo,sub-103,sub-098,TFD,0.3517565152682255
El espejo,sub-103,sub-086,TFD,0.23865273269962312
El espejo,sub-103,sub-013,TFD,0.3666738519437554
El espejo,sub-103,sub-068,TFD,0.34173747344484984
El espejo,sub-105,sub-067,TFD,0.1759741398938024
El espejo,sub-105,sub-054,TFD,0.18996705939861602
El espejo,sub-105,sub-078,TFD,0.22299374121419333
El espejo,sub-105,sub-046,TFD,0.17355381154163066
El espejo,sub-105,sub-097,TFD,0.2676272870811278
El espejo,sub-105,sub-079,TFD,0.2534799215801988
El espejo,sub-105,sub-028,TFD,0.25424241704776973
El espejo,sub-105,sub-089,TFD,0.19948887646600666
El espejo,sub-105,sub-109,TFD,0.3353485720481113
El espejo,sub-105,sub-070,TFD,0.15197557406441659
El espejo,sub-105,sub-111,TFD,0.1531234605801807
El espejo,sub-105,sub-073,TFD,0.23876191663557486
El espejo,sub-105,sub-001,TFD,0.26738154856094376
El espejo,sub-105,sub-095,TFD,0.26711072048039636
El espejo,sub-105,sub-012,TFD,0.07278586966021114
El espejo,sub-105,sub-052,TFD,0.2144296237928425
El espejo,sub-105,sub-094,TFD,0.24779225622451262
El espejo,sub-105,sub-088,TFD,0.2438811555772024
El espejo,sub-105,sub-044,TFD,0.2852846305890469
El espejo,sub-105,sub-009,TFD,0.11471265282989834
El espejo,sub-105,sub-041,TFD,0.26332509471343035
El espejo,sub-105,sub-024,TFD,0.1725518942066128
El espejo,sub-105,sub-016,TFD,0.188978849926913
El espejo,sub-105,sub-112,TFD,0.21340763978006974
El espejo,sub-105,sub-058,TFD,0.2672841859046009
El espejo,sub-105,sub-018,TFD,0.21441461840843026
El espejo,sub-105,sub-048,TFD,0.24295479328337133
El espejo,sub-105,sub-087,TFD,0.20456852325002495
El espejo,sub-105,sub-091,TFD,0.2643882577967118
El espejo,sub-105,sub-083,TFD,0.23679031241704895
El espejo,sub-105,sub-065,TFD,0.2057479005723208
El espejo,sub-105,sub-077,TFD,0.24879645982345377
El espejo,sub-105,sub-039,TFD,0.1493963773878118
El espejo,sub-105,sub-053,TFD,0.2838257702635072
El espejo,sub-105,sub-075,TFD,0.18956035684564734
El espejo,sub-105,sub-060,TFD,0.22855943004276386
El espejo,sub-105,sub-103,TFD,0.2850391555473904
El espejo,sub-105,sub-105,TFD,1.0
El espejo,sub-105,sub-064,TFD,0.20873125563444367
El espejo,sub-105,sub-010,TFD,0.07636863343887225
El espejo,sub-105,sub-034,TFD,0.2736192309108762
El espejo,sub-105,sub-002,TFD,0.16103448802543724
El espejo,sub-105,sub-085,TFD,0.20874698272886652
El espejo,sub-105,sub-021,TFD,0.1561811874841734
El espejo,sub-105,sub-096,TFD,0.3053295985975673
El espejo,sub-105,sub-027,TFD,0.12710861602795892
El espejo,sub-105,sub-006,TFD,0.17724810436807853
El espejo,sub-105,sub-066,TFD,0.15948102129165337
El espejo,sub-105,sub-101,TFD,0.16749156919631403
El espejo,sub-105,sub-042,TFD,0.20281050601492143
El espejo,sub-105,sub-003,TFD,0.24844239660529352
El espejo,sub-105,sub-107,TFD,0.16130371887261247
El espejo,sub-105,sub-098,TFD,0.2232924932525242
El espejo,sub-105,sub-086,TFD,0.1646667584615961
El espejo,sub-105,sub-013,TFD,0.20771108973807603
El espejo,sub-105,sub-068,TFD,0.25010094923031095
El espejo,sub-064,sub-067,TFD,0.2453846863452846
El espejo,sub-064,sub-054,TFD,0.2744449240746881
El espejo,sub-064,sub-078,TFD,0.2743693875700405
El espejo,sub-064,sub-046,TFD,0.21687205251794775
El espejo,sub-064,sub-097,TFD,0.21198932996072123
El espejo,sub-064,sub-079,TFD,0.29340037603843655
El espejo,sub-064,sub-028,TFD,0.24824631854013407
El espejo,sub-064,sub-089,TFD,0.25693444583759234
El espejo,sub-064,sub-109,TFD,0.3521812680808981
El espejo,sub-064,sub-070,TFD,0.2315722238816626
El espejo,sub-064,sub-111,TFD,0.23452121850585486
El espejo,sub-064,sub-073,TFD,0.23649355839368222
El espejo,sub-064,sub-001,TFD,0.32092743092891945
El espejo,sub-064,sub-095,TFD,0.362621919643759
El espejo,sub-064,sub-012,TFD,0.13747580771068368
El espejo,sub-064,sub-052,TFD,0.3038573295606904
El espejo,sub-064,sub-094,TFD,0.29402086877845934
El espejo,sub-064,sub-088,TFD,0.15072459848785205
El espejo,sub-064,sub-044,TFD,0.2799149658141835
El espejo,sub-064,sub-009,TFD,0.2434912791353683
El espejo,sub-064,sub-041,TFD,0.2570200705366849
El espejo,sub-064,sub-024,TFD,0.2138736942535951
El espejo,sub-064,sub-016,TFD,0.23719265883096158
El espejo,sub-064,sub-112,TFD,0.24279928750679858
El espejo,sub-064,sub-058,TFD,0.23259108575297358
El espejo,sub-064,sub-018,TFD,0.22204698518081445
El espejo,sub-064,sub-048,TFD,0.2802030206923146
El espejo,sub-064,sub-087,TFD,0.31086321073482137
El espejo,sub-064,sub-091,TFD,0.2629323183959447
El espejo,sub-064,sub-083,TFD,0.29028580188359965
El espejo,sub-064,sub-065,TFD,0.3173823421771622
El espejo,sub-064,sub-077,TFD,0.23510799710934296
El espejo,sub-064,sub-039,TFD,0.17913004818134365
El espejo,sub-064,sub-053,TFD,0.3512164137648872
El espejo,sub-064,sub-075,TFD,0.3058745670099049
El espejo,sub-064,sub-060,TFD,0.3359144861220366
El espejo,sub-064,sub-103,TFD,0.3264378308489243
El espejo,sub-064,sub-105,TFD,0.20873125563444364
El espejo,sub-064,sub-064,TFD,1.0
El espejo,sub-064,sub-010,TFD,0.18217539973347147
El espejo,sub-064,sub-034,TFD,0.38524953892579905
El espejo,sub-064,sub-002,TFD,0.22895341634267313
El espejo,sub-064,sub-085,TFD,0.30814218789762227
El espejo,sub-064,sub-021,TFD,0.17208476976868692
El espejo,sub-064,sub-096,TFD,0.35562951023555633
El espejo,sub-064,sub-027,TFD,0.19135684197223665
El espejo,sub-064,sub-006,TFD,0.2420541484492082
El espejo,sub-064,sub-066,TFD,0.24638635589339158
El espejo,sub-064,sub-101,TFD,0.3789257884074979
El espejo,sub-064,sub-042,TFD,0.253380759901274
El espejo,sub-064,sub-003,TFD,0.32692745656884054
El espejo,sub-064,sub-107,TFD,0.252752152835636
El espejo,sub-064,sub-098,TFD,0.36480830625896715
El espejo,sub-064,sub-086,TFD,0.2357696335929471
El espejo,sub-064,sub-013,TFD,0.3278908645372066
El espejo,sub-064,sub-068,TFD,0.2858772813026206
El espejo,sub-010,sub-067,TFD,0.11487939925239954
El espejo,sub-010,sub-054,TFD,0.17309821787019905
El espejo,sub-010,sub-078,TFD,0.24293082543285874
El espejo,sub-010,sub-046,TFD,0.06567221771006904
El espejo,sub-010,sub-097,TFD,0.14137084555016885
El espejo,sub-010,sub-079,TFD,0.1141904143503774
El espejo,sub-010,sub-028,TFD,0.16317995923525083
El espejo,sub-010,sub-089,TFD,0.03574572089732097
El espejo,sub-010,sub-109,TFD,0.10674466012834245
El espejo,sub-010,sub-070,TFD,0.21622452208447449
El espejo,sub-010,sub-111,TFD,0.16690169060357885
El espejo,sub-010,sub-073,TFD,0.12550935895312365
El espejo,sub-010,sub-001,TFD,0.1522188989961505
El espejo,sub-010,sub-095,TFD,0.1647925517125818
El espejo,sub-010,sub-012,TFD,0.06074947070571157
El espejo,sub-010,sub-052,TFD,0.20305250167327885
El espejo,sub-010,sub-094,TFD,0.227926820416756
El espejo,sub-010,sub-088,TFD,0.0897596806349761
El espejo,sub-010,sub-044,TFD,0.08091290319919499
El espejo,sub-010,sub-009,TFD,0.1517763556223322
El espejo,sub-010,sub-041,TFD,0.13196922003272835
El espejo,sub-010,sub-024,TFD,0.12666963144003765
El espejo,sub-010,sub-016,TFD,0.19567561047551735
El espejo,sub-010,sub-112,TFD,0.07746006190146434
El espejo,sub-010,sub-058,TFD,0.08982191104509499
El espejo,sub-010,sub-018,TFD,0.17894468980972672
El espejo,sub-010,sub-048,TFD,0.10031232897293473
El espejo,sub-010,sub-087,TFD,0.13870991119401763
El espejo,sub-010,sub-091,TFD,0.16002379145347076
El espejo,sub-010,sub-083,TFD,0.05794293913337076
El espejo,sub-010,sub-065,TFD,0.15049817964232878
El espejo,sub-010,sub-077,TFD,0.11551095079671587
El espejo,sub-010,sub-039,TFD,0.04200811390699324
El espejo,sub-010,sub-053,TFD,0.27076114105913934
El espejo,sub-010,sub-075,TFD,0.1944463381011879
El espejo,sub-010,sub-060,TFD,0.11942924624979784
El espejo,sub-010,sub-103,TFD,0.19122323508761818
El espejo,sub-010,sub-105,TFD,0.07636863343887225
El espejo,sub-010,sub-064,TFD,0.18217539973347147
El espejo,sub-010,sub-010,TFD,1.0
El espejo,sub-010,sub-034,TFD,0.20590955614555487
El espejo,sub-010,sub-002,TFD,0.026365360516587347
El espejo,sub-010,sub-085,TFD,0.17608119571662517
El espejo,sub-010,sub-021,TFD,0.07708264691134056
El espejo,sub-010,sub-096,TFD,0.19800681831915154
El espejo,sub-010,sub-027,TFD,0.06352309250357466
El espejo,sub-010,sub-006,TFD,0.10739573111828571
El espejo,sub-010,sub-066,TFD,0.07229671856551755
El espejo,sub-010,sub-101,TFD,0.19633439153757332
El espejo,sub-010,sub-042,TFD,0.05453992870790463
El espejo,sub-010,sub-003,TFD,0.11826789016872137
El espejo,sub-010,sub-107,TFD,0.12445702115548657
El espejo,sub-010,sub-098,TFD,0.11511838184769177
El espejo,sub-010,sub-086,TFD,0.24868093908234132
El espejo,sub-010,sub-013,TFD,0.21785753475527259
El espejo,sub-010,sub-068,TFD,0.14907399039166527
El espejo,sub-034,sub-067,TFD,0.3048646213057823
El espejo,sub-034,sub-054,TFD,0.31223720812126504
El espejo,sub-034,sub-078,TFD,0.32112627892627893
El espejo,sub-034,sub-046,TFD,0.16649640588653378
El espejo,sub-034,sub-097,TFD,0.2820772503525619
El espejo,sub-034,sub-079,TFD,0.31293995819353954
El espejo,sub-034,sub-028,TFD,0.32871730352745665
El espejo,sub-034,sub-089,TFD,0.20990840260163035
El espejo,sub-034,sub-109,TFD,0.37419406523457605
El espejo,sub-034,sub-070,TFD,0.30698958180118463
El espejo,sub-034,sub-111,TFD,0.21588612659789333
El espejo,sub-034,sub-073,TFD,0.31858265451401546
El espejo,sub-034,sub-001,TFD,0.2831372740675923
El espejo,sub-034,sub-095,TFD,0.3777958451197593
El espejo,sub-034,sub-012,TFD,0.09797758866401828
El espejo,sub-034,sub-052,TFD,0.34646289378620765
El espejo,sub-034,sub-094,TFD,0.3401027504793289
El espejo,sub-034,sub-088,TFD,0.20244442898832077
El espejo,sub-034,sub-044,TFD,0.2603893049810628
El espejo,sub-034,sub-009,TFD,0.23507886078368845
El espejo,sub-034,sub-041,TFD,0.3263890353112306
El espejo,sub-034,sub-024,TFD,0.22803245180826082
El espejo,sub-034,sub-016,TFD,0.29957054510667747
El espejo,sub-034,sub-112,TFD,0.23477933552063415
El espejo,sub-034,sub-058,TFD,0.2758618478412288
El espejo,sub-034,sub-018,TFD,0.21979299052996384
El espejo,sub-034,sub-048,TFD,0.27971801975843824
El espejo,sub-034,sub-087,TFD,0.28580627222661076
El espejo,sub-034,sub-091,TFD,0.2830545573586875
El espejo,sub-034,sub-083,TFD,0.24314707030998325
El espejo,sub-034,sub-065,TFD,0.2803503711155067
El espejo,sub-034,sub-077,TFD,0.2695442051175118
El espejo,sub-034,sub-039,TFD,0.13922179343555133
El espejo,sub-034,sub-053,TFD,0.33232060410960296
El espejo,sub-034,sub-075,TFD,0.32928801222281795
El espejo,sub-034,sub-060,TFD,0.33968833315023755
El espejo,sub-034,sub-103,TFD,0.3210767200867732
El espejo,sub-034,sub-105,TFD,0.2736192309108762
El espejo,sub-034,sub-064,TFD,0.3852495389257991
El espejo,sub-034,sub-010,TFD,0.20590955614555487
El espejo,sub-034,sub-034,TFD,0.9999999999999999
El espejo,sub-034,sub-002,TFD,0.2369682529866442
El espejo,sub-034,sub-085,TFD,0.2750676013210614
El espejo,sub-034,sub-021,TFD,0.17266293289871096
El espejo,sub-034,sub-096,TFD,0.3609860377675358
El espejo,sub-034,sub-027,TFD,0.18213549397602513
El espejo,sub-034,sub-006,TFD,0.2455794585972629
El espejo,sub-034,sub-066,TFD,0.2570387354506469
El espejo,sub-034,sub-101,TFD,0.3662073102091775
El espejo,sub-034,sub-042,TFD,0.19299431482530305
El espejo,sub-034,sub-003,TFD,0.30631362709966176
El espejo,sub-034,sub-107,TFD,0.22486197728903312
El espejo,sub-034,sub-098,TFD,0.34559321950880645
El espejo,sub-034,sub-086,TFD,0.18680456126265338
El espejo,sub-034,sub-013,TFD,0.29558421322767076
El espejo,sub-034,sub-068,TFD,0.3308470549505042
El espejo,sub-002,sub-067,TFD,0.24078175570414637
El espejo,sub-002,sub-054,TFD,0.26588278935830084
El espejo,sub-002,sub-078,TFD,0.25811624097712327
El espejo,sub-002,sub-046,TFD,0.2815059068913393
El espejo,sub-002,sub-097,TFD,0.33150751616724355
El espejo,sub-002,sub-079,TFD,0.403019908479825
El espejo,sub-002,sub-028,TFD,0.2958193189762108
El espejo,sub-002,sub-089,TFD,0.35962752795090186
El espejo,sub-002,sub-109,TFD,0.4562555359478705
El espejo,sub-002,sub-070,TFD,0.18764017806866745
El espejo,sub-002,sub-111,TFD,0.35279505675521133
El espejo,sub-002,sub-073,TFD,0.24591978875106385
El espejo,sub-002,sub-001,TFD,0.44088728861396076
El espejo,sub-002,sub-095,TFD,0.33311214559015856
El espejo,sub-002,sub-012,TFD,0.17141363378421
El espejo,sub-002,sub-052,TFD,0.29606336002340455
El espejo,sub-002,sub-094,TFD,0.21070014330125947
El espejo,sub-002,sub-088,TFD,0.29049516126069364
El espejo,sub-002,sub-044,TFD,0.39987400644611426
El espejo,sub-002,sub-009,TFD,0.2524922907851657
El espejo,sub-002,sub-041,TFD,0.31105597081058006
El espejo,sub-002,sub-024,TFD,0.10426039908735978
El espejo,sub-002,sub-016,TFD,0.1398649076832213
El espejo,sub-002,sub-112,TFD,0.33524917091468215
El espejo,sub-002,sub-058,TFD,0.3635977043622718
El espejo,sub-002,sub-018,TFD,0.22355341376002794
El espejo,sub-002,sub-048,TFD,0.22394931583929936
El espejo,sub-002,sub-087,TFD,0.3695088644419802
El espejo,sub-002,sub-091,TFD,0.3086557950628631
El espejo,sub-002,sub-083,TFD,0.3612579344238151
El espejo,sub-002,sub-065,TFD,0.40745267466306695
El espejo,sub-002,sub-077,TFD,0.21769968666538397
El espejo,sub-002,sub-039,TFD,0.3669675285721245
El espejo,sub-002,sub-053,TFD,0.22122289588679997
El espejo,sub-002,sub-075,TFD,0.19717662275905518
El espejo,sub-002,sub-060,TFD,0.34870468885379785
El espejo,sub-002,sub-103,TFD,0.32048104575351344
El espejo,sub-002,sub-105,TFD,0.16103448802543724
El espejo,sub-002,sub-064,TFD,0.22895341634267313
El espejo,sub-002,sub-010,TFD,0.026365360516587347
El espejo,sub-002,sub-034,TFD,0.2369682529866442
El espejo,sub-002,sub-002,TFD,1.0
El espejo,sub-002,sub-085,TFD,0.2565277950247881
El espejo,sub-002,sub-021,TFD,0.2575111127349257
El espejo,sub-002,sub-096,TFD,0.3936015287658622
El espejo,sub-002,sub-027,TFD,0.314890495288584
El espejo,sub-002,sub-006,TFD,0.3782755202593565
El espejo,sub-002,sub-066,TFD,0.3209046890052109
El espejo,sub-002,sub-101,TFD,0.19786009929551934
El espejo,sub-002,sub-042,TFD,0.3582488945125712
El espejo,sub-002,sub-003,TFD,0.39224193258854423
El espejo,sub-002,sub-107,TFD,0.339269984389939
El espejo,sub-002,sub-098,TFD,0.3229489675541047
El espejo,sub-002,sub-086,TFD,0.11160255821193639
El espejo,sub-002,sub-013,TFD,0.21397296216874592
El espejo,sub-002,sub-068,TFD,0.38223287599085515
El espejo,sub-085,sub-067,TFD,0.2974763841603866
El espejo,sub-085,sub-054,TFD,0.21095622484420526
El espejo,sub-085,sub-078,TFD,0.2517404403025079
El espejo,sub-085,sub-046,TFD,0.29848614242779326
El espejo,sub-085,sub-097,TFD,0.3109723358316417
El espejo,sub-085,sub-079,TFD,0.3965129271264266
El espejo,sub-085,sub-028,TFD,0.31491761969394755
El espejo,sub-085,sub-089,TFD,0.37065048698775194
El espejo,sub-085,sub-109,TFD,0.4200246443825328
El espejo,sub-085,sub-070,TFD,0.15784397643692852
El espejo,sub-085,sub-111,TFD,0.3331265226960942
El espejo,sub-085,sub-073,TFD,0.29736888238919446
El espejo,sub-085,sub-001,TFD,0.3955967838390253
El espejo,sub-085,sub-095,TFD,0.3470220877641278
El espejo,sub-085,sub-012,TFD,0.11308309340576839
El espejo,sub-085,sub-052,TFD,0.31629178961845084
El espejo,sub-085,sub-094,TFD,0.22394621907731968
El espejo,sub-085,sub-088,TFD,0.14120115576315798
El espejo,sub-085,sub-044,TFD,0.3266115213367773
El espejo,sub-085,sub-009,TFD,0.33985123648235516
El espejo,sub-085,sub-041,TFD,0.3002191019604026
El espejo,sub-085,sub-024,TFD,0.15243904245204346
El espejo,sub-085,sub-016,TFD,0.17609922035952338
El espejo,sub-085,sub-112,TFD,0.3398195763428841
El espejo,sub-085,sub-058,TFD,0.3108585149844609
El espejo,sub-085,sub-018,TFD,0.28318284151538176
El espejo,sub-085,sub-048,TFD,0.27232735692260707
El espejo,sub-085,sub-087,TFD,0.4196241743576167
El espejo,sub-085,sub-091,TFD,0.3562982557517857
El espejo,sub-085,sub-083,TFD,0.32864480232240506
El espejo,sub-085,sub-065,TFD,0.30039134158289893
El espejo,sub-085,sub-077,TFD,0.2096669543323487
El espejo,sub-085,sub-039,TFD,0.25133250137494706
El espejo,sub-085,sub-053,TFD,0.19911487467989714
El espejo,sub-085,sub-075,TFD,0.28931361842842523
El espejo,sub-085,sub-060,TFD,0.3507938427030541
El espejo,sub-085,sub-103,TFD,0.31843762822083815
El espejo,sub-085,sub-105,TFD,0.20874698272886652
El espejo,sub-085,sub-064,TFD,0.30814218789762227
El espejo,sub-085,sub-010,TFD,0.17608119571662517
El espejo,sub-085,sub-034,TFD,0.27506760132106145
El espejo,sub-085,sub-002,TFD,0.25652779502478806
El espejo,sub-085,sub-085,TFD,1.0
El espejo,sub-085,sub-021,TFD,0.20163351393299994
El espejo,sub-085,sub-096,TFD,0.3383651427864803
El espejo,sub-085,sub-027,TFD,0.14810688320770704
El espejo,sub-085,sub-006,TFD,0.3752783312463516
El espejo,sub-085,sub-066,TFD,0.3169100556324433
El espejo,sub-085,sub-101,TFD,0.2993340286101948
El espejo,sub-085,sub-042,TFD,0.33053315759850327
El espejo,sub-085,sub-003,TFD,0.3718098661967915
El espejo,sub-085,sub-107,TFD,0.3623234246794461
El espejo,sub-085,sub-098,TFD,0.2768766227583591
El espejo,sub-085,sub-086,TFD,0.2460246378378961
El espejo,sub-085,sub-013,TFD,0.2404161035435619
El espejo,sub-085,sub-068,TFD,0.33014804917669127
El espejo,sub-021,sub-067,TFD,0.10228815468837771
El espejo,sub-021,sub-054,TFD,0.2200906633178584
El espejo,sub-021,sub-078,TFD,0.07346809951757478
El espejo,sub-021,sub-046,TFD,0.38232552245481793
El espejo,sub-021,sub-097,TFD,0.2814130595890902
El espejo,sub-021,sub-079,TFD,0.3722717557503238
El espejo,sub-021,sub-028,TFD,0.24591138657246556
El espejo,sub-021,sub-089,TFD,0.2746416539592259
El espejo,sub-021,sub-109,TFD,0.3791875747300756
El espejo,sub-021,sub-070,TFD,0.17300284989616208
El espejo,sub-021,sub-111,TFD,0.1167366849542015
El espejo,sub-021,sub-073,TFD,0.12086573368448535
El espejo,sub-021,sub-001,TFD,0.3828149505678519
El espejo,sub-021,sub-095,TFD,0.27211405163936003
El espejo,sub-021,sub-012,TFD,0.2219769723193358
El espejo,sub-021,sub-052,TFD,0.0955971524721629
El espejo,sub-021,sub-094,TFD,0.18995776590999716
El espejo,sub-021,sub-088,TFD,0.2816717444567167
El espejo,sub-021,sub-044,TFD,0.41715778619092597
El espejo,sub-021,sub-009,TFD,0.21199469862926826
El espejo,sub-021,sub-041,TFD,0.14460356380657408
El espejo,sub-021,sub-024,TFD,0.017403505507569004
El espejo,sub-021,sub-016,TFD,0.16067280533317257
El espejo,sub-021,sub-112,TFD,0.24962510411168345
El espejo,sub-021,sub-058,TFD,0.2102652162324041
El espejo,sub-021,sub-018,TFD,0.12874822435617794
El espejo,sub-021,sub-048,TFD,0.11963513659263186
El espejo,sub-021,sub-087,TFD,0.23118251930978834
El espejo,sub-021,sub-091,TFD,0.2612779176964337
El espejo,sub-021,sub-083,TFD,0.23182366406689192
El espejo,sub-021,sub-065,TFD,0.2613040892922646
El espejo,sub-021,sub-077,TFD,0.24208618839625817
El espejo,sub-021,sub-039,TFD,0.453594167745179
El espejo,sub-021,sub-053,TFD,0.14028338364312476
El espejo,sub-021,sub-075,TFD,0.09774608693437573
El espejo,sub-021,sub-060,TFD,0.2801750013912143
El espejo,sub-021,sub-103,TFD,0.24305176755670438
El espejo,sub-021,sub-105,TFD,0.1561811874841734
El espejo,sub-021,sub-064,TFD,0.17208476976868692
El espejo,sub-021,sub-010,TFD,0.07708264691134056
El espejo,sub-021,sub-034,TFD,0.17266293289871093
El espejo,sub-021,sub-002,TFD,0.2575111127349257
El espejo,sub-021,sub-085,TFD,0.20163351393299994
El espejo,sub-021,sub-021,TFD,0.9999999999999999
El espejo,sub-021,sub-096,TFD,0.24106520599223374
El espejo,sub-021,sub-027,TFD,0.30504924603875566
El espejo,sub-021,sub-006,TFD,0.2967403061436709
El espejo,sub-021,sub-066,TFD,0.24024672681047232
El espejo,sub-021,sub-101,TFD,0.20766766099592485
El espejo,sub-021,sub-042,TFD,0.37245663297827086
El espejo,sub-021,sub-003,TFD,0.3337078642250426
El espejo,sub-021,sub-107,TFD,0.29120502852730695
El espejo,sub-021,sub-098,TFD,0.17344660313837068
El espejo,sub-021,sub-086,TFD,0.04618913070141197
El espejo,sub-021,sub-013,TFD,0.1183843200615026
El espejo,sub-021,sub-068,TFD,0.22448617444762298
El espejo,sub-096,sub-067,TFD,0.3084569153807565
El espejo,sub-096,sub-054,TFD,0.3278403232921541
El espejo,sub-096,sub-078,TFD,0.33277332488669714
El espejo,sub-096,sub-046,TFD,0.32316137349882196
El espejo,sub-096,sub-097,TFD,0.42583712538801255
El espejo,sub-096,sub-079,TFD,0.4954628421397367
El espejo,sub-096,sub-028,TFD,0.38477520331835047
El espejo,sub-096,sub-089,TFD,0.38932195152401894
El espejo,sub-096,sub-109,TFD,0.5401362862589879
El espejo,sub-096,sub-070,TFD,0.21873390260820202
El espejo,sub-096,sub-111,TFD,0.3784733062944911
El espejo,sub-096,sub-073,TFD,0.33620533824301824
El espejo,sub-096,sub-001,TFD,0.4832134382719027
El espejo,sub-096,sub-095,TFD,0.46410737226129317
El espejo,sub-096,sub-012,TFD,0.18085701394515313
El espejo,sub-096,sub-052,TFD,0.38031571742827025
El espejo,sub-096,sub-094,TFD,0.369881951827485
El espejo,sub-096,sub-088,TFD,0.2755609688752343
El espejo,sub-096,sub-044,TFD,0.4643815690932524
El espejo,sub-096,sub-009,TFD,0.3006260698494433
El espejo,sub-096,sub-041,TFD,0.38593960185676396
El espejo,sub-096,sub-024,TFD,0.18835699627237049
El espejo,sub-096,sub-016,TFD,0.2339029478441479
El espejo,sub-096,sub-112,TFD,0.37064459645584086
El espejo,sub-096,sub-058,TFD,0.43345044602289606
El espejo,sub-096,sub-018,TFD,0.35614032707320814
El espejo,sub-096,sub-048,TFD,0.32719826313497263
El espejo,sub-096,sub-087,TFD,0.3804367366034759
El espejo,sub-096,sub-091,TFD,0.43585684933835456
El espejo,sub-096,sub-083,TFD,0.4309973858409404
El espejo,sub-096,sub-065,TFD,0.4413112988134451
El espejo,sub-096,sub-077,TFD,0.33119802498126694
El espejo,sub-096,sub-039,TFD,0.37149028317835464
El espejo,sub-096,sub-053,TFD,0.3249148608351035
El espejo,sub-096,sub-075,TFD,0.30309288851228433
El espejo,sub-096,sub-060,TFD,0.4032430110557538
El espejo,sub-096,sub-103,TFD,0.41917630938627604
El espejo,sub-096,sub-105,TFD,0.3053295985975673
El espejo,sub-096,sub-064,TFD,0.35562951023555633
El espejo,sub-096,sub-010,TFD,0.1980068183191515
El espejo,sub-096,sub-034,TFD,0.3609860377675358
El espejo,sub-096,sub-002,TFD,0.39360152876586224
El espejo,sub-096,sub-085,TFD,0.3383651427864803
El espejo,sub-096,sub-021,TFD,0.24106520599223377
El espejo,sub-096,sub-096,TFD,0.9999999999999999
El espejo,sub-096,sub-027,TFD,0.3268442599496151
El espejo,sub-096,sub-006,TFD,0.4074500253766071
El espejo,sub-096,sub-066,TFD,0.38862543795557736
El espejo,sub-096,sub-101,TFD,0.3303832189611224
El espejo,sub-096,sub-042,TFD,0.36122939385441205
El espejo,sub-096,sub-003,TFD,0.4032807582448563
El espejo,sub-096,sub-107,TFD,0.3837157873077819
El espejo,sub-096,sub-098,TFD,0.3791810422938127
El espejo,sub-096,sub-086,TFD,0.22530503219751985
El espejo,sub-096,sub-013,TFD,0.34242789746145813
El espejo,sub-096,sub-068,TFD,0.43886943673725365
El espejo,sub-027,sub-067,TFD,0.1726632763374936
El espejo,sub-027,sub-054,TFD,0.16481813229163456
El espejo,sub-027,sub-078,TFD,0.13683368476535676
El espejo,sub-027,sub-046,TFD,0.3221461470409524
El espejo,sub-027,sub-097,TFD,0.3000528803949461
El espejo,sub-027,sub-079,TFD,0.3898189216717166
El espejo,sub-027,sub-028,TFD,0.2711744907996608
El espejo,sub-027,sub-089,TFD,0.31778226155693606
El espejo,sub-027,sub-109,TFD,0.3672740150369885
El espejo,sub-027,sub-070,TFD,0.1128171393532916
El espejo,sub-027,sub-111,TFD,0.27311187574739315
El espejo,sub-027,sub-073,TFD,0.13871182722445802
El espejo,sub-027,sub-001,TFD,0.3919281275638794
El espejo,sub-027,sub-095,TFD,0.29168422108828346
El espejo,sub-027,sub-012,TFD,0.21478415657877484
El espejo,sub-027,sub-052,TFD,0.13750376316934457
El espejo,sub-027,sub-094,TFD,0.18739465421637952
El espejo,sub-027,sub-088,TFD,0.3492981322289166
El espejo,sub-027,sub-044,TFD,0.3666496386974377
El espejo,sub-027,sub-009,TFD,0.23291817025251885
El espejo,sub-027,sub-041,TFD,0.23985820305916025
El espejo,sub-027,sub-024,TFD,0.14648467678234747
El espejo,sub-027,sub-016,TFD,0.17622712127666634
El espejo,sub-027,sub-112,TFD,0.2670256491010699
El espejo,sub-027,sub-058,TFD,0.1949600539138244
El espejo,sub-027,sub-018,TFD,0.18529896481823113
El espejo,sub-027,sub-048,TFD,0.07404872325037763
El espejo,sub-027,sub-087,TFD,0.2570641914429961
El espejo,sub-027,sub-091,TFD,0.26250849854595837
El espejo,sub-027,sub-083,TFD,0.2640301081908996
El espejo,sub-027,sub-065,TFD,0.301427876418466
El espejo,sub-027,sub-077,TFD,0.20910350582873963
El espejo,sub-027,sub-039,TFD,0.34454194013388956
El espejo,sub-027,sub-053,TFD,0.16634940048773833
El espejo,sub-027,sub-075,TFD,0.17133568633133364
El espejo,sub-027,sub-060,TFD,0.3062711280745324
El espejo,sub-027,sub-103,TFD,0.3055215984735439
El espejo,sub-027,sub-105,TFD,0.12710861602795892
El espejo,sub-027,sub-064,TFD,0.19135684197223662
El espejo,sub-027,sub-010,TFD,0.06352309250357466
El espejo,sub-027,sub-034,TFD,0.18213549397602513
El espejo,sub-027,sub-002,TFD,0.314890495288584
El espejo,sub-027,sub-085,TFD,0.14810688320770704
El espejo,sub-027,sub-021,TFD,0.30504924603875566
El espejo,sub-027,sub-096,TFD,0.32684425994961513
El espejo,sub-027,sub-027,TFD,0.9999999999999999
El espejo,sub-027,sub-006,TFD,0.2798961274472495
El espejo,sub-027,sub-066,TFD,0.23752859010854585
El espejo,sub-027,sub-101,TFD,0.19927330922668765
El espejo,sub-027,sub-042,TFD,0.3550126866240221
El espejo,sub-027,sub-003,TFD,0.3396216354852618
El espejo,sub-027,sub-107,TFD,0.23415066827362613
El espejo,sub-027,sub-098,TFD,0.26578255496701253
El espejo,sub-027,sub-086,TFD,0.08093761730205748
El espejo,sub-027,sub-013,TFD,0.1844277785944353
El espejo,sub-027,sub-068,TFD,0.2820902422839284
El espejo,sub-006,sub-067,TFD,0.2359817683512877
El espejo,sub-006,sub-054,TFD,0.26539879261727606
El espejo,sub-006,sub-078,TFD,0.2638773562844975
El espejo,sub-006,sub-046,TFD,0.37325521102923126
El espejo,sub-006,sub-097,TFD,0.4213809840005919
El espejo,sub-006,sub-079,TFD,0.4087404286868371
El espejo,sub-006,sub-028,TFD,0.370389555766922
El espejo,sub-006,sub-089,TFD,0.4122948871422404
El espejo,sub-006,sub-109,TFD,0.46840770701190865
El espejo,sub-006,sub-070,TFD,0.12531477363898272
El espejo,sub-006,sub-111,TFD,0.3059067764388169
El espejo,sub-006,sub-073,TFD,0.27053050644790827
El espejo,sub-006,sub-001,TFD,0.4300505388158474
El espejo,sub-006,sub-095,TFD,0.427045136001936
El espejo,sub-006,sub-012,TFD,0.1981088371150781
El espejo,sub-006,sub-052,TFD,0.23224648305189222
El espejo,sub-006,sub-094,TFD,0.24223172797134737
El espejo,sub-006,sub-088,TFD,0.23585391891257004
El espejo,sub-006,sub-044,TFD,0.42264444792119776
El espejo,sub-006,sub-009,TFD,0.37986241051888786
El espejo,sub-006,sub-041,TFD,0.3367380156786868
El espejo,sub-006,sub-024,TFD,0.16939203967168998
El espejo,sub-006,sub-016,TFD,0.2298667563408526
El espejo,sub-006,sub-112,TFD,0.39903624815849426
El espejo,sub-006,sub-058,TFD,0.330583010223756
El espejo,sub-006,sub-018,TFD,0.29563907179604154
El espejo,sub-006,sub-048,TFD,0.27374640020300356
El espejo,sub-006,sub-087,TFD,0.3463915688312677
El espejo,sub-006,sub-091,TFD,0.37390727342133756
El espejo,sub-006,sub-083,TFD,0.36182376690151796
El espejo,sub-006,sub-065,TFD,0.38265752482436877
El espejo,sub-006,sub-077,TFD,0.2960343853871317
El espejo,sub-006,sub-039,TFD,0.3879032662858951
El espejo,sub-006,sub-053,TFD,0.23423410600756156
El espejo,sub-006,sub-075,TFD,0.23873654722582635
El espejo,sub-006,sub-060,TFD,0.3874180893908649
El espejo,sub-006,sub-103,TFD,0.3345522026912186
El espejo,sub-006,sub-105,TFD,0.17724810436807853
El espejo,sub-006,sub-064,TFD,0.24205414844920822
El espejo,sub-006,sub-010,TFD,0.10739573111828571
El espejo,sub-006,sub-034,TFD,0.24557945859726293
El espejo,sub-006,sub-002,TFD,0.3782755202593565
El espejo,sub-006,sub-085,TFD,0.3752783312463516
El espejo,sub-006,sub-021,TFD,0.29674030614367086
El espejo,sub-006,sub-096,TFD,0.4074500253766071
El espejo,sub-006,sub-027,TFD,0.2798961274472495
El espejo,sub-006,sub-006,TFD,1.0
El espejo,sub-006,sub-066,TFD,0.3913147231707387
El espejo,sub-006,sub-101,TFD,0.2455286997398263
El espejo,sub-006,sub-042,TFD,0.3644485292871057
El espejo,sub-006,sub-003,TFD,0.434251908044834
El espejo,sub-006,sub-107,TFD,0.4319001308598941
El espejo,sub-006,sub-098,TFD,0.2689042636506811
El espejo,sub-006,sub-086,TFD,0.15434517332659253
El espejo,sub-006,sub-013,TFD,0.2889734645373903
El espejo,sub-006,sub-068,TFD,0.3749245939567758
El espejo,sub-066,sub-067,TFD,0.26227572619415407
El espejo,sub-066,sub-054,TFD,0.23854636798869
El espejo,sub-066,sub-078,TFD,0.220341041170863
El espejo,sub-066,sub-046,TFD,0.34919339647156855
El espejo,sub-066,sub-097,TFD,0.36706503878885105
El espejo,sub-066,sub-079,TFD,0.3576282646814075
El espejo,sub-066,sub-028,TFD,0.3880658864757273
El espejo,sub-066,sub-089,TFD,0.29097453409863855
El espejo,sub-066,sub-109,TFD,0.4165802027525666
El espejo,sub-066,sub-070,TFD,0.1833617534545722
El espejo,sub-066,sub-111,TFD,0.320141877771601
El espejo,sub-066,sub-073,TFD,0.34894837903110776
El espejo,sub-066,sub-001,TFD,0.39938913774918205
El espejo,sub-066,sub-095,TFD,0.3501623395670845
El espejo,sub-066,sub-012,TFD,0.14788313683810578
El espejo,sub-066,sub-052,TFD,0.3065708267312379
El espejo,sub-066,sub-094,TFD,0.24665127445329865
El espejo,sub-066,sub-088,TFD,0.23307390091296074
El espejo,sub-066,sub-044,TFD,0.37039362815034077
El espejo,sub-066,sub-009,TFD,0.33823243511130385
El espejo,sub-066,sub-041,TFD,0.3370765276714051
El espejo,sub-066,sub-024,TFD,0.21126684915276017
El espejo,sub-066,sub-016,TFD,0.1761196838960377
El espejo,sub-066,sub-112,TFD,0.2815751870915189
El espejo,sub-066,sub-058,TFD,0.31630703982559777
El espejo,sub-066,sub-018,TFD,0.23479081267879018
El espejo,sub-066,sub-048,TFD,0.2638136424211696
El espejo,sub-066,sub-087,TFD,0.28634845851448143
El espejo,sub-066,sub-091,TFD,0.3530675727911403
El espejo,sub-066,sub-083,TFD,0.35964906154927473
El espejo,sub-066,sub-065,TFD,0.32246696674053166
El espejo,sub-066,sub-077,TFD,0.2508113050469626
El espejo,sub-066,sub-039,TFD,0.32689424908857084
El espejo,sub-066,sub-053,TFD,0.22187816481263464
El espejo,sub-066,sub-075,TFD,0.19641074704905237
El espejo,sub-066,sub-060,TFD,0.35032850845006414
El espejo,sub-066,sub-103,TFD,0.35487848336003314
El espejo,sub-066,sub-105,TFD,0.15948102129165337
El espejo,sub-066,sub-064,TFD,0.24638635589339158
El espejo,sub-066,sub-010,TFD,0.07229671856551755
El espejo,sub-066,sub-034,TFD,0.2570387354506469
El espejo,sub-066,sub-002,TFD,0.32090468900521096
El espejo,sub-066,sub-085,TFD,0.31691005563244334
El espejo,sub-066,sub-021,TFD,0.24024672681047232
El espejo,sub-066,sub-096,TFD,0.38862543795557736
El espejo,sub-066,sub-027,TFD,0.23752859010854585
El espejo,sub-066,sub-006,TFD,0.3913147231707387
El espejo,sub-066,sub-066,TFD,1.0
El espejo,sub-066,sub-101,TFD,0.23800500088157195
El espejo,sub-066,sub-042,TFD,0.329282310380515
El espejo,sub-066,sub-003,TFD,0.3150721905742629
El espejo,sub-066,sub-107,TFD,0.3251340420500332
El espejo,sub-066,sub-098,TFD,0.32532749201438993
El espejo,sub-066,sub-086,TFD,0.10701805828684124
El espejo,sub-066,sub-013,TFD,0.2715957367429548
El espejo,sub-066,sub-068,TFD,0.3549628084866543
El espejo,sub-101,sub-067,TFD,0.2518166402483587
El espejo,sub-101,sub-054,TFD,0.2954824002524551
El espejo,sub-101,sub-078,TFD,0.23692321488381904
El espejo,sub-101,sub-046,TFD,0.2045824331099169
El espejo,sub-101,sub-097,TFD,0.28396196754103903
El espejo,sub-101,sub-079,TFD,0.30147301432627377
El espejo,sub-101,sub-028,TFD,0.27312428374632947
El espejo,sub-101,sub-089,TFD,0.2277287532092051
El espejo,sub-101,sub-109,TFD,0.308159749419407
El espejo,sub-101,sub-070,TFD,0.25978444212445245
El espejo,sub-101,sub-111,TFD,0.24398155203637173
El espejo,sub-101,sub-073,TFD,0.2393461097270278
El espejo,sub-101,sub-001,TFD,0.3077049159767763
El espejo,sub-101,sub-095,TFD,0.31445998186218815
El espejo,sub-101,sub-012,TFD,0.1548184143861886
El espejo,sub-101,sub-052,TFD,0.2685712687975612
El espejo,sub-101,sub-094,TFD,0.32372957670623714
El espejo,sub-101,sub-088,TFD,0.18535122636866616
El espejo,sub-101,sub-044,TFD,0.2603463126287846
El espejo,sub-101,sub-009,TFD,0.16977791246238833
El espejo,sub-101,sub-041,TFD,0.24023213484931058
El espejo,sub-101,sub-024,TFD,0.24058913260209802
El espejo,sub-101,sub-016,TFD,0.2441882107170779
El espejo,sub-101,sub-112,TFD,0.21756849015465873
El espejo,sub-101,sub-058,TFD,0.23557877312149614
El espejo,sub-101,sub-018,TFD,0.22458360094507931
El espejo,sub-101,sub-048,TFD,0.2236585860208654
El espejo,sub-101,sub-087,TFD,0.2641602303940568
El espejo,sub-101,sub-091,TFD,0.2744698530930637
El espejo,sub-101,sub-083,TFD,0.21794298273807267
El espejo,sub-101,sub-065,TFD,0.2752958470846382
El espejo,sub-101,sub-077,TFD,0.24904522959712644
El espejo,sub-101,sub-039,TFD,0.1772486896324695
El espejo,sub-101,sub-053,TFD,0.34265226287368855
El espejo,sub-101,sub-075,TFD,0.28297611513174553
El espejo,sub-101,sub-060,TFD,0.280735189822562
El espejo,sub-101,sub-103,TFD,0.2935174302746717
El espejo,sub-101,sub-105,TFD,0.16749156919631403
El espejo,sub-101,sub-064,TFD,0.3789257884074979
El espejo,sub-101,sub-010,TFD,0.19633439153757334
El espejo,sub-101,sub-034,TFD,0.3662073102091775
El espejo,sub-101,sub-002,TFD,0.19786009929551937
El espejo,sub-101,sub-085,TFD,0.2993340286101948
El espejo,sub-101,sub-021,TFD,0.20766766099592482
El espejo,sub-101,sub-096,TFD,0.3303832189611224
El espejo,sub-101,sub-027,TFD,0.19927330922668765
El espejo,sub-101,sub-006,TFD,0.2455286997398263
El espejo,sub-101,sub-066,TFD,0.23800500088157195
El espejo,sub-101,sub-101,TFD,0.9999999999999999
El espejo,sub-101,sub-042,TFD,0.2146043543247854
El espejo,sub-101,sub-003,TFD,0.30321128718984414
El espejo,sub-101,sub-107,TFD,0.3057350527332355
El espejo,sub-101,sub-098,TFD,0.3165220403695458
El espejo,sub-101,sub-086,TFD,0.2705935799504538
El espejo,sub-101,sub-013,TFD,0.30802561033936665
El espejo,sub-101,sub-068,TFD,0.30092417100416025
El espejo,sub-042,sub-067,TFD,0.22636546029088192
El espejo,sub-042,sub-054,TFD,0.25244107616241745
El espejo,sub-042,sub-078,TFD,0.17086086278138418
El espejo,sub-042,sub-046,TFD,0.4153457178080061
El espejo,sub-042,sub-097,TFD,0.4083130500534998
El espejo,sub-042,sub-079,TFD,0.45433721608194555
El espejo,sub-042,sub-028,TFD,0.2959734870815289
El espejo,sub-042,sub-089,TFD,0.4320649398092768
El espejo,sub-042,sub-109,TFD,0.4625504280608462
El espejo,sub-042,sub-070,TFD,0.1486149285277552
El espejo,sub-042,sub-111,TFD,0.24384061864756332
El espejo,sub-042,sub-073,TFD,0.2508989761447013
El espejo,sub-042,sub-001,TFD,0.5295878745839847
El espejo,sub-042,sub-095,TFD,0.3493271264249156
El espejo,sub-042,sub-012,TFD,0.18723221719018063
El espejo,sub-042,sub-052,TFD,0.18254215936464904
El espejo,sub-042,sub-094,TFD,0.2203449627415074
El espejo,sub-042,sub-088,TFD,0.20458460534598963
El espejo,sub-042,sub-044,TFD,0.47472672888990025
El espejo,sub-042,sub-009,TFD,0.3554018115694072
El espejo,sub-042,sub-041,TFD,0.23993200447939342
El espejo,sub-042,sub-024,TFD,0.15780024058629818
El espejo,sub-042,sub-016,TFD,0.20947506907614444
El espejo,sub-042,sub-112,TFD,0.41637125473292463
El espejo,sub-042,sub-058,TFD,0.3226124354337157
El espejo,sub-042,sub-018,TFD,0.2233589293575599
El espejo,sub-042,sub-048,TFD,0.21532544789729197
El espejo,sub-042,sub-087,TFD,0.32793817412119297
El espejo,sub-042,sub-091,TFD,0.35821749863180546
El espejo,sub-042,sub-083,TFD,0.30219844300875204
El espejo,sub-042,sub-065,TFD,0.38768287198662715
El espejo,sub-042,sub-077,TFD,0.23494691274876942
El espejo,sub-042,sub-039,TFD,0.41614255222437024
El espejo,sub-042,sub-053,TFD,0.23806133155891052
El espejo,sub-042,sub-075,TFD,0.1876549515183684
El espejo,sub-042,sub-060,TFD,0.31898276391187835
El espejo,sub-042,sub-103,TFD,0.3306558939419052
El espejo,sub-042,sub-105,TFD,0.20281050601492143
El espejo,sub-042,sub-064,TFD,0.253380759901274
El espejo,sub-042,sub-010,TFD,0.05453992870790463
El espejo,sub-042,sub-034,TFD,0.19299431482530302
El espejo,sub-042,sub-002,TFD,0.3582488945125712
El espejo,sub-042,sub-085,TFD,0.33053315759850327
El espejo,sub-042,sub-021,TFD,0.37245663297827086
El espejo,sub-042,sub-096,TFD,0.361229393854412
El espejo,sub-042,sub-027,TFD,0.35501268662402213
El espejo,sub-042,sub-006,TFD,0.36444852928710575
El espejo,sub-042,sub-066,TFD,0.329282310380515
El espejo,sub-042,sub-101,TFD,0.2146043543247854
El espejo,sub-042,sub-042,TFD,1.0
El espejo,sub-042,sub-003,TFD,0.4143787213342115
El espejo,sub-042,sub-107,TFD,0.3821783395950348
El espejo,sub-042,sub-098,TFD,0.27918370116048463
El espejo,sub-042,sub-086,TFD,0.10307208811335962
El espejo,sub-042,sub-013,TFD,0.19418712900994134
El espejo,sub-042,sub-068,TFD,0.345202355266464
El espejo,sub-003,sub-067,TFD,0.30707938461133655
El espejo,sub-003,sub-054,TFD,0.3009484042403188
El espejo,sub-003,sub-078,TFD,0.29073255065969866
El espejo,sub-003,sub-046,TFD,0.3525803887701924
El espejo,sub-003,sub-097,TFD,0.43605272364790737
El espejo,sub-003,sub-079,TFD,0.4718917351085953
El espejo,sub-003,sub-028,TFD,0.4057588463277774
El espejo,sub-003,sub-089,TFD,0.46211852703763634
El espejo,sub-003,sub-109,TFD,0.5919129916165841
El espejo,sub-003,sub-070,TFD,0.17296149715724388
El espejo,sub-003,sub-111,TFD,0.2966753146532479
El espejo,sub-003,sub-073,TFD,0.30283099582059686
El espejo,sub-003,sub-001,TFD,0.46776915949478065
El espejo,sub-003,sub-095,TFD,0.431259577631006
El espejo,sub-003,sub-012,TFD,0.16358954426499867
El espejo,sub-003,sub-052,TFD,0.29372612392272834
El espejo,sub-003,sub-094,TFD,0.2570111910943875
El espejo,sub-003,sub-088,TFD,0.2711071643607961
El espejo,sub-003,sub-044,TFD,0.47826738430151916
El espejo,sub-003,sub-009,TFD,0.34439523664696686
El espejo,sub-003,sub-041,TFD,0.32915885699680697
El espejo,sub-003,sub-024,TFD,0.2096359394639421
El espejo,sub-003,sub-016,TFD,0.16780964675968563
El espejo,sub-003,sub-112,TFD,0.4264756510923572
El espejo,sub-003,sub-058,TFD,0.3355373128252208
El espejo,sub-003,sub-018,TFD,0.3109232001587451
El espejo,sub-003,sub-048,TFD,0.2833429625540806
El espejo,sub-003,sub-087,TFD,0.44414416960822656
El espejo,sub-003,sub-091,TFD,0.4147793116296429
El espejo,sub-003,sub-083,TFD,0.42231757978882034
El espejo,sub-003,sub-065,TFD,0.39265965281501736
El espejo,sub-003,sub-077,TFD,0.33647463972665803
El espejo,sub-003,sub-039,TFD,0.36976631855635006
El espejo,sub-003,sub-053,TFD,0.28211826362657316
El espejo,sub-003,sub-075,TFD,0.2666496742669227
El espejo,sub-003,sub-060,TFD,0.4237781943035966
El espejo,sub-003,sub-103,TFD,0.38989107939831363
El espejo,sub-003,sub-105,TFD,0.24844239660529352
El espejo,sub-003,sub-064,TFD,0.32692745656884054
El espejo,sub-003,sub-010,TFD,0.11826789016872138
El espejo,sub-003,sub-034,TFD,0.30631362709966176
El espejo,sub-003,sub-002,TFD,0.39224193258854423
El espejo,sub-003,sub-085,TFD,0.3718098661967915
El espejo,sub-003,sub-021,TFD,0.3337078642250426
El espejo,sub-003,sub-096,TFD,0.40328075824485626
El espejo,sub-003,sub-027,TFD,0.33962163548526175
El espejo,sub-003,sub-006,TFD,0.434251908044834
El espejo,sub-003,sub-066,TFD,0.3150721905742629
El espejo,sub-003,sub-101,TFD,0.30321128718984414
El espejo,sub-003,sub-042,TFD,0.41437872133421155
El espejo,sub-003,sub-003,TFD,0.9999999999999999
El espejo,sub-003,sub-107,TFD,0.39625577249042276
El espejo,sub-003,sub-098,TFD,0.38476868517771734
El espejo,sub-003,sub-086,TFD,0.16911511171652385
El espejo,sub-003,sub-013,TFD,0.30804400716833447
El espejo,sub-003,sub-068,TFD,0.39014358280191336
El espejo,sub-107,sub-067,TFD,0.2796076116703274
El espejo,sub-107,sub-054,TFD,0.3069103686432397
El espejo,sub-107,sub-078,TFD,0.2407793124666023
El espejo,sub-107,sub-046,TFD,0.3268684726230385
El espejo,sub-107,sub-097,TFD,0.3607680333177616
El espejo,sub-107,sub-079,TFD,0.37769955800598626
El espejo,sub-107,sub-028,TFD,0.3159544008940681
El espejo,sub-107,sub-089,TFD,0.3732441788285888
El espejo,sub-107,sub-109,TFD,0.4191391380698703
El espejo,sub-107,sub-070,TFD,0.16407007554852174
El espejo,sub-107,sub-111,TFD,0.2346144351224478
El espejo,sub-107,sub-073,TFD,0.295593526755047
El espejo,sub-107,sub-001,TFD,0.36502551886877554
El espejo,sub-107,sub-095,TFD,0.3530455089104581
El espejo,sub-107,sub-012,TFD,0.2233997210979472
El espejo,sub-107,sub-052,TFD,0.256582422925063
El espejo,sub-107,sub-094,TFD,0.2608132028890725
El espejo,sub-107,sub-088,TFD,0.21407389305243146
El espejo,sub-107,sub-044,TFD,0.33068390387837365
El espejo,sub-107,sub-009,TFD,0.2820121144937823
El espejo,sub-107,sub-041,TFD,0.24200633558055262
El espejo,sub-107,sub-024,TFD,0.23197560503292156
El espejo,sub-107,sub-016,TFD,0.23116679537318183
El espejo,sub-107,sub-112,TFD,0.32023715633160005
El espejo,sub-107,sub-058,TFD,0.3347541912643783
El espejo,sub-107,sub-018,TFD,0.24102180045464167
El espejo,sub-107,sub-048,TFD,0.2494871108145446
El espejo,sub-107,sub-087,TFD,0.3393708561300894
El espejo,sub-107,sub-091,TFD,0.3376245236015335
El espejo,sub-107,sub-083,TFD,0.33546654663024156
El espejo,sub-107,sub-065,TFD,0.3479735948718398
El espejo,sub-107,sub-077,TFD,0.27220698212151195
El espejo,sub-107,sub-039,TFD,0.31533223772958047
El espejo,sub-107,sub-053,TFD,0.28405302936802646
El espejo,sub-107,sub-075,TFD,0.24036178900634755
El espejo,sub-107,sub-060,TFD,0.36572940349140165
El espejo,sub-107,sub-103,TFD,0.32852348679285204
El espejo,sub-107,sub-105,TFD,0.16130371887261247
El espejo,sub-107,sub-064,TFD,0.252752152835636
El espejo,sub-107,sub-010,TFD,0.12445702115548657
El espejo,sub-107,sub-034,TFD,0.2248619772890331
El espejo,sub-107,sub-002,TFD,0.339269984389939
El espejo,sub-107,sub-085,TFD,0.3623234246794461
El espejo,sub-107,sub-021,TFD,0.29120502852730695
El espejo,sub-107,sub-096,TFD,0.3837157873077819
El espejo,sub-107,sub-027,TFD,0.23415066827362613
El espejo,sub-107,sub-006,TFD,0.4319001308598941
El espejo,sub-107,sub-066,TFD,0.3251340420500332
El espejo,sub-107,sub-101,TFD,0.3057350527332355
El espejo,sub-107,sub-042,TFD,0.3821783395950348
El espejo,sub-107,sub-003,TFD,0.3962557724904228
El espejo,sub-107,sub-107,TFD,1.0
El espejo,sub-107,sub-098,TFD,0.2978121470779215
El espejo,sub-107,sub-086,TFD,0.18104297912334075
El espejo,sub-107,sub-013,TFD,0.30502775772895996
El espejo,sub-107,sub-068,TFD,0.32939308160631703
El espejo,sub-098,sub-067,TFD,0.23842129151735258
El espejo,sub-098,sub-054,TFD,0.2702136489021798
El espejo,sub-098,sub-078,TFD,0.26547397681294155
El espejo,sub-098,sub-046,TFD,0.2239400504194687
El espejo,sub-098,sub-097,TFD,0.3545170872885708
El espejo,sub-098,sub-079,TFD,0.38292601945100035
El espejo,sub-098,sub-028,TFD,0.3545415440557819
El espejo,sub-098,sub-089,TFD,0.32930532071695245
El espejo,sub-098,sub-109,TFD,0.4287993579468108
El espejo,sub-098,sub-070,TFD,0.16758763447861863
El espejo,sub-098,sub-111,TFD,0.282620113927851
El espejo,sub-098,sub-073,TFD,0.220797250825039
El espejo,sub-098,sub-001,TFD,0.34433532336233297
El espejo,sub-098,sub-095,TFD,0.3513569063790959
El espejo,sub-098,sub-012,TFD,0.1745700207802229
El espejo,sub-098,sub-052,TFD,0.34629287092365524
El espejo,sub-098,sub-094,TFD,0.2877141954051808
El espejo,sub-098,sub-088,TFD,0.2737402082444505
El espejo,sub-098,sub-044,TFD,0.26707530139642344
El espejo,sub-098,sub-009,TFD,0.22509127960260608
El espejo,sub-098,sub-041,TFD,0.32053968523819293
El espejo,sub-098,sub-024,TFD,0.2592648149386281
El espejo,sub-098,sub-016,TFD,0.25355647871993636
El espejo,sub-098,sub-112,TFD,0.2967838700948977
El espejo,sub-098,sub-058,TFD,0.30069600594882245
El espejo,sub-098,sub-018,TFD,0.23928896153303275
El espejo,sub-098,sub-048,TFD,0.2588025745418642
El espejo,sub-098,sub-087,TFD,0.3500121398058397
El espejo,sub-098,sub-091,TFD,0.3358901515495861
El espejo,sub-098,sub-083,TFD,0.34827333810790884
El espejo,sub-098,sub-065,TFD,0.32975592668547044
El espejo,sub-098,sub-077,TFD,0.2823998487140582
El espejo,sub-098,sub-039,TFD,0.21399713956829136
El espejo,sub-098,sub-053,TFD,0.37006504849710853
El espejo,sub-098,sub-075,TFD,0.2934863132785299
El espejo,sub-098,sub-060,TFD,0.37972938210174506
El espejo,sub-098,sub-103,TFD,0.3517565152682255
El espejo,sub-098,sub-105,TFD,0.22329249325252418
El espejo,sub-098,sub-064,TFD,0.3648083062589672
El espejo,sub-098,sub-010,TFD,0.11511838184769177
El espejo,sub-098,sub-034,TFD,0.34559321950880645
El espejo,sub-098,sub-002,TFD,0.3229489675541047
El espejo,sub-098,sub-085,TFD,0.2768766227583591
El espejo,sub-098,sub-021,TFD,0.17344660313837068
El espejo,sub-098,sub-096,TFD,0.3791810422938127
El espejo,sub-098,sub-027,TFD,0.26578255496701253
El espejo,sub-098,sub-006,TFD,0.2689042636506811
El espejo,sub-098,sub-066,TFD,0.32532749201438993
El espejo,sub-098,sub-101,TFD,0.31652204036954584
El espejo,sub-098,sub-042,TFD,0.27918370116048463
El espejo,sub-098,sub-003,TFD,0.3847686851777173
El espejo,sub-098,sub-107,TFD,0.2978121470779215
El espejo,sub-098,sub-098,TFD,1.0
El espejo,sub-098,sub-086,TFD,0.15394119064762352
El espejo,sub-098,sub-013,TFD,0.3357303057980492
El espejo,sub-098,sub-068,TFD,0.35803504792179625
El espejo,sub-086,sub-067,TFD,0.2286035411493749
El espejo,sub-086,sub-054,TFD,0.16133934151133927
El espejo,sub-086,sub-078,TFD,0.2556197838625932
El espejo,sub-086,sub-046,TFD,0.11616168919147184
El espejo,sub-086,sub-097,TFD,0.15997065042978428
El espejo,sub-086,sub-079,TFD,0.1484589665369273
El espejo,sub-086,sub-028,TFD,0.14161927463503093
El espejo,sub-086,sub-089,TFD,0.1837547156990436
El espejo,sub-086,sub-109,TFD,0.16675011773171639
El espejo,sub-086,sub-070,TFD,0.2563480564013501
El espejo,sub-086,sub-111,TFD,0.15195507521329604
El espejo,sub-086,sub-073,TFD,0.1776864153014201
El espejo,sub-086,sub-001,TFD,0.17328947133040978
El espejo,sub-086,sub-095,TFD,0.22817468466465746
El espejo,sub-086,sub-012,TFD,0.08436429459826784
El espejo,sub-086,sub-052,TFD,0.28539275688017607
El espejo,sub-086,sub-094,TFD,0.2767504395365546
El espejo,sub-086,sub-088,TFD,0.11400117979402159
El espejo,sub-086,sub-044,TFD,0.10874676096030475
El espejo,sub-086,sub-009,TFD,0.17479454685879287
El espejo,sub-086,sub-041,TFD,0.2047983943599982
El espejo,sub-086,sub-024,TFD,0.11741153079165229
El espejo,sub-086,sub-016,TFD,0.1820533231073376
El espejo,sub-086,sub-112,TFD,0.14514570678020683
El espejo,sub-086,sub-058,TFD,0.16721239000706772
El espejo,sub-086,sub-018,TFD,0.21286700538885503
El espejo,sub-086,sub-048,TFD,0.17893236077762079
El espejo,sub-086,sub-087,TFD,0.247124764815518
El espejo,sub-086,sub-091,TFD,0.17573182924485314
El espejo,sub-086,sub-083,TFD,0.13878587777596152
El espejo,sub-086,sub-065,TFD,0.1959191147962278
El espejo,sub-086,sub-077,TFD,0.16773941738412954
El espejo,sub-086,sub-039,TFD,0.06292453123908821
El espejo,sub-086,sub-053,TFD,0.2550164410506459
El espejo,sub-086,sub-075,TFD,0.18257593162339816
El espejo,sub-086,sub-060,TFD,0.16984376411857544
El espejo,sub-086,sub-103,TFD,0.23865273269962312
El espejo,sub-086,sub-105,TFD,0.16466675846159612
El espejo,sub-086,sub-064,TFD,0.23576963359294714
El espejo,sub-086,sub-010,TFD,0.2486809390823413
El espejo,sub-086,sub-034,TFD,0.18680456126265335
El espejo,sub-086,sub-002,TFD,0.11160255821193638
El espejo,sub-086,sub-085,TFD,0.24602463783789613
El espejo,sub-086,sub-021,TFD,0.04618913070141198
El espejo,sub-086,sub-096,TFD,0.22530503219751985
El espejo,sub-086,sub-027,TFD,0.08093761730205748
El espejo,sub-086,sub-006,TFD,0.15434517332659253
El espejo,sub-086,sub-066,TFD,0.10701805828684124
El espejo,sub-086,sub-101,TFD,0.2705935799504538
El espejo,sub-086,sub-042,TFD,0.10307208811335963
El espejo,sub-086,sub-003,TFD,0.16911511171652382
El espejo,sub-086,sub-107,TFD,0.18104297912334075
El espejo,sub-086,sub-098,TFD,0.15394119064762352
El espejo,sub-086,sub-086,TFD,0.9999999999999999
El espejo,sub-086,sub-013,TFD,0.21599334730395836
El espejo,sub-086,sub-068,TFD,0.23377672284736886
El espejo,sub-013,sub-067,TFD,0.25213901522049187
El espejo,sub-013,sub-054,TFD,0.2588910374738902
El espejo,sub-013,sub-078,TFD,0.29432682243086555
El espejo,sub-013,sub-046,TFD,0.22597223345812045
El espejo,sub-013,sub-097,TFD,0.33364597302995236
El espejo,sub-013,sub-079,TFD,0.2757582508563389
El espejo,sub-013,sub-028,TFD,0.2948292854481704
El espejo,sub-013,sub-089,TFD,0.24388254901509884
El espejo,sub-013,sub-109,TFD,0.3377397286683972
El espejo,sub-013,sub-070,TFD,0.21446603862506616
El espejo,sub-013,sub-111,TFD,0.26069842987190595
El espejo,sub-013,sub-073,TFD,0.28104447276747624
El espejo,sub-013,sub-001,TFD,0.2904245799417653
El espejo,sub-013,sub-095,TFD,0.3491106374500244
El espejo,sub-013,sub-012,TFD,0.11351200198385047
El espejo,sub-013,sub-052,TFD,0.32232773021590533
El espejo,sub-013,sub-094,TFD,0.3161981807758441
El espejo,sub-013,sub-088,TFD,0.17883890247060252
El espejo,sub-013,sub-044,TFD,0.28324308677770393
El espejo,sub-013,sub-009,TFD,0.23019310525293557
El espejo,sub-013,sub-041,TFD,0.3164092124467768
El espejo,sub-013,sub-024,TFD,0.28373674472708443
El espejo,sub-013,sub-016,TFD,0.19434211337220303
El espejo,sub-013,sub-112,TFD,0.2946000078540243
El espejo,sub-013,sub-058,TFD,0.21859578012410666
El espejo,sub-013,sub-018,TFD,0.2984959789286235
El espejo,sub-013,sub-048,TFD,0.32158314609668553
El espejo,sub-013,sub-087,TFD,0.3413752533560491
El espejo,sub-013,sub-091,TFD,0.2970127088336484
El espejo,sub-013,sub-083,TFD,0.22962148062142318
El espejo,sub-013,sub-065,TFD,0.28370658990474645
El espejo,sub-013,sub-077,TFD,0.2019924508239267
El espejo,sub-013,sub-039,TFD,0.17222770925774775
El espejo,sub-013,sub-053,TFD,0.2985152758047101
El espejo,sub-013,sub-075,TFD,0.31311211281493617
El espejo,sub-013,sub-060,TFD,0.299807637112821
El espejo,sub-013,sub-103,TFD,0.3666738519437554
El espejo,sub-013,sub-105,TFD,0.20771108973807603
El espejo,sub-013,sub-064,TFD,0.32789086453720667
El espejo,sub-013,sub-010,TFD,0.21785753475527259
El espejo,sub-013,sub-034,TFD,0.29558421322767076
El espejo,sub-013,sub-002,TFD,0.21397296216874595
El espejo,sub-013,sub-085,TFD,0.2404161035435619
El espejo,sub-013,sub-021,TFD,0.11838432006150261
El espejo,sub-013,sub-096,TFD,0.34242789746145813
El espejo,sub-013,sub-027,TFD,0.18442777859443532
El espejo,sub-013,sub-006,TFD,0.2889734645373903
El espejo,sub-013,sub-066,TFD,0.2715957367429548
El espejo,sub-013,sub-101,TFD,0.30802561033936665
El espejo,sub-013,sub-042,TFD,0.1941871290099413
El espejo,sub-013,sub-003,TFD,0.3080440071683344
El espejo,sub-013,sub-107,TFD,0.30502775772895996
El espejo,sub-013,sub-098,TFD,0.3357303057980492
El espejo,sub-013,sub-086,TFD,0.21599334730395836
El espejo,sub-013,sub-013,TFD,1.0
El espejo,sub-013,sub-068,TFD,0.2985676520264703
El espejo,sub-068,sub-067,TFD,0.37272229180926725
El espejo,sub-068,sub-054,TFD,0.3029759105012522
El espejo,sub-068,sub-078,TFD,0.30524402104767545
El espejo,sub-068,sub-046,TFD,0.243107874209122
El espejo,sub-068,sub-097,TFD,0.3847908816901408
El espejo,sub-068,sub-079,TFD,0.3904067463191777
El espejo,sub-068,sub-028,TFD,0.3605868802279045
El espejo,sub-068,sub-089,TFD,0.3852744057494637
El espejo,sub-068,sub-109,TFD,0.4556961436775221
El espejo,sub-068,sub-070,TFD,0.3222980219393909
El espejo,sub-068,sub-111,TFD,0.36623217739361696
El espejo,sub-068,sub-073,TFD,0.349806906781669
El espejo,sub-068,sub-001,TFD,0.4341765265286114
El espejo,sub-068,sub-095,TFD,0.4303680412245354
El espejo,sub-068,sub-012,TFD,0.0886944880156311
El espejo,sub-068,sub-052,TFD,0.3202816934940185
El espejo,sub-068,sub-094,TFD,0.3636592618783454
El espejo,sub-068,sub-088,TFD,0.23118368451725216
El espejo,sub-068,sub-044,TFD,0.41341293808231794
El espejo,sub-068,sub-009,TFD,0.26401079462340465
El espejo,sub-068,sub-041,TFD,0.32890781493765314
El espejo,sub-068,sub-024,TFD,0.18509910517934583
El espejo,sub-068,sub-016,TFD,0.3183216816619785
El espejo,sub-068,sub-112,TFD,0.3078706655702829
El espejo,sub-068,sub-058,TFD,0.31847897949480886
El espejo,sub-068,sub-018,TFD,0.34935658301054806
El espejo,sub-068,sub-048,TFD,0.30967541778696495
El espejo,sub-068,sub-087,TFD,0.3707135197680103
El espejo,sub-068,sub-091,TFD,0.40169275012210115
El espejo,sub-068,sub-083,TFD,0.35620789793724267
El espejo,sub-068,sub-065,TFD,0.4533918528913791
El espejo,sub-068,sub-077,TFD,0.2475940575502201
El espejo,sub-068,sub-039,TFD,0.26457572575215066
El espejo,sub-068,sub-053,TFD,0.3247334569258102
El espejo,sub-068,sub-075,TFD,0.34919735901414617
El espejo,sub-068,sub-060,TFD,0.40029701090845626
El espejo,sub-068,sub-103,TFD,0.34173747344484984
El espejo,sub-068,sub-105,TFD,0.25010094923031095
El espejo,sub-068,sub-064,TFD,0.2858772813026205
El espejo,sub-068,sub-010,TFD,0.1490739903916653
El espejo,sub-068,sub-034,TFD,0.3308470549505042
El espejo,sub-068,sub-002,TFD,0.3822328759908552
El espejo,sub-068,sub-085,TFD,0.3301480491766913
El espejo,sub-068,sub-021,TFD,0.22448617444762298
El espejo,sub-068,sub-096,TFD,0.43886943673725365
El espejo,sub-068,sub-027,TFD,0.2820902422839284
El espejo,sub-068,sub-006,TFD,0.3749245939567758
El espejo,sub-068,sub-066,TFD,0.3549628084866543
El espejo,sub-068,sub-101,TFD,0.3009241710041603
El espejo,sub-068,sub-042,TFD,0.345202355266464
El espejo,sub-068,sub-003,TFD,0.39014358280191336
El espejo,sub-068,sub-107,TFD,0.329393081606317
El espejo,sub-068,sub-098,TFD,0.35803504792179625
El espejo,sub-068,sub-086,TFD,0.2337767228473689
El espejo,sub-068,sub-013,TFD,0.2985676520264703
El espejo,sub-068,sub-068,TFD,0.9999999999999999
El espejo,sub-067,sub-067,SFD,1.0
El espejo,sub-067,sub-054,SFD,0.02633291698118928
El espejo,sub-067,sub-078,SFD,0.05855588371911155
El espejo,sub-067,sub-046,SFD,0.13961883389063495
El espejo,sub-067,sub-097,SFD,0.035391520900045055
El espejo,sub-067,sub-079,SFD,0.19109887870548975
El espejo,sub-067,sub-028,SFD,0.05024084106577974
El espejo,sub-067,sub-089,SFD,0.1598437658157285
El espejo,sub-067,sub-109,SFD,0.21349898413827334
El espejo,sub-067,sub-070,SFD,0.03198290760802678
El espejo,sub-067,sub-111,SFD,0.10636935704376728
El espejo,sub-067,sub-073,SFD,0.10359524203406645
El espejo,sub-067,sub-001,SFD,0.09248474139906603
El espejo,sub-067,sub-095,SFD,0.019554136006140147
El espejo,sub-067,sub-012,SFD,0.10513144667835582
El espejo,sub-067,sub-052,SFD,0.09397700523829
El espejo,sub-067,sub-094,SFD,0.042832517085607626
El espejo,sub-067,sub-088,SFD,0.03201629502566377
El espejo,sub-067,sub-044,SFD,0.11833222621925134
El espejo,sub-067,sub-009,SFD,0.08960468622724085
El espejo,sub-067,sub-041,SFD,0.11792825979267155
El espejo,sub-067,sub-024,SFD,0.02011325087665443
El espejo,sub-067,sub-016,SFD,0.07389050185725836
El espejo,sub-067,sub-112,SFD,0.16892865761757955
El espejo,sub-067,sub-058,SFD,0.12015400654201686
El espejo,sub-067,sub-018,SFD,0.16160389355282892
El espejo,sub-067,sub-048,SFD,0.04373631347275151
El espejo,sub-067,sub-087,SFD,0.03645400369796666
El espejo,sub-067,sub-091,SFD,0.12847261824108908
El espejo,sub-067,sub-083,SFD,0.21693680673284163
El espejo,sub-067,sub-065,SFD,0.16840539362199725
El espejo,sub-067,sub-077,SFD,0.08001746107179818
El espejo,sub-067,sub-039,SFD,0.06851680288933698
El espejo,sub-067,sub-053,SFD,0.004317317914642701
El espejo,sub-067,sub-075,SFD,0.12872772963792276
El espejo,sub-067,sub-060,SFD,0.10563804618424466
El espejo,sub-067,sub-103,SFD,0.0301276919669858
El espejo,sub-067,sub-105,SFD,0.10998487338920693
El espejo,sub-067,sub-064,SFD,0.12028782722162862
El espejo,sub-067,sub-010,SFD,-0.06710134366587832
El espejo,sub-067,sub-034,SFD,0.1358711031179977
El espejo,sub-067,sub-002,SFD,0.1637619165911717
El espejo,sub-067,sub-085,SFD,0.09748248498725315
El espejo,sub-067,sub-021,SFD,-0.010998495891094286
El espejo,sub-067,sub-096,SFD,0.1566240856841362
El espejo,sub-067,sub-027,SFD,0.10872957246008012
El espejo,sub-067,sub-006,SFD,0.09194016747318702
El espejo,sub-067,sub-066,SFD,0.1007102238426935
El espejo,sub-067,sub-101,SFD,0.045767986456759314
El espejo,sub-067,sub-042,SFD,0.14991332909582392
El espejo,sub-067,sub-003,SFD,0.15329028229119002
El espejo,sub-067,sub-107,SFD,0.10392891427385498
El espejo,sub-067,sub-098,SFD,0.0772773452146814
El espejo,sub-067,sub-086,SFD,0.0011977764700866398
El espejo,sub-067,sub-013,SFD,0.09515547219580472
El espejo,sub-067,sub-068,SFD,0.16356690505554372
El espejo,sub-054,sub-067,SFD,0.026332916981189284
El espejo,sub-054,sub-054,SFD,1.0
El espejo,sub-054,sub-078,SFD,0.07207984287180236
El espejo,sub-054,sub-046,SFD,0.08048619627880174
El espejo,sub-054,sub-097,SFD,0.04948235266953124
El espejo,sub-054,sub-079,SFD,0.013280623178999838
El espejo,sub-054,sub-028,SFD,0.03606664263259076
El espejo,sub-054,sub-089,SFD,0.0319978750005994
El espejo,sub-054,sub-109,SFD,0.0583432316324267
El espejo,sub-054,sub-070,SFD,0.06187967701244867
El espejo,sub-054,sub-111,SFD,0.028267927858020694
El espejo,sub-054,sub-073,SFD,-0.002341900172887749
El espejo,sub-054,sub-001,SFD,-0.06396104125700011
El espejo,sub-054,sub-095,SFD,0.02943853222187601
El espejo,sub-054,sub-012,SFD,-0.025252386563397147
El espejo,sub-054,sub-052,SFD,0.14710223068039335
El espejo,sub-054,sub-094,SFD,0.08117239511374297
El espejo,sub-054,sub-088,SFD,-0.05756443101707644
El espejo,sub-054,sub-044,SFD,0.024196257697791802
El espejo,sub-054,sub-009,SFD,0.0388151647845669
El espejo,sub-054,sub-041,SFD,0.07902446591165004
El espejo,sub-054,sub-024,SFD,0.023493421549506423
El espejo,sub-054,sub-016,SFD,0.08150270971291619
El espejo,sub-054,sub-112,SFD,-0.009528969951569292
El espejo,sub-054,sub-058,SFD,0.07076920551066714
El espejo,sub-054,sub-018,SFD,0.019473315677706916
El espejo,sub-054,sub-048,SFD,-0.007726940277530853
El espejo,sub-054,sub-087,SFD,0.000699483858146204
El espejo,sub-054,sub-091,SFD,-0.0005478131403840622
El espejo,sub-054,sub-083,SFD,-0.01840966173450293
El espejo,sub-054,sub-065,SFD,0.07623980514060247
El espejo,sub-054,sub-077,SFD,0.0171522791055872
El espejo,sub-054,sub-039,SFD,0.0342496909998163
El espejo,sub-054,sub-053,SFD,0.07261733062511912
El espejo,sub-054,sub-075,SFD,0.03718805862278881
El espejo,sub-054,sub-060,SFD,0.06584639790493867
El espejo,sub-054,sub-103,SFD,-0.023114661669848317
El espejo,sub-054,sub-105,SFD,0.058839665623432
El espejo,sub-054,sub-064,SFD,0.06802157494955112
El espejo,sub-054,sub-010,SFD,0.03955177281962817
El espejo,sub-054,sub-034,SFD,0.13587691063239468
El espejo,sub-054,sub-002,SFD,-0.01641520669315838
El espejo,sub-054,sub-085,SFD,0.004084902222252232
El espejo,sub-054,sub-021,SFD,-0.0004829396350552002
El espejo,sub-054,sub-096,SFD,0.029018378740125333
El espejo,sub-054,sub-027,SFD,-0.027411981145842746
El espejo,sub-054,sub-006,SFD,0.02252285772017264
El espejo,sub-054,sub-066,SFD,0.05751547615634647
El espejo,sub-054,sub-101,SFD,0.13771371456362932
El espejo,sub-054,sub-042,SFD,0.007755563698762978
El espejo,sub-054,sub-003,SFD,0.08916479798252859
El espejo,sub-054,sub-107,SFD,0.0353350941754912
El espejo,sub-054,sub-098,SFD,0.10314562813446503
El espejo,sub-054,sub-086,SFD,-0.018585503523230937
El espejo,sub-054,sub-013,SFD,0.04793622789030156
El espejo,sub-054,sub-068,SFD,0.01497302428951593
El espejo,sub-078,sub-067,SFD,0.05855588371911156
El espejo,sub-078,sub-054,SFD,0.07207984287180236
El espejo,sub-078,sub-078,SFD,0.9999999999999998
El espejo,sub-078,sub-046,SFD,0.17143723228510033
El espejo,sub-078,sub-097,SFD,0.0825562790915974
El espejo,sub-078,sub-079,SFD,0.10560055582746061
El espejo,sub-078,sub-028,SFD,0.11991832665042683
El espejo,sub-078,sub-089,SFD,0.25998338019312883
El espejo,sub-078,sub-109,SFD,0.17105524447381262
El espejo,sub-078,sub-070,SFD,0.03437642214542359
El espejo,sub-078,sub-111,SFD,0.14674196286247687
El espejo,sub-078,sub-073,SFD,0.13886234775851886
El espejo,sub-078,sub-001,SFD,0.06603147222574461
El espejo,sub-078,sub-095,SFD,0.07068562262252197
El espejo,sub-078,sub-012,SFD,0.026512609197285
El espejo,sub-078,sub-052,SFD,0.14344296150253974
El espejo,sub-078,sub-094,SFD,0.14228945975965115
El espejo,sub-078,sub-088,SFD,-0.03056090327730318
El espejo,sub-078,sub-044,SFD,0.12488138798113764
El espejo,sub-078,sub-009,SFD,0.222425749486956
El espejo,sub-078,sub-041,SFD,0.18610448138706107
El espejo,sub-078,sub-024,SFD,-0.004271187273427764
El espejo,sub-078,sub-016,SFD,0.10198401656156286
El espejo,sub-078,sub-112,SFD,0.18134163513111806
El espejo,sub-078,sub-058,SFD,0.12040880171210866
El espejo,sub-078,sub-018,SFD,0.11569527686101104
El espejo,sub-078,sub-048,SFD,0.14681969820072485
El espejo,sub-078,sub-087,SFD,0.0993162040046779
El espejo,sub-078,sub-091,SFD,0.09234604972011666
El espejo,sub-078,sub-083,SFD,0.13456131834721233
El espejo,sub-078,sub-065,SFD,0.12363530398787324
El espejo,sub-078,sub-077,SFD,0.07985443485164158
El espejo,sub-078,sub-039,SFD,0.11526494207110768
El espejo,sub-078,sub-053,SFD,-0.01150322022873331
El espejo,sub-078,sub-075,SFD,0.12784330065084004
El espejo,sub-078,sub-060,SFD,0.1885690692782321
El espejo,sub-078,sub-103,SFD,0.14400362746598058
El espejo,sub-078,sub-105,SFD,0.07092686462978767
El espejo,sub-078,sub-064,SFD,0.11008772348860407
El espejo,sub-078,sub-010,SFD,0.061047587203869665
El espejo,sub-078,sub-034,SFD,0.14527875550221556
El espejo,sub-078,sub-002,SFD,0.0734629729958115
El espejo,sub-078,sub-085,SFD,0.18659440745751799
El espejo,sub-078,sub-021,SFD,-0.016551965563790835
El espejo,sub-078,sub-096,SFD,0.1439554635318421
El espejo,sub-078,sub-027,SFD,0.04456344698494151
El espejo,sub-078,sub-006,SFD,0.08780071290641386
El espejo,sub-078,sub-066,SFD,0.11148959212971311
El espejo,sub-078,sub-101,SFD,0.16170226720682826
El espejo,sub-078,sub-042,SFD,0.10575670994848946
El espejo,sub-078,sub-003,SFD,0.12725239507378366
El espejo,sub-078,sub-107,SFD,0.07013884693969394
El espejo,sub-078,sub-098,SFD,0.09344583208511864
El espejo,sub-078,sub-086,SFD,0.059890179437117136
El espejo,sub-078,sub-013,SFD,0.09768293070258835
El espejo,sub-078,sub-068,SFD,0.22786540882526113
El espejo,sub-046,sub-067,SFD,0.13961883389063495
El espejo,sub-046,sub-054,SFD,0.08048619627880174
El espejo,sub-046,sub-078,SFD,0.17143723228510033
El espejo,sub-046,sub-046,SFD,1.0
El espejo,sub-046,sub-097,SFD,0.08192991272654433
El espejo,sub-046,sub-079,SFD,0.17277716380656352
El espejo,sub-046,sub-028,SFD,0.1157516983035042
El espejo,sub-046,sub-089,SFD,0.24247182393157327
El espejo,sub-046,sub-109,SFD,0.183616420317158
El espejo,sub-046,sub-070,SFD,0.007481224742318086
El espejo,sub-046,sub-111,SFD,0.09327415792532029
El espejo,sub-046,sub-073,SFD,0.1544272880653325
El espejo,sub-046,sub-001,SFD,0.06350052471573096
El espejo,sub-046,sub-095,SFD,0.08595870531511672
El espejo,sub-046,sub-012,SFD,0.04075712839026479
El espejo,sub-046,sub-052,SFD,0.12521033641599985
El espejo,sub-046,sub-094,SFD,0.023134430503481858
El espejo,sub-046,sub-088,SFD,0.051173349695116874
El espejo,sub-046,sub-044,SFD,0.2509591428901051
El espejo,sub-046,sub-009,SFD,0.22829387850984414
El espejo,sub-046,sub-041,SFD,0.1918682498388188
El espejo,sub-046,sub-024,SFD,-0.0060463620075638805
El espejo,sub-046,sub-016,SFD,0.023888470735894177
El espejo,sub-046,sub-112,SFD,0.2550378389149899
El espejo,sub-046,sub-058,SFD,0.1320252928429849
El espejo,sub-046,sub-018,SFD,0.03846038184977362
El espejo,sub-046,sub-048,SFD,0.08189454028182931
El espejo,sub-046,sub-087,SFD,0.18984909630185612
El espejo,sub-046,sub-091,SFD,0.20620262972668915
El espejo,sub-046,sub-083,SFD,0.14425123656610866
El espejo,sub-046,sub-065,SFD,0.11446083002439844
El espejo,sub-046,sub-077,SFD,0.029245286881908104
El espejo,sub-046,sub-039,SFD,0.1236173600982894
El espejo,sub-046,sub-053,SFD,-0.03222347743762091
El espejo,sub-046,sub-075,SFD,0.11499034945676165
El espejo,sub-046,sub-060,SFD,0.13034453391964546
El espejo,sub-046,sub-103,SFD,0.05508072434422865
El espejo,sub-046,sub-105,SFD,-0.0024529662209475753
El espejo,sub-046,sub-064,SFD,0.08239914073142693
El espejo,sub-046,sub-010,SFD,0.0349623101257754
El espejo,sub-046,sub-034,SFD,0.08488903501282494
El espejo,sub-046,sub-002,SFD,0.10275166491817732
El espejo,sub-046,sub-085,SFD,0.23980460026753694
El espejo,sub-046,sub-021,SFD,0.11073059793289418
El espejo,sub-046,sub-096,SFD,0.11520742865225006
El espejo,sub-046,sub-027,SFD,0.061320752703614256
El espejo,sub-046,sub-006,SFD,0.16838140879701277
El espejo,sub-046,sub-066,SFD,0.13247379729937406
El espejo,sub-046,sub-101,SFD,0.04293239197433877
El espejo,sub-046,sub-042,SFD,0.19458440827338833
El espejo,sub-046,sub-003,SFD,0.18372670033372637
El espejo,sub-046,sub-107,SFD,0.20668735340518024
El espejo,sub-046,sub-098,SFD,0.07735372198039765
El espejo,sub-046,sub-086,SFD,-0.0201937111990565
El espejo,sub-046,sub-013,SFD,0.078229172625317
El espejo,sub-046,sub-068,SFD,0.15288821497116098
El espejo,sub-097,sub-067,SFD,0.03539152090004505
El espejo,sub-097,sub-054,SFD,0.04948235266953124
El espejo,sub-097,sub-078,SFD,0.0825562790915974
El espejo,sub-097,sub-046,SFD,0.08192991272654435
El espejo,sub-097,sub-097,SFD,0.9999999999999998
El espejo,sub-097,sub-079,SFD,0.12887283289999793
El espejo,sub-097,sub-028,SFD,0.13719289789022573
El espejo,sub-097,sub-089,SFD,0.20974137837139142
El espejo,sub-097,sub-109,SFD,0.16030100874514935
El espejo,sub-097,sub-070,SFD,-0.004799802357994546
El espejo,sub-097,sub-111,SFD,0.1461725519808144
El espejo,sub-097,sub-073,SFD,0.09481468417681621
El espejo,sub-097,sub-001,SFD,0.07881400533199304
El espejo,sub-097,sub-095,SFD,0.11786287088567687
El espejo,sub-097,sub-012,SFD,0.0320925831539029
El espejo,sub-097,sub-052,SFD,0.13950969710697705
El espejo,sub-097,sub-094,SFD,0.10673252103684054
El espejo,sub-097,sub-088,SFD,0.004364340752606479
El espejo,sub-097,sub-044,SFD,0.1341141399891438
El espejo,sub-097,sub-009,SFD,0.08610211304112342
El espejo,sub-097,sub-041,SFD,0.10283962630132328
El espejo,sub-097,sub-024,SFD,0.012674514745653644
El espejo,sub-097,sub-016,SFD,0.11305525842886824
El espejo,sub-097,sub-112,SFD,0.1199758168281407
El espejo,sub-097,sub-058,SFD,0.11855088060269156
El espejo,sub-097,sub-018,SFD,0.09394172274519244
El espejo,sub-097,sub-048,SFD,0.09383912034680905
El espejo,sub-097,sub-087,SFD,0.03176494768230158
El espejo,sub-097,sub-091,SFD,0.11624047862118395
El espejo,sub-097,sub-083,SFD,0.13782567617171929
El espejo,sub-097,sub-065,SFD,0.11890967421540602
El espejo,sub-097,sub-077,SFD,0.07396919460222551
El espejo,sub-097,sub-039,SFD,0.07956643323276834
El espejo,sub-097,sub-053,SFD,-0.009924697123047591
El espejo,sub-097,sub-075,SFD,0.03632802516774546
El espejo,sub-097,sub-060,SFD,0.08268115999552399
El espejo,sub-097,sub-103,SFD,0.03328772679937273
El espejo,sub-097,sub-105,SFD,0.024815797536892656
El espejo,sub-097,sub-064,SFD,0.03070304888489392
El espejo,sub-097,sub-010,SFD,-0.024189529238751038
El espejo,sub-097,sub-034,SFD,0.07921159485163735
El espejo,sub-097,sub-002,SFD,0.08484635082989045
El espejo,sub-097,sub-085,SFD,0.13220724225444275
El espejo,sub-097,sub-021,SFD,0.0825105265184464
El espejo,sub-097,sub-096,SFD,0.1013429355491156
El espejo,sub-097,sub-027,SFD,0.030057956289505482
El espejo,sub-097,sub-006,SFD,0.1136396336232111
El espejo,sub-097,sub-066,SFD,0.18567569693723865
El espejo,sub-097,sub-101,SFD,0.08585558735349433
El espejo,sub-097,sub-042,SFD,0.22280631841101547
El espejo,sub-097,sub-003,SFD,0.0950274322898572
El espejo,sub-097,sub-107,SFD,0.1022925951277421
El espejo,sub-097,sub-098,SFD,0.17492033462669823
El espejo,sub-097,sub-086,SFD,0.04481631533441253
El espejo,sub-097,sub-013,SFD,0.0841194212812455
El espejo,sub-097,sub-068,SFD,0.18293078707243904
El espejo,sub-079,sub-067,SFD,0.19109887870548975
El espejo,sub-079,sub-054,SFD,0.013280623178999838
El espejo,sub-079,sub-078,SFD,0.1056005558274606
El espejo,sub-079,sub-046,SFD,0.17277716380656352
El espejo,sub-079,sub-097,SFD,0.12887283289999793
El espejo,sub-079,sub-079,SFD,0.9999999999999998
El espejo,sub-079,sub-028,SFD,0.08219162678335022
El espejo,sub-079,sub-089,SFD,0.16159047747645527
El espejo,sub-079,sub-109,SFD,0.20606508104230156
El espejo,sub-079,sub-070,SFD,0.015972629968936863
El espejo,sub-079,sub-111,SFD,0.12993057976928246
El espejo,sub-079,sub-073,SFD,0.06361533615809067
El espejo,sub-079,sub-001,SFD,0.028648778040869304
El espejo,sub-079,sub-095,SFD,0.10267931488881422
El espejo,sub-079,sub-012,SFD,0.021200557071921217
El espejo,sub-079,sub-052,SFD,0.06857525737743825
El espejo,sub-079,sub-094,SFD,0.06884227926248285
El espejo,sub-079,sub-088,SFD,0.08250191656772894
El espejo,sub-079,sub-044,SFD,0.16264280543528095
El espejo,sub-079,sub-009,SFD,0.2095179719124515
El espejo,sub-079,sub-041,SFD,0.15059790560226974
El espejo,sub-079,sub-024,SFD,-0.02115404990257124
El espejo,sub-079,sub-016,SFD,0.10398085359970961
El espejo,sub-079,sub-112,SFD,0.18343892828354094
El espejo,sub-079,sub-058,SFD,0.23131416994085088
El espejo,sub-079,sub-018,SFD,0.06157415196704909
El espejo,sub-079,sub-048,SFD,0.07479147116518643
El espejo,sub-079,sub-087,SFD,0.12344617687041948
El espejo,sub-079,sub-091,SFD,0.15340175325330782
El espejo,sub-079,sub-083,SFD,0.19706678875252642
El espejo,sub-079,sub-065,SFD,0.1679459935963523
El espejo,sub-079,sub-077,SFD,0.18172946556162245
El espejo,sub-079,sub-039,SFD,0.11826269995248519
El espejo,sub-079,sub-053,SFD,0.021175841310003322
El espejo,sub-079,sub-075,SFD,0.054317675495527996
El espejo,sub-079,sub-060,SFD,0.17054127838366423
El espejo,sub-079,sub-103,SFD,0.12086644161694553
El espejo,sub-079,sub-105,SFD,0.08266520140010085
El espejo,sub-079,sub-064,SFD,0.0602288518860971
El espejo,sub-079,sub-010,SFD,-0.016321126248315714
El espejo,sub-079,sub-034,SFD,0.06748696474216494
El espejo,sub-079,sub-002,SFD,0.1511136604234459
El espejo,sub-079,sub-085,SFD,0.1481954342470618
El espejo,sub-079,sub-021,SFD,0.13047122621713425
El espejo,sub-079,sub-096,SFD,0.15088254335945867
El espejo,sub-079,sub-027,SFD,0.16714063571530474
El espejo,sub-079,sub-006,SFD,0.16828024755721974
El espejo,sub-079,sub-066,SFD,0.1013360746417416
El espejo,sub-079,sub-101,SFD,0.02027200264770999
El espejo,sub-079,sub-042,SFD,0.18968455868883913
El espejo,sub-079,sub-003,SFD,0.12306607717278284
El espejo,sub-079,sub-107,SFD,0.14782562522930656
El espejo,sub-079,sub-098,SFD,0.08828871554694805
El espejo,sub-079,sub-086,SFD,0.05679540354649397
El espejo,sub-079,sub-013,SFD,0.09123079808644635
El espejo,sub-079,sub-068,SFD,0.20058144605698783
El espejo,sub-028,sub-067,SFD,0.05024084106577974
El espejo,sub-028,sub-054,SFD,0.03606664263259076
El espejo,sub-028,sub-078,SFD,0.11991832665042683
El espejo,sub-028,sub-046,SFD,0.1157516983035042
El espejo,sub-028,sub-097,SFD,0.13719289789022573
El espejo,sub-028,sub-079,SFD,0.08219162678335022
El espejo,sub-028,sub-028,SFD,1.0
El espejo,sub-028,sub-089,SFD,0.18854444049762645
El espejo,sub-028,sub-109,SFD,0.15418246518740417
El espejo,sub-028,sub-070,SFD,0.12634756783014417
El espejo,sub-028,sub-111,SFD,0.036490480042629385
El espejo,sub-028,sub-073,SFD,0.07775041181165154
El espejo,sub-028,sub-001,SFD,0.10729904236754699
El espejo,sub-028,sub-095,SFD,0.09652287449953274
El espejo,sub-028,sub-012,SFD,0.02370210578664911
El espejo,sub-028,sub-052,SFD,0.15838218529336323
El espejo,sub-028,sub-094,SFD,0.09398186842065266
El espejo,sub-028,sub-088,SFD,0.10259893920718281
El espejo,sub-028,sub-044,SFD,0.17206405141299944
El espejo,sub-028,sub-009,SFD,0.05135030439889606
El espejo,sub-028,sub-041,SFD,0.12233326166308195
El espejo,sub-028,sub-024,SFD,0.059588350072051786
El espejo,sub-028,sub-016,SFD,0.14192413125156877
El espejo,sub-028,sub-112,SFD,0.19837878000414239
El espejo,sub-028,sub-058,SFD,0.11769609629921542
El espejo,sub-028,sub-018,SFD,0.09215327335192343
El espejo,sub-028,sub-048,SFD,0.08745870388671903
El espejo,sub-028,sub-087,SFD,0.05369638240655134
El espejo,sub-028,sub-091,SFD,0.1522137783090149
El espejo,sub-028,sub-083,SFD,0.12880304677101428
El espejo,sub-028,sub-065,SFD,0.10092960570442583
El espejo,sub-028,sub-077,SFD,0.056838629415245964
El espejo,sub-028,sub-039,SFD,0.07624586260940919
El espejo,sub-028,sub-053,SFD,0.0222894433587193
El espejo,sub-028,sub-075,SFD,0.061140622059902304
El espejo,sub-028,sub-060,SFD,0.19224027864156557
El espejo,sub-028,sub-103,SFD,0.09292251422494104
El espejo,sub-028,sub-105,SFD,0.023619902891029446
El espejo,sub-028,sub-064,SFD,0.08357412868787105
El espejo,sub-028,sub-010,SFD,0.04027778266975046
El espejo,sub-028,sub-034,SFD,0.11608388789469748
El espejo,sub-028,sub-002,SFD,0.04895122281064594
El espejo,sub-028,sub-085,SFD,0.11125494822474238
El espejo,sub-028,sub-021,SFD,0.17094435435552205
El espejo,sub-028,sub-096,SFD,0.16370121270109558
El espejo,sub-028,sub-027,SFD,0.12412713817850059
El espejo,sub-028,sub-006,SFD,0.16555122334950367
El espejo,sub-028,sub-066,SFD,0.14397511709239416
El espejo,sub-028,sub-101,SFD,0.08418511491130928
El espejo,sub-028,sub-042,SFD,0.15301017746866444
El espejo,sub-028,sub-003,SFD,0.12057535026521618
El espejo,sub-028,sub-107,SFD,0.18563342941244765
El espejo,sub-028,sub-098,SFD,0.13019887040208042
El espejo,sub-028,sub-086,SFD,0.024457821199985897
El espejo,sub-028,sub-013,SFD,0.05989510172286742
El espejo,sub-028,sub-068,SFD,0.08449310811861094
El espejo,sub-089,sub-067,SFD,0.1598437658157285
El espejo,sub-089,sub-054,SFD,0.0319978750005994
El espejo,sub-089,sub-078,SFD,0.25998338019312883
El espejo,sub-089,sub-046,SFD,0.24247182393157324
El espejo,sub-089,sub-097,SFD,0.20974137837139145
El espejo,sub-089,sub-079,SFD,0.16159047747645527
El espejo,sub-089,sub-028,SFD,0.18854444049762648
El espejo,sub-089,sub-089,SFD,1.0
El espejo,sub-089,sub-109,SFD,0.30634346752324304
El espejo,sub-089,sub-070,SFD,0.05475019169395684
El espejo,sub-089,sub-111,SFD,0.21565582145253606
El espejo,sub-089,sub-073,SFD,0.2264679880422495
El espejo,sub-089,sub-001,SFD,0.16462634728296088
El espejo,sub-089,sub-095,SFD,0.10712577203248651
El espejo,sub-089,sub-012,SFD,0.04983307671456281
El espejo,sub-089,sub-052,SFD,0.20256347647875317
El espejo,sub-089,sub-094,SFD,0.08454423323745747
El espejo,sub-089,sub-088,SFD,0.012399862441134061
El espejo,sub-089,sub-044,SFD,0.28616919925401946
El espejo,sub-089,sub-009,SFD,0.3172544090799693
El espejo,sub-089,sub-041,SFD,0.2566694208604401
El espejo,sub-089,sub-024,SFD,-0.009114050974547459
El espejo,sub-089,sub-016,SFD,0.05315248527939092
El espejo,sub-089,sub-112,SFD,0.3436939745327886
El espejo,sub-089,sub-058,SFD,0.254445342912354
El espejo,sub-089,sub-018,SFD,0.18106932451307112
El espejo,sub-089,sub-048,SFD,0.12029548881817093
El espejo,sub-089,sub-087,SFD,0.19353389255149672
El espejo,sub-089,sub-091,SFD,0.289007696345797
El espejo,sub-089,sub-083,SFD,0.181655435260963
El espejo,sub-089,sub-065,SFD,0.19644339874387612
El espejo,sub-089,sub-077,SFD,0.08503239007329522
El espejo,sub-089,sub-039,SFD,0.18563303556591204
El espejo,sub-089,sub-053,SFD,-0.011850628530811837
El espejo,sub-089,sub-075,SFD,0.08978711140727509
El espejo,sub-089,sub-060,SFD,0.18577232130372173
El espejo,sub-089,sub-103,SFD,0.206932926889807
El espejo,sub-089,sub-105,SFD,0.09946645734258869
El espejo,sub-089,sub-064,SFD,0.09526591701323914
El espejo,sub-089,sub-010,SFD,0.015239119320507562
El espejo,sub-089,sub-034,SFD,0.14123746167305984
El espejo,sub-089,sub-002,SFD,0.20700564610793143
El espejo,sub-089,sub-085,SFD,0.2406452551628385
El espejo,sub-089,sub-021,SFD,0.11058310026235943
El espejo,sub-089,sub-096,SFD,0.266457746540361
El espejo,sub-089,sub-027,SFD,0.13898909350031569
El espejo,sub-089,sub-006,SFD,0.24380981933280865
El espejo,sub-089,sub-066,SFD,0.1913851230046597
El espejo,sub-089,sub-101,SFD,0.11556992153541623
El espejo,sub-089,sub-042,SFD,0.2898929262494652
El espejo,sub-089,sub-003,SFD,0.2098596522853345
El espejo,sub-089,sub-107,SFD,0.20266783781928466
El espejo,sub-089,sub-098,SFD,0.20532155754978215
El espejo,sub-089,sub-086,SFD,0.08473109358486489
El espejo,sub-089,sub-013,SFD,0.15667151047204245
El espejo,sub-089,sub-068,SFD,0.2610876683560004
El espejo,sub-109,sub-067,SFD,0.21349898413827334
El espejo,sub-109,sub-054,SFD,0.058343231632426704
El espejo,sub-109,sub-078,SFD,0.17105524447381262
El espejo,sub-109,sub-046,SFD,0.18361642031715802
El espejo,sub-109,sub-097,SFD,0.16030100874514938
El espejo,sub-109,sub-079,SFD,0.20606508104230156
El espejo,sub-109,sub-028,SFD,0.15418246518740417
El espejo,sub-109,sub-089,SFD,0.3063434675232431
El espejo,sub-109,sub-109,SFD,1.0
El espejo,sub-109,sub-070,SFD,0.06455958448514157
El espejo,sub-109,sub-111,SFD,0.20345788365345086
El espejo,sub-109,sub-073,SFD,0.14997459303968413
El espejo,sub-109,sub-001,SFD,0.15203049788580592
El espejo,sub-109,sub-095,SFD,0.20326513587217962
El espejo,sub-109,sub-012,SFD,0.06499173816502174
El espejo,sub-109,sub-052,SFD,0.17623267347503743
El espejo,sub-109,sub-094,SFD,0.17118455495944745
El espejo,sub-109,sub-088,SFD,0.06223933188539819
El espejo,sub-109,sub-044,SFD,0.29975246065069094
El espejo,sub-109,sub-009,SFD,0.22627907153335988
El espejo,sub-109,sub-041,SFD,0.2620075350273889
El espejo,sub-109,sub-024,SFD,-0.023857704074829386
El espejo,sub-109,sub-016,SFD,0.07100715417162684
El espejo,sub-109,sub-112,SFD,0.33726593279641365
El espejo,sub-109,sub-058,SFD,0.33634517045695106
El espejo,sub-109,sub-018,SFD,0.19231663586137568
El espejo,sub-109,sub-048,SFD,0.23204015936166092
El espejo,sub-109,sub-087,SFD,0.18594761060346884
El espejo,sub-109,sub-091,SFD,0.24525217991510911
El espejo,sub-109,sub-083,SFD,0.29602819103489975
El espejo,sub-109,sub-065,SFD,0.27467417215547835
El espejo,sub-109,sub-077,SFD,0.09295053694208029
El espejo,sub-109,sub-039,SFD,0.13686892597036393
El espejo,sub-109,sub-053,SFD,0.01784450936625197
El espejo,sub-109,sub-075,SFD,0.10645449618964294
El espejo,sub-109,sub-060,SFD,0.2188159663644401
El espejo,sub-109,sub-103,SFD,0.17238230840449723
El espejo,sub-109,sub-105,SFD,0.21519382903593648
El espejo,sub-109,sub-064,SFD,0.12060929716156232
El espejo,sub-109,sub-010,SFD,0.05444967738977329
El espejo,sub-109,sub-034,SFD,0.25161597247067025
El espejo,sub-109,sub-002,SFD,0.21409160186326243
El espejo,sub-109,sub-085,SFD,0.1951948243715674
El espejo,sub-109,sub-021,SFD,0.07991888302714006
El espejo,sub-109,sub-096,SFD,0.3536644505647224
El espejo,sub-109,sub-027,SFD,0.18701254202589793
El espejo,sub-109,sub-006,SFD,0.2507244512852641
El espejo,sub-109,sub-066,SFD,0.26962718097422983
El espejo,sub-109,sub-101,SFD,0.05110273971635238
El espejo,sub-109,sub-042,SFD,0.23494061634665292
El espejo,sub-109,sub-003,SFD,0.3317022585893789
El espejo,sub-109,sub-107,SFD,0.17356169572294966
El espejo,sub-109,sub-098,SFD,0.19589694275904085
El espejo,sub-109,sub-086,SFD,0.10496883662582797
El espejo,sub-109,sub-013,SFD,0.17202864410761803
El espejo,sub-109,sub-068,SFD,0.39969904915522075
El espejo,sub-070,sub-067,SFD,0.03198290760802678
El espejo,sub-070,sub-054,SFD,0.06187967701244867
El espejo,sub-070,sub-078,SFD,0.03437642214542359
El espejo,sub-070,sub-046,SFD,0.007481224742318086
El espejo,sub-070,sub-097,SFD,-0.004799802357994546
El espejo,sub-070,sub-079,SFD,0.015972629968936863
El espejo,sub-070,sub-028,SFD,0.1263475678301442
El espejo,sub-070,sub-089,SFD,0.05475019169395684
El espejo,sub-070,sub-109,SFD,0.06455958448514157
El espejo,sub-070,sub-070,SFD,0.9999999999999998
El espejo,sub-070,sub-111,SFD,0.028480703959328994
El espejo,sub-070,sub-073,SFD,0.06347685559232515
El espejo,sub-070,sub-001,SFD,0.09696911547039196
El espejo,sub-070,sub-095,SFD,0.05117348204732625
El espejo,sub-070,sub-012,SFD,-0.02074790647857038
El espejo,sub-070,sub-052,SFD,0.007348983272410565
El espejo,sub-070,sub-094,SFD,0.05734940380380404
El espejo,sub-070,sub-088,SFD,-0.032180530667946135
El espejo,sub-070,sub-044,SFD,0.061994425005714456
El espejo,sub-070,sub-009,SFD,0.04048038189803546
El espejo,sub-070,sub-041,SFD,-0.0035363391598186287
El espejo,sub-070,sub-024,SFD,0.09258323817400906
El espejo,sub-070,sub-016,SFD,0.12465136269843428
El espejo,sub-070,sub-112,SFD,0.061515167798725644
El espejo,sub-070,sub-058,SFD,0.07050741148093934
El espejo,sub-070,sub-018,SFD,0.04370427829825623
El espejo,sub-070,sub-048,SFD,0.05288295279421509
El espejo,sub-070,sub-087,SFD,0.06078182918701802
El espejo,sub-070,sub-091,SFD,-0.009776818156539812
El espejo,sub-070,sub-083,SFD,0.06843715775635612
El espejo,sub-070,sub-065,SFD,-0.0015937101837859918
El espejo,sub-070,sub-077,SFD,0.01383510950567914
El espejo,sub-070,sub-039,SFD,-0.014275599691784976
El espejo,sub-070,sub-053,SFD,0.08244780380173668
El espejo,sub-070,sub-075,SFD,0.1278475783428459
El espejo,sub-070,sub-060,SFD,-0.0197340196766076
El espejo,sub-070,sub-103,SFD,0.1037402593046292
El espejo,sub-070,sub-105,SFD,0.005385173967524735
El espejo,sub-070,sub-064,SFD,0.044523164925763456
El espejo,sub-070,sub-010,SFD,-0.011232471175131046
El espejo,sub-070,sub-034,SFD,0.03827173244585253
El espejo,sub-070,sub-002,SFD,0.06184111470240412
El espejo,sub-070,sub-085,SFD,0.029011826437390288
El espejo,sub-070,sub-021,SFD,0.023348612118457047
El espejo,sub-070,sub-096,SFD,0.040557796214275965
El espejo,sub-070,sub-027,SFD,0.021424961398744072
El espejo,sub-070,sub-006,SFD,-0.0102002159282447
El espejo,sub-070,sub-066,SFD,-0.007755868039951565
El espejo,sub-070,sub-101,SFD,0.03260826252832794
El espejo,sub-070,sub-042,SFD,0.06398904742119547
El espejo,sub-070,sub-003,SFD,-0.020885714932346918
El espejo,sub-070,sub-107,SFD,0.029413605551859307
El espejo,sub-070,sub-098,SFD,0.07538231525477576
El espejo,sub-070,sub-086,SFD,0.10720405522505173
El espejo,sub-070,sub-013,SFD,0.12059915655821901
El espejo,sub-070,sub-068,SFD,0.07181078116277942
El espejo,sub-111,sub-067,SFD,0.10636935704376729
El espejo,sub-111,sub-054,SFD,0.028267927858020698
El espejo,sub-111,sub-078,SFD,0.14674196286247687
El espejo,sub-111,sub-046,SFD,0.0932741579253203
El espejo,sub-111,sub-097,SFD,0.1461725519808144
El espejo,sub-111,sub-079,SFD,0.12993057976928246
El espejo,sub-111,sub-028,SFD,0.036490480042629385
El espejo,sub-111,sub-089,SFD,0.21565582145253603
El espejo,sub-111,sub-109,SFD,0.20345788365345086
El espejo,sub-111,sub-070,SFD,0.028480703959328994
El espejo,sub-111,sub-111,SFD,1.0
El espejo,sub-111,sub-073,SFD,0.07726427322505088
El espejo,sub-111,sub-001,SFD,0.13271512848061856
El espejo,sub-111,sub-095,SFD,0.04979195609487054
El espejo,sub-111,sub-012,SFD,0.06561734733843268
El espejo,sub-111,sub-052,SFD,0.17105961615650417
El espejo,sub-111,sub-094,SFD,0.09540764722522764
El espejo,sub-111,sub-088,SFD,-0.07220091554614817
El espejo,sub-111,sub-044,SFD,0.12107868662577753
El espejo,sub-111,sub-009,SFD,0.15194955003130173
El espejo,sub-111,sub-041,SFD,0.10995026275966105
El espejo,sub-111,sub-024,SFD,0.03282728309896351
El espejo,sub-111,sub-016,SFD,0.024119287129349087
El espejo,sub-111,sub-112,SFD,0.1173028264397452
El espejo,sub-111,sub-058,SFD,0.03811902749972898
El espejo,sub-111,sub-018,SFD,0.19418893763350284
El espejo,sub-111,sub-048,SFD,0.2340116947250034
El espejo,sub-111,sub-087,SFD,0.13072086902197627
El espejo,sub-111,sub-091,SFD,0.14516510279680964
El espejo,sub-111,sub-083,SFD,0.09980140506445576
El espejo,sub-111,sub-065,SFD,0.11215365741002603
El espejo,sub-111,sub-077,SFD,0.0020145705242060855
El espejo,sub-111,sub-039,SFD,0.13997585174608343
El espejo,sub-111,sub-053,SFD,0.05930693459522079
El espejo,sub-111,sub-075,SFD,0.1184741264867082
El espejo,sub-111,sub-060,SFD,0.11301199694278946
El espejo,sub-111,sub-103,SFD,0.1638469883271472
El espejo,sub-111,sub-105,SFD,0.04583404122839357
El espejo,sub-111,sub-064,SFD,0.06960300625407588
El espejo,sub-111,sub-010,SFD,0.10188095008747804
El espejo,sub-111,sub-034,SFD,0.05179294295856885
El espejo,sub-111,sub-002,SFD,0.1177524005057055
El espejo,sub-111,sub-085,SFD,0.16721028817406072
El espejo,sub-111,sub-021,SFD,0.034478696125526766
El espejo,sub-111,sub-096,SFD,0.14007298830055445
El espejo,sub-111,sub-027,SFD,0.1448983662118752
El espejo,sub-111,sub-006,SFD,0.08018462156580268
El espejo,sub-111,sub-066,SFD,0.15326137270041093
El espejo,sub-111,sub-101,SFD,0.1231189274611999
El espejo,sub-111,sub-042,SFD,0.18609798615377932
El espejo,sub-111,sub-003,SFD,0.18608940315348974
El espejo,sub-111,sub-107,SFD,0.018071973097597317
El espejo,sub-111,sub-098,SFD,0.10860248413060297
El espejo,sub-111,sub-086,SFD,0.0942325739747046
El espejo,sub-111,sub-013,SFD,0.0930118214911372
El espejo,sub-111,sub-068,SFD,0.21347178207362794
El espejo,sub-073,sub-067,SFD,0.10359524203406645
El espejo,sub-073,sub-054,SFD,-0.0023419001728877493
El espejo,sub-073,sub-078,SFD,0.13886234775851883
El espejo,sub-073,sub-046,SFD,0.1544272880653325
El espejo,sub-073,sub-097,SFD,0.09481468417681621
El espejo,sub-073,sub-079,SFD,0.06361533615809067
El espejo,sub-073,sub-028,SFD,0.07775041181165154
El espejo,sub-073,sub-089,SFD,0.2264679880422495
El espejo,sub-073,sub-109,SFD,0.1499745930396841
El espejo,sub-073,sub-070,SFD,0.06347685559232515
El espejo,sub-073,sub-111,SFD,0.07726427322505089
El espejo,sub-073,sub-073,SFD,1.0
El espejo,sub-073,sub-001,SFD,0.06388231639631714
El espejo,sub-073,sub-095,SFD,0.06206854531533013
El espejo,sub-073,sub-012,SFD,0.026976732052561556
El espejo,sub-073,sub-052,SFD,0.10376712906547407
El espejo,sub-073,sub-094,SFD,0.022808052685706442
El espejo,sub-073,sub-088,SFD,0.010149470529924489
El espejo,sub-073,sub-044,SFD,0.12542910416590158
El espejo,sub-073,sub-009,SFD,0.1365227694966264
El espejo,sub-073,sub-041,SFD,0.16220503467171146
El espejo,sub-073,sub-024,SFD,0.04746708765576307
El espejo,sub-073,sub-016,SFD,0.04620115309943711
El espejo,sub-073,sub-112,SFD,0.12412102330261557
El espejo,sub-073,sub-058,SFD,0.13166922596276948
El espejo,sub-073,sub-018,SFD,0.07501508345305921
El espejo,sub-073,sub-048,SFD,0.07977237561497956
El espejo,sub-073,sub-087,SFD,0.11421803016250248
El espejo,sub-073,sub-091,SFD,0.07629066452804643
El espejo,sub-073,sub-083,SFD,0.09850106630811732
El espejo,sub-073,sub-065,SFD,0.08700596757990305
El espejo,sub-073,sub-077,SFD,0.05274426201124742
El espejo,sub-073,sub-039,SFD,0.019855891871137045
El espejo,sub-073,sub-053,SFD,-0.06910582800016855
El espejo,sub-073,sub-075,SFD,0.07473587101245165
El espejo,sub-073,sub-060,SFD,0.1545994149943712
El espejo,sub-073,sub-103,SFD,0.058324541921221704
El espejo,sub-073,sub-105,SFD,0.06428316114754196
El espejo,sub-073,sub-064,SFD,0.023615489041881446
El espejo,sub-073,sub-010,SFD,0.03257969760975813
El espejo,sub-073,sub-034,SFD,0.07685084266687166
El espejo,sub-073,sub-002,SFD,0.10195146682586666
El espejo,sub-073,sub-085,SFD,0.12049409439402789
El espejo,sub-073,sub-021,SFD,-0.0050829577034036755
El espejo,sub-073,sub-096,SFD,0.10762246337690988
El espejo,sub-073,sub-027,SFD,0.04313976326838974
El espejo,sub-073,sub-006,SFD,0.16330134506513608
El espejo,sub-073,sub-066,SFD,0.22993684581214138
El espejo,sub-073,sub-101,SFD,0.06558921579427676
El espejo,sub-073,sub-042,SFD,0.11298248577423671
El espejo,sub-073,sub-003,SFD,0.04231494164828131
El espejo,sub-073,sub-107,SFD,0.08088569093211526
El espejo,sub-073,sub-098,SFD,0.05849095266615149
El espejo,sub-073,sub-086,SFD,-0.006365411698007056
El espejo,sub-073,sub-013,SFD,0.12888247421496324
El espejo,sub-073,sub-068,SFD,0.1654655674485433
El espejo,sub-001,sub-067,SFD,0.09248474139906603
El espejo,sub-001,sub-054,SFD,-0.06396104125700013
El espejo,sub-001,sub-078,SFD,0.06603147222574461
El espejo,sub-001,sub-046,SFD,0.06350052471573096
El espejo,sub-001,sub-097,SFD,0.07881400533199304
El espejo,sub-001,sub-079,SFD,0.028648778040869308
El espejo,sub-001,sub-028,SFD,0.10729904236754699
El espejo,sub-001,sub-089,SFD,0.16462634728296088
El espejo,sub-001,sub-109,SFD,0.15203049788580592
El espejo,sub-001,sub-070,SFD,0.09696911547039196
El espejo,sub-001,sub-111,SFD,0.13271512848061856
El espejo,sub-001,sub-073,SFD,0.06388231639631714
El espejo,sub-001,sub-001,SFD,1.0
El espejo,sub-001,sub-095,SFD,0.0763610971744537
El espejo,sub-001,sub-012,SFD,0.029430570246540586
El espejo,sub-001,sub-052,SFD,0.1503420781484016
El espejo,sub-001,sub-094,SFD,0.07026902945426215
El espejo,sub-001,sub-088,SFD,0.042548219352521746
El espejo,sub-001,sub-044,SFD,0.1339430181698864
El espejo,sub-001,sub-009,SFD,0.13620679623901533
El espejo,sub-001,sub-041,SFD,0.06164366098595698
El espejo,sub-001,sub-024,SFD,0.019637279603617778
El espejo,sub-001,sub-016,SFD,0.0257088449484381
El espejo,sub-001,sub-112,SFD,0.12706078475951155
El espejo,sub-001,sub-058,SFD,0.07917792017815635
El espejo,sub-001,sub-018,SFD,0.0981144695201787
El espejo,sub-001,sub-048,SFD,0.07888208396362817
El espejo,sub-001,sub-087,SFD,0.15034348104902331
El espejo,sub-001,sub-091,SFD,0.06402679502653569
El espejo,sub-001,sub-083,SFD,0.13395877050359192
El espejo,sub-001,sub-065,SFD,0.10190062071256631
El espejo,sub-001,sub-077,SFD,-0.015358315937995737
El espejo,sub-001,sub-039,SFD,0.04380079955247162
El espejo,sub-001,sub-053,SFD,0.001892808809863055
El espejo,sub-001,sub-075,SFD,0.053578704616997305
El espejo,sub-001,sub-060,SFD,0.04992263032027322
El espejo,sub-001,sub-103,SFD,0.09658442366961374
El espejo,sub-001,sub-105,SFD,0.04063745221498313
El espejo,sub-001,sub-064,SFD,0.05567466131762204
El espejo,sub-001,sub-010,SFD,0.010792093566596958
El espejo,sub-001,sub-034,SFD,0.05598714381430337
El espejo,sub-001,sub-002,SFD,0.16006364568628906
El espejo,sub-001,sub-085,SFD,0.08508260810202997
El espejo,sub-001,sub-021,SFD,0.07461690665823115
El espejo,sub-001,sub-096,SFD,0.15071001069274467
El espejo,sub-001,sub-027,SFD,0.0243051822608528
El espejo,sub-001,sub-006,SFD,0.1940756206480754
El espejo,sub-001,sub-066,SFD,0.05910453938198223
El espejo,sub-001,sub-101,SFD,0.06754452964120568
El espejo,sub-001,sub-042,SFD,0.13750189732437415
El espejo,sub-001,sub-003,SFD,0.11038434470623257
El espejo,sub-001,sub-107,SFD,0.08235297760642259
El espejo,sub-001,sub-098,SFD,0.05887277558780021
El espejo,sub-001,sub-086,SFD,0.05604436181300861
El espejo,sub-001,sub-013,SFD,0.062387814861529736
El espejo,sub-001,sub-068,SFD,0.1630229807832204
El espejo,sub-095,sub-067,SFD,0.019554136006140147
El espejo,sub-095,sub-054,SFD,0.02943853222187601
El espejo,sub-095,sub-078,SFD,0.07068562262252195
El espejo,sub-095,sub-046,SFD,0.08595870531511672
El espejo,sub-095,sub-097,SFD,0.11786287088567686
El espejo,sub-095,sub-079,SFD,0.10267931488881422
El espejo,sub-095,sub-028,SFD,0.09652287449953274
El espejo,sub-095,sub-089,SFD,0.1071257720324865
El espejo,sub-095,sub-109,SFD,0.20326513587217962
El espejo,sub-095,sub-070,SFD,0.05117348204732625
El espejo,sub-095,sub-111,SFD,0.04979195609487054
El espejo,sub-095,sub-073,SFD,0.06206854531533013
El espejo,sub-095,sub-001,SFD,0.07636109717445372
El espejo,sub-095,sub-095,SFD,1.0
El espejo,sub-095,sub-012,SFD,-0.009845072758846593
El espejo,sub-095,sub-052,SFD,0.08747153918700717
El espejo,sub-095,sub-094,SFD,0.09681527161804569
El espejo,sub-095,sub-088,SFD,0.026104536611118966
El espejo,sub-095,sub-044,SFD,0.05695673871501919
El espejo,sub-095,sub-009,SFD,0.11467051783068609
El espejo,sub-095,sub-041,SFD,0.06903076699355497
El espejo,sub-095,sub-024,SFD,0.008179317128657935
El espejo,sub-095,sub-016,SFD,0.05593934915919018
El espejo,sub-095,sub-112,SFD,0.1073422572809847
El espejo,sub-095,sub-058,SFD,0.1658624771891952
El espejo,sub-095,sub-018,SFD,0.0996898236188159
El espejo,sub-095,sub-048,SFD,0.1227221069367625
El espejo,sub-095,sub-087,SFD,0.08998242947040812
El espejo,sub-095,sub-091,SFD,0.11280461152307586
El espejo,sub-095,sub-083,SFD,0.0706373223420468
El espejo,sub-095,sub-065,SFD,0.12358192767147337
El espejo,sub-095,sub-077,SFD,0.06329971081646263
El espejo,sub-095,sub-039,SFD,0.015547624032084517
El espejo,sub-095,sub-053,SFD,0.03727303306213051
El espejo,sub-095,sub-075,SFD,0.033476911050443384
El espejo,sub-095,sub-060,SFD,0.14424768092946924
El espejo,sub-095,sub-103,SFD,0.12937874720283596
El espejo,sub-095,sub-105,SFD,0.0564445443944756
El espejo,sub-095,sub-064,SFD,0.07913252575338874
El espejo,sub-095,sub-010,SFD,0.015293140710798228
El espejo,sub-095,sub-034,SFD,0.08340708105387026
El espejo,sub-095,sub-002,SFD,0.10400524406976244
El espejo,sub-095,sub-085,SFD,0.021106390563765353
El espejo,sub-095,sub-021,SFD,0.07969960162488335
El espejo,sub-095,sub-096,SFD,0.11229829748464737
El espejo,sub-095,sub-027,SFD,0.02983911056115014
El espejo,sub-095,sub-006,SFD,0.1656838860343759
El espejo,sub-095,sub-066,SFD,0.15402014029376065
El espejo,sub-095,sub-101,SFD,0.045804068915017045
El espejo,sub-095,sub-042,SFD,0.14518286448061243
El espejo,sub-095,sub-003,SFD,0.10748749465406995
El espejo,sub-095,sub-107,SFD,0.08482654644678222
El espejo,sub-095,sub-098,SFD,0.12688206454201467
El espejo,sub-095,sub-086,SFD,-0.0016869553357107023
El espejo,sub-095,sub-013,SFD,0.10671738283809554
El espejo,sub-095,sub-068,SFD,0.15006222767468885
El espejo,sub-012,sub-067,SFD,0.10513144667835582
El espejo,sub-012,sub-054,SFD,-0.025252386563397147
El espejo,sub-012,sub-078,SFD,0.026512609197285
El espejo,sub-012,sub-046,SFD,0.040757128390264796
El espejo,sub-012,sub-097,SFD,0.0320925831539029
El espejo,sub-012,sub-079,SFD,0.021200557071921217
El espejo,sub-012,sub-028,SFD,0.02370210578664911
El espejo,sub-012,sub-089,SFD,0.04983307671456281
El espejo,sub-012,sub-109,SFD,0.06499173816502174
El espejo,sub-012,sub-070,SFD,-0.02074790647857038
El espejo,sub-012,sub-111,SFD,0.06561734733843268
El espejo,sub-012,sub-073,SFD,0.02697673205256156
El espejo,sub-012,sub-001,SFD,0.029430570246540583
El espejo,sub-012,sub-095,SFD,-0.009845072758846593
El espejo,sub-012,sub-012,SFD,0.9999999999999998
El espejo,sub-012,sub-052,SFD,0.03623497829096264
El espejo,sub-012,sub-094,SFD,0.10210803284270709
El espejo,sub-012,sub-088,SFD,0.08168837588979018
El espejo,sub-012,sub-044,SFD,0.06559577140135944
El espejo,sub-012,sub-009,SFD,0.04563350393664938
El espejo,sub-012,sub-041,SFD,0.035770720913480165
El espejo,sub-012,sub-024,SFD,0.0010748065890071818
El espejo,sub-012,sub-016,SFD,0.0009256437569952068
El espejo,sub-012,sub-112,SFD,0.05087917412561081
El espejo,sub-012,sub-058,SFD,0.09242277948193538
El espejo,sub-012,sub-018,SFD,0.07133297485990375
El espejo,sub-012,sub-048,SFD,-0.03791080780326532
El espejo,sub-012,sub-087,SFD,0.0795449144699849
El espejo,sub-012,sub-091,SFD,0.0454264773251039
El espejo,sub-012,sub-083,SFD,0.11046180952397038
El espejo,sub-012,sub-065,SFD,0.04577533465177182
El espejo,sub-012,sub-077,SFD,0.05426471585476805
El espejo,sub-012,sub-039,SFD,0.09710645110834695
El espejo,sub-012,sub-053,SFD,0.002596040012424804
El espejo,sub-012,sub-075,SFD,0.019931420949399387
El espejo,sub-012,sub-060,SFD,0.08894399709244444
El espejo,sub-012,sub-103,SFD,0.055921341943576376
El espejo,sub-012,sub-105,SFD,0.02541177271241712
El espejo,sub-012,sub-064,SFD,0.05622188402451826
El espejo,sub-012,sub-010,SFD,0.03231347035630758
El espejo,sub-012,sub-034,SFD,0.0013443779216420581
El espejo,sub-012,sub-002,SFD,0.028780316264714202
El espejo,sub-012,sub-085,SFD,0.06050509340283555
El espejo,sub-012,sub-021,SFD,0.07716128461340949
El espejo,sub-012,sub-096,SFD,0.06406842769127817
El espejo,sub-012,sub-027,SFD,0.08114234035314546
El espejo,sub-012,sub-006,SFD,0.08180204744292482
El espejo,sub-012,sub-066,SFD,-0.0004889145428747828
El espejo,sub-012,sub-101,SFD,0.0686844469972541
El espejo,sub-012,sub-042,SFD,0.10909289773475109
El espejo,sub-012,sub-003,SFD,0.007775036704063409
El espejo,sub-012,sub-107,SFD,0.013759062952117889
El espejo,sub-012,sub-098,SFD,0.043702518107263784
El espejo,sub-012,sub-086,SFD,0.0827365649678825
El espejo,sub-012,sub-013,SFD,0.012206042569058734
El espejo,sub-012,sub-068,SFD,0.0888542459523522
El espejo,sub-052,sub-067,SFD,0.09397700523829
El espejo,sub-052,sub-054,SFD,0.14710223068039335
El espejo,sub-052,sub-078,SFD,0.1434429615025397
El espejo,sub-052,sub-046,SFD,0.12521033641599985
El espejo,sub-052,sub-097,SFD,0.13950969710697705
El espejo,sub-052,sub-079,SFD,0.06857525737743825
El espejo,sub-052,sub-028,SFD,0.15838218529336326
El espejo,sub-052,sub-089,SFD,0.20256347647875314
El espejo,sub-052,sub-109,SFD,0.17623267347503743
El espejo,sub-052,sub-070,SFD,0.007348983272410565
El espejo,sub-052,sub-111,SFD,0.1710596161565042
El espejo,sub-052,sub-073,SFD,0.10376712906547407
El espejo,sub-052,sub-001,SFD,0.1503420781484016
El espejo,sub-052,sub-095,SFD,0.08747153918700717
El espejo,sub-052,sub-012,SFD,0.03623497829096264
El espejo,sub-052,sub-052,SFD,1.0
El espejo,sub-052,sub-094,SFD,0.13465731126238428
El espejo,sub-052,sub-088,SFD,-0.024718589134373182
El espejo,sub-052,sub-044,SFD,0.15631457580084135
El espejo,sub-052,sub-009,SFD,0.14016333894449737
El espejo,sub-052,sub-041,SFD,0.236310014409806
El espejo,sub-052,sub-024,SFD,0.049635555834378
El espejo,sub-052,sub-016,SFD,0.08619489870581828
El espejo,sub-052,sub-112,SFD,0.18269493225813632
El espejo,sub-052,sub-058,SFD,0.18480782773125906
El espejo,sub-052,sub-018,SFD,0.1527200716358012
El espejo,sub-052,sub-048,SFD,0.20003096548167035
El espejo,sub-052,sub-087,SFD,0.04443609539194298
El espejo,sub-052,sub-091,SFD,0.12019761405692458
El espejo,sub-052,sub-083,SFD,0.1549204530175803
El espejo,sub-052,sub-065,SFD,0.09539640914840736
El espejo,sub-052,sub-077,SFD,0.07854627235705415
El espejo,sub-052,sub-039,SFD,0.049048712724465746
El espejo,sub-052,sub-053,SFD,-0.01801833369426092
El espejo,sub-052,sub-075,SFD,0.13166786268365505
El espejo,sub-052,sub-060,SFD,0.14490420586493638
El espejo,sub-052,sub-103,SFD,0.11439462616757147
El espejo,sub-052,sub-105,SFD,0.0713220011504744
El espejo,sub-052,sub-064,SFD,0.051411392846773415
El espejo,sub-052,sub-010,SFD,0.12348065620039933
El espejo,sub-052,sub-034,SFD,0.12002046142877752
El espejo,sub-052,sub-002,SFD,0.13177293483466837
El espejo,sub-052,sub-085,SFD,0.1099543814025451
El espejo,sub-052,sub-021,SFD,0.012933396698876713
El espejo,sub-052,sub-096,SFD,0.2570937070473885
El espejo,sub-052,sub-027,SFD,0.0178112177341313
El espejo,sub-052,sub-006,SFD,0.13862346052312294
El espejo,sub-052,sub-066,SFD,0.14059168792245252
El espejo,sub-052,sub-101,SFD,0.09544235945860445
El espejo,sub-052,sub-042,SFD,0.1991425615399933
El espejo,sub-052,sub-003,SFD,0.10325831686248542
El espejo,sub-052,sub-107,SFD,0.08749404546375218
El espejo,sub-052,sub-098,SFD,0.21444326791067858
El espejo,sub-052,sub-086,SFD,0.11485265523023684
El espejo,sub-052,sub-013,SFD,0.11166866290324372
El espejo,sub-052,sub-068,SFD,0.2138190453860563
El espejo,sub-094,sub-067,SFD,0.04283251708560762
El espejo,sub-094,sub-054,SFD,0.08117239511374297
El espejo,sub-094,sub-078,SFD,0.14228945975965118
El espejo,sub-094,sub-046,SFD,0.023134430503481858
El espejo,sub-094,sub-097,SFD,0.10673252103684054
El espejo,sub-094,sub-079,SFD,0.06884227926248285
El espejo,sub-094,sub-028,SFD,0.09398186842065265
El espejo,sub-094,sub-089,SFD,0.08454423323745747
El espejo,sub-094,sub-109,SFD,0.17118455495944745
El espejo,sub-094,sub-070,SFD,0.05734940380380404
El espejo,sub-094,sub-111,SFD,0.09540764722522764
El espejo,sub-094,sub-073,SFD,0.022808052685706445
El espejo,sub-094,sub-001,SFD,0.07026902945426215
El espejo,sub-094,sub-095,SFD,0.0968152716180457
El espejo,sub-094,sub-012,SFD,0.10210803284270709
El espejo,sub-094,sub-052,SFD,0.13465731126238428
El espejo,sub-094,sub-094,SFD,1.0
El espejo,sub-094,sub-088,SFD,-0.04676171904717928
El espejo,sub-094,sub-044,SFD,0.1059447454683304
El espejo,sub-094,sub-009,SFD,0.13233280716231438
El espejo,sub-094,sub-041,SFD,0.04678893046619701
El espejo,sub-094,sub-024,SFD,0.012974074747612065
El espejo,sub-094,sub-016,SFD,0.06870355509670724
El espejo,sub-094,sub-112,SFD,0.08231506771718655
El espejo,sub-094,sub-058,SFD,0.13798526792871232
El espejo,sub-094,sub-018,SFD,0.1078971375830718
El espejo,sub-094,sub-048,SFD,0.13995915511634371
El espejo,sub-094,sub-087,SFD,0.03004040260861538
El espejo,sub-094,sub-091,SFD,0.10547238698996415
El espejo,sub-094,sub-083,SFD,0.12057352320161518
El espejo,sub-094,sub-065,SFD,0.0714889556384151
El espejo,sub-094,sub-077,SFD,0.08543801829041953
El espejo,sub-094,sub-039,SFD,0.030828958935623863
El espejo,sub-094,sub-053,SFD,0.06625382772813485
El espejo,sub-094,sub-075,SFD,0.07735975995208626
El espejo,sub-094,sub-060,SFD,0.12552640641386623
El espejo,sub-094,sub-103,SFD,0.1496516378584652
El espejo,sub-094,sub-105,SFD,0.03997655363083234
El espejo,sub-094,sub-064,SFD,0.14333760877799226
El espejo,sub-094,sub-010,SFD,0.1200907178809813
El espejo,sub-094,sub-034,SFD,0.12830246803404283
El espejo,sub-094,sub-002,SFD,0.10382464248401539
El espejo,sub-094,sub-085,SFD,0.09357054622505671
El espejo,sub-094,sub-021,SFD,0.005725472718153221
El espejo,sub-094,sub-096,SFD,0.17795762939651122
El espejo,sub-094,sub-027,SFD,0.0636017998961425
El espejo,sub-094,sub-006,SFD,0.05367844925145831
El espejo,sub-094,sub-066,SFD,0.12905945956014156
El espejo,sub-094,sub-101,SFD,0.10736729065440671
El espejo,sub-094,sub-042,SFD,0.1565189862585928
El espejo,sub-094,sub-003,SFD,0.09748977237688683
El espejo,sub-094,sub-107,SFD,0.07445253211827275
El espejo,sub-094,sub-098,SFD,0.13375251467066337
El espejo,sub-094,sub-086,SFD,0.10917216117249079
El espejo,sub-094,sub-013,SFD,0.07689426033157226
El espejo,sub-094,sub-068,SFD,0.14160590847661333
El espejo,sub-088,sub-067,SFD,0.03201629502566378
El espejo,sub-088,sub-054,SFD,-0.05756443101707643
El espejo,sub-088,sub-078,SFD,-0.03056090327730318
El espejo,sub-088,sub-046,SFD,0.051173349695116874
El espejo,sub-088,sub-097,SFD,0.004364340752606479
El espejo,sub-088,sub-079,SFD,0.08250191656772894
El espejo,sub-088,sub-028,SFD,0.10259893920718281
El espejo,sub-088,sub-089,SFD,0.012399862441134061
El espejo,sub-088,sub-109,SFD,0.06223933188539819
El espejo,sub-088,sub-070,SFD,-0.032180530667946135
El espejo,sub-088,sub-111,SFD,-0.07220091554614817
El espejo,sub-088,sub-073,SFD,0.010149470529924489
El espejo,sub-088,sub-001,SFD,0.042548219352521746
El espejo,sub-088,sub-095,SFD,0.026104536611118962
El espejo,sub-088,sub-012,SFD,0.08168837588979017
El espejo,sub-088,sub-052,SFD,-0.024718589134373182
El espejo,sub-088,sub-094,SFD,-0.04676171904717929
El espejo,sub-088,sub-088,SFD,1.0
El espejo,sub-088,sub-044,SFD,0.09580521031188076
El espejo,sub-088,sub-009,SFD,-0.012761448512830117
El espejo,sub-088,sub-041,SFD,0.055222045874682546
El espejo,sub-088,sub-024,SFD,0.06052690428940071
El espejo,sub-088,sub-016,SFD,0.007585518939551743
El espejo,sub-088,sub-112,SFD,0.039317915969888706
El espejo,sub-088,sub-058,SFD,0.08948109211759127
El espejo,sub-088,sub-018,SFD,-0.01684030085200839
El espejo,sub-088,sub-048,SFD,-0.0509776798964281
El espejo,sub-088,sub-087,SFD,0.03288469870094226
El espejo,sub-088,sub-091,SFD,-0.013408110379821842
El espejo,sub-088,sub-083,SFD,0.014176611634682893
El espejo,sub-088,sub-065,SFD,0.04526906400999247
El espejo,sub-088,sub-077,SFD,0.001591752962544849
El espejo,sub-088,sub-039,SFD,0.04216037670321766
El espejo,sub-088,sub-053,SFD,-0.04798057763977233
El espejo,sub-088,sub-075,SFD,-0.026360031076957186
El espejo,sub-088,sub-060,SFD,0.10406491903102386
El espejo,sub-088,sub-103,SFD,-0.04458171590075007
El espejo,sub-088,sub-105,SFD,0.030204169454461655
El espejo,sub-088,sub-064,SFD,-0.005641320485797844
El espejo,sub-088,sub-010,SFD,0.012096915623745472
El espejo,sub-088,sub-034,SFD,0.02364973922356173
El espejo,sub-088,sub-002,SFD,0.037355711078757674
El espejo,sub-088,sub-085,SFD,-0.00593738955320139
El espejo,sub-088,sub-021,SFD,0.022761502445478022
El espejo,sub-088,sub-096,SFD,0.02353204950128415
El espejo,sub-088,sub-027,SFD,0.07638072295597492
El espejo,sub-088,sub-006,SFD,0.019540127572689667
El espejo,sub-088,sub-066,SFD,-0.021199075540869555
El espejo,sub-088,sub-101,SFD,-0.03650963813354604
El espejo,sub-088,sub-042,SFD,0.011151135425096598
El espejo,sub-088,sub-003,SFD,0.007021310141937674
El espejo,sub-088,sub-107,SFD,0.030393179105528308
El espejo,sub-088,sub-098,SFD,0.02959169129063579
El espejo,sub-088,sub-086,SFD,-0.027121943699356724
El espejo,sub-088,sub-013,SFD,-0.007043308836134787
El espejo,sub-088,sub-068,SFD,0.04558029396078722
El espejo,sub-044,sub-067,SFD,0.11833222621925135
El espejo,sub-044,sub-054,SFD,0.024196257697791802
El espejo,sub-044,sub-078,SFD,0.12488138798113765
El espejo,sub-044,sub-046,SFD,0.2509591428901051
El espejo,sub-044,sub-097,SFD,0.1341141399891438
El espejo,sub-044,sub-079,SFD,0.16264280543528092
El espejo,sub-044,sub-028,SFD,0.17206405141299946
El espejo,sub-044,sub-089,SFD,0.2861691992540195
El espejo,sub-044,sub-109,SFD,0.29975246065069094
El espejo,sub-044,sub-070,SFD,0.06199442500571446
El espejo,sub-044,sub-111,SFD,0.12107868662577755
El espejo,sub-044,sub-073,SFD,0.1254291041659016
El espejo,sub-044,sub-001,SFD,0.1339430181698864
El espejo,sub-044,sub-095,SFD,0.05695673871501918
El espejo,sub-044,sub-012,SFD,0.06559577140135943
El espejo,sub-044,sub-052,SFD,0.15631457580084135
El espejo,sub-044,sub-094,SFD,0.1059447454683304
El espejo,sub-044,sub-088,SFD,0.09580521031188076
El espejo,sub-044,sub-044,SFD,0.9999999999999998
El espejo,sub-044,sub-009,SFD,0.2196534202039561
El espejo,sub-044,sub-041,SFD,0.18730957004966572
El espejo,sub-044,sub-024,SFD,0.011644935988013758
El espejo,sub-044,sub-016,SFD,0.0792947785503131
El espejo,sub-044,sub-112,SFD,0.23900962470537274
El espejo,sub-044,sub-058,SFD,0.23346222557308155
El espejo,sub-044,sub-018,SFD,0.18589605535259943
El espejo,sub-044,sub-048,SFD,0.1508805383654165
El espejo,sub-044,sub-087,SFD,0.16303620672212776
El espejo,sub-044,sub-091,SFD,0.2480046431920122
El espejo,sub-044,sub-083,SFD,0.15531993562642954
El espejo,sub-044,sub-065,SFD,0.30631075385508777
El espejo,sub-044,sub-077,SFD,0.10996348892441153
El espejo,sub-044,sub-039,SFD,0.2456170892481863
El espejo,sub-044,sub-053,SFD,-0.018343749114539645
El espejo,sub-044,sub-075,SFD,0.1534362255544465
El espejo,sub-044,sub-060,SFD,0.23004651185347494
El espejo,sub-044,sub-103,SFD,0.20120766433210896
El espejo,sub-044,sub-105,SFD,0.1419866518445476
El espejo,sub-044,sub-064,SFD,0.13464583193229082
El espejo,sub-044,sub-010,SFD,0.05540269438780515
El espejo,sub-044,sub-034,SFD,0.12855078366932482
El espejo,sub-044,sub-002,SFD,0.19920261168038703
El espejo,sub-044,sub-085,SFD,0.22531728969344728
El espejo,sub-044,sub-021,SFD,0.1425999972748385
El espejo,sub-044,sub-096,SFD,0.25145338727918554
El espejo,sub-044,sub-027,SFD,0.22318061305105713
El espejo,sub-044,sub-006,SFD,0.19514698815977044
El espejo,sub-044,sub-066,SFD,0.2188362035499424
El espejo,sub-044,sub-101,SFD,0.10190989221216312
El espejo,sub-044,sub-042,SFD,0.33407651614891476
El espejo,sub-044,sub-003,SFD,0.27914056280432337
El espejo,sub-044,sub-107,SFD,0.17427340729504928
El espejo,sub-044,sub-098,SFD,0.05195955756790846
El espejo,sub-044,sub-086,SFD,-0.038345697555656956
El espejo,sub-044,sub-013,SFD,0.08899324995208475
El espejo,sub-044,sub-068,SFD,0.29599583703482857
El espejo,sub-009,sub-067,SFD,0.08960468622724085
El espejo,sub-009,sub-054,SFD,0.0388151647845669
El espejo,sub-009,sub-078,SFD,0.22242574948695604
El espejo,sub-009,sub-046,SFD,0.22829387850984417
El espejo,sub-009,sub-097,SFD,0.08610211304112343
El espejo,sub-009,sub-079,SFD,0.20951797191245153
El espejo,sub-009,sub-028,SFD,0.05135030439889607
El espejo,sub-009,sub-089,SFD,0.3172544090799693
El espejo,sub-009,sub-109,SFD,0.2262790715333599
El espejo,sub-009,sub-070,SFD,0.04048038189803547
El espejo,sub-009,sub-111,SFD,0.15194955003130173
El espejo,sub-009,sub-073,SFD,0.13652276949662637
El espejo,sub-009,sub-001,SFD,0.13620679623901533
El espejo,sub-009,sub-095,SFD,0.11467051783068609
El espejo,sub-009,sub-012,SFD,0.04563350393664938
El espejo,sub-009,sub-052,SFD,0.14016333894449734
El espejo,sub-009,sub-094,SFD,0.13233280716231438
El espejo,sub-009,sub-088,SFD,-0.012761448512830117
El espejo,sub-009,sub-044,SFD,0.21965342020395606
El espejo,sub-009,sub-009,SFD,1.0
El espejo,sub-009,sub-041,SFD,0.2042100361456656
El espejo,sub-009,sub-024,SFD,-0.020462684153624917
El espejo,sub-009,sub-016,SFD,0.060430709299585585
El espejo,sub-009,sub-112,SFD,0.2993624551807881
El espejo,sub-009,sub-058,SFD,0.21511469283179838
El espejo,sub-009,sub-018,SFD,0.0729021359883677
El espejo,sub-009,sub-048,SFD,0.12761490505948278
El espejo,sub-009,sub-087,SFD,0.09390172443733658
El espejo,sub-009,sub-091,SFD,0.19020019850534173
El espejo,sub-009,sub-083,SFD,0.10151799460798212
El espejo,sub-009,sub-065,SFD,0.11527376740415378
El espejo,sub-009,sub-077,SFD,0.02428138187279057
El espejo,sub-009,sub-039,SFD,0.16863173459636305
El espejo,sub-009,sub-053,SFD,-0.03177870798717811
El espejo,sub-009,sub-075,SFD,0.09984264818662474
El espejo,sub-009,sub-060,SFD,0.15464340373998642
El espejo,sub-009,sub-103,SFD,0.1272248201902548
El espejo,sub-009,sub-105,SFD,0.040759285824375525
El espejo,sub-009,sub-064,SFD,0.09591730282305656
El espejo,sub-009,sub-010,SFD,0.12602161457437047
El espejo,sub-009,sub-034,SFD,0.12354665335302646
El espejo,sub-009,sub-002,SFD,0.142984306274823
El espejo,sub-009,sub-085,SFD,0.2952672115868824
El espejo,sub-009,sub-021,SFD,0.1559071776294547
El espejo,sub-009,sub-096,SFD,0.17914260727101164
El espejo,sub-009,sub-027,SFD,0.17227355971183805
El espejo,sub-009,sub-006,SFD,0.22672066142468075
El espejo,sub-009,sub-066,SFD,0.17268260465897586
El espejo,sub-009,sub-101,SFD,0.11755893526980081
El espejo,sub-009,sub-042,SFD,0.2800587934864883
El espejo,sub-009,sub-003,SFD,0.17375068918492695
El espejo,sub-009,sub-107,SFD,0.1646833606010607
El espejo,sub-009,sub-098,SFD,0.09145591477196562
El espejo,sub-009,sub-086,SFD,-0.02102862162128359
El espejo,sub-009,sub-013,SFD,0.13176048334900775
El espejo,sub-009,sub-068,SFD,0.16979091035457702
El espejo,sub-041,sub-067,SFD,0.11792825979267155
El espejo,sub-041,sub-054,SFD,0.07902446591165005
El espejo,sub-041,sub-078,SFD,0.18610448138706107
El espejo,sub-041,sub-046,SFD,0.1918682498388188
El espejo,sub-041,sub-097,SFD,0.10283962630132328
El espejo,sub-041,sub-079,SFD,0.15059790560226974
El espejo,sub-041,sub-028,SFD,0.12233326166308196
El espejo,sub-041,sub-089,SFD,0.2566694208604401
El espejo,sub-041,sub-109,SFD,0.2620075350273888
El espejo,sub-041,sub-070,SFD,-0.003536339159818629
El espejo,sub-041,sub-111,SFD,0.10995026275966108
El espejo,sub-041,sub-073,SFD,0.16220503467171146
El espejo,sub-041,sub-001,SFD,0.06164366098595697
El espejo,sub-041,sub-095,SFD,0.06903076699355495
El espejo,sub-041,sub-012,SFD,0.03577072091348016
El espejo,sub-041,sub-052,SFD,0.236310014409806
El espejo,sub-041,sub-094,SFD,0.04678893046619701
El espejo,sub-041,sub-088,SFD,0.055222045874682546
El espejo,sub-041,sub-044,SFD,0.18730957004966572
El espejo,sub-041,sub-009,SFD,0.2042100361456656
El espejo,sub-041,sub-041,SFD,1.0
El espejo,sub-041,sub-024,SFD,0.06729886572517645
El espejo,sub-041,sub-016,SFD,0.05621109063350791
El espejo,sub-041,sub-112,SFD,0.25937682646597254
El espejo,sub-041,sub-058,SFD,0.22352500708748185
El espejo,sub-041,sub-018,SFD,0.12222769123398196
El espejo,sub-041,sub-048,SFD,0.18389896524395336
El espejo,sub-041,sub-087,SFD,0.15408268330353111
El espejo,sub-041,sub-091,SFD,0.14082460277200837
El espejo,sub-041,sub-083,SFD,0.15202293524596455
El espejo,sub-041,sub-065,SFD,0.1956839188425556
El espejo,sub-041,sub-077,SFD,0.06705528245134895
El espejo,sub-041,sub-039,SFD,0.10130580459321213
El espejo,sub-041,sub-053,SFD,0.00017834401684274442
El espejo,sub-041,sub-075,SFD,0.08172620394422818
El espejo,sub-041,sub-060,SFD,0.19276600835148472
El espejo,sub-041,sub-103,SFD,0.1331817085275975
El espejo,sub-041,sub-105,SFD,0.05013115690938241
El espejo,sub-041,sub-064,SFD,0.05441678280596787
El espejo,sub-041,sub-010,SFD,0.0870741569748102
El espejo,sub-041,sub-034,SFD,0.1572118105378809
El espejo,sub-041,sub-002,SFD,0.14820903356612714
El espejo,sub-041,sub-085,SFD,0.1731368604615018
El espejo,sub-041,sub-021,SFD,0.06316192498905768
El espejo,sub-041,sub-096,SFD,0.21274270679378288
El espejo,sub-041,sub-027,SFD,0.11861858942147742
El espejo,sub-041,sub-006,SFD,0.13713983988552703
El espejo,sub-041,sub-066,SFD,0.2145541992005286
El espejo,sub-041,sub-101,SFD,0.10325707078240906
El espejo,sub-041,sub-042,SFD,0.18162305719685812
El espejo,sub-041,sub-003,SFD,0.20915367418390812
El espejo,sub-041,sub-107,SFD,0.12727566315056793
El espejo,sub-041,sub-098,SFD,0.1484158331935481
El espejo,sub-041,sub-086,SFD,0.00655628789537794
El espejo,sub-041,sub-013,SFD,0.11969243023524001
El espejo,sub-041,sub-068,SFD,0.26929510270451895
El espejo,sub-024,sub-067,SFD,0.02011325087665443
El espejo,sub-024,sub-054,SFD,0.02349342154950642
El espejo,sub-024,sub-078,SFD,-0.004271187273427764
El espejo,sub-024,sub-046,SFD,-0.0060463620075638805
El espejo,sub-024,sub-097,SFD,0.012674514745653644
El espejo,sub-024,sub-079,SFD,-0.02115404990257124
El espejo,sub-024,sub-028,SFD,0.059588350072051786
El espejo,sub-024,sub-089,SFD,-0.009114050974547459
El espejo,sub-024,sub-109,SFD,-0.023857704074829386
El espejo,sub-024,sub-070,SFD,0.09258323817400906
El espejo,sub-024,sub-111,SFD,0.03282728309896351
El espejo,sub-024,sub-073,SFD,0.04746708765576306
El espejo,sub-024,sub-001,SFD,0.019637279603617774
El espejo,sub-024,sub-095,SFD,0.008179317128657937
El espejo,sub-024,sub-012,SFD,0.001074806589007182
El espejo,sub-024,sub-052,SFD,0.049635555834378
El espejo,sub-024,sub-094,SFD,0.012974074747612065
El espejo,sub-024,sub-088,SFD,0.06052690428940071
El espejo,sub-024,sub-044,SFD,0.011644935988013756
El espejo,sub-024,sub-009,SFD,-0.020462684153624917
El espejo,sub-024,sub-041,SFD,0.06729886572517645
El espejo,sub-024,sub-024,SFD,1.0
El espejo,sub-024,sub-016,SFD,0.07154955016822176
El espejo,sub-024,sub-112,SFD,-0.010669244807509925
El espejo,sub-024,sub-058,SFD,0.026420619765376723
El espejo,sub-024,sub-018,SFD,0.08963049724346946
El espejo,sub-024,sub-048,SFD,0.10471500498626177
El espejo,sub-024,sub-087,SFD,-0.009487442436577828
El espejo,sub-024,sub-091,SFD,0.0045312530214452655
El espejo,sub-024,sub-083,SFD,-0.040650869500358004
El espejo,sub-024,sub-065,SFD,0.04900526793858984
El espejo,sub-024,sub-077,SFD,0.029261487559783035
El espejo,sub-024,sub-039,SFD,-0.02161203160685484
El espejo,sub-024,sub-053,SFD,0.11201869250431988
El espejo,sub-024,sub-075,SFD,0.07576285620705765
El espejo,sub-024,sub-060,SFD,0.00524762227493587
El espejo,sub-024,sub-103,SFD,0.06532535660768633
El espejo,sub-024,sub-105,SFD,0.04401517973895922
El espejo,sub-024,sub-064,SFD,0.06559646501856647
El espejo,sub-024,sub-010,SFD,0.10614305577050366
El espejo,sub-024,sub-034,SFD,0.05921797743909102
El espejo,sub-024,sub-002,SFD,0.046103289767165
El espejo,sub-024,sub-085,SFD,0.04580404323219086
El espejo,sub-024,sub-021,SFD,-0.04465197135012561
El espejo,sub-024,sub-096,SFD,0.0188557573210096
El espejo,sub-024,sub-027,SFD,0.023624572992787907
El espejo,sub-024,sub-006,SFD,0.010123104343605598
El espejo,sub-024,sub-066,SFD,0.06318690499439848
El espejo,sub-024,sub-101,SFD,0.1079982707103947
El espejo,sub-024,sub-042,SFD,-0.05074951152086644
El espejo,sub-024,sub-003,SFD,-0.003560951255306029
El espejo,sub-024,sub-107,SFD,0.010802168553089587
El espejo,sub-024,sub-098,SFD,0.07250293242676337
El espejo,sub-024,sub-086,SFD,0.03101710533237608
El espejo,sub-024,sub-013,SFD,0.09787898181814453
El espejo,sub-024,sub-068,SFD,0.021866215097059466
El espejo,sub-016,sub-067,SFD,0.07389050185725836
El espejo,sub-016,sub-054,SFD,0.08150270971291619
El espejo,sub-016,sub-078,SFD,0.10198401656156286
El espejo,sub-016,sub-046,SFD,0.023888470735894177
El espejo,sub-016,sub-097,SFD,0.11305525842886822
El espejo,sub-016,sub-079,SFD,0.10398085359970961
El espejo,sub-016,sub-028,SFD,0.14192413125156877
El espejo,sub-016,sub-089,SFD,0.053152485279390926
El espejo,sub-016,sub-109,SFD,0.07100715417162684
El espejo,sub-016,sub-070,SFD,0.12465136269843428
El espejo,sub-016,sub-111,SFD,0.024119287129349087
El espejo,sub-016,sub-073,SFD,0.046201153099437106
El espejo,sub-016,sub-001,SFD,0.0257088449484381
El espejo,sub-016,sub-095,SFD,0.05593934915919018
El espejo,sub-016,sub-012,SFD,0.0009256437569952068
El espejo,sub-016,sub-052,SFD,0.08619489870581828
El espejo,sub-016,sub-094,SFD,0.06870355509670725
El espejo,sub-016,sub-088,SFD,0.007585518939551743
El espejo,sub-016,sub-044,SFD,0.0792947785503131
El espejo,sub-016,sub-009,SFD,0.0604307092995856
El espejo,sub-016,sub-041,SFD,0.05621109063350791
El espejo,sub-016,sub-024,SFD,0.07154955016822176
El espejo,sub-016,sub-016,SFD,1.0
El espejo,sub-016,sub-112,SFD,0.06295357297061788
El espejo,sub-016,sub-058,SFD,0.09661882113858201
El espejo,sub-016,sub-018,SFD,0.018307599289124017
El espejo,sub-016,sub-048,SFD,0.10108583896644421
El espejo,sub-016,sub-087,SFD,-0.014161802318513113
El espejo,sub-016,sub-091,SFD,0.11613846837694682
El espejo,sub-016,sub-083,SFD,0.06815702135578619
El espejo,sub-016,sub-065,SFD,0.10267906842001615
El espejo,sub-016,sub-077,SFD,0.06162420111747041
El espejo,sub-016,sub-039,SFD,-0.03407199973996826
El espejo,sub-016,sub-053,SFD,0.08790997465945781
El espejo,sub-016,sub-075,SFD,0.05352756258704352
El espejo,sub-016,sub-060,SFD,0.010508634988907526
El espejo,sub-016,sub-103,SFD,0.045825220059734495
El espejo,sub-016,sub-105,SFD,0.008830923467681804
El espejo,sub-016,sub-064,SFD,0.02694667902778872
El espejo,sub-016,sub-010,SFD,0.01182691574868418
El espejo,sub-016,sub-034,SFD,0.10304937346393486
El espejo,sub-016,sub-002,SFD,0.03912605590069049
El espejo,sub-016,sub-085,SFD,0.025871600189501045
El espejo,sub-016,sub-021,SFD,0.002031537331605007
El espejo,sub-016,sub-096,SFD,-0.01466322604560144
El espejo,sub-016,sub-027,SFD,0.043072582129307604
El espejo,sub-016,sub-006,SFD,0.061646243281146165
El espejo,sub-016,sub-066,SFD,0.05810566077707048
El espejo,sub-016,sub-101,SFD,0.11002432455714899
El espejo,sub-016,sub-042,SFD,0.05541697129163022
El espejo,sub-016,sub-003,SFD,0.032815631145849775
El espejo,sub-016,sub-107,SFD,-0.03057132081550762
El espejo,sub-016,sub-098,SFD,0.11502345486816717
El espejo,sub-016,sub-086,SFD,0.05465635526893451
El espejo,sub-016,sub-013,SFD,0.05257954916049598
El espejo,sub-016,sub-068,SFD,0.10444074912132836
El espejo,sub-112,sub-067,SFD,0.16892865761757955
El espejo,sub-112,sub-054,SFD,-0.009528969951569292
El espejo,sub-112,sub-078,SFD,0.18134163513111806
El espejo,sub-112,sub-046,SFD,0.2550378389149899
El espejo,sub-112,sub-097,SFD,0.11997581682814071
El espejo,sub-112,sub-079,SFD,0.18343892828354094
El espejo,sub-112,sub-028,SFD,0.19837878000414236
El espejo,sub-112,sub-089,SFD,0.3436939745327886
El espejo,sub-112,sub-109,SFD,0.33726593279641365
El espejo,sub-112,sub-070,SFD,0.06151516779872564
El espejo,sub-112,sub-111,SFD,0.11730282643974518
El espejo,sub-112,sub-073,SFD,0.12412102330261555
El espejo,sub-112,sub-001,SFD,0.12706078475951155
El espejo,sub-112,sub-095,SFD,0.10734225728098472
El espejo,sub-112,sub-012,SFD,0.05087917412561081
El espejo,sub-112,sub-052,SFD,0.18269493225813632
El espejo,sub-112,sub-094,SFD,0.08231506771718655
El espejo,sub-112,sub-088,SFD,0.039317915969888706
El espejo,sub-112,sub-044,SFD,0.2390096247053727
El espejo,sub-112,sub-009,SFD,0.299362455180788
El espejo,sub-112,sub-041,SFD,0.25937682646597254
El espejo,sub-112,sub-024,SFD,-0.010669244807509925
El espejo,sub-112,sub-016,SFD,0.06295357297061788
El espejo,sub-112,sub-112,SFD,1.0
El espejo,sub-112,sub-058,SFD,0.23773764377237727
El espejo,sub-112,sub-018,SFD,0.12817201815375642
El espejo,sub-112,sub-048,SFD,0.13040728460463258
El espejo,sub-112,sub-087,SFD,0.18398667242742128
El espejo,sub-112,sub-091,SFD,0.25197077968555553
El espejo,sub-112,sub-083,SFD,0.17771469000281734
El espejo,sub-112,sub-065,SFD,0.17099510919497438
El espejo,sub-112,sub-077,SFD,0.11719302472872375
El espejo,sub-112,sub-039,SFD,0.15491838547531414
El espejo,sub-112,sub-053,SFD,-0.04992002485908445
El espejo,sub-112,sub-075,SFD,0.09784216481954133
El espejo,sub-112,sub-060,SFD,0.20895269878553155
El espejo,sub-112,sub-103,SFD,0.15419919496168877
El espejo,sub-112,sub-105,SFD,0.17094018829970484
El espejo,sub-112,sub-064,SFD,0.011607278977449408
El espejo,sub-112,sub-010,SFD,0.014335075200777942
El espejo,sub-112,sub-034,SFD,0.08465253249011476
El espejo,sub-112,sub-002,SFD,0.17089360363033906
El espejo,sub-112,sub-085,SFD,0.24539760236680677
El espejo,sub-112,sub-021,SFD,0.1122310986053966
El espejo,sub-112,sub-096,SFD,0.16255071492783335
El espejo,sub-112,sub-027,SFD,0.11074175932839878
El espejo,sub-112,sub-006,SFD,0.1790787268191434
El espejo,sub-112,sub-066,SFD,0.12533641809348833
El espejo,sub-112,sub-101,SFD,0.035255226819429726
El espejo,sub-112,sub-042,SFD,0.2901410499314125
El espejo,sub-112,sub-003,SFD,0.27947957854179195
El espejo,sub-112,sub-107,SFD,0.19780180629372923
El espejo,sub-112,sub-098,SFD,0.15011304466611708
El espejo,sub-112,sub-086,SFD,0.04835080069875281
El espejo,sub-112,sub-013,SFD,0.16029483453371324
El espejo,sub-112,sub-068,SFD,0.22625768755865747
El espejo,sub-058,sub-067,SFD,0.12015400654201688
El espejo,sub-058,sub-054,SFD,0.07076920551066714
El espejo,sub-058,sub-078,SFD,0.12040880171210866
El espejo,sub-058,sub-046,SFD,0.1320252928429849
El espejo,sub-058,sub-097,SFD,0.11855088060269156
El espejo,sub-058,sub-079,SFD,0.23131416994085086
El espejo,sub-058,sub-028,SFD,0.11769609629921543
El espejo,sub-058,sub-089,SFD,0.254445342912354
El espejo,sub-058,sub-109,SFD,0.336345170456951
El espejo,sub-058,sub-070,SFD,0.07050741148093935
El espejo,sub-058,sub-111,SFD,0.03811902749972898
El espejo,sub-058,sub-073,SFD,0.13166922596276948
El espejo,sub-058,sub-001,SFD,0.07917792017815635
El espejo,sub-058,sub-095,SFD,0.1658624771891952
El espejo,sub-058,sub-012,SFD,0.09242277948193538
El espejo,sub-058,sub-052,SFD,0.18480782773125906
El espejo,sub-058,sub-094,SFD,0.1379852679287123
El espejo,sub-058,sub-088,SFD,0.08948109211759127
El espejo,sub-058,sub-044,SFD,0.23346222557308152
El espejo,sub-058,sub-009,SFD,0.2151146928317984
El espejo,sub-058,sub-041,SFD,0.22352500708748183
El espejo,sub-058,sub-024,SFD,0.026420619765376727
El espejo,sub-058,sub-016,SFD,0.096618821138582
El espejo,sub-058,sub-112,SFD,0.23773764377237724
El espejo,sub-058,sub-058,SFD,1.0
El espejo,sub-058,sub-018,SFD,0.09505987222159773
El espejo,sub-058,sub-048,SFD,0.1409644247204373
El espejo,sub-058,sub-087,SFD,0.15863033724885545
El espejo,sub-058,sub-091,SFD,0.21563156636782
El espejo,sub-058,sub-083,SFD,0.1994764001217208
El espejo,sub-058,sub-065,SFD,0.1589577534221761
El espejo,sub-058,sub-077,SFD,0.08469046096686472
El espejo,sub-058,sub-039,SFD,0.07762122482004685
El espejo,sub-058,sub-053,SFD,0.012520863212560048
El espejo,sub-058,sub-075,SFD,0.013406367098596427
El espejo,sub-058,sub-060,SFD,0.2146523267915458
El espejo,sub-058,sub-103,SFD,0.1664213323451387
El espejo,sub-058,sub-105,SFD,0.14376427936641498
El espejo,sub-058,sub-064,SFD,0.11237801206291688
El espejo,sub-058,sub-010,SFD,0.011400222487866913
El espejo,sub-058,sub-034,SFD,0.15058970869958918
El espejo,sub-058,sub-002,SFD,0.22423020845429778
El espejo,sub-058,sub-085,SFD,0.18202437314870185
El espejo,sub-058,sub-021,SFD,0.0905126731512768
El espejo,sub-058,sub-096,SFD,0.2446415780105264
El espejo,sub-058,sub-027,SFD,0.17349501957366562
El espejo,sub-058,sub-006,SFD,0.1620584001363687
El espejo,sub-058,sub-066,SFD,0.18994190928240814
El espejo,sub-058,sub-101,SFD,0.03166567823869507
El espejo,sub-058,sub-042,SFD,0.2122428846524891
El espejo,sub-058,sub-003,SFD,0.18706400822833005
El espejo,sub-058,sub-107,SFD,0.15581016784267673
El espejo,sub-058,sub-098,SFD,0.1735940484627206
El espejo,sub-058,sub-086,SFD,0.058447526804898106
El espejo,sub-058,sub-013,SFD,0.13865752382366048
El espejo,sub-058,sub-068,SFD,0.25050841844351496
El espejo,sub-018,sub-067,SFD,0.16160389355282892
El espejo,sub-018,sub-054,SFD,0.019473315677706916
El espejo,sub-018,sub-078,SFD,0.11569527686101103
El espejo,sub-018,sub-046,SFD,0.03846038184977362
El espejo,sub-018,sub-097,SFD,0.09394172274519244
El espejo,sub-018,sub-079,SFD,0.06157415196704908
El espejo,sub-018,sub-028,SFD,0.09215327335192343
El espejo,sub-018,sub-089,SFD,0.18106932451307112
El espejo,sub-018,sub-109,SFD,0.19231663586137568
El espejo,sub-018,sub-070,SFD,0.04370427829825623
El espejo,sub-018,sub-111,SFD,0.19418893763350284
El espejo,sub-018,sub-073,SFD,0.07501508345305923
El espejo,sub-018,sub-001,SFD,0.09811446952017872
El espejo,sub-018,sub-095,SFD,0.0996898236188159
El espejo,sub-018,sub-012,SFD,0.07133297485990374
El espejo,sub-018,sub-052,SFD,0.1527200716358012
El espejo,sub-018,sub-094,SFD,0.1078971375830718
El espejo,sub-018,sub-088,SFD,-0.016840300852008393
El espejo,sub-018,sub-044,SFD,0.18589605535259945
El espejo,sub-018,sub-009,SFD,0.07290213598836771
El espejo,sub-018,sub-041,SFD,0.12222769123398196
El espejo,sub-018,sub-024,SFD,0.08963049724346944
El espejo,sub-018,sub-016,SFD,0.01830759928912402
El espejo,sub-018,sub-112,SFD,0.1281720181537564
El espejo,sub-018,sub-058,SFD,0.09505987222159772
El espejo,sub-018,sub-018,SFD,0.9999999999999998
El espejo,sub-018,sub-048,SFD,0.1968385587905455
El espejo,sub-018,sub-087,SFD,0.06532759791560372
El espejo,sub-018,sub-091,SFD,0.2217517579471924
El espejo,sub-018,sub-083,SFD,0.056074749780397434
El espejo,sub-018,sub-065,SFD,0.09785116132558418
El espejo,sub-018,sub-077,SFD,0.05249956362032943
El espejo,sub-018,sub-039,SFD,0.0816653021770712
El espejo,sub-018,sub-053,SFD,0.029019542684264557
El espejo,sub-018,sub-075,SFD,0.21162502610143685
El espejo,sub-018,sub-060,SFD,0.08237821312837508
El espejo,sub-018,sub-103,SFD,0.13363019942811055
El espejo,sub-018,sub-105,SFD,0.10889611245675304
El espejo,sub-018,sub-064,SFD,0.08185077343711605
El espejo,sub-018,sub-010,SFD,0.05156302765131212
El espejo,sub-018,sub-034,SFD,0.10330228998526166
El espejo,sub-018,sub-002,SFD,0.17103029350023247
El espejo,sub-018,sub-085,SFD,0.05140464142476742
El espejo,sub-018,sub-021,SFD,0.013090562505793343
El espejo,sub-018,sub-096,SFD,0.20414906718180664
El espejo,sub-018,sub-027,SFD,0.12144625407521868
El espejo,sub-018,sub-006,SFD,0.1057992057577676
El espejo,sub-018,sub-066,SFD,0.13485193239403837
El espejo,sub-018,sub-101,SFD,0.09345915664365272
El espejo,sub-018,sub-042,SFD,0.15378841460514364
El espejo,sub-018,sub-003,SFD,0.20348536007747492
El espejo,sub-018,sub-107,SFD,0.09905467787459883
El espejo,sub-018,sub-098,SFD,0.08095089307792988
El espejo,sub-018,sub-086,SFD,0.15030300962556772
El espejo,sub-018,sub-013,SFD,0.1068198775481735
El espejo,sub-018,sub-068,SFD,0.19204358371562194
El espejo,sub-048,sub-067,SFD,0.04373631347275151
El espejo,sub-048,sub-054,SFD,-0.007726940277530853
El espejo,sub-048,sub-078,SFD,0.14681969820072485
El espejo,sub-048,sub-046,SFD,0.0818945402818293
El espejo,sub-048,sub-097,SFD,0.09383912034680907
El espejo,sub-048,sub-079,SFD,0.07479147116518643
El espejo,sub-048,sub-028,SFD,0.08745870388671903
El espejo,sub-048,sub-089,SFD,0.12029548881817094
El espejo,sub-048,sub-109,SFD,0.2320401593616609
El espejo,sub-048,sub-070,SFD,0.05288295279421509
El espejo,sub-048,sub-111,SFD,0.23401169472500338
El espejo,sub-048,sub-073,SFD,0.07977237561497957
El espejo,sub-048,sub-001,SFD,0.07888208396362817
El espejo,sub-048,sub-095,SFD,0.12272210693676251
El espejo,sub-048,sub-012,SFD,-0.03791080780326532
El espejo,sub-048,sub-052,SFD,0.20003096548167035
El espejo,sub-048,sub-094,SFD,0.13995915511634371
El espejo,sub-048,sub-088,SFD,-0.0509776798964281
El espejo,sub-048,sub-044,SFD,0.1508805383654165
El espejo,sub-048,sub-009,SFD,0.1276149050594828
El espejo,sub-048,sub-041,SFD,0.18389896524395336
El espejo,sub-048,sub-024,SFD,0.10471500498626177
El espejo,sub-048,sub-016,SFD,0.1010858389664442
El espejo,sub-048,sub-112,SFD,0.1304072846046326
El espejo,sub-048,sub-058,SFD,0.1409644247204373
El espejo,sub-048,sub-018,SFD,0.1968385587905455
El espejo,sub-048,sub-048,SFD,1.0
El espejo,sub-048,sub-087,SFD,0.029642384240428178
El espejo,sub-048,sub-091,SFD,0.10083140341923559
El espejo,sub-048,sub-083,SFD,0.084688093007366
El espejo,sub-048,sub-065,SFD,0.1136922234938897
El espejo,sub-048,sub-077,SFD,0.07779786771822932
El espejo,sub-048,sub-039,SFD,0.07291016501300313
El espejo,sub-048,sub-053,SFD,0.08400460184069582
El espejo,sub-048,sub-075,SFD,0.24567665905672256
El espejo,sub-048,sub-060,SFD,0.08328311229705151
El espejo,sub-048,sub-103,SFD,0.16693965014219253
El espejo,sub-048,sub-105,SFD,0.1503511354356851
El espejo,sub-048,sub-064,SFD,0.1476850601946244
El espejo,sub-048,sub-010,SFD,0.06542840956757578
El espejo,sub-048,sub-034,SFD,0.16812994281193583
El espejo,sub-048,sub-002,SFD,0.15522793412739275
El espejo,sub-048,sub-085,SFD,0.11867626120572733
El espejo,sub-048,sub-021,SFD,0.03155299854078973
El espejo,sub-048,sub-096,SFD,0.1466245454031564
El espejo,sub-048,sub-027,SFD,0.11111683737980817
El espejo,sub-048,sub-006,SFD,0.11750045190541704
El espejo,sub-048,sub-066,SFD,0.14505705349743317
El espejo,sub-048,sub-101,SFD,0.06261372860797657
El espejo,sub-048,sub-042,SFD,0.16514190809376422
El espejo,sub-048,sub-003,SFD,0.17143899621858727
El espejo,sub-048,sub-107,SFD,0.08354788950238563
El espejo,sub-048,sub-098,SFD,0.09128251100174138
El espejo,sub-048,sub-086,SFD,0.11392818347516499
El espejo,sub-048,sub-013,SFD,0.1459351804370559
El espejo,sub-048,sub-068,SFD,0.1885903649525285
El espejo,sub-087,sub-067,SFD,0.03645400369796667
El espejo,sub-087,sub-054,SFD,0.000699483858146204
El espejo,sub-087,sub-078,SFD,0.0993162040046779
El espejo,sub-087,sub-046,SFD,0.18984909630185615
El espejo,sub-087,sub-097,SFD,0.03176494768230158
El espejo,sub-087,sub-079,SFD,0.12344617687041949
El espejo,sub-087,sub-028,SFD,0.05369638240655135
El espejo,sub-087,sub-089,SFD,0.19353389255149672
El espejo,sub-087,sub-109,SFD,0.18594761060346884
El espejo,sub-087,sub-070,SFD,0.06078182918701803
El espejo,sub-087,sub-111,SFD,0.1307208690219763
El espejo,sub-087,sub-073,SFD,0.11421803016250248
El espejo,sub-087,sub-001,SFD,0.15034348104902331
El espejo,sub-087,sub-095,SFD,0.08998242947040812
El espejo,sub-087,sub-012,SFD,0.0795449144699849
El espejo,sub-087,sub-052,SFD,0.04443609539194299
El espejo,sub-087,sub-094,SFD,0.030040402608615385
El espejo,sub-087,sub-088,SFD,0.03288469870094225
El espejo,sub-087,sub-044,SFD,0.16303620672212776
El espejo,sub-087,sub-009,SFD,0.09390172443733659
El espejo,sub-087,sub-041,SFD,0.15408268330353114
El espejo,sub-087,sub-024,SFD,-0.009487442436577828
El espejo,sub-087,sub-016,SFD,-0.014161802318513113
El espejo,sub-087,sub-112,SFD,0.1839866724274213
El espejo,sub-087,sub-058,SFD,0.15863033724885545
El espejo,sub-087,sub-018,SFD,0.06532759791560372
El espejo,sub-087,sub-048,SFD,0.029642384240428178
El espejo,sub-087,sub-087,SFD,0.9999999999999998
El espejo,sub-087,sub-091,SFD,0.10973558719656604
El espejo,sub-087,sub-083,SFD,0.1441164283438956
El espejo,sub-087,sub-065,SFD,0.16364381565130165
El espejo,sub-087,sub-077,SFD,0.037616512985307375
El espejo,sub-087,sub-039,SFD,0.02716773758231044
El espejo,sub-087,sub-053,SFD,-0.008410961985764742
El espejo,sub-087,sub-075,SFD,0.007394696181909587
El espejo,sub-087,sub-060,SFD,0.14203111592282616
El espejo,sub-087,sub-103,SFD,0.05930968500509448
El espejo,sub-087,sub-105,SFD,0.05255245950063088
El espejo,sub-087,sub-064,SFD,0.048009320304615716
El espejo,sub-087,sub-010,SFD,0.05369632059099091
El espejo,sub-087,sub-034,SFD,0.11898615497770144
El espejo,sub-087,sub-002,SFD,0.14739156439309598
El espejo,sub-087,sub-085,SFD,0.17079300200232453
El espejo,sub-087,sub-021,SFD,0.019458813163684734
El espejo,sub-087,sub-096,SFD,0.15805268508045417
El espejo,sub-087,sub-027,SFD,0.07459860782545726
El espejo,sub-087,sub-006,SFD,0.10056133941617773
El espejo,sub-087,sub-066,SFD,0.023671445995103915
El espejo,sub-087,sub-101,SFD,0.04071990590419788
El espejo,sub-087,sub-042,SFD,0.09348783168989677
El espejo,sub-087,sub-003,SFD,0.1063141684270383
El espejo,sub-087,sub-107,SFD,0.12123900571398341
El espejo,sub-087,sub-098,SFD,0.12343581956312911
El espejo,sub-087,sub-086,SFD,0.026426993681305855
El espejo,sub-087,sub-013,SFD,0.1210194838249139
El espejo,sub-087,sub-068,SFD,0.19407732378120052
El espejo,sub-091,sub-067,SFD,0.1284726182410891
El espejo,sub-091,sub-054,SFD,-0.0005478131403840622
El espejo,sub-091,sub-078,SFD,0.09234604972011666
El espejo,sub-091,sub-046,SFD,0.20620262972668915
El espejo,sub-091,sub-097,SFD,0.11624047862118392
El espejo,sub-091,sub-079,SFD,0.15340175325330782
El espejo,sub-091,sub-028,SFD,0.15221377830901486
El espejo,sub-091,sub-089,SFD,0.289007696345797
El espejo,sub-091,sub-109,SFD,0.24525217991510911
El espejo,sub-091,sub-070,SFD,-0.009776818156539814
El espejo,sub-091,sub-111,SFD,0.14516510279680964
El espejo,sub-091,sub-073,SFD,0.07629066452804643
El espejo,sub-091,sub-001,SFD,0.06402679502653569
El espejo,sub-091,sub-095,SFD,0.11280461152307585
El espejo,sub-091,sub-012,SFD,0.0454264773251039
El espejo,sub-091,sub-052,SFD,0.12019761405692457
El espejo,sub-091,sub-094,SFD,0.10547238698996417
El espejo,sub-091,sub-088,SFD,-0.013408110379821842
El espejo,sub-091,sub-044,SFD,0.24800464319201224
El espejo,sub-091,sub-009,SFD,0.19020019850534173
El espejo,sub-091,sub-041,SFD,0.14082460277200837
El espejo,sub-091,sub-024,SFD,0.004531253021445266
El espejo,sub-091,sub-016,SFD,0.11613846837694683
El espejo,sub-091,sub-112,SFD,0.2519707796855556
El espejo,sub-091,sub-058,SFD,0.21563156636782
El espejo,sub-091,sub-018,SFD,0.2217517579471924
El espejo,sub-091,sub-048,SFD,0.1008314034192356
El espejo,sub-091,sub-087,SFD,0.10973558719656602
El espejo,sub-091,sub-091,SFD,1.0
El espejo,sub-091,sub-083,SFD,0.13014377141912684
El espejo,sub-091,sub-065,SFD,0.16743538093717977
El espejo,sub-091,sub-077,SFD,0.07804094531629026
El espejo,sub-091,sub-039,SFD,0.13400725138795752
El espejo,sub-091,sub-053,SFD,-0.005945943638811912
El espejo,sub-091,sub-075,SFD,0.08676686435243644
El espejo,sub-091,sub-060,SFD,0.2410223095827311
El espejo,sub-091,sub-103,SFD,0.10448143832171769
El espejo,sub-091,sub-105,SFD,0.16988663191077524
El espejo,sub-091,sub-064,SFD,0.12926673730812113
El espejo,sub-091,sub-010,SFD,0.029108219906317283
El espejo,sub-091,sub-034,SFD,0.11625106783803293
El espejo,sub-091,sub-002,SFD,0.16521417264736468
El espejo,sub-091,sub-085,SFD,0.15428850786863602
El espejo,sub-091,sub-021,SFD,0.04474453888227517
El espejo,sub-091,sub-096,SFD,0.24485385904714493
El espejo,sub-091,sub-027,SFD,0.1272418730882674
El espejo,sub-091,sub-006,SFD,0.2036837833466232
El espejo,sub-091,sub-066,SFD,0.24369665862119855
El espejo,sub-091,sub-101,SFD,0.0819068713004852
El espejo,sub-091,sub-042,SFD,0.18913861863917034
El espejo,sub-091,sub-003,SFD,0.200813488052014
El espejo,sub-091,sub-107,SFD,0.21643825247183746
El espejo,sub-091,sub-098,SFD,0.14361360222759226
El espejo,sub-091,sub-086,SFD,0.02297042613649037
El espejo,sub-091,sub-013,SFD,0.12542330105953284
El espejo,sub-091,sub-068,SFD,0.2526989982835277
El espejo,sub-083,sub-067,SFD,0.21693680673284166
El espejo,sub-083,sub-054,SFD,-0.01840966173450293
El espejo,sub-083,sub-078,SFD,0.1345613183472123
El espejo,sub-083,sub-046,SFD,0.14425123656610866
El espejo,sub-083,sub-097,SFD,0.13782567617171929
El espejo,sub-083,sub-079,SFD,0.19706678875252642
El espejo,sub-083,sub-028,SFD,0.12880304677101428
El espejo,sub-083,sub-089,SFD,0.181655435260963
El espejo,sub-083,sub-109,SFD,0.2960281910348997
El espejo,sub-083,sub-070,SFD,0.06843715775635613
El espejo,sub-083,sub-111,SFD,0.09980140506445576
El espejo,sub-083,sub-073,SFD,0.09850106630811732
El espejo,sub-083,sub-001,SFD,0.13395877050359192
El espejo,sub-083,sub-095,SFD,0.0706373223420468
El espejo,sub-083,sub-012,SFD,0.11046180952397038
El espejo,sub-083,sub-052,SFD,0.1549204530175803
El espejo,sub-083,sub-094,SFD,0.12057352320161517
El espejo,sub-083,sub-088,SFD,0.014176611634682892
El espejo,sub-083,sub-044,SFD,0.15531993562642954
El espejo,sub-083,sub-009,SFD,0.10151799460798212
El espejo,sub-083,sub-041,SFD,0.15202293524596458
El espejo,sub-083,sub-024,SFD,-0.040650869500358004
El espejo,sub-083,sub-016,SFD,0.06815702135578619
El espejo,sub-083,sub-112,SFD,0.1777146900028173
El espejo,sub-083,sub-058,SFD,0.19947640012172077
El espejo,sub-083,sub-018,SFD,0.056074749780397434
El espejo,sub-083,sub-048,SFD,0.084688093007366
El espejo,sub-083,sub-087,SFD,0.14411642834389563
El espejo,sub-083,sub-091,SFD,0.13014377141912686
El espejo,sub-083,sub-083,SFD,0.9999999999999998
El espejo,sub-083,sub-065,SFD,0.09676059891525843
El espejo,sub-083,sub-077,SFD,0.12373070168532173
El espejo,sub-083,sub-039,SFD,0.09575089643035234
El espejo,sub-083,sub-053,SFD,0.0018800937025824525
El espejo,sub-083,sub-075,SFD,0.024239868239095196
El espejo,sub-083,sub-060,SFD,0.18547018395719614
El espejo,sub-083,sub-103,SFD,0.1589392323903941
El espejo,sub-083,sub-105,SFD,0.12659546261691193
El espejo,sub-083,sub-064,SFD,0.16330813617148232
El espejo,sub-083,sub-010,SFD,0.004220230650175618
El espejo,sub-083,sub-034,SFD,0.11040371467860947
El espejo,sub-083,sub-002,SFD,0.09231278750471505
El espejo,sub-083,sub-085,SFD,0.16384094706262134
El espejo,sub-083,sub-021,SFD,0.034593189829995694
El espejo,sub-083,sub-096,SFD,0.24222042129605664
El espejo,sub-083,sub-027,SFD,0.08323971700029921
El espejo,sub-083,sub-006,SFD,0.08292996790768728
El espejo,sub-083,sub-066,SFD,0.13034036060264495
El espejo,sub-083,sub-101,SFD,0.011154210642808011
El espejo,sub-083,sub-042,SFD,0.17267909761693845
El espejo,sub-083,sub-003,SFD,0.19747230894774068
El espejo,sub-083,sub-107,SFD,0.132374793757104
El espejo,sub-083,sub-098,SFD,0.16065717711150412
El espejo,sub-083,sub-086,SFD,0.07109351813043292
El espejo,sub-083,sub-013,SFD,0.08374599679917888
El espejo,sub-083,sub-068,SFD,0.2314679831777348
El espejo,sub-065,sub-067,SFD,0.16840539362199725
El espejo,sub-065,sub-054,SFD,0.07623980514060247
El espejo,sub-065,sub-078,SFD,0.12363530398787324
El espejo,sub-065,sub-046,SFD,0.11446083002439844
El espejo,sub-065,sub-097,SFD,0.11890967421540602
El espejo,sub-065,sub-079,SFD,0.1679459935963523
El espejo,sub-065,sub-028,SFD,0.10092960570442584
El espejo,sub-065,sub-089,SFD,0.19644339874387612
El espejo,sub-065,sub-109,SFD,0.27467417215547835
El espejo,sub-065,sub-070,SFD,-0.0015937101837859916
El espejo,sub-065,sub-111,SFD,0.11215365741002604
El espejo,sub-065,sub-073,SFD,0.08700596757990305
El espejo,sub-065,sub-001,SFD,0.10190062071256631
El espejo,sub-065,sub-095,SFD,0.12358192767147336
El espejo,sub-065,sub-012,SFD,0.04577533465177182
El espejo,sub-065,sub-052,SFD,0.09539640914840736
El espejo,sub-065,sub-094,SFD,0.0714889556384151
El espejo,sub-065,sub-088,SFD,0.04526906400999247
El espejo,sub-065,sub-044,SFD,0.3063107538550877
El espejo,sub-065,sub-009,SFD,0.11527376740415378
El espejo,sub-065,sub-041,SFD,0.1956839188425556
El espejo,sub-065,sub-024,SFD,0.04900526793858984
El espejo,sub-065,sub-016,SFD,0.10267906842001615
El espejo,sub-065,sub-112,SFD,0.17099510919497438
El espejo,sub-065,sub-058,SFD,0.1589577534221761
El espejo,sub-065,sub-018,SFD,0.09785116132558418
El espejo,sub-065,sub-048,SFD,0.1136922234938897
El espejo,sub-065,sub-087,SFD,0.16364381565130165
El espejo,sub-065,sub-091,SFD,0.16743538093717977
El espejo,sub-065,sub-083,SFD,0.09676059891525843
El espejo,sub-065,sub-065,SFD,1.0
El espejo,sub-065,sub-077,SFD,0.11796770258586221
El espejo,sub-065,sub-039,SFD,0.18887332742217164
El espejo,sub-065,sub-053,SFD,-0.016142381864670853
El espejo,sub-065,sub-075,SFD,0.09239407392880356
El espejo,sub-065,sub-060,SFD,0.15780237048125656
El espejo,sub-065,sub-103,SFD,0.0982697268505439
El espejo,sub-065,sub-105,SFD,0.07554701511232452
El espejo,sub-065,sub-064,SFD,0.04987857344371727
El espejo,sub-065,sub-010,SFD,0.02670209343914844
El espejo,sub-065,sub-034,SFD,0.13349753349609372
El espejo,sub-065,sub-002,SFD,0.1946963214972472
El espejo,sub-065,sub-085,SFD,0.08064759669058467
El espejo,sub-065,sub-021,SFD,0.04347235406602063
El espejo,sub-065,sub-096,SFD,0.22586965228881734
El espejo,sub-065,sub-027,SFD,0.16556794526995702
El espejo,sub-065,sub-006,SFD,0.11858879188226817
El espejo,sub-065,sub-066,SFD,0.14089062124206547
El espejo,sub-065,sub-101,SFD,0.13069681452644255
El espejo,sub-065,sub-042,SFD,0.21807822200647053
El espejo,sub-065,sub-003,SFD,0.21522175810049646
El espejo,sub-065,sub-107,SFD,0.1276812106093613
El espejo,sub-065,sub-098,SFD,0.10963123839310186
El espejo,sub-065,sub-086,SFD,0.022614543240263813
El espejo,sub-065,sub-013,SFD,0.12048846109981777
El espejo,sub-065,sub-068,SFD,0.2195940291517196
El espejo,sub-077,sub-067,SFD,0.08001746107179818
El espejo,sub-077,sub-054,SFD,0.0171522791055872
El espejo,sub-077,sub-078,SFD,0.07985443485164156
El espejo,sub-077,sub-046,SFD,0.029245286881908104
El espejo,sub-077,sub-097,SFD,0.07396919460222551
El espejo,sub-077,sub-079,SFD,0.18172946556162245
El espejo,sub-077,sub-028,SFD,0.056838629415245964
El espejo,sub-077,sub-089,SFD,0.08503239007329522
El espejo,sub-077,sub-109,SFD,0.09295053694208028
El espejo,sub-077,sub-070,SFD,0.01383510950567914
El espejo,sub-077,sub-111,SFD,0.0020145705242060855
El espejo,sub-077,sub-073,SFD,0.05274426201124742
El espejo,sub-077,sub-001,SFD,-0.015358315937995737
El espejo,sub-077,sub-095,SFD,0.06329971081646263
El espejo,sub-077,sub-012,SFD,0.05426471585476805
El espejo,sub-077,sub-052,SFD,0.07854627235705415
El espejo,sub-077,sub-094,SFD,0.08543801829041953
El espejo,sub-077,sub-088,SFD,0.001591752962544849
El espejo,sub-077,sub-044,SFD,0.10996348892441153
El espejo,sub-077,sub-009,SFD,0.02428138187279057
El espejo,sub-077,sub-041,SFD,0.06705528245134894
El espejo,sub-077,sub-024,SFD,0.029261487559783042
El espejo,sub-077,sub-016,SFD,0.06162420111747041
El espejo,sub-077,sub-112,SFD,0.11719302472872374
El espejo,sub-077,sub-058,SFD,0.08469046096686474
El espejo,sub-077,sub-018,SFD,0.05249956362032943
El espejo,sub-077,sub-048,SFD,0.07779786771822932
El espejo,sub-077,sub-087,SFD,0.03761651298530738
El espejo,sub-077,sub-091,SFD,0.07804094531629027
El espejo,sub-077,sub-083,SFD,0.12373070168532174
El espejo,sub-077,sub-065,SFD,0.1179677025858622
El espejo,sub-077,sub-077,SFD,1.0
El espejo,sub-077,sub-039,SFD,0.010381260043705574
El espejo,sub-077,sub-053,SFD,-0.061575256987615457
El espejo,sub-077,sub-075,SFD,0.028370254345402256
El espejo,sub-077,sub-060,SFD,0.14178696979738364
El espejo,sub-077,sub-103,SFD,-0.06346923362550946
El espejo,sub-077,sub-105,SFD,0.12308528630079321
El espejo,sub-077,sub-064,SFD,-0.02114607989764647
El espejo,sub-077,sub-010,SFD,-0.04861298200536145
El espejo,sub-077,sub-034,SFD,0.05535881172211546
El espejo,sub-077,sub-002,SFD,-0.0611740650008233
El espejo,sub-077,sub-085,SFD,0.037356686186587794
El espejo,sub-077,sub-021,SFD,0.01789885520124202
El espejo,sub-077,sub-096,SFD,0.11127248079435134
El espejo,sub-077,sub-027,SFD,0.040228803481606165
El espejo,sub-077,sub-006,SFD,0.0628577788334989
El espejo,sub-077,sub-066,SFD,0.019200256678359822
El espejo,sub-077,sub-101,SFD,0.038478957079027265
El espejo,sub-077,sub-042,SFD,0.0625474565217054
El espejo,sub-077,sub-003,SFD,0.03642335647721983
El espejo,sub-077,sub-107,SFD,0.039647149636067
El espejo,sub-077,sub-098,SFD,0.07654369473296982
El espejo,sub-077,sub-086,SFD,0.01853961799559632
El espejo,sub-077,sub-013,SFD,0.05885211019755817
El espejo,sub-077,sub-068,SFD,0.03904742664341835
El espejo,sub-039,sub-067,SFD,0.068516802889337
El espejo,sub-039,sub-054,SFD,0.0342496909998163
El espejo,sub-039,sub-078,SFD,0.11526494207110768
El espejo,sub-039,sub-046,SFD,0.1236173600982894
El espejo,sub-039,sub-097,SFD,0.07956643323276834
El espejo,sub-039,sub-079,SFD,0.11826269995248519
El espejo,sub-039,sub-028,SFD,0.07624586260940919
El espejo,sub-039,sub-089,SFD,0.185633035565912
El espejo,sub-039,sub-109,SFD,0.13686892597036393
El espejo,sub-039,sub-070,SFD,-0.014275599691784976
El espejo,sub-039,sub-111,SFD,0.13997585174608343
El espejo,sub-039,sub-073,SFD,0.019855891871137045
El espejo,sub-039,sub-001,SFD,0.043800799552471625
El espejo,sub-039,sub-095,SFD,0.015547624032084519
El espejo,sub-039,sub-012,SFD,0.09710645110834695
El espejo,sub-039,sub-052,SFD,0.04904871272446575
El espejo,sub-039,sub-094,SFD,0.030828958935623863
El espejo,sub-039,sub-088,SFD,0.04216037670321766
El espejo,sub-039,sub-044,SFD,0.2456170892481863
El espejo,sub-039,sub-009,SFD,0.16863173459636305
El espejo,sub-039,sub-041,SFD,0.10130580459321212
El espejo,sub-039,sub-024,SFD,-0.021612031606854844
El espejo,sub-039,sub-016,SFD,-0.03407199973996826
El espejo,sub-039,sub-112,SFD,0.15491838547531414
El espejo,sub-039,sub-058,SFD,0.07762122482004685
El espejo,sub-039,sub-018,SFD,0.08166530217707121
El espejo,sub-039,sub-048,SFD,0.07291016501300313
El espejo,sub-039,sub-087,SFD,0.027167737582310437
El espejo,sub-039,sub-091,SFD,0.13400725138795755
El espejo,sub-039,sub-083,SFD,0.09575089643035234
El espejo,sub-039,sub-065,SFD,0.18887332742217164
El espejo,sub-039,sub-077,SFD,0.010381260043705574
El espejo,sub-039,sub-039,SFD,1.0
El espejo,sub-039,sub-053,SFD,-0.06831183354895562
El espejo,sub-039,sub-075,SFD,-0.017044659023515027
El espejo,sub-039,sub-060,SFD,0.10522111491932093
El espejo,sub-039,sub-103,SFD,0.1420497522772104
El espejo,sub-039,sub-105,SFD,0.04194518228443993
El espejo,sub-039,sub-064,SFD,0.0011310064630794207
El espejo,sub-039,sub-010,SFD,-0.014424543610731503
El espejo,sub-039,sub-034,SFD,0.03447925616345841
El espejo,sub-039,sub-002,SFD,0.12695950940050882
El espejo,sub-039,sub-085,SFD,0.09746060636517716
El espejo,sub-039,sub-021,SFD,0.17210203174632427
El espejo,sub-039,sub-096,SFD,0.17197492375739032
El espejo,sub-039,sub-027,SFD,0.20674493764915883
El espejo,sub-039,sub-006,SFD,0.05317865801617592
El espejo,sub-039,sub-066,SFD,0.10541390112545018
El espejo,sub-039,sub-101,SFD,0.013427575864756174
El espejo,sub-039,sub-042,SFD,0.15987443137851937
El espejo,sub-039,sub-003,SFD,0.13382959785261858
El espejo,sub-039,sub-107,SFD,0.13588887246681744
El espejo,sub-039,sub-098,SFD,-0.019758816048169776
El espejo,sub-039,sub-086,SFD,0.022117833039953218
El espejo,sub-039,sub-013,SFD,-0.039877991138283234
El espejo,sub-039,sub-068,SFD,0.13861559237101684
El espejo,sub-053,sub-067,SFD,0.004317317914642702
El espejo,sub-053,sub-054,SFD,0.07261733062511912
El espejo,sub-053,sub-078,SFD,-0.011503220228733308
El espejo,sub-053,sub-046,SFD,-0.03222347743762092
El espejo,sub-053,sub-097,SFD,-0.009924697123047591
El espejo,sub-053,sub-079,SFD,0.021175841310003322
El espejo,sub-053,sub-028,SFD,0.022289443358719303
El espejo,sub-053,sub-089,SFD,-0.011850628530811837
El espejo,sub-053,sub-109,SFD,0.01784450936625197
El espejo,sub-053,sub-070,SFD,0.08244780380173668
El espejo,sub-053,sub-111,SFD,0.05930693459522079
El espejo,sub-053,sub-073,SFD,-0.06910582800016857
El espejo,sub-053,sub-001,SFD,0.001892808809863055
El espejo,sub-053,sub-095,SFD,0.03727303306213051
El espejo,sub-053,sub-012,SFD,0.002596040012424804
El espejo,sub-053,sub-052,SFD,-0.01801833369426092
El espejo,sub-053,sub-094,SFD,0.06625382772813485
El espejo,sub-053,sub-088,SFD,-0.04798057763977233
El espejo,sub-053,sub-044,SFD,-0.018343749114539645
El espejo,sub-053,sub-009,SFD,-0.03177870798717812
El espejo,sub-053,sub-041,SFD,0.00017834401684274442
El espejo,sub-053,sub-024,SFD,0.11201869250431988
El espejo,sub-053,sub-016,SFD,0.08790997465945782
El espejo,sub-053,sub-112,SFD,-0.04992002485908446
El espejo,sub-053,sub-058,SFD,0.012520863212560048
El espejo,sub-053,sub-018,SFD,0.029019542684264557
El espejo,sub-053,sub-048,SFD,0.08400460184069582
El espejo,sub-053,sub-087,SFD,-0.008410961985764742
El espejo,sub-053,sub-091,SFD,-0.005945943638811911
El espejo,sub-053,sub-083,SFD,0.0018800937025824523
El espejo,sub-053,sub-065,SFD,-0.016142381864670853
El espejo,sub-053,sub-077,SFD,-0.06157525698761545
El espejo,sub-053,sub-039,SFD,-0.0683118335489556
El espejo,sub-053,sub-053,SFD,1.0
El espejo,sub-053,sub-075,SFD,0.11140544518477531
El espejo,sub-053,sub-060,SFD,-0.024398851129593408
El espejo,sub-053,sub-103,SFD,0.07138898429232886
El espejo,sub-053,sub-105,SFD,0.09925099502354881
El espejo,sub-053,sub-064,SFD,0.12094868357367893
El espejo,sub-053,sub-010,SFD,0.053832817090570625
El espejo,sub-053,sub-034,SFD,0.08966909351077405
El espejo,sub-053,sub-002,SFD,0.026145814865358597
El espejo,sub-053,sub-085,SFD,-0.04062910411841832
El espejo,sub-053,sub-021,SFD,-0.004113370178011461
El espejo,sub-053,sub-096,SFD,0.0125993673678891
El espejo,sub-053,sub-027,SFD,0.0011281492977846994
El espejo,sub-053,sub-006,SFD,-0.04813162252923792
El espejo,sub-053,sub-066,SFD,-0.01916235411551454
El espejo,sub-053,sub-101,SFD,0.07366058726312422
El espejo,sub-053,sub-042,SFD,-0.03837329498571391
El espejo,sub-053,sub-003,SFD,-0.0195338013314268
El espejo,sub-053,sub-107,SFD,0.04456839935210066
El espejo,sub-053,sub-098,SFD,0.09476424810460246
El espejo,sub-053,sub-086,SFD,0.1416207191016607
El espejo,sub-053,sub-013,SFD,0.02651149631070302
El espejo,sub-053,sub-068,SFD,0.055269377464350566
El espejo,sub-075,sub-067,SFD,0.12872772963792276
El espejo,sub-075,sub-054,SFD,0.03718805862278881
El espejo,sub-075,sub-078,SFD,0.12784330065084004
El espejo,sub-075,sub-046,SFD,0.11499034945676165
El espejo,sub-075,sub-097,SFD,0.03632802516774546
El espejo,sub-075,sub-079,SFD,0.05431767549552799
El espejo,sub-075,sub-028,SFD,0.061140622059902304
El espejo,sub-075,sub-089,SFD,0.08978711140727509
El espejo,sub-075,sub-109,SFD,0.10645449618964292
El espejo,sub-075,sub-070,SFD,0.1278475783428459
El espejo,sub-075,sub-111,SFD,0.1184741264867082
El espejo,sub-075,sub-073,SFD,0.07473587101245165
El espejo,sub-075,sub-001,SFD,0.053578704616997305
El espejo,sub-075,sub-095,SFD,0.033476911050443384
El espejo,sub-075,sub-012,SFD,0.019931420949399387
El espejo,sub-075,sub-052,SFD,0.13166786268365507
El espejo,sub-075,sub-094,SFD,0.07735975995208626
El espejo,sub-075,sub-088,SFD,-0.026360031076957183
El espejo,sub-075,sub-044,SFD,0.15343622555444647
El espejo,sub-075,sub-009,SFD,0.09984264818662474
El espejo,sub-075,sub-041,SFD,0.08172620394422819
El espejo,sub-075,sub-024,SFD,0.07576285620705765
El espejo,sub-075,sub-016,SFD,0.053527562587043526
El espejo,sub-075,sub-112,SFD,0.09784216481954133
El espejo,sub-075,sub-058,SFD,0.013406367098596429
El espejo,sub-075,sub-018,SFD,0.21162502610143685
El espejo,sub-075,sub-048,SFD,0.24567665905672256
El espejo,sub-075,sub-087,SFD,0.007394696181909587
El espejo,sub-075,sub-091,SFD,0.08676686435243644
El espejo,sub-075,sub-083,SFD,0.024239868239095196
El espejo,sub-075,sub-065,SFD,0.09239407392880356
El espejo,sub-075,sub-077,SFD,0.028370254345402256
El espejo,sub-075,sub-039,SFD,-0.017044659023515023
El espejo,sub-075,sub-053,SFD,0.11140544518477531
El espejo,sub-075,sub-075,SFD,1.0
El espejo,sub-075,sub-060,SFD,0.11090100199467731
El espejo,sub-075,sub-103,SFD,0.1124812837807638
El espejo,sub-075,sub-105,SFD,0.062243262673695295
El espejo,sub-075,sub-064,SFD,0.045043769556164535
El espejo,sub-075,sub-010,SFD,0.06842578206599038
El espejo,sub-075,sub-034,SFD,0.08622464065669971
El espejo,sub-075,sub-002,SFD,0.09328579753139328
El espejo,sub-075,sub-085,SFD,0.057608771362513765
El espejo,sub-075,sub-021,SFD,0.0348406557550901
El espejo,sub-075,sub-096,SFD,0.07920525608499712
El espejo,sub-075,sub-027,SFD,0.05665985220648858
El espejo,sub-075,sub-006,SFD,0.05999490007552755
El espejo,sub-075,sub-066,SFD,0.05235535569131664
El espejo,sub-075,sub-101,SFD,0.09494516210371157
El espejo,sub-075,sub-042,SFD,0.09640596919251546
El espejo,sub-075,sub-003,SFD,0.12481592094686406
El espejo,sub-075,sub-107,SFD,0.07162996253631379
El espejo,sub-075,sub-098,SFD,0.043763122952858544
El espejo,sub-075,sub-086,SFD,0.03724171728253572
El espejo,sub-075,sub-013,SFD,0.1844135622391975
El espejo,sub-075,sub-068,SFD,0.15770715710974623
El espejo,sub-060,sub-067,SFD,0.10563804618424467
El espejo,sub-060,sub-054,SFD,0.06584639790493867
El espejo,sub-060,sub-078,SFD,0.1885690692782321
El espejo,sub-060,sub-046,SFD,0.13034453391964546
El espejo,sub-060,sub-097,SFD,0.08268115999552399
El espejo,sub-060,sub-079,SFD,0.17054127838366423
El espejo,sub-060,sub-028,SFD,0.1922402786415656
El espejo,sub-060,sub-089,SFD,0.18577232130372173
El espejo,sub-060,sub-109,SFD,0.21881596636444012
El espejo,sub-060,sub-070,SFD,-0.0197340196766076
El espejo,sub-060,sub-111,SFD,0.11301199694278946
El espejo,sub-060,sub-073,SFD,0.1545994149943712
El espejo,sub-060,sub-001,SFD,0.04992263032027323
El espejo,sub-060,sub-095,SFD,0.14424768092946924
El espejo,sub-060,sub-012,SFD,0.08894399709244444
El espejo,sub-060,sub-052,SFD,0.14490420586493638
El espejo,sub-060,sub-094,SFD,0.1255264064138662
El espejo,sub-060,sub-088,SFD,0.10406491903102387
El espejo,sub-060,sub-044,SFD,0.23004651185347488
El espejo,sub-060,sub-009,SFD,0.15464340373998642
El espejo,sub-060,sub-041,SFD,0.19276600835148472
El espejo,sub-060,sub-024,SFD,0.005247622274935869
El espejo,sub-060,sub-016,SFD,0.010508634988907526
El espejo,sub-060,sub-112,SFD,0.20895269878553158
El espejo,sub-060,sub-058,SFD,0.21465232679154583
El espejo,sub-060,sub-018,SFD,0.08237821312837508
El espejo,sub-060,sub-048,SFD,0.08328311229705151
El espejo,sub-060,sub-087,SFD,0.14203111592282616
El espejo,sub-060,sub-091,SFD,0.24102230958273108
El espejo,sub-060,sub-083,SFD,0.18547018395719617
El espejo,sub-060,sub-065,SFD,0.15780237048125656
El espejo,sub-060,sub-077,SFD,0.14178696979738364
El espejo,sub-060,sub-039,SFD,0.10522111491932093
El espejo,sub-060,sub-053,SFD,-0.024398851129593408
El espejo,sub-060,sub-075,SFD,0.11090100199467731
El espejo,sub-060,sub-060,SFD,0.9999999999999998
El espejo,sub-060,sub-103,SFD,0.12690365575710466
El espejo,sub-060,sub-105,SFD,0.08613102035317313
El espejo,sub-060,sub-064,SFD,0.0819980820932674
El espejo,sub-060,sub-010,SFD,0.1155602205643085
El espejo,sub-060,sub-034,SFD,0.1453988169959549
El espejo,sub-060,sub-002,SFD,0.0905735867684689
El espejo,sub-060,sub-085,SFD,0.1791936961425576
El espejo,sub-060,sub-021,SFD,0.048046234480387154
El espejo,sub-060,sub-096,SFD,0.1933986608268083
El espejo,sub-060,sub-027,SFD,0.09774072934970325
El espejo,sub-060,sub-006,SFD,0.20557378468084778
El espejo,sub-060,sub-066,SFD,0.21489285584382678
El espejo,sub-060,sub-101,SFD,0.12819188422704966
El espejo,sub-060,sub-042,SFD,0.17515371944270952
El espejo,sub-060,sub-003,SFD,0.18638326822418408
El espejo,sub-060,sub-107,SFD,0.1597551631490991
El espejo,sub-060,sub-098,SFD,0.12474463730503799
El espejo,sub-060,sub-086,SFD,0.06275880456619029
El espejo,sub-060,sub-013,SFD,0.11458951670253793
El espejo,sub-060,sub-068,SFD,0.16451548568629537
El espejo,sub-103,sub-067,SFD,0.030127691966985802
El espejo,sub-103,sub-054,SFD,-0.02311466166984832
El espejo,sub-103,sub-078,SFD,0.1440036274659806
El espejo,sub-103,sub-046,SFD,0.055080724344228636
El espejo,sub-103,sub-097,SFD,0.033287726799372724
El espejo,sub-103,sub-079,SFD,0.12086644161694553
El espejo,sub-103,sub-028,SFD,0.09292251422494104
El espejo,sub-103,sub-089,SFD,0.206932926889807
El espejo,sub-103,sub-109,SFD,0.17238230840449723
El espejo,sub-103,sub-070,SFD,0.10374025930462918
El espejo,sub-103,sub-111,SFD,0.16384698832714717
El espejo,sub-103,sub-073,SFD,0.058324541921221704
El espejo,sub-103,sub-001,SFD,0.09658442366961376
El espejo,sub-103,sub-095,SFD,0.12937874720283593
El espejo,sub-103,sub-012,SFD,0.05592134194357637
El espejo,sub-103,sub-052,SFD,0.11439462616757146
El espejo,sub-103,sub-094,SFD,0.1496516378584652
El espejo,sub-103,sub-088,SFD,-0.044581715900750066
El espejo,sub-103,sub-044,SFD,0.20120766433210896
El espejo,sub-103,sub-009,SFD,0.12722482019025483
El espejo,sub-103,sub-041,SFD,0.1331817085275975
El espejo,sub-103,sub-024,SFD,0.06532535660768635
El espejo,sub-103,sub-016,SFD,0.045825220059734495
El espejo,sub-103,sub-112,SFD,0.15419919496168877
El espejo,sub-103,sub-058,SFD,0.1664213323451387
El espejo,sub-103,sub-018,SFD,0.13363019942811055
El espejo,sub-103,sub-048,SFD,0.16693965014219253
El espejo,sub-103,sub-087,SFD,0.059309685005094474
El espejo,sub-103,sub-091,SFD,0.10448143832171768
El espejo,sub-103,sub-083,SFD,0.1589392323903941
El espejo,sub-103,sub-065,SFD,0.0982697268505439
El espejo,sub-103,sub-077,SFD,-0.06346923362550946
El espejo,sub-103,sub-039,SFD,0.1420497522772104
El espejo,sub-103,sub-053,SFD,0.07138898429232886
El espejo,sub-103,sub-075,SFD,0.1124812837807638
El espejo,sub-103,sub-060,SFD,0.12690365575710466
El espejo,sub-103,sub-103,SFD,1.0
El espejo,sub-103,sub-105,SFD,0.08501183094722607
El espejo,sub-103,sub-064,SFD,0.1071847337061278
El espejo,sub-103,sub-010,SFD,0.07026077536028104
El espejo,sub-103,sub-034,SFD,0.09507819564680738
El espejo,sub-103,sub-002,SFD,0.1259444763877605
El espejo,sub-103,sub-085,SFD,0.06951271708402644
El espejo,sub-103,sub-021,SFD,0.1085023493688281
El espejo,sub-103,sub-096,SFD,0.18262499657614353
El espejo,sub-103,sub-027,SFD,0.14499606068222537
El espejo,sub-103,sub-006,SFD,0.0757574619601218
El espejo,sub-103,sub-066,SFD,0.10452213465066354
El espejo,sub-103,sub-101,SFD,0.06404737144602488
El espejo,sub-103,sub-042,SFD,0.15640526585409292
El espejo,sub-103,sub-003,SFD,0.1217875450445262
El espejo,sub-103,sub-107,SFD,0.0860284061263759
El espejo,sub-103,sub-098,SFD,0.0775037766690536
El espejo,sub-103,sub-086,SFD,0.044085206930440074
El espejo,sub-103,sub-013,SFD,0.16941848526988043
El espejo,sub-103,sub-068,SFD,0.17901704398250498
El espejo,sub-105,sub-067,SFD,0.10998487338920694
El espejo,sub-105,sub-054,SFD,0.05883966562343201
El espejo,sub-105,sub-078,SFD,0.07092686462978767
El espejo,sub-105,sub-046,SFD,-0.0024529662209475758
El espejo,sub-105,sub-097,SFD,0.024815797536892656
El espejo,sub-105,sub-079,SFD,0.08266520140010085
El espejo,sub-105,sub-028,SFD,0.023619902891029446
El espejo,sub-105,sub-089,SFD,0.09946645734258869
El espejo,sub-105,sub-109,SFD,0.21519382903593648
El espejo,sub-105,sub-070,SFD,0.005385173967524735
El espejo,sub-105,sub-111,SFD,0.045834041228393574
El espejo,sub-105,sub-073,SFD,0.06428316114754196
El espejo,sub-105,sub-001,SFD,0.04063745221498313
El espejo,sub-105,sub-095,SFD,0.0564445443944756
El espejo,sub-105,sub-012,SFD,0.02541177271241712
El espejo,sub-105,sub-052,SFD,0.0713220011504744
El espejo,sub-105,sub-094,SFD,0.03997655363083234
El espejo,sub-105,sub-088,SFD,0.030204169454461655
El espejo,sub-105,sub-044,SFD,0.1419866518445476
El espejo,sub-105,sub-009,SFD,0.04075928582437552
El espejo,sub-105,sub-041,SFD,0.05013115690938241
El espejo,sub-105,sub-024,SFD,0.04401517973895923
El espejo,sub-105,sub-016,SFD,0.008830923467681804
El espejo,sub-105,sub-112,SFD,0.17094018829970484
El espejo,sub-105,sub-058,SFD,0.14376427936641495
El espejo,sub-105,sub-018,SFD,0.10889611245675304
El espejo,sub-105,sub-048,SFD,0.1503511354356851
El espejo,sub-105,sub-087,SFD,0.05255245950063088
El espejo,sub-105,sub-091,SFD,0.16988663191077524
El espejo,sub-105,sub-083,SFD,0.12659546261691193
El espejo,sub-105,sub-065,SFD,0.07554701511232452
El espejo,sub-105,sub-077,SFD,0.12308528630079321
El espejo,sub-105,sub-039,SFD,0.04194518228443992
El espejo,sub-105,sub-053,SFD,0.0992509950235488
El espejo,sub-105,sub-075,SFD,0.0622432626736953
El espejo,sub-105,sub-060,SFD,0.08613102035317313
El espejo,sub-105,sub-103,SFD,0.08501183094722607
El espejo,sub-105,sub-105,SFD,1.0
El espejo,sub-105,sub-064,SFD,0.13057308914736032
El espejo,sub-105,sub-010,SFD,-0.019191443532620308
El espejo,sub-105,sub-034,SFD,0.1440606058055989
El espejo,sub-105,sub-002,SFD,0.10572647415367481
El espejo,sub-105,sub-085,SFD,0.08881438529894103
El espejo,sub-105,sub-021,SFD,0.026020728284218173
El espejo,sub-105,sub-096,SFD,0.06282244682795997
El espejo,sub-105,sub-027,SFD,0.03837253727970068
El espejo,sub-105,sub-006,SFD,0.05459023125426733
El espejo,sub-105,sub-066,SFD,0.07376830047510487
El espejo,sub-105,sub-101,SFD,0.04721981681228579
El espejo,sub-105,sub-042,SFD,0.06626407271521224
El espejo,sub-105,sub-003,SFD,0.1362504814866074
El espejo,sub-105,sub-107,SFD,0.03917591991261102
El espejo,sub-105,sub-098,SFD,0.10493891334328065
El espejo,sub-105,sub-086,SFD,0.018344045502759816
El espejo,sub-105,sub-013,SFD,0.09018822142713262
El espejo,sub-105,sub-068,SFD,0.1984147572369842
El espejo,sub-064,sub-067,SFD,0.12028782722162862
El espejo,sub-064,sub-054,SFD,0.06802157494955112
El espejo,sub-064,sub-078,SFD,0.11008772348860409
El espejo,sub-064,sub-046,SFD,0.08239914073142694
El espejo,sub-064,sub-097,SFD,0.030703048884893922
El espejo,sub-064,sub-079,SFD,0.0602288518860971
El espejo,sub-064,sub-028,SFD,0.08357412868787105
El espejo,sub-064,sub-089,SFD,0.09526591701323912
El espejo,sub-064,sub-109,SFD,0.12060929716156232
El espejo,sub-064,sub-070,SFD,0.04452316492576345
El espejo,sub-064,sub-111,SFD,0.06960300625407588
El espejo,sub-064,sub-073,SFD,0.023615489041881446
El espejo,sub-064,sub-001,SFD,0.05567466131762205
El espejo,sub-064,sub-095,SFD,0.07913252575338875
El espejo,sub-064,sub-012,SFD,0.05622188402451826
El espejo,sub-064,sub-052,SFD,0.051411392846773415
El espejo,sub-064,sub-094,SFD,0.14333760877799226
El espejo,sub-064,sub-088,SFD,-0.005641320485797844
El espejo,sub-064,sub-044,SFD,0.13464583193229082
El espejo,sub-064,sub-009,SFD,0.09591730282305656
El espejo,sub-064,sub-041,SFD,0.05441678280596787
El espejo,sub-064,sub-024,SFD,0.06559646501856647
El espejo,sub-064,sub-016,SFD,0.026946679027788717
El espejo,sub-064,sub-112,SFD,0.011607278977449408
El espejo,sub-064,sub-058,SFD,0.11237801206291688
El espejo,sub-064,sub-018,SFD,0.08185077343711605
El espejo,sub-064,sub-048,SFD,0.14768506019462438
El espejo,sub-064,sub-087,SFD,0.048009320304615716
El espejo,sub-064,sub-091,SFD,0.12926673730812116
El espejo,sub-064,sub-083,SFD,0.16330813617148232
El espejo,sub-064,sub-065,SFD,0.04987857344371727
El espejo,sub-064,sub-077,SFD,-0.021146079897646473
El espejo,sub-064,sub-039,SFD,0.0011310064630794207
El espejo,sub-064,sub-053,SFD,0.12094868357367893
El espejo,sub-064,sub-075,SFD,0.045043769556164535
El espejo,sub-064,sub-060,SFD,0.0819980820932674
El espejo,sub-064,sub-103,SFD,0.1071847337061278
El espejo,sub-064,sub-105,SFD,0.13057308914736032
El espejo,sub-064,sub-064,SFD,1.0
El espejo,sub-064,sub-010,SFD,0.10759992108995503
El espejo,sub-064,sub-034,SFD,0.2062921453105131
El espejo,sub-064,sub-002,SFD,0.05960734207261172
El espejo,sub-064,sub-085,SFD,0.06433461263902747
El espejo,sub-064,sub-021,SFD,0.06524612463111949
El espejo,sub-064,sub-096,SFD,0.12746466510568813
El espejo,sub-064,sub-027,SFD,0.07176913287634142
El espejo,sub-064,sub-006,SFD,0.060973922833752026
El espejo,sub-064,sub-066,SFD,0.12097094566162926
El espejo,sub-064,sub-101,SFD,0.0814543724951462
El espejo,sub-064,sub-042,SFD,0.10881449257828997
El espejo,sub-064,sub-003,SFD,0.06770211653372878
El espejo,sub-064,sub-107,SFD,0.07731828297376568
El espejo,sub-064,sub-098,SFD,0.17922002015837235
El espejo,sub-064,sub-086,SFD,0.047559334643044515
El espejo,sub-064,sub-013,SFD,0.1484821203986839
El espejo,sub-064,sub-068,SFD,0.11961358983643236
El espejo,sub-010,sub-067,SFD,-0.0671013436658783
El espejo,sub-010,sub-054,SFD,0.03955177281962817
El espejo,sub-010,sub-078,SFD,0.06104758720386967
El espejo,sub-010,sub-046,SFD,0.0349623101257754
El espejo,sub-010,sub-097,SFD,-0.024189529238751038
El espejo,sub-010,sub-079,SFD,-0.016321126248315714
El espejo,sub-010,sub-028,SFD,0.04027778266975046
El espejo,sub-010,sub-089,SFD,0.015239119320507562
El espejo,sub-010,sub-109,SFD,0.05444967738977329
El espejo,sub-010,sub-070,SFD,-0.011232471175131046
El espejo,sub-010,sub-111,SFD,0.10188095008747804
El espejo,sub-010,sub-073,SFD,0.03257969760975813
El espejo,sub-010,sub-001,SFD,0.010792093566596958
El espejo,sub-010,sub-095,SFD,0.015293140710798228
El espejo,sub-010,sub-012,SFD,0.03231347035630758
El espejo,sub-010,sub-052,SFD,0.12348065620039932
El espejo,sub-010,sub-094,SFD,0.1200907178809813
El espejo,sub-010,sub-088,SFD,0.012096915623745472
El espejo,sub-010,sub-044,SFD,0.05540269438780515
El espejo,sub-010,sub-009,SFD,0.1260216145743705
El espejo,sub-010,sub-041,SFD,0.08707415697481022
El espejo,sub-010,sub-024,SFD,0.10614305577050366
El espejo,sub-010,sub-016,SFD,0.011826915748684177
El espejo,sub-010,sub-112,SFD,0.01433507520077794
El espejo,sub-010,sub-058,SFD,0.011400222487866913
El espejo,sub-010,sub-018,SFD,0.05156302765131212
El espejo,sub-010,sub-048,SFD,0.06542840956757578
El espejo,sub-010,sub-087,SFD,0.05369632059099091
El espejo,sub-010,sub-091,SFD,0.029108219906317283
El espejo,sub-010,sub-083,SFD,0.004220230650175618
El espejo,sub-010,sub-065,SFD,0.026702093439148443
El espejo,sub-010,sub-077,SFD,-0.04861298200536145
El espejo,sub-010,sub-039,SFD,-0.014424543610731502
El espejo,sub-010,sub-053,SFD,0.053832817090570625
El espejo,sub-010,sub-075,SFD,0.06842578206599038
El espejo,sub-010,sub-060,SFD,0.1155602205643085
El espejo,sub-010,sub-103,SFD,0.07026077536028104
El espejo,sub-010,sub-105,SFD,-0.019191443532620308
El espejo,sub-010,sub-064,SFD,0.10759992108995503
El espejo,sub-010,sub-010,SFD,0.9999999999999998
El espejo,sub-010,sub-034,SFD,0.11770277455437005
El espejo,sub-010,sub-002,SFD,-0.023606517046288234
El espejo,sub-010,sub-085,SFD,0.14383277586178958
El espejo,sub-010,sub-021,SFD,-0.020713656450721863
El espejo,sub-010,sub-096,SFD,0.046461265529284576
El espejo,sub-010,sub-027,SFD,0.03038398863420778
El espejo,sub-010,sub-006,SFD,-0.01863468571723653
El espejo,sub-010,sub-066,SFD,0.01897616381371337
El espejo,sub-010,sub-101,SFD,0.04600532331036571
El espejo,sub-010,sub-042,SFD,0.06716841767230476
El espejo,sub-010,sub-003,SFD,0.09897866017945232
El espejo,sub-010,sub-107,SFD,-0.032579898164854314
El espejo,sub-010,sub-098,SFD,0.04256663177721551
El espejo,sub-010,sub-086,SFD,0.1227217844163528
El espejo,sub-010,sub-013,SFD,0.08410594657150022
El espejo,sub-010,sub-068,SFD,0.04877484942001544
El espejo,sub-034,sub-067,SFD,0.1358711031179977
El espejo,sub-034,sub-054,SFD,0.13587691063239468
El espejo,sub-034,sub-078,SFD,0.14527875550221558
El espejo,sub-034,sub-046,SFD,0.08488903501282492
El espejo,sub-034,sub-097,SFD,0.07921159485163735
El espejo,sub-034,sub-079,SFD,0.06748696474216495
El espejo,sub-034,sub-028,SFD,0.1160838878946975
El espejo,sub-034,sub-089,SFD,0.14123746167305984
El espejo,sub-034,sub-109,SFD,0.2516159724706702
El espejo,sub-034,sub-070,SFD,0.03827173244585253
El espejo,sub-034,sub-111,SFD,0.05179294295856885
El espejo,sub-034,sub-073,SFD,0.07685084266687166
El espejo,sub-034,sub-001,SFD,0.05598714381430338
El espejo,sub-034,sub-095,SFD,0.08340708105387026
El espejo,sub-034,sub-012,SFD,0.0013443779216420581
El espejo,sub-034,sub-052,SFD,0.12002046142877752
El espejo,sub-034,sub-094,SFD,0.12830246803404283
El espejo,sub-034,sub-088,SFD,0.023649739223561728
El espejo,sub-034,sub-044,SFD,0.12855078366932482
El espejo,sub-034,sub-009,SFD,0.12354665335302646
El espejo,sub-034,sub-041,SFD,0.1572118105378809
El espejo,sub-034,sub-024,SFD,0.05921797743909102
El espejo,sub-034,sub-016,SFD,0.10304937346393486
El espejo,sub-034,sub-112,SFD,0.08465253249011476
El espejo,sub-034,sub-058,SFD,0.15058970869958918
El espejo,sub-034,sub-018,SFD,0.10330228998526166
El espejo,sub-034,sub-048,SFD,0.16812994281193583
El espejo,sub-034,sub-087,SFD,0.11898615497770144
El espejo,sub-034,sub-091,SFD,0.11625106783803292
El espejo,sub-034,sub-083,SFD,0.11040371467860949
El espejo,sub-034,sub-065,SFD,0.13349753349609375
El espejo,sub-034,sub-077,SFD,0.05535881172211545
El espejo,sub-034,sub-039,SFD,0.03447925616345841
El espejo,sub-034,sub-053,SFD,0.08966909351077405
El espejo,sub-034,sub-075,SFD,0.08622464065669971
El espejo,sub-034,sub-060,SFD,0.14539881699595486
El espejo,sub-034,sub-103,SFD,0.09507819564680738
El espejo,sub-034,sub-105,SFD,0.1440606058055989
El espejo,sub-034,sub-064,SFD,0.20629214531051307
El espejo,sub-034,sub-010,SFD,0.11770277455437006
El espejo,sub-034,sub-034,SFD,1.0
El espejo,sub-034,sub-002,SFD,0.09556804452770022
El espejo,sub-034,sub-085,SFD,0.11401250894777408
El espejo,sub-034,sub-021,SFD,0.04932071596676311
El espejo,sub-034,sub-096,SFD,0.22898822239963745
El espejo,sub-034,sub-027,SFD,0.01783324407742617
El espejo,sub-034,sub-006,SFD,0.15568660624033864
El espejo,sub-034,sub-066,SFD,0.10301243135755414
El espejo,sub-034,sub-101,SFD,0.16116787417546483
El espejo,sub-034,sub-042,SFD,0.12417351180338539
El espejo,sub-034,sub-003,SFD,0.16963585071714923
El espejo,sub-034,sub-107,SFD,0.13521303118017022
El espejo,sub-034,sub-098,SFD,0.21152603628014346
El espejo,sub-034,sub-086,SFD,0.03251953344922589
El espejo,sub-034,sub-013,SFD,0.1394724708624726
El espejo,sub-034,sub-068,SFD,0.19853738688532638
El espejo,sub-002,sub-067,SFD,0.1637619165911717
El espejo,sub-002,sub-054,SFD,-0.01641520669315838
El espejo,sub-002,sub-078,SFD,0.0734629729958115
El espejo,sub-002,sub-046,SFD,0.10275166491817733
El espejo,sub-002,sub-097,SFD,0.08484635082989045
El espejo,sub-002,sub-079,SFD,0.1511136604234459
El espejo,sub-002,sub-028,SFD,0.04895122281064594
El espejo,sub-002,sub-089,SFD,0.20700564610793146
El espejo,sub-002,sub-109,SFD,0.2140916018632624
El espejo,sub-002,sub-070,SFD,0.061841114702404124
El espejo,sub-002,sub-111,SFD,0.1177524005057055
El espejo,sub-002,sub-073,SFD,0.10195146682586666
El espejo,sub-002,sub-001,SFD,0.16006364568628906
El espejo,sub-002,sub-095,SFD,0.10400524406976243
El espejo,sub-002,sub-012,SFD,0.028780316264714206
El espejo,sub-002,sub-052,SFD,0.13177293483466837
El espejo,sub-002,sub-094,SFD,0.10382464248401539
El espejo,sub-002,sub-088,SFD,0.037355711078757674
El espejo,sub-002,sub-044,SFD,0.19920261168038705
El espejo,sub-002,sub-009,SFD,0.142984306274823
El espejo,sub-002,sub-041,SFD,0.14820903356612714
El espejo,sub-002,sub-024,SFD,0.04610328976716499
El espejo,sub-002,sub-016,SFD,0.03912605590069048
El espejo,sub-002,sub-112,SFD,0.17089360363033906
El espejo,sub-002,sub-058,SFD,0.22423020845429778
El espejo,sub-002,sub-018,SFD,0.17103029350023247
El espejo,sub-002,sub-048,SFD,0.15522793412739275
El espejo,sub-002,sub-087,SFD,0.14739156439309598
El espejo,sub-002,sub-091,SFD,0.16521417264736468
El espejo,sub-002,sub-083,SFD,0.09231278750471504
El espejo,sub-002,sub-065,SFD,0.1946963214972472
El espejo,sub-002,sub-077,SFD,-0.06117406500082329
El espejo,sub-002,sub-039,SFD,0.12695950940050882
El espejo,sub-002,sub-053,SFD,0.0261458148653586
El espejo,sub-002,sub-075,SFD,0.09328579753139328
El espejo,sub-002,sub-060,SFD,0.09057358676846888
El espejo,sub-002,sub-103,SFD,0.1259444763877605
El espejo,sub-002,sub-105,SFD,0.10572647415367482
El espejo,sub-002,sub-064,SFD,0.05960734207261172
El espejo,sub-002,sub-010,SFD,-0.023606517046288234
El espejo,sub-002,sub-034,SFD,0.09556804452770022
El espejo,sub-002,sub-002,SFD,0.9999999999999998
El espejo,sub-002,sub-085,SFD,0.05263403172861087
El espejo,sub-002,sub-021,SFD,0.024853562520039334
El espejo,sub-002,sub-096,SFD,0.19345023064623745
El espejo,sub-002,sub-027,SFD,0.1676169233540839
El espejo,sub-002,sub-006,SFD,0.18225260956829942
El espejo,sub-002,sub-066,SFD,0.15104683539927813
El espejo,sub-002,sub-101,SFD,-0.050134544475425154
El espejo,sub-002,sub-042,SFD,0.17400148063032758
El espejo,sub-002,sub-003,SFD,0.2146789056980416
El espejo,sub-002,sub-107,SFD,0.153819795971474
El espejo,sub-002,sub-098,SFD,0.19349015945214507
El espejo,sub-002,sub-086,SFD,0.011329046247373898
El espejo,sub-002,sub-013,SFD,0.08746999147082922
El espejo,sub-002,sub-068,SFD,0.26102589029581197
El espejo,sub-085,sub-067,SFD,0.09748248498725316
El espejo,sub-085,sub-054,SFD,0.004084902222252233
El espejo,sub-085,sub-078,SFD,0.18659440745751799
El espejo,sub-085,sub-046,SFD,0.23980460026753697
El espejo,sub-085,sub-097,SFD,0.13220724225444275
El espejo,sub-085,sub-079,SFD,0.14819543424706183
El espejo,sub-085,sub-028,SFD,0.1112549482247424
El espejo,sub-085,sub-089,SFD,0.2406452551628385
El espejo,sub-085,sub-109,SFD,0.19519482437156743
El espejo,sub-085,sub-070,SFD,0.029011826437390288
El espejo,sub-085,sub-111,SFD,0.16721028817406072
El espejo,sub-085,sub-073,SFD,0.12049409439402789
El espejo,sub-085,sub-001,SFD,0.08508260810202999
El espejo,sub-085,sub-095,SFD,0.021106390563765353
El espejo,sub-085,sub-012,SFD,0.06050509340283556
El espejo,sub-085,sub-052,SFD,0.1099543814025451
El espejo,sub-085,sub-094,SFD,0.09357054622505671
El espejo,sub-085,sub-088,SFD,-0.00593738955320139
El espejo,sub-085,sub-044,SFD,0.22531728969344728
El espejo,sub-085,sub-009,SFD,0.2952672115868824
El espejo,sub-085,sub-041,SFD,0.1731368604615018
El espejo,sub-085,sub-024,SFD,0.04580404323219085
El espejo,sub-085,sub-016,SFD,0.02587160018950104
El espejo,sub-085,sub-112,SFD,0.24539760236680674
El espejo,sub-085,sub-058,SFD,0.18202437314870187
El espejo,sub-085,sub-018,SFD,0.05140464142476742
El espejo,sub-085,sub-048,SFD,0.11867626120572734
El espejo,sub-085,sub-087,SFD,0.17079300200232456
El espejo,sub-085,sub-091,SFD,0.15428850786863604
El espejo,sub-085,sub-083,SFD,0.16384094706262134
El espejo,sub-085,sub-065,SFD,0.08064759669058467
El espejo,sub-085,sub-077,SFD,0.03735668618658779
El espejo,sub-085,sub-039,SFD,0.09746060636517716
El espejo,sub-085,sub-053,SFD,-0.04062910411841833
El espejo,sub-085,sub-075,SFD,0.05760877136251377
El espejo,sub-085,sub-060,SFD,0.1791936961425576
El espejo,sub-085,sub-103,SFD,0.06951271708402644
El espejo,sub-085,sub-105,SFD,0.08881438529894105
El espejo,sub-085,sub-064,SFD,0.06433461263902748
El espejo,sub-085,sub-010,SFD,0.14383277586178958
El espejo,sub-085,sub-034,SFD,0.1140125089477741
El espejo,sub-085,sub-002,SFD,0.05263403172861087
El espejo,sub-085,sub-085,SFD,1.0
El espejo,sub-085,sub-021,SFD,0.10380391201435499
El espejo,sub-085,sub-096,SFD,0.16313895136755213
El espejo,sub-085,sub-027,SFD,0.035024980019910376
El espejo,sub-085,sub-006,SFD,0.14989609947738158
El espejo,sub-085,sub-066,SFD,0.16880745598370178
El espejo,sub-085,sub-101,SFD,0.10015147962662053
El espejo,sub-085,sub-042,SFD,0.243960967808926
El espejo,sub-085,sub-003,SFD,0.16957925677587374
El espejo,sub-085,sub-107,SFD,0.15880733974099195
El espejo,sub-085,sub-098,SFD,0.04836539639327618
El espejo,sub-085,sub-086,SFD,0.0015961095203182922
El espejo,sub-085,sub-013,SFD,0.12523410156379017
El espejo,sub-085,sub-068,SFD,0.21104286880395787
El espejo,sub-021,sub-067,SFD,-0.010998495891094287
El espejo,sub-021,sub-054,SFD,-0.00048293963505520015
El espejo,sub-021,sub-078,SFD,-0.016551965563790835
El espejo,sub-021,sub-046,SFD,0.11073059793289418
El espejo,sub-021,sub-097,SFD,0.08251052651844641
El espejo,sub-021,sub-079,SFD,0.13047122621713425
El espejo,sub-021,sub-028,SFD,0.17094435435552205
El espejo,sub-021,sub-089,SFD,0.11058310026235944
El espejo,sub-021,sub-109,SFD,0.07991888302714005
El espejo,sub-021,sub-070,SFD,0.023348612118457047
El espejo,sub-021,sub-111,SFD,0.034478696125526766
El espejo,sub-021,sub-073,SFD,-0.0050829577034036755
El espejo,sub-021,sub-001,SFD,0.07461690665823113
El espejo,sub-021,sub-095,SFD,0.07969960162488335
El espejo,sub-021,sub-012,SFD,0.07716128461340949
El espejo,sub-021,sub-052,SFD,0.012933396698876715
El espejo,sub-021,sub-094,SFD,0.005725472718153221
El espejo,sub-021,sub-088,SFD,0.022761502445478022
El espejo,sub-021,sub-044,SFD,0.1425999972748385
El espejo,sub-021,sub-009,SFD,0.1559071776294547
El espejo,sub-021,sub-041,SFD,0.06316192498905768
El espejo,sub-021,sub-024,SFD,-0.0446519713501256
El espejo,sub-021,sub-016,SFD,0.002031537331605007
El espejo,sub-021,sub-112,SFD,0.11223109860539658
El espejo,sub-021,sub-058,SFD,0.0905126731512768
El espejo,sub-021,sub-018,SFD,0.013090562505793343
El espejo,sub-021,sub-048,SFD,0.03155299854078973
El espejo,sub-021,sub-087,SFD,0.019458813163684734
El espejo,sub-021,sub-091,SFD,0.04474453888227517
El espejo,sub-021,sub-083,SFD,0.034593189829995694
El espejo,sub-021,sub-065,SFD,0.04347235406602063
El espejo,sub-021,sub-077,SFD,0.017898855201242018
El espejo,sub-021,sub-039,SFD,0.17210203174632424
El espejo,sub-021,sub-053,SFD,-0.004113370178011461
El espejo,sub-021,sub-075,SFD,0.0348406557550901
El espejo,sub-021,sub-060,SFD,0.048046234480387154
El espejo,sub-021,sub-103,SFD,0.10850234936882812
El espejo,sub-021,sub-105,SFD,0.02602072828421817
El espejo,sub-021,sub-064,SFD,0.06524612463111949
El espejo,sub-021,sub-010,SFD,-0.02071365645072186
El espejo,sub-021,sub-034,SFD,0.0493207159667631
El espejo,sub-021,sub-002,SFD,0.024853562520039334
El espejo,sub-021,sub-085,SFD,0.10380391201435497
El espejo,sub-021,sub-021,SFD,1.0
El espejo,sub-021,sub-096,SFD,0.04955460757288538
El espejo,sub-021,sub-027,SFD,0.11303223365560444
El espejo,sub-021,sub-006,SFD,0.08689713545084225
El espejo,sub-021,sub-066,SFD,0.039370240022022884
El espejo,sub-021,sub-101,SFD,-0.0025840425474372448
El espejo,sub-021,sub-042,SFD,0.16125873004276028
El espejo,sub-021,sub-003,SFD,0.06989407548363011
El espejo,sub-021,sub-107,SFD,0.1404359021181353
El espejo,sub-021,sub-098,SFD,0.021642264802226443
El espejo,sub-021,sub-086,SFD,0.009146784762545384
El espejo,sub-021,sub-013,SFD,-0.05221920587109678
El espejo,sub-021,sub-068,SFD,0.057191348668210504
El espejo,sub-096,sub-067,SFD,0.1566240856841362
El espejo,sub-096,sub-054,SFD,0.029018378740125333
El espejo,sub-096,sub-078,SFD,0.1439554635318421
El espejo,sub-096,sub-046,SFD,0.11520742865225006
El espejo,sub-096,sub-097,SFD,0.1013429355491156
El espejo,sub-096,sub-079,SFD,0.15088254335945867
El espejo,sub-096,sub-028,SFD,0.1637012127010956
El espejo,sub-096,sub-089,SFD,0.266457746540361
El espejo,sub-096,sub-109,SFD,0.3536644505647224
El espejo,sub-096,sub-070,SFD,0.04055779621427597
El espejo,sub-096,sub-111,SFD,0.14007298830055445
El espejo,sub-096,sub-073,SFD,0.10762246337690985
El espejo,sub-096,sub-001,SFD,0.15071001069274467
El espejo,sub-096,sub-095,SFD,0.11229829748464738
El espejo,sub-096,sub-012,SFD,0.06406842769127817
El espejo,sub-096,sub-052,SFD,0.2570937070473885
El espejo,sub-096,sub-094,SFD,0.1779576293965112
El espejo,sub-096,sub-088,SFD,0.023532049501284152
El espejo,sub-096,sub-044,SFD,0.25145338727918554
El espejo,sub-096,sub-009,SFD,0.17914260727101164
El espejo,sub-096,sub-041,SFD,0.21274270679378285
El espejo,sub-096,sub-024,SFD,0.0188557573210096
El espejo,sub-096,sub-016,SFD,-0.014663226045601439
El espejo,sub-096,sub-112,SFD,0.16255071492783335
El espejo,sub-096,sub-058,SFD,0.24464157801052644
El espejo,sub-096,sub-018,SFD,0.20414906718180664
El espejo,sub-096,sub-048,SFD,0.1466245454031564
El espejo,sub-096,sub-087,SFD,0.15805268508045417
El espejo,sub-096,sub-091,SFD,0.2448538590471449
El espejo,sub-096,sub-083,SFD,0.24222042129605667
El espejo,sub-096,sub-065,SFD,0.2258696522888173
El espejo,sub-096,sub-077,SFD,0.11127248079435134
El espejo,sub-096,sub-039,SFD,0.17197492375739032
El espejo,sub-096,sub-053,SFD,0.0125993673678891
El espejo,sub-096,sub-075,SFD,0.07920525608499712
El espejo,sub-096,sub-060,SFD,0.1933986608268083
El espejo,sub-096,sub-103,SFD,0.18262499657614356
El espejo,sub-096,sub-105,SFD,0.06282244682795997
El espejo,sub-096,sub-064,SFD,0.12746466510568813
El espejo,sub-096,sub-010,SFD,0.046461265529284576
El espejo,sub-096,sub-034,SFD,0.22898822239963745
El espejo,sub-096,sub-002,SFD,0.19345023064623748
El espejo,sub-096,sub-085,SFD,0.16313895136755216
El espejo,sub-096,sub-021,SFD,0.04955460757288538
El espejo,sub-096,sub-096,SFD,1.0
El espejo,sub-096,sub-027,SFD,0.1949967967464515
El espejo,sub-096,sub-006,SFD,0.21380321969826027
El espejo,sub-096,sub-066,SFD,0.20646674220151115
El espejo,sub-096,sub-101,SFD,0.07164359639296643
El espejo,sub-096,sub-042,SFD,0.20447191302624707
El espejo,sub-096,sub-003,SFD,0.2453466424187882
El espejo,sub-096,sub-107,SFD,0.20771731393048407
El espejo,sub-096,sub-098,SFD,0.17627194265962287
El espejo,sub-096,sub-086,SFD,0.11194901370523651
El espejo,sub-096,sub-013,SFD,0.1437986640449997
El espejo,sub-096,sub-068,SFD,0.2634684938604074
El espejo,sub-027,sub-067,SFD,0.10872957246008012
El espejo,sub-027,sub-054,SFD,-0.027411981145842746
El espejo,sub-027,sub-078,SFD,0.04456344698494151
El espejo,sub-027,sub-046,SFD,0.06132075270361425
El espejo,sub-027,sub-097,SFD,0.030057956289505482
El espejo,sub-027,sub-079,SFD,0.16714063571530474
El espejo,sub-027,sub-028,SFD,0.12412713817850057
El espejo,sub-027,sub-089,SFD,0.1389890935003157
El espejo,sub-027,sub-109,SFD,0.1870125420258979
El espejo,sub-027,sub-070,SFD,0.021424961398744072
El espejo,sub-027,sub-111,SFD,0.1448983662118752
El espejo,sub-027,sub-073,SFD,0.04313976326838974
El espejo,sub-027,sub-001,SFD,0.024305182260852803
El espejo,sub-027,sub-095,SFD,0.02983911056115014
El espejo,sub-027,sub-012,SFD,0.08114234035314546
El espejo,sub-027,sub-052,SFD,0.0178112177341313
El espejo,sub-027,sub-094,SFD,0.0636017998961425
El espejo,sub-027,sub-088,SFD,0.07638072295597492
El espejo,sub-027,sub-044,SFD,0.22318061305105716
El espejo,sub-027,sub-009,SFD,0.17227355971183803
El espejo,sub-027,sub-041,SFD,0.11861858942147742
El espejo,sub-027,sub-024,SFD,0.023624572992787904
El espejo,sub-027,sub-016,SFD,0.0430725821293076
El espejo,sub-027,sub-112,SFD,0.11074175932839876
El espejo,sub-027,sub-058,SFD,0.17349501957366562
El espejo,sub-027,sub-018,SFD,0.12144625407521868
El espejo,sub-027,sub-048,SFD,0.11111683737980817
El espejo,sub-027,sub-087,SFD,0.07459860782545726
El espejo,sub-027,sub-091,SFD,0.1272418730882674
El espejo,sub-027,sub-083,SFD,0.08323971700029921
El espejo,sub-027,sub-065,SFD,0.16556794526995702
El espejo,sub-027,sub-077,SFD,0.040228803481606165
El espejo,sub-027,sub-039,SFD,0.20674493764915883
El espejo,sub-027,sub-053,SFD,0.0011281492977846992
El espejo,sub-027,sub-075,SFD,0.05665985220648859
El espejo,sub-027,sub-060,SFD,0.09774072934970325
El espejo,sub-027,sub-103,SFD,0.14499606068222537
El espejo,sub-027,sub-105,SFD,0.038372537279700684
El espejo,sub-027,sub-064,SFD,0.07176913287634142
El espejo,sub-027,sub-010,SFD,0.03038398863420778
El espejo,sub-027,sub-034,SFD,0.01783324407742617
El espejo,sub-027,sub-002,SFD,0.1676169233540839
El espejo,sub-027,sub-085,SFD,0.035024980019910376
El espejo,sub-027,sub-021,SFD,0.11303223365560444
El espejo,sub-027,sub-096,SFD,0.19499679674645148
El espejo,sub-027,sub-027,SFD,1.0
El espejo,sub-027,sub-006,SFD,0.16724671337328895
El espejo,sub-027,sub-066,SFD,0.1114167545913791
El espejo,sub-027,sub-101,SFD,-0.021562048545761554
El espejo,sub-027,sub-042,SFD,0.17992299482039933
El espejo,sub-027,sub-003,SFD,0.23375325704505973
El espejo,sub-027,sub-107,SFD,0.11033878096953335
El espejo,sub-027,sub-098,SFD,0.10740054587093364
El espejo,sub-027,sub-086,SFD,0.036449008541466835
El espejo,sub-027,sub-013,SFD,0.06761143719813695
El espejo,sub-027,sub-068,SFD,0.15422963594031705
El espejo,sub-006,sub-067,SFD,0.09194016747318702
El espejo,sub-006,sub-054,SFD,0.02252285772017264
El espejo,sub-006,sub-078,SFD,0.08780071290641386
El espejo,sub-006,sub-046,SFD,0.16838140879701277
El espejo,sub-006,sub-097,SFD,0.1136396336232111
El espejo,sub-006,sub-079,SFD,0.16828024755721974
El espejo,sub-006,sub-028,SFD,0.16555122334950367
El espejo,sub-006,sub-089,SFD,0.24380981933280865
El espejo,sub-006,sub-109,SFD,0.2507244512852641
El espejo,sub-006,sub-070,SFD,-0.0102002159282447
El espejo,sub-006,sub-111,SFD,0.08018462156580268
El espejo,sub-006,sub-073,SFD,0.16330134506513605
El espejo,sub-006,sub-001,SFD,0.1940756206480754
El espejo,sub-006,sub-095,SFD,0.1656838860343759
El espejo,sub-006,sub-012,SFD,0.08180204744292481
El espejo,sub-006,sub-052,SFD,0.13862346052312294
El espejo,sub-006,sub-094,SFD,0.05367844925145831
El espejo,sub-006,sub-088,SFD,0.019540127572689667
El espejo,sub-006,sub-044,SFD,0.19514698815977044
El espejo,sub-006,sub-009,SFD,0.22672066142468073
El espejo,sub-006,sub-041,SFD,0.13713983988552703
El espejo,sub-006,sub-024,SFD,0.010123104343605598
El espejo,sub-006,sub-016,SFD,0.06164624328114617
El espejo,sub-006,sub-112,SFD,0.1790787268191434
El espejo,sub-006,sub-058,SFD,0.1620584001363687
El espejo,sub-006,sub-018,SFD,0.1057992057577676
El espejo,sub-006,sub-048,SFD,0.11750045190541705
El espejo,sub-006,sub-087,SFD,0.10056133941617772
El espejo,sub-006,sub-091,SFD,0.2036837833466232
El espejo,sub-006,sub-083,SFD,0.08292996790768727
El espejo,sub-006,sub-065,SFD,0.11858879188226817
El espejo,sub-006,sub-077,SFD,0.06285777883349888
El espejo,sub-006,sub-039,SFD,0.05317865801617592
El espejo,sub-006,sub-053,SFD,-0.04813162252923793
El espejo,sub-006,sub-075,SFD,0.059994900075527546
El espejo,sub-006,sub-060,SFD,0.20557378468084778
El espejo,sub-006,sub-103,SFD,0.0757574619601218
El espejo,sub-006,sub-105,SFD,0.05459023125426733
El espejo,sub-006,sub-064,SFD,0.060973922833752026
El espejo,sub-006,sub-010,SFD,-0.01863468571723653
El espejo,sub-006,sub-034,SFD,0.15568660624033862
El espejo,sub-006,sub-002,SFD,0.1822526095682994
El espejo,sub-006,sub-085,SFD,0.14989609947738158
El espejo,sub-006,sub-021,SFD,0.08689713545084225
El espejo,sub-006,sub-096,SFD,0.2138032196982603
El espejo,sub-006,sub-027,SFD,0.16724671337328895
El espejo,sub-006,sub-006,SFD,1.0
El espejo,sub-006,sub-066,SFD,0.1958176694629995
El espejo,sub-006,sub-101,SFD,0.03963963026879728
El espejo,sub-006,sub-042,SFD,0.158499874587192
El espejo,sub-006,sub-003,SFD,0.22838625325333428
El espejo,sub-006,sub-107,SFD,0.16328042105221977
El espejo,sub-006,sub-098,SFD,0.17248542813565404
El espejo,sub-006,sub-086,SFD,0.02984926606956754
El espejo,sub-006,sub-013,SFD,0.13209944142815266
El espejo,sub-006,sub-068,SFD,0.19115178125201623
El espejo,sub-066,sub-067,SFD,0.1007102238426935
El espejo,sub-066,sub-054,SFD,0.05751547615634648
El espejo,sub-066,sub-078,SFD,0.11148959212971311
El espejo,sub-066,sub-046,SFD,0.13247379729937406
El espejo,sub-066,sub-097,SFD,0.18567569693723865
El espejo,sub-066,sub-079,SFD,0.10133607464174162
El espejo,sub-066,sub-028,SFD,0.1439751170923942
El espejo,sub-066,sub-089,SFD,0.1913851230046597
El espejo,sub-066,sub-109,SFD,0.26962718097422983
El espejo,sub-066,sub-070,SFD,-0.007755868039951565
El espejo,sub-066,sub-111,SFD,0.1532613727004109
El espejo,sub-066,sub-073,SFD,0.22993684581214138
El espejo,sub-066,sub-001,SFD,0.05910453938198222
El espejo,sub-066,sub-095,SFD,0.15402014029376063
El espejo,sub-066,sub-012,SFD,-0.0004889145428747829
El espejo,sub-066,sub-052,SFD,0.14059168792245252
El espejo,sub-066,sub-094,SFD,0.12905945956014156
El espejo,sub-066,sub-088,SFD,-0.02119907554086956
El espejo,sub-066,sub-044,SFD,0.2188362035499424
El espejo,sub-066,sub-009,SFD,0.17268260465897586
El espejo,sub-066,sub-041,SFD,0.21455419920052857
El espejo,sub-066,sub-024,SFD,0.06318690499439848
El espejo,sub-066,sub-016,SFD,0.05810566077707048
El espejo,sub-066,sub-112,SFD,0.12533641809348833
El espejo,sub-066,sub-058,SFD,0.18994190928240814
El espejo,sub-066,sub-018,SFD,0.13485193239403837
El espejo,sub-066,sub-048,SFD,0.14505705349743317
El espejo,sub-066,sub-087,SFD,0.023671445995103915
El espejo,sub-066,sub-091,SFD,0.24369665862119858
El espejo,sub-066,sub-083,SFD,0.13034036060264495
El espejo,sub-066,sub-065,SFD,0.14089062124206547
El espejo,sub-066,sub-077,SFD,0.019200256678359822
El espejo,sub-066,sub-039,SFD,0.10541390112545018
El espejo,sub-066,sub-053,SFD,-0.01916235411551454
El espejo,sub-066,sub-075,SFD,0.05235535569131665
El espejo,sub-066,sub-060,SFD,0.21489285584382678
El espejo,sub-066,sub-103,SFD,0.10452213465066354
El espejo,sub-066,sub-105,SFD,0.07376830047510488
El espejo,sub-066,sub-064,SFD,0.12097094566162925
El espejo,sub-066,sub-010,SFD,0.01897616381371337
El espejo,sub-066,sub-034,SFD,0.10301243135755413
El espejo,sub-066,sub-002,SFD,0.15104683539927816
El espejo,sub-066,sub-085,SFD,0.16880745598370178
El espejo,sub-066,sub-021,SFD,0.039370240022022884
El espejo,sub-066,sub-096,SFD,0.20646674220151115
El espejo,sub-066,sub-027,SFD,0.11141675459137909
El espejo,sub-066,sub-006,SFD,0.19581766946299953
El espejo,sub-066,sub-066,SFD,1.0
El espejo,sub-066,sub-101,SFD,0.10091735942126916
El espejo,sub-066,sub-042,SFD,0.12570666845500916
El espejo,sub-066,sub-003,SFD,0.22366162757988514
El espejo,sub-066,sub-107,SFD,0.1740203901457681
El espejo,sub-066,sub-098,SFD,0.16943737344434306
El espejo,sub-066,sub-086,SFD,0.01459957237928231
El espejo,sub-066,sub-013,SFD,0.1879663848164612
El espejo,sub-066,sub-068,SFD,0.2045889396174192
El espejo,sub-101,sub-067,SFD,0.045767986456759314
El espejo,sub-101,sub-054,SFD,0.13771371456362932
El espejo,sub-101,sub-078,SFD,0.16170226720682823
El espejo,sub-101,sub-046,SFD,0.04293239197433877
El espejo,sub-101,sub-097,SFD,0.08585558735349434
El espejo,sub-101,sub-079,SFD,0.020272002647709987
El espejo,sub-101,sub-028,SFD,0.0841851149113093
El espejo,sub-101,sub-089,SFD,0.11556992153541623
El espejo,sub-101,sub-109,SFD,0.05110273971635238
El espejo,sub-101,sub-070,SFD,0.03260826252832794
El espejo,sub-101,sub-111,SFD,0.12311892746119991
El espejo,sub-101,sub-073,SFD,0.06558921579427676
El espejo,sub-101,sub-001,SFD,0.06754452964120568
El espejo,sub-101,sub-095,SFD,0.045804068915017045
El espejo,sub-101,sub-012,SFD,0.0686844469972541
El espejo,sub-101,sub-052,SFD,0.09544235945860445
El espejo,sub-101,sub-094,SFD,0.10736729065440673
El espejo,sub-101,sub-088,SFD,-0.03650963813354604
El espejo,sub-101,sub-044,SFD,0.10190989221216311
El espejo,sub-101,sub-009,SFD,0.11755893526980081
El espejo,sub-101,sub-041,SFD,0.10325707078240907
El espejo,sub-101,sub-024,SFD,0.1079982707103947
El espejo,sub-101,sub-016,SFD,0.11002432455714899
El espejo,sub-101,sub-112,SFD,0.03525522681942973
El espejo,sub-101,sub-058,SFD,0.031665678238695066
El espejo,sub-101,sub-018,SFD,0.09345915664365272
El espejo,sub-101,sub-048,SFD,0.06261372860797657
El espejo,sub-101,sub-087,SFD,0.04071990590419788
El espejo,sub-101,sub-091,SFD,0.08190687130048521
El espejo,sub-101,sub-083,SFD,0.011154210642808011
El espejo,sub-101,sub-065,SFD,0.13069681452644255
El espejo,sub-101,sub-077,SFD,0.038478957079027265
El espejo,sub-101,sub-039,SFD,0.013427575864756172
El espejo,sub-101,sub-053,SFD,0.0736605872631242
El espejo,sub-101,sub-075,SFD,0.09494516210371157
El espejo,sub-101,sub-060,SFD,0.12819188422704966
El espejo,sub-101,sub-103,SFD,0.06404737144602488
El espejo,sub-101,sub-105,SFD,0.04721981681228579
El espejo,sub-101,sub-064,SFD,0.08145437249514619
El espejo,sub-101,sub-010,SFD,0.04600532331036571
El espejo,sub-101,sub-034,SFD,0.16116787417546483
El espejo,sub-101,sub-002,SFD,-0.050134544475425154
El espejo,sub-101,sub-085,SFD,0.10015147962662053
El espejo,sub-101,sub-021,SFD,-0.0025840425474372448
El espejo,sub-101,sub-096,SFD,0.07164359639296643
El espejo,sub-101,sub-027,SFD,-0.021562048545761554
El espejo,sub-101,sub-006,SFD,0.03963963026879728
El espejo,sub-101,sub-066,SFD,0.10091735942126914
El espejo,sub-101,sub-101,SFD,1.0
El espejo,sub-101,sub-042,SFD,0.09888496709321357
El espejo,sub-101,sub-003,SFD,0.11046772735129214
El espejo,sub-101,sub-107,SFD,0.06017178906073341
El espejo,sub-101,sub-098,SFD,0.07258737325797089
El espejo,sub-101,sub-086,SFD,0.058027834744628276
El espejo,sub-101,sub-013,SFD,0.15523623412386178
El espejo,sub-101,sub-068,SFD,0.15693587159826036
El espejo,sub-042,sub-067,SFD,0.14991332909582394
El espejo,sub-042,sub-054,SFD,0.007755563698762977
El espejo,sub-042,sub-078,SFD,0.10575670994848946
El espejo,sub-042,sub-046,SFD,0.19458440827338833
El espejo,sub-042,sub-097,SFD,0.2228063184110155
El espejo,sub-042,sub-079,SFD,0.18968455868883913
El espejo,sub-042,sub-028,SFD,0.15301017746866444
El espejo,sub-042,sub-089,SFD,0.2898929262494652
El espejo,sub-042,sub-109,SFD,0.23494061634665292
El espejo,sub-042,sub-070,SFD,0.06398904742119547
El espejo,sub-042,sub-111,SFD,0.18609798615377932
El espejo,sub-042,sub-073,SFD,0.11298248577423671
El espejo,sub-042,sub-001,SFD,0.13750189732437415
El espejo,sub-042,sub-095,SFD,0.14518286448061243
El espejo,sub-042,sub-012,SFD,0.10909289773475107
El espejo,sub-042,sub-052,SFD,0.1991425615399933
El espejo,sub-042,sub-094,SFD,0.1565189862585928
El espejo,sub-042,sub-088,SFD,0.0111511354250966
El espejo,sub-042,sub-044,SFD,0.33407651614891476
El espejo,sub-042,sub-009,SFD,0.2800587934864883
El espejo,sub-042,sub-041,SFD,0.18162305719685812
El espejo,sub-042,sub-024,SFD,-0.050749511520866444
El espejo,sub-042,sub-016,SFD,0.05541697129163022
El espejo,sub-042,sub-112,SFD,0.29014104993141243
El espejo,sub-042,sub-058,SFD,0.21224288465248914
El espejo,sub-042,sub-018,SFD,0.15378841460514364
El espejo,sub-042,sub-048,SFD,0.16514190809376422
El espejo,sub-042,sub-087,SFD,0.09348783168989679
El espejo,sub-042,sub-091,SFD,0.18913861863917034
El espejo,sub-042,sub-083,SFD,0.17267909761693845
El espejo,sub-042,sub-065,SFD,0.21807822200647056
El espejo,sub-042,sub-077,SFD,0.0625474565217054
El espejo,sub-042,sub-039,SFD,0.15987443137851937
El espejo,sub-042,sub-053,SFD,-0.03837329498571391
El espejo,sub-042,sub-075,SFD,0.09640596919251546
El espejo,sub-042,sub-060,SFD,0.17515371944270952
El espejo,sub-042,sub-103,SFD,0.15640526585409292
El espejo,sub-042,sub-105,SFD,0.06626407271521224
El espejo,sub-042,sub-064,SFD,0.10881449257828997
El espejo,sub-042,sub-010,SFD,0.06716841767230476
El espejo,sub-042,sub-034,SFD,0.1241735118033854
El espejo,sub-042,sub-002,SFD,0.17400148063032758
El espejo,sub-042,sub-085,SFD,0.24396096780892604
El espejo,sub-042,sub-021,SFD,0.16125873004276028
El espejo,sub-042,sub-096,SFD,0.20447191302624707
El espejo,sub-042,sub-027,SFD,0.17992299482039933
El espejo,sub-042,sub-006,SFD,0.158499874587192
El espejo,sub-042,sub-066,SFD,0.12570666845500916
El espejo,sub-042,sub-101,SFD,0.09888496709321358
El espejo,sub-042,sub-042,SFD,0.9999999999999998
El espejo,sub-042,sub-003,SFD,0.23162670844177985
El espejo,sub-042,sub-107,SFD,0.16775948792287532
El espejo,sub-042,sub-098,SFD,0.1153766515939366
El espejo,sub-042,sub-086,SFD,0.014531125096309102
El espejo,sub-042,sub-013,SFD,0.10328093936633147
El espejo,sub-042,sub-068,SFD,0.266626770215628
El espejo,sub-003,sub-067,SFD,0.15329028229119002
El espejo,sub-003,sub-054,SFD,0.0891647979825286
El espejo,sub-003,sub-078,SFD,0.12725239507378366
El espejo,sub-003,sub-046,SFD,0.18372670033372637
El espejo,sub-003,sub-097,SFD,0.0950274322898572
El espejo,sub-003,sub-079,SFD,0.12306607717278284
El espejo,sub-003,sub-028,SFD,0.12057535026521618
El espejo,sub-003,sub-089,SFD,0.20985965228533454
El espejo,sub-003,sub-109,SFD,0.33170225858937896
El espejo,sub-003,sub-070,SFD,-0.020885714932346915
El espejo,sub-003,sub-111,SFD,0.18608940315348976
El espejo,sub-003,sub-073,SFD,0.04231494164828131
El espejo,sub-003,sub-001,SFD,0.11038434470623258
El espejo,sub-003,sub-095,SFD,0.10748749465406994
El espejo,sub-003,sub-012,SFD,0.00777503670406341
El espejo,sub-003,sub-052,SFD,0.10325831686248542
El espejo,sub-003,sub-094,SFD,0.09748977237688684
El espejo,sub-003,sub-088,SFD,0.007021310141937674
El espejo,sub-003,sub-044,SFD,0.27914056280432337
El espejo,sub-003,sub-009,SFD,0.17375068918492695
El espejo,sub-003,sub-041,SFD,0.2091536741839081
El espejo,sub-003,sub-024,SFD,-0.003560951255306029
El espejo,sub-003,sub-016,SFD,0.032815631145849775
El espejo,sub-003,sub-112,SFD,0.27947957854179195
El espejo,sub-003,sub-058,SFD,0.18706400822833008
El espejo,sub-003,sub-018,SFD,0.20348536007747495
El espejo,sub-003,sub-048,SFD,0.17143899621858727
El espejo,sub-003,sub-087,SFD,0.10631416842703831
El espejo,sub-003,sub-091,SFD,0.20081348805201396
El espejo,sub-003,sub-083,SFD,0.19747230894774065
El espejo,sub-003,sub-065,SFD,0.21522175810049646
El espejo,sub-003,sub-077,SFD,0.03642335647721983
El espejo,sub-003,sub-039,SFD,0.13382959785261858
El espejo,sub-003,sub-053,SFD,-0.019533801331426803
El espejo,sub-003,sub-075,SFD,0.12481592094686404
El espejo,sub-003,sub-060,SFD,0.18638326822418408
El espejo,sub-003,sub-103,SFD,0.1217875450445262
El espejo,sub-003,sub-105,SFD,0.1362504814866074
El espejo,sub-003,sub-064,SFD,0.06770211653372878
El espejo,sub-003,sub-010,SFD,0.09897866017945234
El espejo,sub-003,sub-034,SFD,0.16963585071714926
El espejo,sub-003,sub-002,SFD,0.2146789056980416
El espejo,sub-003,sub-085,SFD,0.16957925677587377
El espejo,sub-003,sub-021,SFD,0.06989407548363011
El espejo,sub-003,sub-096,SFD,0.2453466424187882
El espejo,sub-003,sub-027,SFD,0.23375325704505973
El espejo,sub-003,sub-006,SFD,0.22838625325333425
El espejo,sub-003,sub-066,SFD,0.22366162757988517
El espejo,sub-003,sub-101,SFD,0.11046772735129214
El espejo,sub-003,sub-042,SFD,0.23162670844177982
El espejo,sub-003,sub-003,SFD,1.0
El espejo,sub-003,sub-107,SFD,0.165107517294484
El espejo,sub-003,sub-098,SFD,0.08553562563379373
El espejo,sub-003,sub-086,SFD,-0.009518217078326206
El espejo,sub-003,sub-013,SFD,0.08138737516584661
El espejo,sub-003,sub-068,SFD,0.2084431324853994
El espejo,sub-107,sub-067,SFD,0.10392891427385496
El espejo,sub-107,sub-054,SFD,0.0353350941754912
El espejo,sub-107,sub-078,SFD,0.07013884693969394
El espejo,sub-107,sub-046,SFD,0.20668735340518024
El espejo,sub-107,sub-097,SFD,0.1022925951277421
El espejo,sub-107,sub-079,SFD,0.14782562522930656
El espejo,sub-107,sub-028,SFD,0.18563342941244765
El espejo,sub-107,sub-089,SFD,0.20266783781928469
El espejo,sub-107,sub-109,SFD,0.17356169572294966
El espejo,sub-107,sub-070,SFD,0.029413605551859304
El espejo,sub-107,sub-111,SFD,0.018071973097597317
El espejo,sub-107,sub-073,SFD,0.08088569093211527
El espejo,sub-107,sub-001,SFD,0.08235297760642259
El espejo,sub-107,sub-095,SFD,0.08482654644678224
El espejo,sub-107,sub-012,SFD,0.013759062952117889
El espejo,sub-107,sub-052,SFD,0.0874940454637522
El espejo,sub-107,sub-094,SFD,0.07445253211827275
El espejo,sub-107,sub-088,SFD,0.030393179105528308
El espejo,sub-107,sub-044,SFD,0.17427340729504928
El espejo,sub-107,sub-009,SFD,0.1646833606010607
El espejo,sub-107,sub-041,SFD,0.12727566315056793
El espejo,sub-107,sub-024,SFD,0.010802168553089587
El espejo,sub-107,sub-016,SFD,-0.03057132081550762
El espejo,sub-107,sub-112,SFD,0.19780180629372923
El espejo,sub-107,sub-058,SFD,0.15581016784267676
El espejo,sub-107,sub-018,SFD,0.09905467787459885
El espejo,sub-107,sub-048,SFD,0.08354788950238563
El espejo,sub-107,sub-087,SFD,0.12123900571398341
El espejo,sub-107,sub-091,SFD,0.21643825247183748
El espejo,sub-107,sub-083,SFD,0.13237479375710404
El espejo,sub-107,sub-065,SFD,0.1276812106093613
El espejo,sub-107,sub-077,SFD,0.039647149636067
El espejo,sub-107,sub-039,SFD,0.13588887246681744
El espejo,sub-107,sub-053,SFD,0.04456839935210066
El espejo,sub-107,sub-075,SFD,0.07162996253631379
El espejo,sub-107,sub-060,SFD,0.1597551631490991
El espejo,sub-107,sub-103,SFD,0.0860284061263759
El espejo,sub-107,sub-105,SFD,0.03917591991261102
El espejo,sub-107,sub-064,SFD,0.0773182829737657
El espejo,sub-107,sub-010,SFD,-0.032579898164854314
El espejo,sub-107,sub-034,SFD,0.1352130311801702
El espejo,sub-107,sub-002,SFD,0.153819795971474
El espejo,sub-107,sub-085,SFD,0.15880733974099195
El espejo,sub-107,sub-021,SFD,0.1404359021181353
El espejo,sub-107,sub-096,SFD,0.20771731393048404
El espejo,sub-107,sub-027,SFD,0.11033878096953335
El espejo,sub-107,sub-006,SFD,0.1632804210522198
El espejo,sub-107,sub-066,SFD,0.1740203901457681
El espejo,sub-107,sub-101,SFD,0.0601717890607334
El espejo,sub-107,sub-042,SFD,0.16775948792287532
El espejo,sub-107,sub-003,SFD,0.165107517294484
El espejo,sub-107,sub-107,SFD,1.0
El espejo,sub-107,sub-098,SFD,0.11129787707919377
El espejo,sub-107,sub-086,SFD,-0.00760504731364638
El espejo,sub-107,sub-013,SFD,0.09395188071521623
El espejo,sub-107,sub-068,SFD,0.1565682180611863
El espejo,sub-098,sub-067,SFD,0.0772773452146814
El espejo,sub-098,sub-054,SFD,0.10314562813446504
El espejo,sub-098,sub-078,SFD,0.09344583208511864
El espejo,sub-098,sub-046,SFD,0.07735372198039764
El espejo,sub-098,sub-097,SFD,0.17492033462669823
El espejo,sub-098,sub-079,SFD,0.08828871554694805
El espejo,sub-098,sub-028,SFD,0.1301988704020804
El espejo,sub-098,sub-089,SFD,0.20532155754978212
El espejo,sub-098,sub-109,SFD,0.19589694275904085
El espejo,sub-098,sub-070,SFD,0.07538231525477576
El espejo,sub-098,sub-111,SFD,0.10860248413060299
El espejo,sub-098,sub-073,SFD,0.05849095266615149
El espejo,sub-098,sub-001,SFD,0.05887277558780021
El espejo,sub-098,sub-095,SFD,0.12688206454201464
El espejo,sub-098,sub-012,SFD,0.043702518107263784
El espejo,sub-098,sub-052,SFD,0.21444326791067858
El espejo,sub-098,sub-094,SFD,0.13375251467066337
El espejo,sub-098,sub-088,SFD,0.02959169129063579
El espejo,sub-098,sub-044,SFD,0.05195955756790847
El espejo,sub-098,sub-009,SFD,0.09145591477196562
El espejo,sub-098,sub-041,SFD,0.1484158331935481
El espejo,sub-098,sub-024,SFD,0.07250293242676337
El espejo,sub-098,sub-016,SFD,0.11502345486816715
El espejo,sub-098,sub-112,SFD,0.15011304466611708
El espejo,sub-098,sub-058,SFD,0.1735940484627206
El espejo,sub-098,sub-018,SFD,0.08095089307792988
El espejo,sub-098,sub-048,SFD,0.09128251100174138
El espejo,sub-098,sub-087,SFD,0.12343581956312911
El espejo,sub-098,sub-091,SFD,0.14361360222759226
El espejo,sub-098,sub-083,SFD,0.1606571771115041
El espejo,sub-098,sub-065,SFD,0.10963123839310186
El espejo,sub-098,sub-077,SFD,0.07654369473296982
El espejo,sub-098,sub-039,SFD,-0.019758816048169776
El espejo,sub-098,sub-053,SFD,0.09476424810460246
El espejo,sub-098,sub-075,SFD,0.043763122952858544
El espejo,sub-098,sub-060,SFD,0.12474463730503797
El espejo,sub-098,sub-103,SFD,0.0775037766690536
El espejo,sub-098,sub-105,SFD,0.10493891334328063
El espejo,sub-098,sub-064,SFD,0.17922002015837232
El espejo,sub-098,sub-010,SFD,0.04256663177721551
El espejo,sub-098,sub-034,SFD,0.21152603628014346
El espejo,sub-098,sub-002,SFD,0.1934901594521451
El espejo,sub-098,sub-085,SFD,0.04836539639327619
El espejo,sub-098,sub-021,SFD,0.021642264802226443
El espejo,sub-098,sub-096,SFD,0.17627194265962287
El espejo,sub-098,sub-027,SFD,0.10740054587093364
El espejo,sub-098,sub-006,SFD,0.17248542813565404
El espejo,sub-098,sub-066,SFD,0.16943737344434306
El espejo,sub-098,sub-101,SFD,0.0725873732579709
El espejo,sub-098,sub-042,SFD,0.1153766515939366
El espejo,sub-098,sub-003,SFD,0.08553562563379373
El espejo,sub-098,sub-107,SFD,0.11129787707919375
El espejo,sub-098,sub-098,SFD,1.0
El espejo,sub-098,sub-086,SFD,0.0670784605346529
El espejo,sub-098,sub-013,SFD,0.1726885864528283
El espejo,sub-098,sub-068,SFD,0.20029524181317823
El espejo,sub-086,sub-067,SFD,0.0011977764700866398
El espejo,sub-086,sub-054,SFD,-0.018585503523230937
El espejo,sub-086,sub-078,SFD,0.059890179437117136
El espejo,sub-086,sub-046,SFD,-0.020193711199056504
El espejo,sub-086,sub-097,SFD,0.04481631533441253
El espejo,sub-086,sub-079,SFD,0.05679540354649397
El espejo,sub-086,sub-028,SFD,0.024457821199985897
El espejo,sub-086,sub-089,SFD,0.08473109358486489
El espejo,sub-086,sub-109,SFD,0.10496883662582797
El espejo,sub-086,sub-070,SFD,0.10720405522505172
El espejo,sub-086,sub-111,SFD,0.0942325739747046
El espejo,sub-086,sub-073,SFD,-0.006365411698007056
El espejo,sub-086,sub-001,SFD,0.05604436181300862
El espejo,sub-086,sub-095,SFD,-0.0016869553357107023
El espejo,sub-086,sub-012,SFD,0.0827365649678825
El espejo,sub-086,sub-052,SFD,0.11485265523023684
El espejo,sub-086,sub-094,SFD,0.1091721611724908
El espejo,sub-086,sub-088,SFD,-0.027121943699356724
El espejo,sub-086,sub-044,SFD,-0.038345697555656956
El espejo,sub-086,sub-009,SFD,-0.021028621621283588
El espejo,sub-086,sub-041,SFD,0.00655628789537794
El espejo,sub-086,sub-024,SFD,0.03101710533237608
El espejo,sub-086,sub-016,SFD,0.0546563552689345
El espejo,sub-086,sub-112,SFD,0.04835080069875281
El espejo,sub-086,sub-058,SFD,0.0584475268048981
El espejo,sub-086,sub-018,SFD,0.15030300962556775
El espejo,sub-086,sub-048,SFD,0.113928183475165
El espejo,sub-086,sub-087,SFD,0.02642699368130585
El espejo,sub-086,sub-091,SFD,0.02297042613649037
El espejo,sub-086,sub-083,SFD,0.07109351813043292
El espejo,sub-086,sub-065,SFD,0.022614543240263813
El espejo,sub-086,sub-077,SFD,0.01853961799559632
El espejo,sub-086,sub-039,SFD,0.022117833039953218
El espejo,sub-086,sub-053,SFD,0.1416207191016607
El espejo,sub-086,sub-075,SFD,0.03724171728253572
El espejo,sub-086,sub-060,SFD,0.06275880456619029
El espejo,sub-086,sub-103,SFD,0.044085206930440074
El espejo,sub-086,sub-105,SFD,0.018344045502759816
El espejo,sub-086,sub-064,SFD,0.047559334643044515
El espejo,sub-086,sub-010,SFD,0.1227217844163528
El espejo,sub-086,sub-034,SFD,0.03251953344922588
El espejo,sub-086,sub-002,SFD,0.0113290462473739
El espejo,sub-086,sub-085,SFD,0.0015961095203182922
El espejo,sub-086,sub-021,SFD,0.009146784762545383
El espejo,sub-086,sub-096,SFD,0.11194901370523651
El espejo,sub-086,sub-027,SFD,0.036449008541466835
El espejo,sub-086,sub-006,SFD,0.02984926606956754
El espejo,sub-086,sub-066,SFD,0.01459957237928231
El espejo,sub-086,sub-101,SFD,0.05802783474462827
El espejo,sub-086,sub-042,SFD,0.014531125096309102
El espejo,sub-086,sub-003,SFD,-0.009518217078326206
El espejo,sub-086,sub-107,SFD,-0.00760504731364638
El espejo,sub-086,sub-098,SFD,0.0670784605346529
El espejo,sub-086,sub-086,SFD,1.0
El espejo,sub-086,sub-013,SFD,0.02844025681002235
El espejo,sub-086,sub-068,SFD,0.037567108569676606
El espejo,sub-013,sub-067,SFD,0.09515547219580471
El espejo,sub-013,sub-054,SFD,0.04793622789030156
El espejo,sub-013,sub-078,SFD,0.09768293070258836
El espejo,sub-013,sub-046,SFD,0.078229172625317
El espejo,sub-013,sub-097,SFD,0.0841194212812455
El espejo,sub-013,sub-079,SFD,0.09123079808644635
El espejo,sub-013,sub-028,SFD,0.05989510172286742
El espejo,sub-013,sub-089,SFD,0.15667151047204247
El espejo,sub-013,sub-109,SFD,0.17202864410761803
El espejo,sub-013,sub-070,SFD,0.120599156558219
El espejo,sub-013,sub-111,SFD,0.0930118214911372
El espejo,sub-013,sub-073,SFD,0.12888247421496327
El espejo,sub-013,sub-001,SFD,0.06238781486152974
El espejo,sub-013,sub-095,SFD,0.10671738283809554
El espejo,sub-013,sub-012,SFD,0.012206042569058734
El espejo,sub-013,sub-052,SFD,0.11166866290324372
El espejo,sub-013,sub-094,SFD,0.07689426033157226
El espejo,sub-013,sub-088,SFD,-0.007043308836134787
El espejo,sub-013,sub-044,SFD,0.08899324995208477
El espejo,sub-013,sub-009,SFD,0.13176048334900775
El espejo,sub-013,sub-041,SFD,0.11969243023524002
El espejo,sub-013,sub-024,SFD,0.09787898181814454
El espejo,sub-013,sub-016,SFD,0.05257954916049599
El espejo,sub-013,sub-112,SFD,0.16029483453371324
El espejo,sub-013,sub-058,SFD,0.13865752382366048
El espejo,sub-013,sub-018,SFD,0.10681987754817347
El espejo,sub-013,sub-048,SFD,0.1459351804370559
El espejo,sub-013,sub-087,SFD,0.12101948382491391
El espejo,sub-013,sub-091,SFD,0.12542330105953284
El espejo,sub-013,sub-083,SFD,0.08374599679917888
El espejo,sub-013,sub-065,SFD,0.12048846109981777
El espejo,sub-013,sub-077,SFD,0.05885211019755818
El espejo,sub-013,sub-039,SFD,-0.039877991138283234
El espejo,sub-013,sub-053,SFD,0.02651149631070302
El espejo,sub-013,sub-075,SFD,0.1844135622391975
El espejo,sub-013,sub-060,SFD,0.11458951670253793
El espejo,sub-013,sub-103,SFD,0.16941848526988043
El espejo,sub-013,sub-105,SFD,0.09018822142713262
El espejo,sub-013,sub-064,SFD,0.14848212039868391
El espejo,sub-013,sub-010,SFD,0.08410594657150022
El espejo,sub-013,sub-034,SFD,0.1394724708624726
El espejo,sub-013,sub-002,SFD,0.08746999147082923
El espejo,sub-013,sub-085,SFD,0.12523410156379017
El espejo,sub-013,sub-021,SFD,-0.052219205871096776
El espejo,sub-013,sub-096,SFD,0.14379866404499966
El espejo,sub-013,sub-027,SFD,0.06761143719813695
El espejo,sub-013,sub-006,SFD,0.13209944142815266
El espejo,sub-013,sub-066,SFD,0.18796638481646116
El espejo,sub-013,sub-101,SFD,0.15523623412386178
El espejo,sub-013,sub-042,SFD,0.10328093936633145
El espejo,sub-013,sub-003,SFD,0.08138737516584661
El espejo,sub-013,sub-107,SFD,0.09395188071521623
El espejo,sub-013,sub-098,SFD,0.1726885864528283
El espejo,sub-013,sub-086,SFD,0.028440256810022352
El espejo,sub-013,sub-013,SFD,1.0
El espejo,sub-013,sub-068,SFD,0.1623184829941382
El espejo,sub-068,sub-067,SFD,0.16356690505554375
El espejo,sub-068,sub-054,SFD,0.014973024289515932
El espejo,sub-068,sub-078,SFD,0.22786540882526113
El espejo,sub-068,sub-046,SFD,0.152888214971161
El espejo,sub-068,sub-097,SFD,0.182930787072439
El espejo,sub-068,sub-079,SFD,0.20058144605698786
El espejo,sub-068,sub-028,SFD,0.08449310811861095
El espejo,sub-068,sub-089,SFD,0.2610876683560004
El espejo,sub-068,sub-109,SFD,0.3996990491552208
El espejo,sub-068,sub-070,SFD,0.07181078116277942
El espejo,sub-068,sub-111,SFD,0.21347178207362794
El espejo,sub-068,sub-073,SFD,0.1654655674485433
El espejo,sub-068,sub-001,SFD,0.1630229807832204
El espejo,sub-068,sub-095,SFD,0.15006222767468883
El espejo,sub-068,sub-012,SFD,0.0888542459523522
El espejo,sub-068,sub-052,SFD,0.21381904538605634
El espejo,sub-068,sub-094,SFD,0.14160590847661336
El espejo,sub-068,sub-088,SFD,0.04558029396078722
El espejo,sub-068,sub-044,SFD,0.29599583703482857
El espejo,sub-068,sub-009,SFD,0.16979091035457702
El espejo,sub-068,sub-041,SFD,0.26929510270451895
El espejo,sub-068,sub-024,SFD,0.021866215097059463
El espejo,sub-068,sub-016,SFD,0.10444074912132838
El espejo,sub-068,sub-112,SFD,0.2262576875586575
El espejo,sub-068,sub-058,SFD,0.25050841844351496
El espejo,sub-068,sub-018,SFD,0.19204358371562194
El espejo,sub-068,sub-048,SFD,0.18859036495252848
El espejo,sub-068,sub-087,SFD,0.19407732378120052
El espejo,sub-068,sub-091,SFD,0.25269899828352776
El espejo,sub-068,sub-083,SFD,0.23146798317773476
El espejo,sub-068,sub-065,SFD,0.21959402915171963
El espejo,sub-068,sub-077,SFD,0.03904742664341835
El espejo,sub-068,sub-039,SFD,0.13861559237101684
El espejo,sub-068,sub-053,SFD,0.05526937746435056
El espejo,sub-068,sub-075,SFD,0.15770715710974623
El espejo,sub-068,sub-060,SFD,0.1645154856862954
El espejo,sub-068,sub-103,SFD,0.17901704398250498
El espejo,sub-068,sub-105,SFD,0.1984147572369842
El espejo,sub-068,sub-064,SFD,0.11961358983643236
El espejo,sub-068,sub-010,SFD,0.04877484942001545
El espejo,sub-068,sub-034,SFD,0.19853738688532638
El espejo,sub-068,sub-002,SFD,0.26102589029581197
El espejo,sub-068,sub-085,SFD,0.21104286880395787
El espejo,sub-068,sub-021,SFD,0.057191348668210504
El espejo,sub-068,sub-096,SFD,0.2634684938604074
El espejo,sub-068,sub-027,SFD,0.15422963594031705
El espejo,sub-068,sub-006,SFD,0.19115178125201623
El espejo,sub-068,sub-066,SFD,0.20458893961741917
El espejo,sub-068,sub-101,SFD,0.15693587159826036
El espejo,sub-068,sub-042,SFD,0.2666267702156279
El espejo,sub-068,sub-003,SFD,0.20844313248539942
El espejo,sub-068,sub-107,SFD,0.1565682180611863
El espejo,sub-068,sub-098,SFD,0.20029524181317823
El espejo,sub-068,sub-086,SFD,0.037567108569676606
El espejo,sub-068,sub-013,SFD,0.1623184829941382
El espejo,sub-068,sub-068,SFD,1.0
El espejo,sub-067,sub-067,SPRT,0.9999999999999999
El espejo,sub-067,sub-054,SPRT,0.09256602670902755
El espejo,sub-067,sub-078,SPRT,0.08894108572971055
El espejo,sub-067,sub-046,SPRT,0.06518629448268705
El espejo,sub-067,sub-097,SPRT,0.1518635980114514
El espejo,sub-067,sub-079,SPRT,0.07453938456131856
El espejo,sub-067,sub-028,SPRT,0.004914643969211702
El espejo,sub-067,sub-089,SPRT,0.02635593408012435
El espejo,sub-067,sub-109,SPRT,0.004743830861729872
El espejo,sub-067,sub-070,SPRT,0.060415310708924606
El espejo,sub-067,sub-111,SPRT,0.06514370896607377
El espejo,sub-067,sub-073,SPRT,0.05674212015808091
El espejo,sub-067,sub-001,SPRT,0.0012045306787477363
El espejo,sub-067,sub-095,SPRT,0.1518907082618668
El espejo,sub-067,sub-012,SPRT,0.005262757017919334
El espejo,sub-067,sub-052,SPRT,0.12296268563949604
El espejo,sub-067,sub-094,SPRT,0.05001273268071079
El espejo,sub-067,sub-088,SPRT,0.036393899689505356
El espejo,sub-067,sub-044,SPRT,-0.004334610962379823
El espejo,sub-067,sub-009,SPRT,0.09757289466295609
El espejo,sub-067,sub-041,SPRT,0.0980908125365117
El espejo,sub-067,sub-024,SPRT,-0.049545305488595884
El espejo,sub-067,sub-016,SPRT,0.037819132500343515
El espejo,sub-067,sub-112,SPRT,0.009244380095208596
El espejo,sub-067,sub-058,SPRT,0.02550062929106263
El espejo,sub-067,sub-018,SPRT,-0.005178879521419658
El espejo,sub-067,sub-048,SPRT,0.0058665313381860195
El espejo,sub-067,sub-087,SPRT,0.03943936185096453
El espejo,sub-067,sub-091,SPRT,-0.049504722224263525
El espejo,sub-067,sub-083,SPRT,0.11437016957162066
El espejo,sub-067,sub-065,SPRT,0.08089893344957536
El espejo,sub-067,sub-077,SPRT,0.11616626535229196
El espejo,sub-067,sub-039,SPRT,-0.05011386072378464
El espejo,sub-067,sub-053,SPRT,0.04092878154292829
El espejo,sub-067,sub-075,SPRT,0.05518854142489889
El espejo,sub-067,sub-060,SPRT,0.08127208051984842
El espejo,sub-067,sub-103,SPRT,0.10770630181007199
El espejo,sub-067,sub-105,SPRT,0.03640708373253653
El espejo,sub-067,sub-064,SPRT,0.10660066631096027
El espejo,sub-067,sub-010,SPRT,-0.0074410945749398575
El espejo,sub-067,sub-034,SPRT,0.08543518143595669
El espejo,sub-067,sub-002,SPRT,0.02201755986490205
El espejo,sub-067,sub-085,SPRT,0.01963897026836821
El espejo,sub-067,sub-021,SPRT,-0.040222453634143805
El espejo,sub-067,sub-096,SPRT,0.0849576395372879
El espejo,sub-067,sub-027,SPRT,-0.06172676433220493
El espejo,sub-067,sub-006,SPRT,-0.06148884912686479
El espejo,sub-067,sub-066,SPRT,-0.03803657417890907
El espejo,sub-067,sub-101,SPRT,-0.004756153382018875
El espejo,sub-067,sub-042,SPRT,0.11905870254178093
El espejo,sub-067,sub-003,SPRT,0.05100974905400471
El espejo,sub-067,sub-107,SPRT,0.11975881834342945
El espejo,sub-067,sub-098,SPRT,0.025041534623796546
El espejo,sub-067,sub-086,SPRT,0.04101253677256308
El espejo,sub-067,sub-013,SPRT,0.03988452722426057
El espejo,sub-067,sub-068,SPRT,0.11628704904782458
El espejo,sub-054,sub-067,SPRT,0.09256602670902755
El espejo,sub-054,sub-054,SPRT,1.0
El espejo,sub-054,sub-078,SPRT,0.13006218099173025
El espejo,sub-054,sub-046,SPRT,0.1079843703138828
El espejo,sub-054,sub-097,SPRT,0.1306568493897026
El espejo,sub-054,sub-079,SPRT,0.1288126407282495
El espejo,sub-054,sub-028,SPRT,0.061460492784860446
El espejo,sub-054,sub-089,SPRT,0.10013136224849081
El espejo,sub-054,sub-109,SPRT,0.005783820049214911
El espejo,sub-054,sub-070,SPRT,0.09920711864309774
El espejo,sub-054,sub-111,SPRT,0.10175820800932021
El espejo,sub-054,sub-073,SPRT,0.053231149470223824
El espejo,sub-054,sub-001,SPRT,-0.07040161437004668
El espejo,sub-054,sub-095,SPRT,0.06603109686105356
El espejo,sub-054,sub-012,SPRT,-0.02805151478999078
El espejo,sub-054,sub-052,SPRT,0.1340235994463123
El espejo,sub-054,sub-094,SPRT,0.16513270736033647
El espejo,sub-054,sub-088,SPRT,0.0824095587139697
El espejo,sub-054,sub-044,SPRT,0.11572578099710965
El espejo,sub-054,sub-009,SPRT,0.08447982542098313
El espejo,sub-054,sub-041,SPRT,-0.02161987658330764
El espejo,sub-054,sub-024,SPRT,0.11513246637017949
El espejo,sub-054,sub-016,SPRT,0.034006884800498884
El espejo,sub-054,sub-112,SPRT,0.008028494278146869
El espejo,sub-054,sub-058,SPRT,0.09611510224096742
El espejo,sub-054,sub-018,SPRT,0.07899092653088341
El espejo,sub-054,sub-048,SPRT,-0.0013996554405003017
El espejo,sub-054,sub-087,SPRT,0.02603121255570776
El espejo,sub-054,sub-091,SPRT,-0.0160043061063237
El espejo,sub-054,sub-083,SPRT,0.02100288500754845
El espejo,sub-054,sub-065,SPRT,0.01955254351247765
El espejo,sub-054,sub-077,SPRT,0.12420728812005567
El espejo,sub-054,sub-039,SPRT,0.05979495572352116
El espejo,sub-054,sub-053,SPRT,-0.018160655924559198
El espejo,sub-054,sub-075,SPRT,0.09864196256578703
El espejo,sub-054,sub-060,SPRT,0.01715513338472999
El espejo,sub-054,sub-103,SPRT,0.121687740304906
El espejo,sub-054,sub-105,SPRT,0.0725994079915534
El espejo,sub-054,sub-064,SPRT,0.12781403763926666
El espejo,sub-054,sub-010,SPRT,0.018034418080106633
El espejo,sub-054,sub-034,SPRT,0.0809755974079785
El espejo,sub-054,sub-002,SPRT,0.025159318530663922
El espejo,sub-054,sub-085,SPRT,0.10184935225943029
El espejo,sub-054,sub-021,SPRT,-0.0053559569490093965
El espejo,sub-054,sub-096,SPRT,0.01264786543373431
El espejo,sub-054,sub-027,SPRT,0.013588752591612912
El espejo,sub-054,sub-006,SPRT,0.00288822914034333
El espejo,sub-054,sub-066,SPRT,-0.06423025460785342
El espejo,sub-054,sub-101,SPRT,0.12942148726766237
El espejo,sub-054,sub-042,SPRT,0.060838183490482645
El espejo,sub-054,sub-003,SPRT,0.05394634444253706
El espejo,sub-054,sub-107,SPRT,0.06608065810981162
El espejo,sub-054,sub-098,SPRT,0.02045276450008321
El espejo,sub-054,sub-086,SPRT,0.0019488712199662026
El espejo,sub-054,sub-013,SPRT,0.1659345326239211
El espejo,sub-054,sub-068,SPRT,0.056480356040541385
El espejo,sub-078,sub-067,SPRT,0.08894108572971053
El espejo,sub-078,sub-054,SPRT,0.13006218099173025
El espejo,sub-078,sub-078,SPRT,1.0
El espejo,sub-078,sub-046,SPRT,0.1247736349171543
El espejo,sub-078,sub-097,SPRT,0.06801293190469199
El espejo,sub-078,sub-079,SPRT,0.06667229392305533
El espejo,sub-078,sub-028,SPRT,0.11842161224687857
El espejo,sub-078,sub-089,SPRT,0.04073330004053751
El espejo,sub-078,sub-109,SPRT,-0.010261577981590385
El espejo,sub-078,sub-070,SPRT,0.03253316613288886
El espejo,sub-078,sub-111,SPRT,0.04762684126252683
El espejo,sub-078,sub-073,SPRT,0.14482265827084226
El espejo,sub-078,sub-001,SPRT,0.009879709977226986
El espejo,sub-078,sub-095,SPRT,0.17809965829382698
El espejo,sub-078,sub-012,SPRT,0.043580340180904883
El espejo,sub-078,sub-052,SPRT,0.12219391824673258
El espejo,sub-078,sub-094,SPRT,0.1469161565424195
El espejo,sub-078,sub-088,SPRT,0.007708669554828888
El espejo,sub-078,sub-044,SPRT,0.05205310240600701
El espejo,sub-078,sub-009,SPRT,0.11538222321705449
El espejo,sub-078,sub-041,SPRT,0.10319775220071518
El espejo,sub-078,sub-024,SPRT,0.031365337581073
El espejo,sub-078,sub-016,SPRT,0.11307970737391873
El espejo,sub-078,sub-112,SPRT,0.114604807996965
El espejo,sub-078,sub-058,SPRT,0.13660209325798506
El espejo,sub-078,sub-018,SPRT,-0.02820392827513574
El espejo,sub-078,sub-048,SPRT,0.07607274116139826
El espejo,sub-078,sub-087,SPRT,0.11050940660730815
El espejo,sub-078,sub-091,SPRT,0.08814125741346211
El espejo,sub-078,sub-083,SPRT,0.0996990428125575
El espejo,sub-078,sub-065,SPRT,0.1297361374383118
El espejo,sub-078,sub-077,SPRT,0.06940429714553398
El espejo,sub-078,sub-039,SPRT,-0.019529233209895736
El espejo,sub-078,sub-053,SPRT,0.05771254822986013
El espejo,sub-078,sub-075,SPRT,0.05572910339774386
El espejo,sub-078,sub-060,SPRT,0.1476197810916987
El espejo,sub-078,sub-103,SPRT,0.07908670271257572
El espejo,sub-078,sub-105,SPRT,0.14421060549262535
El espejo,sub-078,sub-064,SPRT,0.13454528812736208
El espejo,sub-078,sub-010,SPRT,0.12979764895361248
El espejo,sub-078,sub-034,SPRT,0.11129593953263325
El espejo,sub-078,sub-002,SPRT,0.029453358987015416
El espejo,sub-078,sub-085,SPRT,0.14198928373530129
El espejo,sub-078,sub-021,SPRT,-0.060210848145323126
El espejo,sub-078,sub-096,SPRT,0.09221265741990552
El espejo,sub-078,sub-027,SPRT,0.009831476688720146
El espejo,sub-078,sub-006,SPRT,0.14239966501751494
El espejo,sub-078,sub-066,SPRT,0.08658687584787535
El espejo,sub-078,sub-101,SPRT,0.12495421990539107
El espejo,sub-078,sub-042,SPRT,0.012658266552757107
El espejo,sub-078,sub-003,SPRT,0.04777539658803476
El espejo,sub-078,sub-107,SPRT,0.020137239392662386
El espejo,sub-078,sub-098,SPRT,0.05145178888802773
El espejo,sub-078,sub-086,SPRT,-0.008062766255429852
El espejo,sub-078,sub-013,SPRT,0.14959941526363935
El espejo,sub-078,sub-068,SPRT,0.09037355482739996
El espejo,sub-046,sub-067,SPRT,0.06518629448268705
El espejo,sub-046,sub-054,SPRT,0.10798437031388282
El espejo,sub-046,sub-078,SPRT,0.1247736349171543
El espejo,sub-046,sub-046,SPRT,1.0
El espejo,sub-046,sub-097,SPRT,0.09301573201548541
El espejo,sub-046,sub-079,SPRT,0.08757953295265614
El espejo,sub-046,sub-028,SPRT,0.10897549673744339
El espejo,sub-046,sub-089,SPRT,0.09648456141701874
El espejo,sub-046,sub-109,SPRT,0.05891416250439406
El espejo,sub-046,sub-070,SPRT,-0.004222420402904864
El espejo,sub-046,sub-111,SPRT,0.09678501577062743
El espejo,sub-046,sub-073,SPRT,0.10411695807139282
El espejo,sub-046,sub-001,SPRT,0.1122004819069037
El espejo,sub-046,sub-095,SPRT,0.05792684210442706
El espejo,sub-046,sub-012,SPRT,0.0336435808963881
El espejo,sub-046,sub-052,SPRT,0.037350956350559086
El espejo,sub-046,sub-094,SPRT,0.07765060972945477
El espejo,sub-046,sub-088,SPRT,0.05831642703637556
El espejo,sub-046,sub-044,SPRT,0.12802688103431298
El espejo,sub-046,sub-009,SPRT,0.022645724780466815
El espejo,sub-046,sub-041,SPRT,0.10479371615144437
El espejo,sub-046,sub-024,SPRT,0.10066942979646426
El espejo,sub-046,sub-016,SPRT,0.035332062821767665
El espejo,sub-046,sub-112,SPRT,0.1764778943308683
El espejo,sub-046,sub-058,SPRT,0.08488844643671159
El espejo,sub-046,sub-018,SPRT,0.03917457036977789
El espejo,sub-046,sub-048,SPRT,0.1101798782028573
El espejo,sub-046,sub-087,SPRT,0.2053245860676503
El espejo,sub-046,sub-091,SPRT,0.1466687142508211
El espejo,sub-046,sub-083,SPRT,0.13766282940958083
El espejo,sub-046,sub-065,SPRT,0.13734413157910483
El espejo,sub-046,sub-077,SPRT,0.1254539452291674
El espejo,sub-046,sub-039,SPRT,0.05325674915756428
El espejo,sub-046,sub-053,SPRT,0.02982924847998938
El espejo,sub-046,sub-075,SPRT,0.022453476651066194
El espejo,sub-046,sub-060,SPRT,0.12027618051131103
El espejo,sub-046,sub-103,SPRT,0.04323094790430239
El espejo,sub-046,sub-105,SPRT,0.0672452388403295
El espejo,sub-046,sub-064,SPRT,0.08800483206852658
El espejo,sub-046,sub-010,SPRT,0.049470274556665035
El espejo,sub-046,sub-034,SPRT,0.0752083969695028
El espejo,sub-046,sub-002,SPRT,0.10254815016515276
El espejo,sub-046,sub-085,SPRT,0.1686831448386655
El espejo,sub-046,sub-021,SPRT,0.0962240731882558
El espejo,sub-046,sub-096,SPRT,-0.01400243492936896
El espejo,sub-046,sub-027,SPRT,-0.03494947308585474
El espejo,sub-046,sub-006,SPRT,0.07726161506804448
El espejo,sub-046,sub-066,SPRT,0.04895613624084434
El espejo,sub-046,sub-101,SPRT,0.04651482762333887
El espejo,sub-046,sub-042,SPRT,0.08572547744936787
El espejo,sub-046,sub-003,SPRT,-0.0020260195295985495
El espejo,sub-046,sub-107,SPRT,0.11395167196590879
El espejo,sub-046,sub-098,SPRT,0.12389775481673145
El espejo,sub-046,sub-086,SPRT,-0.03524628782740523
El espejo,sub-046,sub-013,SPRT,0.1132873555282231
El espejo,sub-046,sub-068,SPRT,0.032598575161864735
El espejo,sub-097,sub-067,SPRT,0.15186359801145144
El espejo,sub-097,sub-054,SPRT,0.1306568493897026
El espejo,sub-097,sub-078,SPRT,0.068012931904692
El espejo,sub-097,sub-046,SPRT,0.09301573201548541
El espejo,sub-097,sub-097,SPRT,0.9999999999999998
El espejo,sub-097,sub-079,SPRT,0.1118916793013241
El espejo,sub-097,sub-028,SPRT,0.2081562958085312
El espejo,sub-097,sub-089,SPRT,0.0506445314275394
El espejo,sub-097,sub-109,SPRT,0.08412137735714748
El espejo,sub-097,sub-070,SPRT,0.10419916478335682
El espejo,sub-097,sub-111,SPRT,0.045151684032984335
El espejo,sub-097,sub-073,SPRT,0.13080979034330245
El espejo,sub-097,sub-001,SPRT,0.17150128748975316
El espejo,sub-097,sub-095,SPRT,0.24058645351269078
El espejo,sub-097,sub-012,SPRT,0.032974480584683497
El espejo,sub-097,sub-052,SPRT,0.21146121220775643
El espejo,sub-097,sub-094,SPRT,0.07637474855165713
El espejo,sub-097,sub-088,SPRT,0.16167068234771095
El espejo,sub-097,sub-044,SPRT,0.09736536342806429
El espejo,sub-097,sub-009,SPRT,0.1099575061538071
El espejo,sub-097,sub-041,SPRT,0.06041930506648727
El espejo,sub-097,sub-024,SPRT,0.2189613576836466
El espejo,sub-097,sub-016,SPRT,0.1382851549801211
El espejo,sub-097,sub-112,SPRT,0.1102303916299863
El espejo,sub-097,sub-058,SPRT,0.03656212797110213
El espejo,sub-097,sub-018,SPRT,0.06555323944155035
El espejo,sub-097,sub-048,SPRT,0.20220971616251657
El espejo,sub-097,sub-087,SPRT,-0.009228785681714312
El espejo,sub-097,sub-091,SPRT,0.05443416796133617
El espejo,sub-097,sub-083,SPRT,0.09738546825811485
El espejo,sub-097,sub-065,SPRT,0.16490536624917682
El espejo,sub-097,sub-077,SPRT,0.1250354867666965
El espejo,sub-097,sub-039,SPRT,0.05901690339941363
El espejo,sub-097,sub-053,SPRT,0.16752778366601895
El espejo,sub-097,sub-075,SPRT,0.13361949457765712
El espejo,sub-097,sub-060,SPRT,0.1293930782336389
El espejo,sub-097,sub-103,SPRT,0.02908117464804958
El espejo,sub-097,sub-105,SPRT,0.06880756028254201
El espejo,sub-097,sub-064,SPRT,0.061007297371128866
El espejo,sub-097,sub-010,SPRT,0.0803838597552005
El espejo,sub-097,sub-034,SPRT,0.011468696005602588
El espejo,sub-097,sub-002,SPRT,0.038278013079172814
El espejo,sub-097,sub-085,SPRT,0.11783821648072641
El espejo,sub-097,sub-021,SPRT,0.1415917909925309
El espejo,sub-097,sub-096,SPRT,0.10194157101548407
El espejo,sub-097,sub-027,SPRT,-0.01736634631179945
El espejo,sub-097,sub-006,SPRT,0.07124057548389114
El espejo,sub-097,sub-066,SPRT,0.05922196034610727
El espejo,sub-097,sub-101,SPRT,0.13232003044575982
El espejo,sub-097,sub-042,SPRT,0.15680376403666302
El espejo,sub-097,sub-003,SPRT,0.08067337922233077
El espejo,sub-097,sub-107,SPRT,0.1711868612668988
El espejo,sub-097,sub-098,SPRT,0.11960714220249752
El espejo,sub-097,sub-086,SPRT,0.16026351025823862
El espejo,sub-097,sub-013,SPRT,0.11911645548846127
El espejo,sub-097,sub-068,SPRT,0.196312862150763
El espejo,sub-079,sub-067,SPRT,0.07453938456131858
El espejo,sub-079,sub-054,SPRT,0.12881264072824947
El espejo,sub-079,sub-078,SPRT,0.06667229392305533
El espejo,sub-079,sub-046,SPRT,0.08757953295265615
El espejo,sub-079,sub-097,SPRT,0.11189167930132408
El espejo,sub-079,sub-079,SPRT,0.9999999999999999
El espejo,sub-079,sub-028,SPRT,0.002722326473704882
El espejo,sub-079,sub-089,SPRT,0.0578344399883791
El espejo,sub-079,sub-109,SPRT,0.051287641601726545
El espejo,sub-079,sub-070,SPRT,0.005916095196546861
El espejo,sub-079,sub-111,SPRT,0.12317705266381705
El espejo,sub-079,sub-073,SPRT,0.11419638979179268
El espejo,sub-079,sub-001,SPRT,0.10176191172833521
El espejo,sub-079,sub-095,SPRT,0.01384534341421049
El espejo,sub-079,sub-012,SPRT,0.06201432923210202
El espejo,sub-079,sub-052,SPRT,0.1160045005346959
El espejo,sub-079,sub-094,SPRT,0.007827503898531141
El espejo,sub-079,sub-088,SPRT,0.09610016564149008
El espejo,sub-079,sub-044,SPRT,0.16862249651514988
El espejo,sub-079,sub-009,SPRT,0.03573631143701326
El espejo,sub-079,sub-041,SPRT,0.008089321200236902
El espejo,sub-079,sub-024,SPRT,0.025050956231790197
El espejo,sub-079,sub-016,SPRT,0.06477864608173901
El espejo,sub-079,sub-112,SPRT,0.02756815071040289
El espejo,sub-079,sub-058,SPRT,0.16392961585027005
El espejo,sub-079,sub-018,SPRT,0.10683740538812647
El espejo,sub-079,sub-048,SPRT,-0.054242797966519166
El espejo,sub-079,sub-087,SPRT,0.1550392533417876
El espejo,sub-079,sub-091,SPRT,0.07864361707733813
El espejo,sub-079,sub-083,SPRT,0.10527911034887934
El espejo,sub-079,sub-065,SPRT,0.09956418717073166
El espejo,sub-079,sub-077,SPRT,0.19001250636094424
El espejo,sub-079,sub-039,SPRT,0.01352137764808775
El espejo,sub-079,sub-053,SPRT,0.03596692381842487
El espejo,sub-079,sub-075,SPRT,0.0362099958455172
El espejo,sub-079,sub-060,SPRT,0.1768558978924212
El espejo,sub-079,sub-103,SPRT,0.050306603835192566
El espejo,sub-079,sub-105,SPRT,0.036200740082282315
El espejo,sub-079,sub-064,SPRT,0.08601747443524455
El espejo,sub-079,sub-010,SPRT,-0.01386319797425233
El espejo,sub-079,sub-034,SPRT,-0.02528052806203427
El espejo,sub-079,sub-002,SPRT,0.1465965228302155
El espejo,sub-079,sub-085,SPRT,0.16123017076558865
El espejo,sub-079,sub-021,SPRT,-0.036766440824243685
El espejo,sub-079,sub-096,SPRT,0.07397370583118862
El espejo,sub-079,sub-027,SPRT,0.026380347313899252
El espejo,sub-079,sub-006,SPRT,0.0751308030074023
El espejo,sub-079,sub-066,SPRT,0.06323418413078924
El espejo,sub-079,sub-101,SPRT,0.015334676569760567
El espejo,sub-079,sub-042,SPRT,0.10898629816331167
El espejo,sub-079,sub-003,SPRT,0.0006871130116541727
El espejo,sub-079,sub-107,SPRT,0.10529473275513833
El espejo,sub-079,sub-098,SPRT,0.08718084699014253
El espejo,sub-079,sub-086,SPRT,0.02025234679173314
El espejo,sub-079,sub-013,SPRT,0.0874780747184127
El espejo,sub-079,sub-068,SPRT,0.021906277592606296
El espejo,sub-028,sub-067,SPRT,0.004914643969211701
El espejo,sub-028,sub-054,SPRT,0.061460492784860446
El espejo,sub-028,sub-078,SPRT,0.11842161224687855
El espejo,sub-028,sub-046,SPRT,0.10897549673744339
El espejo,sub-028,sub-097,SPRT,0.20815629580853118
El espejo,sub-028,sub-079,SPRT,0.002722326473704882
El espejo,sub-028,sub-028,SPRT,1.0
El espejo,sub-028,sub-089,SPRT,0.007687376563223791
El espejo,sub-028,sub-109,SPRT,-0.056119968523697855
El espejo,sub-028,sub-070,SPRT,0.11033624898574551
El espejo,sub-028,sub-111,SPRT,0.06284566357451751
El espejo,sub-028,sub-073,SPRT,0.08060193405826391
El espejo,sub-028,sub-001,SPRT,0.1708161004395537
El espejo,sub-028,sub-095,SPRT,0.09760539472160906
El espejo,sub-028,sub-012,SPRT,0.04846125946535257
El espejo,sub-028,sub-052,SPRT,0.13036057992675915
El espejo,sub-028,sub-094,SPRT,-0.012330037767153215
El espejo,sub-028,sub-088,SPRT,0.08392154006953052
El espejo,sub-028,sub-044,SPRT,0.015768638812766186
El espejo,sub-028,sub-009,SPRT,0.027766145287447034
El espejo,sub-028,sub-041,SPRT,-0.030749170305303997
El espejo,sub-028,sub-024,SPRT,0.06419379320127235
El espejo,sub-028,sub-016,SPRT,0.0333660952823484
El espejo,sub-028,sub-112,SPRT,0.07542546283595748
El espejo,sub-028,sub-058,SPRT,0.07614878896120444
El espejo,sub-028,sub-018,SPRT,0.07457388867790993
El espejo,sub-028,sub-048,SPRT,0.13467337003704996
El espejo,sub-028,sub-087,SPRT,0.08011294036687444
El espejo,sub-028,sub-091,SPRT,-0.011888358836409455
El espejo,sub-028,sub-083,SPRT,0.0911986208217092
El espejo,sub-028,sub-065,SPRT,0.08464459217390717
El espejo,sub-028,sub-077,SPRT,-0.010143986383483497
El espejo,sub-028,sub-039,SPRT,-0.06531061139490885
El espejo,sub-028,sub-053,SPRT,0.09564396350810798
El espejo,sub-028,sub-075,SPRT,0.11116491049003073
El espejo,sub-028,sub-060,SPRT,0.15912043576495322
El espejo,sub-028,sub-103,SPRT,0.08155972238322212
El espejo,sub-028,sub-105,SPRT,0.029538679273789753
El espejo,sub-028,sub-064,SPRT,0.0324011972828644
El espejo,sub-028,sub-010,SPRT,0.1129173717441425
El espejo,sub-028,sub-034,SPRT,0.020735972323185463
El espejo,sub-028,sub-002,SPRT,0.07002690064329226
El espejo,sub-028,sub-085,SPRT,0.04957695157978257
El espejo,sub-028,sub-021,SPRT,0.09964313418958766
El espejo,sub-028,sub-096,SPRT,0.09191944139162952
El espejo,sub-028,sub-027,SPRT,-0.00358245155831155
El espejo,sub-028,sub-006,SPRT,0.02881160441356245
El espejo,sub-028,sub-066,SPRT,0.1128255783196491
El espejo,sub-028,sub-101,SPRT,0.07402611794408964
El espejo,sub-028,sub-042,SPRT,0.007154029691348082
El espejo,sub-028,sub-003,SPRT,0.06744623418933655
El espejo,sub-028,sub-107,SPRT,0.1346147579918779
El espejo,sub-028,sub-098,SPRT,-0.013610321119502925
El espejo,sub-028,sub-086,SPRT,0.08405208011256939
El espejo,sub-028,sub-013,SPRT,0.022200602011116437
El espejo,sub-028,sub-068,SPRT,-0.00610462305913309
El espejo,sub-089,sub-067,SPRT,0.02635593408012435
El espejo,sub-089,sub-054,SPRT,0.10013136224849081
El espejo,sub-089,sub-078,SPRT,0.04073330004053752
El espejo,sub-089,sub-046,SPRT,0.09648456141701872
El espejo,sub-089,sub-097,SPRT,0.0506445314275394
El espejo,sub-089,sub-079,SPRT,0.0578344399883791
El espejo,sub-089,sub-028,SPRT,0.007687376563223791
El espejo,sub-089,sub-089,SPRT,1.0
El espejo,sub-089,sub-109,SPRT,0.0106660268675742
El espejo,sub-089,sub-070,SPRT,-0.09088947510614728
El espejo,sub-089,sub-111,SPRT,0.005420768456835956
El espejo,sub-089,sub-073,SPRT,0.12059500932851526
El espejo,sub-089,sub-001,SPRT,0.06841669838471932
El espejo,sub-089,sub-095,SPRT,-0.045042464171735665
El espejo,sub-089,sub-012,SPRT,-0.046572149955877114
El espejo,sub-089,sub-052,SPRT,0.07414764757963785
El espejo,sub-089,sub-094,SPRT,0.052163405714522965
El espejo,sub-089,sub-088,SPRT,0.08030729191265465
El espejo,sub-089,sub-044,SPRT,0.11243538983929592
El espejo,sub-089,sub-009,SPRT,0.09721639533975804
El espejo,sub-089,sub-041,SPRT,0.09727255979823173
El espejo,sub-089,sub-024,SPRT,-0.016068669128060844
El espejo,sub-089,sub-016,SPRT,0.035859744904987306
El espejo,sub-089,sub-112,SPRT,0.04450117642576578
El espejo,sub-089,sub-058,SPRT,0.012631682652783303
El espejo,sub-089,sub-018,SPRT,-0.03959770401047753
El espejo,sub-089,sub-048,SPRT,0.0339728744643992
El espejo,sub-089,sub-087,SPRT,0.07614057684750819
El espejo,sub-089,sub-091,SPRT,0.1467304156970175
El espejo,sub-089,sub-083,SPRT,0.05897360414023759
El espejo,sub-089,sub-065,SPRT,0.0820573153130543
El espejo,sub-089,sub-077,SPRT,0.10268630457550455
El espejo,sub-089,sub-039,SPRT,0.06044483562346422
El espejo,sub-089,sub-053,SPRT,-0.04191365074752179
El espejo,sub-089,sub-075,SPRT,-0.015681753663937398
El espejo,sub-089,sub-060,SPRT,0.18567081085048712
El espejo,sub-089,sub-103,SPRT,0.09532755903196814
El espejo,sub-089,sub-105,SPRT,0.04105618421791055
El espejo,sub-089,sub-064,SPRT,0.03943702961632097
El espejo,sub-089,sub-010,SPRT,0.11492644090821624
El espejo,sub-089,sub-034,SPRT,0.014335507198746527
El espejo,sub-089,sub-002,SPRT,0.03305593307383803
El espejo,sub-089,sub-085,SPRT,0.11962485850530429
El espejo,sub-089,sub-021,SPRT,0.005061213530066001
El espejo,sub-089,sub-096,SPRT,0.054664634507807494
El espejo,sub-089,sub-027,SPRT,0.00943292498074138
El espejo,sub-089,sub-006,SPRT,0.09758963611821146
El espejo,sub-089,sub-066,SPRT,0.0036803613252231844
El espejo,sub-089,sub-101,SPRT,-0.019130917652234996
El espejo,sub-089,sub-042,SPRT,0.011446407840463208
El espejo,sub-089,sub-003,SPRT,0.04869768815230909
El espejo,sub-089,sub-107,SPRT,0.07126519891549019
El espejo,sub-089,sub-098,SPRT,0.16697955228755149
El espejo,sub-089,sub-086,SPRT,0.0824855847692303
El espejo,sub-089,sub-013,SPRT,0.0025714703338499427
El espejo,sub-089,sub-068,SPRT,0.12416853611547386
El espejo,sub-109,sub-067,SPRT,0.004743830861729872
El espejo,sub-109,sub-054,SPRT,0.005783820049214911
El espejo,sub-109,sub-078,SPRT,-0.010261577981590385
El espejo,sub-109,sub-046,SPRT,0.05891416250439406
El espejo,sub-109,sub-097,SPRT,0.08412137735714748
El espejo,sub-109,sub-079,SPRT,0.051287641601726545
El espejo,sub-109,sub-028,SPRT,-0.056119968523697855
El espejo,sub-109,sub-089,SPRT,0.0106660268675742
El espejo,sub-109,sub-109,SPRT,1.0
El espejo,sub-109,sub-070,SPRT,0.01775135239685935
El espejo,sub-109,sub-111,SPRT,0.06603856544314711
El espejo,sub-109,sub-073,SPRT,0.02708979651349466
El espejo,sub-109,sub-001,SPRT,0.11372384325651572
El espejo,sub-109,sub-095,SPRT,0.025225966074012316
El espejo,sub-109,sub-012,SPRT,-0.04343098146269128
El espejo,sub-109,sub-052,SPRT,0.04530499679222451
El espejo,sub-109,sub-094,SPRT,0.08454019136972755
El espejo,sub-109,sub-088,SPRT,-0.004337068342965501
El espejo,sub-109,sub-044,SPRT,0.004568565262950181
El espejo,sub-109,sub-009,SPRT,0.04305582956848134
El espejo,sub-109,sub-041,SPRT,0.01454981311797336
El espejo,sub-109,sub-024,SPRT,0.02055176930885362
El espejo,sub-109,sub-016,SPRT,0.007680499793487595
El espejo,sub-109,sub-112,SPRT,0.12607585954058126
El espejo,sub-109,sub-058,SPRT,0.0893292959367645
El espejo,sub-109,sub-018,SPRT,0.02966007270513445
El espejo,sub-109,sub-048,SPRT,-0.008622934270906614
El espejo,sub-109,sub-087,SPRT,0.002028268307131175
El espejo,sub-109,sub-091,SPRT,-0.022799393214324747
El espejo,sub-109,sub-083,SPRT,0.09109018833637654
El espejo,sub-109,sub-065,SPRT,0.051541657964129226
El espejo,sub-109,sub-077,SPRT,0.11681659894318938
El espejo,sub-109,sub-039,SPRT,0.007750061638232593
El espejo,sub-109,sub-053,SPRT,0.0720218999415858
El espejo,sub-109,sub-075,SPRT,0.024922903647691036
El espejo,sub-109,sub-060,SPRT,0.030368212164340564
El espejo,sub-109,sub-103,SPRT,0.07952827963178045
El espejo,sub-109,sub-105,SPRT,0.023773240774234837
El espejo,sub-109,sub-064,SPRT,0.13146521088665536
El espejo,sub-109,sub-010,SPRT,0.02216340979273739
El espejo,sub-109,sub-034,SPRT,-0.016419418256661475
El espejo,sub-109,sub-002,SPRT,-0.007326012450754819
El espejo,sub-109,sub-085,SPRT,0.00946550949104779
El espejo,sub-109,sub-021,SPRT,-0.050045800801290154
El espejo,sub-109,sub-096,SPRT,0.0029410836863533003
El espejo,sub-109,sub-027,SPRT,0.10242078911059116
El espejo,sub-109,sub-006,SPRT,0.1254542577212245
El espejo,sub-109,sub-066,SPRT,0.21375907360982396
El espejo,sub-109,sub-101,SPRT,0.03379107894138335
El espejo,sub-109,sub-042,SPRT,0.1336662403605652
El espejo,sub-109,sub-003,SPRT,-0.03134123457626291
El espejo,sub-109,sub-107,SPRT,0.05498220108493396
El espejo,sub-109,sub-098,SPRT,0.15877462216373606
El espejo,sub-109,sub-086,SPRT,0.08340481542151697
El espejo,sub-109,sub-013,SPRT,0.06239811017475979
El espejo,sub-109,sub-068,SPRT,0.17395727167318437
El espejo,sub-070,sub-067,SPRT,0.060415310708924606
El espejo,sub-070,sub-054,SPRT,0.09920711864309774
El espejo,sub-070,sub-078,SPRT,0.03253316613288886
El espejo,sub-070,sub-046,SPRT,-0.004222420402904864
El espejo,sub-070,sub-097,SPRT,0.1041991647833568
El espejo,sub-070,sub-079,SPRT,0.00591609519654686
El espejo,sub-070,sub-028,SPRT,0.11033624898574551
El espejo,sub-070,sub-089,SPRT,-0.09088947510614728
El espejo,sub-070,sub-109,SPRT,0.017751352396859345
El espejo,sub-070,sub-070,SPRT,0.9999999999999998
El espejo,sub-070,sub-111,SPRT,-0.010619957789426046
El espejo,sub-070,sub-073,SPRT,0.047898938236557824
El espejo,sub-070,sub-001,SPRT,0.09758118552609386
El espejo,sub-070,sub-095,SPRT,0.09439287311948316
El espejo,sub-070,sub-012,SPRT,-0.03018382923979148
El espejo,sub-070,sub-052,SPRT,-0.015613485110523649
El espejo,sub-070,sub-094,SPRT,0.07834836395186252
El espejo,sub-070,sub-088,SPRT,-0.004391731099769655
El espejo,sub-070,sub-044,SPRT,-0.007193720540250984
El espejo,sub-070,sub-009,SPRT,0.08346336381604415
El espejo,sub-070,sub-041,SPRT,0.0794573414588628
El espejo,sub-070,sub-024,SPRT,0.09755713167426663
El espejo,sub-070,sub-016,SPRT,0.020266306307071602
El espejo,sub-070,sub-112,SPRT,0.03709463233572796
El espejo,sub-070,sub-058,SPRT,0.06344393586421364
El espejo,sub-070,sub-018,SPRT,0.026501090869060856
El espejo,sub-070,sub-048,SPRT,0.030387942930559058
El espejo,sub-070,sub-087,SPRT,0.002450764620513805
El espejo,sub-070,sub-091,SPRT,-0.020501238506825035
El espejo,sub-070,sub-083,SPRT,0.013776137961670194
El espejo,sub-070,sub-065,SPRT,0.006815757311466755
El espejo,sub-070,sub-077,SPRT,-0.10331477804911751
El espejo,sub-070,sub-039,SPRT,-0.03866104363893345
El espejo,sub-070,sub-053,SPRT,0.10961400264639742
El espejo,sub-070,sub-075,SPRT,0.09507580138553834
El espejo,sub-070,sub-060,SPRT,-0.04397160288757144
El espejo,sub-070,sub-103,SPRT,-0.00874259054254094
El espejo,sub-070,sub-105,SPRT,0.014865631140393737
El espejo,sub-070,sub-064,SPRT,0.053080752282431115
El espejo,sub-070,sub-010,SPRT,0.0391242831452806
El espejo,sub-070,sub-034,SPRT,0.06124206766489529
El espejo,sub-070,sub-002,SPRT,0.06669311057447357
El espejo,sub-070,sub-085,SPRT,0.08522085360178455
El espejo,sub-070,sub-021,SPRT,0.01438572390143907
El espejo,sub-070,sub-096,SPRT,0.007807259459660073
El espejo,sub-070,sub-027,SPRT,0.03851602076176617
El espejo,sub-070,sub-006,SPRT,-0.04971625756097829
El espejo,sub-070,sub-066,SPRT,-0.0194410643122988
El espejo,sub-070,sub-101,SPRT,0.07786083666095073
El espejo,sub-070,sub-042,SPRT,0.14477843796477533
El espejo,sub-070,sub-003,SPRT,-0.04298479044183441
El espejo,sub-070,sub-107,SPRT,0.02488226149316742
El espejo,sub-070,sub-098,SPRT,-0.0016134898278736855
El espejo,sub-070,sub-086,SPRT,0.008859025936022636
El espejo,sub-070,sub-013,SPRT,0.14063441799951948
El espejo,sub-070,sub-068,SPRT,0.012933845117795429
El espejo,sub-111,sub-067,SPRT,0.06514370896607379
El espejo,sub-111,sub-054,SPRT,0.10175820800932021
El espejo,sub-111,sub-078,SPRT,0.04762684126252684
El espejo,sub-111,sub-046,SPRT,0.09678501577062743
El espejo,sub-111,sub-097,SPRT,0.04515168403298434
El espejo,sub-111,sub-079,SPRT,0.12317705266381707
El espejo,sub-111,sub-028,SPRT,0.06284566357451751
El espejo,sub-111,sub-089,SPRT,0.005420768456835955
El espejo,sub-111,sub-109,SPRT,0.06603856544314712
El espejo,sub-111,sub-070,SPRT,-0.010619957789426046
El espejo,sub-111,sub-111,SPRT,1.0
El espejo,sub-111,sub-073,SPRT,0.05096970339528006
El espejo,sub-111,sub-001,SPRT,0.12207841010213621
El espejo,sub-111,sub-095,SPRT,0.04533157801496401
El espejo,sub-111,sub-012,SPRT,-0.03104271414356743
El espejo,sub-111,sub-052,SPRT,0.029478369144203292
El espejo,sub-111,sub-094,SPRT,0.05415619839190561
El espejo,sub-111,sub-088,SPRT,0.04062600544908008
El espejo,sub-111,sub-044,SPRT,0.02399090049237303
El espejo,sub-111,sub-009,SPRT,0.1058480289133609
El espejo,sub-111,sub-041,SPRT,-0.018081603479478615
El espejo,sub-111,sub-024,SPRT,-0.04371979126223101
El espejo,sub-111,sub-016,SPRT,0.01110671061531386
El espejo,sub-111,sub-112,SPRT,0.06254330573943262
El espejo,sub-111,sub-058,SPRT,0.032937339333054046
El espejo,sub-111,sub-018,SPRT,0.1055333321310281
El espejo,sub-111,sub-048,SPRT,0.03288355174311617
El espejo,sub-111,sub-087,SPRT,0.13017874214750141
El espejo,sub-111,sub-091,SPRT,-0.025469444207723062
El espejo,sub-111,sub-083,SPRT,0.11852083748846073
El espejo,sub-111,sub-065,SPRT,0.0645894028722111
El espejo,sub-111,sub-077,SPRT,0.028605226937161967
El espejo,sub-111,sub-039,SPRT,0.06500485090776786
El espejo,sub-111,sub-053,SPRT,0.09709859108145712
El espejo,sub-111,sub-075,SPRT,0.02311818753396803
El espejo,sub-111,sub-060,SPRT,0.12698056101813426
El espejo,sub-111,sub-103,SPRT,0.09861944213806426
El espejo,sub-111,sub-105,SPRT,0.08815253314634043
El espejo,sub-111,sub-064,SPRT,0.05628009463100246
El espejo,sub-111,sub-010,SPRT,0.1051756388108041
El espejo,sub-111,sub-034,SPRT,0.04679693382840668
El espejo,sub-111,sub-002,SPRT,0.09984511276804366
El espejo,sub-111,sub-085,SPRT,0.1841817331473783
El espejo,sub-111,sub-021,SPRT,-0.003367498314471868
El espejo,sub-111,sub-096,SPRT,-0.022605258268111335
El espejo,sub-111,sub-027,SPRT,0.06653133635328318
El espejo,sub-111,sub-006,SPRT,0.08109456032624394
El espejo,sub-111,sub-066,SPRT,0.13900077456187696
El espejo,sub-111,sub-101,SPRT,0.0800138063529405
El espejo,sub-111,sub-042,SPRT,0.10278641667655136
El espejo,sub-111,sub-003,SPRT,0.020722543660021277
El espejo,sub-111,sub-107,SPRT,0.020200675623945667
El espejo,sub-111,sub-098,SPRT,0.054035692017102836
El espejo,sub-111,sub-086,SPRT,0.051061089242474246
El espejo,sub-111,sub-013,SPRT,0.0005810218301113079
El espejo,sub-111,sub-068,SPRT,0.07948223374723642
El espejo,sub-073,sub-067,SPRT,0.05674212015808091
El espejo,sub-073,sub-054,SPRT,0.053231149470223824
El espejo,sub-073,sub-078,SPRT,0.14482265827084223
El espejo,sub-073,sub-046,SPRT,0.1041169580713928
El espejo,sub-073,sub-097,SPRT,0.13080979034330245
El espejo,sub-073,sub-079,SPRT,0.11419638979179268
El espejo,sub-073,sub-028,SPRT,0.08060193405826391
El espejo,sub-073,sub-089,SPRT,0.12059500932851526
El espejo,sub-073,sub-109,SPRT,0.027089796513494656
El espejo,sub-073,sub-070,SPRT,0.047898938236557824
El espejo,sub-073,sub-111,SPRT,0.05096970339528006
El espejo,sub-073,sub-073,SPRT,0.9999999999999998
El espejo,sub-073,sub-001,SPRT,0.09399730807942674
El espejo,sub-073,sub-095,SPRT,0.14687450612499675
El espejo,sub-073,sub-012,SPRT,-0.0029766577222734344
El espejo,sub-073,sub-052,SPRT,0.08477112046165867
El espejo,sub-073,sub-094,SPRT,0.05549965825884275
El espejo,sub-073,sub-088,SPRT,0.06592794504243457
El espejo,sub-073,sub-044,SPRT,0.09428252103545944
El espejo,sub-073,sub-009,SPRT,0.19444999460436682
El espejo,sub-073,sub-041,SPRT,0.05645444470839123
El espejo,sub-073,sub-024,SPRT,0.06602007649447762
El espejo,sub-073,sub-016,SPRT,0.2071429728765616
El espejo,sub-073,sub-112,SPRT,0.0676704393738383
El espejo,sub-073,sub-058,SPRT,0.11705114181191162
El espejo,sub-073,sub-018,SPRT,0.027791101488066287
El espejo,sub-073,sub-048,SPRT,0.04590755761462763
El espejo,sub-073,sub-087,SPRT,0.1823292215987722
El espejo,sub-073,sub-091,SPRT,0.14671702089240674
El espejo,sub-073,sub-083,SPRT,0.014708117488917925
El espejo,sub-073,sub-065,SPRT,0.13380103611166802
El espejo,sub-073,sub-077,SPRT,0.10891728464492184
El espejo,sub-073,sub-039,SPRT,-0.032523112440459495
El espejo,sub-073,sub-053,SPRT,-0.0386624727266651
El espejo,sub-073,sub-075,SPRT,0.090753459983941
El espejo,sub-073,sub-060,SPRT,0.1646468873268974
El espejo,sub-073,sub-103,SPRT,0.07237558131757092
El espejo,sub-073,sub-105,SPRT,0.09089842371887219
El espejo,sub-073,sub-064,SPRT,0.031074418672815168
El espejo,sub-073,sub-010,SPRT,0.04791392277507734
El espejo,sub-073,sub-034,SPRT,0.04724472899265614
El espejo,sub-073,sub-002,SPRT,0.07606338514027637
El espejo,sub-073,sub-085,SPRT,0.1464489826648505
El espejo,sub-073,sub-021,SPRT,-0.008182437397996211
El espejo,sub-073,sub-096,SPRT,0.0841469898464727
El espejo,sub-073,sub-027,SPRT,-0.07696282105311365
El espejo,sub-073,sub-006,SPRT,0.16302810338305598
El espejo,sub-073,sub-066,SPRT,0.1001260966892865
El espejo,sub-073,sub-101,SPRT,0.06134625014465997
El espejo,sub-073,sub-042,SPRT,0.04148063765976587
El espejo,sub-073,sub-003,SPRT,0.05332876034934254
El espejo,sub-073,sub-107,SPRT,0.1380669791931029
El espejo,sub-073,sub-098,SPRT,0.025839182512647288
El espejo,sub-073,sub-086,SPRT,0.040418424483140036
El espejo,sub-073,sub-013,SPRT,0.0996551500970435
El espejo,sub-073,sub-068,SPRT,0.03939631337319039
El espejo,sub-001,sub-067,SPRT,0.0012045306787477363
El espejo,sub-001,sub-054,SPRT,-0.07040161437004668
El espejo,sub-001,sub-078,SPRT,0.009879709977226984
El espejo,sub-001,sub-046,SPRT,0.11220048190690371
El espejo,sub-001,sub-097,SPRT,0.17150128748975316
El espejo,sub-001,sub-079,SPRT,0.10176191172833521
El espejo,sub-001,sub-028,SPRT,0.1708161004395537
El espejo,sub-001,sub-089,SPRT,0.06841669838471932
El espejo,sub-001,sub-109,SPRT,0.11372384325651572
El espejo,sub-001,sub-070,SPRT,0.09758118552609386
El espejo,sub-001,sub-111,SPRT,0.12207841010213621
El espejo,sub-001,sub-073,SPRT,0.09399730807942674
El espejo,sub-001,sub-001,SPRT,1.0
El espejo,sub-001,sub-095,SPRT,0.07223947989403791
El espejo,sub-001,sub-012,SPRT,0.018252882744497732
El espejo,sub-001,sub-052,SPRT,0.01556671031405531
El espejo,sub-001,sub-094,SPRT,0.033389811553847806
El espejo,sub-001,sub-088,SPRT,0.10146311406189194
El espejo,sub-001,sub-044,SPRT,0.040254973619689376
El espejo,sub-001,sub-009,SPRT,0.08054386185221686
El espejo,sub-001,sub-041,SPRT,-0.0031527896160091357
El espejo,sub-001,sub-024,SPRT,0.035495459370293095
El espejo,sub-001,sub-016,SPRT,0.019941533475502815
El espejo,sub-001,sub-112,SPRT,0.0840414088465459
El espejo,sub-001,sub-058,SPRT,0.054354315297742005
El espejo,sub-001,sub-018,SPRT,0.0548504931037902
El espejo,sub-001,sub-048,SPRT,0.09228265275620362
El espejo,sub-001,sub-087,SPRT,0.08801137952010682
El espejo,sub-001,sub-091,SPRT,0.06757548224388528
El espejo,sub-001,sub-083,SPRT,0.10103862604572494
El espejo,sub-001,sub-065,SPRT,0.1059768076955198
El espejo,sub-001,sub-077,SPRT,0.07768837717720734
El espejo,sub-001,sub-039,SPRT,0.09126381235475345
El espejo,sub-001,sub-053,SPRT,0.06239286870216117
El espejo,sub-001,sub-075,SPRT,0.09287152472451088
El espejo,sub-001,sub-060,SPRT,0.04145981447755196
El espejo,sub-001,sub-103,SPRT,0.0353468558641358
El espejo,sub-001,sub-105,SPRT,0.041085017994105334
El espejo,sub-001,sub-064,SPRT,0.09399562311999624
El espejo,sub-001,sub-010,SPRT,0.05310132253622382
El espejo,sub-001,sub-034,SPRT,-0.02230380914387068
El espejo,sub-001,sub-002,SPRT,0.12719223704948115
El espejo,sub-001,sub-085,SPRT,0.12963678260968833
El espejo,sub-001,sub-021,SPRT,0.08289945377445687
El espejo,sub-001,sub-096,SPRT,0.013346746162612954
El espejo,sub-001,sub-027,SPRT,0.06765425920498395
El espejo,sub-001,sub-006,SPRT,0.07333346594704614
El espejo,sub-001,sub-066,SPRT,0.06729159591840782
El espejo,sub-001,sub-101,SPRT,0.07843271947277389
El espejo,sub-001,sub-042,SPRT,0.14738775487694145
El espejo,sub-001,sub-003,SPRT,0.045992569282595555
El espejo,sub-001,sub-107,SPRT,0.05567770692581478
El espejo,sub-001,sub-098,SPRT,0.05815356235610624
El espejo,sub-001,sub-086,SPRT,0.038160941992245616
El espejo,sub-001,sub-013,SPRT,0.04317133766530606
El espejo,sub-001,sub-068,SPRT,0.09831958216693638
El espejo,sub-095,sub-067,SPRT,0.1518907082618668
El espejo,sub-095,sub-054,SPRT,0.06603109686105357
El espejo,sub-095,sub-078,SPRT,0.178099658293827
El espejo,sub-095,sub-046,SPRT,0.057926842104427057
El espejo,sub-095,sub-097,SPRT,0.24058645351269078
El espejo,sub-095,sub-079,SPRT,0.01384534341421049
El espejo,sub-095,sub-028,SPRT,0.09760539472160906
El espejo,sub-095,sub-089,SPRT,-0.045042464171735665
El espejo,sub-095,sub-109,SPRT,0.02522596607401232
El espejo,sub-095,sub-070,SPRT,0.09439287311948316
El espejo,sub-095,sub-111,SPRT,0.04533157801496401
El espejo,sub-095,sub-073,SPRT,0.14687450612499678
El espejo,sub-095,sub-001,SPRT,0.07223947989403791
El espejo,sub-095,sub-095,SPRT,1.0
El espejo,sub-095,sub-012,SPRT,0.0378273338199528
El espejo,sub-095,sub-052,SPRT,0.12213608948146387
El espejo,sub-095,sub-094,SPRT,0.1807946767105362
El espejo,sub-095,sub-088,SPRT,0.1736023021898036
El espejo,sub-095,sub-044,SPRT,0.050220857858977
El espejo,sub-095,sub-009,SPRT,0.1713853903984543
El espejo,sub-095,sub-041,SPRT,0.10619289388355423
El espejo,sub-095,sub-024,SPRT,0.2211748558481454
El espejo,sub-095,sub-016,SPRT,0.15477805336951944
El espejo,sub-095,sub-112,SPRT,0.046935136409236126
El espejo,sub-095,sub-058,SPRT,0.1038563677500456
El espejo,sub-095,sub-018,SPRT,0.0326346241617993
El espejo,sub-095,sub-048,SPRT,0.08727219004958138
El espejo,sub-095,sub-087,SPRT,0.044736581867780546
El espejo,sub-095,sub-091,SPRT,0.08145732123383999
El espejo,sub-095,sub-083,SPRT,0.05003762667383397
El espejo,sub-095,sub-065,SPRT,0.15875436514200655
El espejo,sub-095,sub-077,SPRT,0.07661542622855436
El espejo,sub-095,sub-039,SPRT,0.04584475234634357
El espejo,sub-095,sub-053,SPRT,0.04561310564500302
El espejo,sub-095,sub-075,SPRT,0.1094682387430029
El espejo,sub-095,sub-060,SPRT,0.20399780178404445
El espejo,sub-095,sub-103,SPRT,0.1482984355366357
El espejo,sub-095,sub-105,SPRT,0.08083126316427851
El espejo,sub-095,sub-064,SPRT,0.062272560391601575
El espejo,sub-095,sub-010,SPRT,0.15612974049264444
El espejo,sub-095,sub-034,SPRT,0.11075425078795276
El espejo,sub-095,sub-002,SPRT,0.04171008271488562
El espejo,sub-095,sub-085,SPRT,0.08595110975452995
El espejo,sub-095,sub-021,SPRT,0.1507793244487736
El espejo,sub-095,sub-096,SPRT,0.03948818711982385
El espejo,sub-095,sub-027,SPRT,-0.033169837528018574
El espejo,sub-095,sub-006,SPRT,0.10523931926214061
El espejo,sub-095,sub-066,SPRT,0.09285268860173074
El espejo,sub-095,sub-101,SPRT,0.019985090397625204
El espejo,sub-095,sub-042,SPRT,0.0901975077220733
El espejo,sub-095,sub-003,SPRT,0.1385237396392558
El espejo,sub-095,sub-107,SPRT,0.05031047999067868
El espejo,sub-095,sub-098,SPRT,0.07582552892918476
El espejo,sub-095,sub-086,SPRT,0.06163448016658369
El espejo,sub-095,sub-013,SPRT,0.14289230469652006
El espejo,sub-095,sub-068,SPRT,0.19539615586667394
El espejo,sub-012,sub-067,SPRT,0.005262757017919334
El espejo,sub-012,sub-054,SPRT,-0.02805151478999078
El espejo,sub-012,sub-078,SPRT,0.043580340180904883
El espejo,sub-012,sub-046,SPRT,0.0336435808963881
El espejo,sub-012,sub-097,SPRT,0.032974480584683497
El espejo,sub-012,sub-079,SPRT,0.062014329232102025
El espejo,sub-012,sub-028,SPRT,0.04846125946535256
El espejo,sub-012,sub-089,SPRT,-0.04657214995587711
El espejo,sub-012,sub-109,SPRT,-0.043430981462691275
El espejo,sub-012,sub-070,SPRT,-0.030183829239791484
El espejo,sub-012,sub-111,SPRT,-0.03104271414356743
El espejo,sub-012,sub-073,SPRT,-0.0029766577222734344
El espejo,sub-012,sub-001,SPRT,0.018252882744497732
El espejo,sub-012,sub-095,SPRT,0.037827333819952805
El espejo,sub-012,sub-012,SPRT,1.0
El espejo,sub-012,sub-052,SPRT,-0.037292755843015175
El espejo,sub-012,sub-094,SPRT,0.043170352551876935
El espejo,sub-012,sub-088,SPRT,0.03741704483840828
El espejo,sub-012,sub-044,SPRT,0.058209386172686194
El espejo,sub-012,sub-009,SPRT,-0.019145119715485236
El espejo,sub-012,sub-041,SPRT,0.051733558521436435
El espejo,sub-012,sub-024,SPRT,0.026864593384793304
El espejo,sub-012,sub-016,SPRT,-0.004917663367215542
El espejo,sub-012,sub-112,SPRT,-0.029759238256536397
El espejo,sub-012,sub-058,SPRT,0.08364529078829011
El espejo,sub-012,sub-018,SPRT,0.0971365786835797
El espejo,sub-012,sub-048,SPRT,0.04889454507081581
El espejo,sub-012,sub-087,SPRT,0.027838354046960563
El espejo,sub-012,sub-091,SPRT,0.08399037467955048
El espejo,sub-012,sub-083,SPRT,-0.027157062407633895
El espejo,sub-012,sub-065,SPRT,-0.015473193675457521
El espejo,sub-012,sub-077,SPRT,-0.0572931392535661
El espejo,sub-012,sub-039,SPRT,0.12322683523727945
El espejo,sub-012,sub-053,SPRT,0.03116467635212817
El espejo,sub-012,sub-075,SPRT,0.08900484633169088
El espejo,sub-012,sub-060,SPRT,0.15707907806028756
El espejo,sub-012,sub-103,SPRT,0.03202637238819879
El espejo,sub-012,sub-105,SPRT,0.03519724122672398
El espejo,sub-012,sub-064,SPRT,-0.013654088129097294
El espejo,sub-012,sub-010,SPRT,-0.05292504775233443
El espejo,sub-012,sub-034,SPRT,-0.08898699215842543
El espejo,sub-012,sub-002,SPRT,-0.01827516139254893
El espejo,sub-012,sub-085,SPRT,-0.007484316444989899
El espejo,sub-012,sub-021,SPRT,-0.03648487434215037
El espejo,sub-012,sub-096,SPRT,-0.0007103896265889813
El espejo,sub-012,sub-027,SPRT,-0.035130066706408995
El espejo,sub-012,sub-006,SPRT,0.07535096266956419
El espejo,sub-012,sub-066,SPRT,0.03747537911722988
El espejo,sub-012,sub-101,SPRT,0.01319539221071672
El espejo,sub-012,sub-042,SPRT,0.11376649290242477
El espejo,sub-012,sub-003,SPRT,-0.024934939598728157
El espejo,sub-012,sub-107,SPRT,0.01918772096312562
El espejo,sub-012,sub-098,SPRT,0.04295387970886206
El espejo,sub-012,sub-086,SPRT,0.02795101723920954
El espejo,sub-012,sub-013,SPRT,-0.03300999102790638
El espejo,sub-012,sub-068,SPRT,0.013055900220855477
El espejo,sub-052,sub-067,SPRT,0.12296268563949604
El espejo,sub-052,sub-054,SPRT,0.1340235994463123
El espejo,sub-052,sub-078,SPRT,0.12219391824673258
El espejo,sub-052,sub-046,SPRT,0.037350956350559086
El espejo,sub-052,sub-097,SPRT,0.21146121220775643
El espejo,sub-052,sub-079,SPRT,0.1160045005346959
El espejo,sub-052,sub-028,SPRT,0.13036057992675917
El espejo,sub-052,sub-089,SPRT,0.07414764757963785
El espejo,sub-052,sub-109,SPRT,0.04530499679222451
El espejo,sub-052,sub-070,SPRT,-0.015613485110523649
El espejo,sub-052,sub-111,SPRT,0.029478369144203292
El espejo,sub-052,sub-073,SPRT,0.08477112046165869
El espejo,sub-052,sub-001,SPRT,0.01556671031405531
El espejo,sub-052,sub-095,SPRT,0.12213608948146387
El espejo,sub-052,sub-012,SPRT,-0.03729275584301518
El espejo,sub-052,sub-052,SPRT,1.0
El espejo,sub-052,sub-094,SPRT,0.14714801359304047
El espejo,sub-052,sub-088,SPRT,0.026860131242092543
El espejo,sub-052,sub-044,SPRT,-0.07648358255121589
El espejo,sub-052,sub-009,SPRT,0.03495777219585923
El espejo,sub-052,sub-041,SPRT,0.0806346121642308
El espejo,sub-052,sub-024,SPRT,0.009620866359218104
El espejo,sub-052,sub-016,SPRT,0.029670122134764096
El espejo,sub-052,sub-112,SPRT,0.09722542523019193
El espejo,sub-052,sub-058,SPRT,0.12494090662489728
El espejo,sub-052,sub-018,SPRT,0.0753003185557161
El espejo,sub-052,sub-048,SPRT,0.14504255082139483
El espejo,sub-052,sub-087,SPRT,-0.018221664531239433
El espejo,sub-052,sub-091,SPRT,-0.001766327238969723
El espejo,sub-052,sub-083,SPRT,0.07150684185823247
El espejo,sub-052,sub-065,SPRT,0.1010255811412338
El espejo,sub-052,sub-077,SPRT,0.05003405921393286
El espejo,sub-052,sub-039,SPRT,-0.00588848933408354
El espejo,sub-052,sub-053,SPRT,0.07971077284039921
El espejo,sub-052,sub-075,SPRT,0.11851526436957824
El espejo,sub-052,sub-060,SPRT,0.08841877691313406
El espejo,sub-052,sub-103,SPRT,0.12075683202012376
El espejo,sub-052,sub-105,SPRT,0.12507175699575188
El espejo,sub-052,sub-064,SPRT,-0.002623178361171845
El espejo,sub-052,sub-010,SPRT,0.08042491979255716
El espejo,sub-052,sub-034,SPRT,0.06309645247750724
El espejo,sub-052,sub-002,SPRT,0.03332284622358675
El espejo,sub-052,sub-085,SPRT,0.1353245471325377
El espejo,sub-052,sub-021,SPRT,0.041079613003630076
El espejo,sub-052,sub-096,SPRT,0.1758623740809386
El espejo,sub-052,sub-027,SPRT,0.008095113984081023
El espejo,sub-052,sub-006,SPRT,0.013162408337007703
El espejo,sub-052,sub-066,SPRT,0.06668369985680113
El espejo,sub-052,sub-101,SPRT,0.045977940261673754
El espejo,sub-052,sub-042,SPRT,0.09672075634285056
El espejo,sub-052,sub-003,SPRT,0.05867305758621461
El espejo,sub-052,sub-107,SPRT,0.17319360122452643
El espejo,sub-052,sub-098,SPRT,0.09040364178141383
El espejo,sub-052,sub-086,SPRT,0.043756477276273124
El espejo,sub-052,sub-013,SPRT,0.024246730247837352
El espejo,sub-052,sub-068,SPRT,0.11407718318629834
El espejo,sub-094,sub-067,SPRT,0.050012732680710784
El espejo,sub-094,sub-054,SPRT,0.16513270736033647
El espejo,sub-094,sub-078,SPRT,0.14691615654241952
El espejo,sub-094,sub-046,SPRT,0.07765060972945476
El espejo,sub-094,sub-097,SPRT,0.07637474855165712
El espejo,sub-094,sub-079,SPRT,0.007827503898531141
El espejo,sub-094,sub-028,SPRT,-0.012330037767153213
El espejo,sub-094,sub-089,SPRT,0.052163405714522965
El espejo,sub-094,sub-109,SPRT,0.08454019136972755
El espejo,sub-094,sub-070,SPRT,0.07834836395186252
El espejo,sub-094,sub-111,SPRT,0.05415619839190561
El espejo,sub-094,sub-073,SPRT,0.055499658258842746
El espejo,sub-094,sub-001,SPRT,0.033389811553847806
El espejo,sub-094,sub-095,SPRT,0.18079467671053617
El espejo,sub-094,sub-012,SPRT,0.04317035255187694
El espejo,sub-094,sub-052,SPRT,0.14714801359304047
El espejo,sub-094,sub-094,SPRT,0.9999999999999998
El espejo,sub-094,sub-088,SPRT,0.011392958877030769
El espejo,sub-094,sub-044,SPRT,0.05887866598072856
El espejo,sub-094,sub-009,SPRT,0.07558762766338574
El espejo,sub-094,sub-041,SPRT,0.06798095359214013
El espejo,sub-094,sub-024,SPRT,-0.005605959216341404
El espejo,sub-094,sub-016,SPRT,0.09478889843760648
El espejo,sub-094,sub-112,SPRT,0.04174806371981014
El espejo,sub-094,sub-058,SPRT,0.07939596712620667
El espejo,sub-094,sub-018,SPRT,0.05036629778525745
El espejo,sub-094,sub-048,SPRT,0.21229677198283153
El espejo,sub-094,sub-087,SPRT,0.05640647737539794
El espejo,sub-094,sub-091,SPRT,0.08144714210332239
El espejo,sub-094,sub-083,SPRT,0.062124185025167505
El espejo,sub-094,sub-065,SPRT,0.024260851880399812
El espejo,sub-094,sub-077,SPRT,0.08626591460241946
El espejo,sub-094,sub-039,SPRT,0.046942078759432654
El espejo,sub-094,sub-053,SPRT,0.11187624259238603
El espejo,sub-094,sub-075,SPRT,0.16006765466993247
El espejo,sub-094,sub-060,SPRT,0.07801868393968163
El espejo,sub-094,sub-103,SPRT,0.14851613209736603
El espejo,sub-094,sub-105,SPRT,0.03718502024599239
El espejo,sub-094,sub-064,SPRT,0.05778808462266566
El espejo,sub-094,sub-010,SPRT,0.09462182959319651
El espejo,sub-094,sub-034,SPRT,0.015374791323178455
El espejo,sub-094,sub-002,SPRT,0.06345037555720967
El espejo,sub-094,sub-085,SPRT,0.0885471859249716
El espejo,sub-094,sub-021,SPRT,0.010619519849416507
El espejo,sub-094,sub-096,SPRT,0.0744900585436722
El espejo,sub-094,sub-027,SPRT,-0.04070128469738287
El espejo,sub-094,sub-006,SPRT,-0.001959035642804436
El espejo,sub-094,sub-066,SPRT,0.09835838885170768
El espejo,sub-094,sub-101,SPRT,0.11052025828350813
El espejo,sub-094,sub-042,SPRT,0.13875832426951992
El espejo,sub-094,sub-003,SPRT,0.111888562432191
El espejo,sub-094,sub-107,SPRT,0.08006568040737001
El espejo,sub-094,sub-098,SPRT,0.024148324970677235
El espejo,sub-094,sub-086,SPRT,0.08693291465990857
El espejo,sub-094,sub-013,SPRT,0.04854126352269464
El espejo,sub-094,sub-068,SPRT,0.14715404358983725
El espejo,sub-088,sub-067,SPRT,0.036393899689505356
El espejo,sub-088,sub-054,SPRT,0.0824095587139697
El espejo,sub-088,sub-078,SPRT,0.00770866955482889
El espejo,sub-088,sub-046,SPRT,0.058316427036375566
El espejo,sub-088,sub-097,SPRT,0.16167068234771095
El espejo,sub-088,sub-079,SPRT,0.09610016564149007
El espejo,sub-088,sub-028,SPRT,0.08392154006953052
El espejo,sub-088,sub-089,SPRT,0.08030729191265465
El espejo,sub-088,sub-109,SPRT,-0.004337068342965501
El espejo,sub-088,sub-070,SPRT,-0.004391731099769655
El espejo,sub-088,sub-111,SPRT,0.04062600544908008
El espejo,sub-088,sub-073,SPRT,0.06592794504243456
El espejo,sub-088,sub-001,SPRT,0.10146311406189193
El espejo,sub-088,sub-095,SPRT,0.17360230218980363
El espejo,sub-088,sub-012,SPRT,0.03741704483840828
El espejo,sub-088,sub-052,SPRT,0.026860131242092543
El espejo,sub-088,sub-094,SPRT,0.011392958877030769
El espejo,sub-088,sub-088,SPRT,0.9999999999999998
El espejo,sub-088,sub-044,SPRT,0.13508077674774538
El espejo,sub-088,sub-009,SPRT,0.04489117579019184
El espejo,sub-088,sub-041,SPRT,0.0798047539197342
El espejo,sub-088,sub-024,SPRT,0.17671066970289817
El espejo,sub-088,sub-016,SPRT,0.04732190383977483
El espejo,sub-088,sub-112,SPRT,0.048360365164028266
El espejo,sub-088,sub-058,SPRT,0.11905320267463977
El espejo,sub-088,sub-018,SPRT,0.08997825304439752
El espejo,sub-088,sub-048,SPRT,0.01055975409668493
El espejo,sub-088,sub-087,SPRT,0.08355363278376485
El espejo,sub-088,sub-091,SPRT,0.14363457226369103
El espejo,sub-088,sub-083,SPRT,0.0007917676206172676
El espejo,sub-088,sub-065,SPRT,0.11309597763390282
El espejo,sub-088,sub-077,SPRT,0.1579845399981181
El espejo,sub-088,sub-039,SPRT,0.01507899016784328
El espejo,sub-088,sub-053,SPRT,-0.04482809220209237
El espejo,sub-088,sub-075,SPRT,-0.00283653479230281
El espejo,sub-088,sub-060,SPRT,0.17634702461887777
El espejo,sub-088,sub-103,SPRT,0.05047704127145835
El espejo,sub-088,sub-105,SPRT,0.031150529969980315
El espejo,sub-088,sub-064,SPRT,0.06399653951227129
El espejo,sub-088,sub-010,SPRT,0.1680822338247719
El espejo,sub-088,sub-034,SPRT,0.07437863829818822
El espejo,sub-088,sub-002,SPRT,0.017123264086240472
El espejo,sub-088,sub-085,SPRT,0.08271203728061284
El espejo,sub-088,sub-021,SPRT,0.05665686521079651
El espejo,sub-088,sub-096,SPRT,0.12241036574608118
El espejo,sub-088,sub-027,SPRT,-0.04393952055105251
El espejo,sub-088,sub-006,SPRT,0.03391915961479667
El espejo,sub-088,sub-066,SPRT,0.08555313921038343
El espejo,sub-088,sub-101,SPRT,0.10433026319415252
El espejo,sub-088,sub-042,SPRT,0.000229864389402618
El espejo,sub-088,sub-003,SPRT,0.020291485629401394
El espejo,sub-088,sub-107,SPRT,0.09470296672496438
El espejo,sub-088,sub-098,SPRT,0.13792429955732144
El espejo,sub-088,sub-086,SPRT,-0.036965023264030825
El espejo,sub-088,sub-013,SPRT,0.12117055891027582
El espejo,sub-088,sub-068,SPRT,0.09738207635517575
El espejo,sub-044,sub-067,SPRT,-0.004334610962379823
El espejo,sub-044,sub-054,SPRT,0.11572578099710966
El espejo,sub-044,sub-078,SPRT,0.05205310240600701
El espejo,sub-044,sub-046,SPRT,0.12802688103431295
El espejo,sub-044,sub-097,SPRT,0.09736536342806429
El espejo,sub-044,sub-079,SPRT,0.16862249651514988
El espejo,sub-044,sub-028,SPRT,0.015768638812766186
El espejo,sub-044,sub-089,SPRT,0.11243538983929592
El espejo,sub-044,sub-109,SPRT,0.004568565262950181
El espejo,sub-044,sub-070,SPRT,-0.007193720540250984
El espejo,sub-044,sub-111,SPRT,0.02399090049237303
El espejo,sub-044,sub-073,SPRT,0.09428252103545944
El espejo,sub-044,sub-001,SPRT,0.040254973619689376
El espejo,sub-044,sub-095,SPRT,0.050220857858977
El espejo,sub-044,sub-012,SPRT,0.0582093861726862
El espejo,sub-044,sub-052,SPRT,-0.07648358255121589
El espejo,sub-044,sub-094,SPRT,0.05887866598072855
El espejo,sub-044,sub-088,SPRT,0.13508077674774538
El espejo,sub-044,sub-044,SPRT,0.9999999999999998
El espejo,sub-044,sub-009,SPRT,0.11167724612591474
El espejo,sub-044,sub-041,SPRT,0.06621562911418824
El espejo,sub-044,sub-024,SPRT,0.08919625858009293
El espejo,sub-044,sub-016,SPRT,0.11913223931505285
El espejo,sub-044,sub-112,SPRT,0.05669595224419238
El espejo,sub-044,sub-058,SPRT,0.1466777510982361
El espejo,sub-044,sub-018,SPRT,7.139978060385011e-05
El espejo,sub-044,sub-048,SPRT,0.05003346312311912
El espejo,sub-044,sub-087,SPRT,0.08593718429301425
El espejo,sub-044,sub-091,SPRT,0.1111687653589378
El espejo,sub-044,sub-083,SPRT,-0.008370468337602176
El espejo,sub-044,sub-065,SPRT,0.16920826316835919
El espejo,sub-044,sub-077,SPRT,0.09755286068260689
El espejo,sub-044,sub-039,SPRT,0.08871080068364733
El espejo,sub-044,sub-053,SPRT,-0.02352688056789318
El espejo,sub-044,sub-075,SPRT,-0.03246476884186604
El espejo,sub-044,sub-060,SPRT,0.12048748877248834
El espejo,sub-044,sub-103,SPRT,0.1008449947593808
El espejo,sub-044,sub-105,SPRT,0.04718513716798036
El espejo,sub-044,sub-064,SPRT,0.054555487458515683
El espejo,sub-044,sub-010,SPRT,0.1232743115910098
El espejo,sub-044,sub-034,SPRT,-0.00490397158110229
El espejo,sub-044,sub-002,SPRT,0.10670328685759992
El espejo,sub-044,sub-085,SPRT,0.12505841563820858
El espejo,sub-044,sub-021,SPRT,0.13968681148106307
El espejo,sub-044,sub-096,SPRT,0.1087490035144073
El espejo,sub-044,sub-027,SPRT,-0.024834368050580178
El espejo,sub-044,sub-006,SPRT,0.09238995956412614
El espejo,sub-044,sub-066,SPRT,0.11405533845135726
El espejo,sub-044,sub-101,SPRT,0.0871928270705105
El espejo,sub-044,sub-042,SPRT,0.05203589445586534
El espejo,sub-044,sub-003,SPRT,0.005442882478284963
El espejo,sub-044,sub-107,SPRT,-0.01612154560049029
El espejo,sub-044,sub-098,SPRT,0.05305071234001733
El espejo,sub-044,sub-086,SPRT,0.0661952851187771
El espejo,sub-044,sub-013,SPRT,0.04503127606999115
El espejo,sub-044,sub-068,SPRT,0.13272410173618918
El espejo,sub-009,sub-067,SPRT,0.09757289466295607
El espejo,sub-009,sub-054,SPRT,0.08447982542098312
El espejo,sub-009,sub-078,SPRT,0.11538222321705448
El espejo,sub-009,sub-046,SPRT,0.02264572478046681
El espejo,sub-009,sub-097,SPRT,0.1099575061538071
El espejo,sub-009,sub-079,SPRT,0.03573631143701326
El espejo,sub-009,sub-028,SPRT,0.027766145287447034
El espejo,sub-009,sub-089,SPRT,0.09721639533975804
El espejo,sub-009,sub-109,SPRT,0.043055829568481335
El espejo,sub-009,sub-070,SPRT,0.08346336381604415
El espejo,sub-009,sub-111,SPRT,0.10584802891336091
El espejo,sub-009,sub-073,SPRT,0.19444999460436682
El espejo,sub-009,sub-001,SPRT,0.08054386185221686
El espejo,sub-009,sub-095,SPRT,0.1713853903984543
El espejo,sub-009,sub-012,SPRT,-0.019145119715485236
El espejo,sub-009,sub-052,SPRT,0.03495777219585923
El espejo,sub-009,sub-094,SPRT,0.07558762766338574
El espejo,sub-009,sub-088,SPRT,0.044891175790191834
El espejo,sub-009,sub-044,SPRT,0.11167724612591476
El espejo,sub-009,sub-009,SPRT,1.0
El espejo,sub-009,sub-041,SPRT,0.1497605044306681
El espejo,sub-009,sub-024,SPRT,0.06273575891816825
El espejo,sub-009,sub-016,SPRT,0.10858355928754183
El espejo,sub-009,sub-112,SPRT,0.1255937843982411
El espejo,sub-009,sub-058,SPRT,0.10622072939754902
El espejo,sub-009,sub-018,SPRT,0.037644105486896395
El espejo,sub-009,sub-048,SPRT,0.0283034647873208
El espejo,sub-009,sub-087,SPRT,0.09882277504238772
El espejo,sub-009,sub-091,SPRT,0.07839428449116737
El espejo,sub-009,sub-083,SPRT,0.050043391190451654
El espejo,sub-009,sub-065,SPRT,0.08843645707007317
El espejo,sub-009,sub-077,SPRT,0.033358945948264
El espejo,sub-009,sub-039,SPRT,0.10474496713869279
El espejo,sub-009,sub-053,SPRT,-0.03569627720311712
El espejo,sub-009,sub-075,SPRT,0.06453499537975063
El espejo,sub-009,sub-060,SPRT,0.09082229250182154
El espejo,sub-009,sub-103,SPRT,0.08773541150972088
El espejo,sub-009,sub-105,SPRT,-0.00317690379109513
El espejo,sub-009,sub-064,SPRT,0.12952681723526585
El espejo,sub-009,sub-010,SPRT,0.07299162979304506
El espejo,sub-009,sub-034,SPRT,0.0991271250887121
El espejo,sub-009,sub-002,SPRT,0.1508147468894671
El espejo,sub-009,sub-085,SPRT,0.1780243417997959
El espejo,sub-009,sub-021,SPRT,-0.011274258230627091
El espejo,sub-009,sub-096,SPRT,0.09499997732456811
El espejo,sub-009,sub-027,SPRT,0.00997884224995062
El espejo,sub-009,sub-006,SPRT,0.1346167898185148
El espejo,sub-009,sub-066,SPRT,0.06102807389423658
El espejo,sub-009,sub-101,SPRT,0.04266770925821786
El espejo,sub-009,sub-042,SPRT,0.08904089323467015
El espejo,sub-009,sub-003,SPRT,0.07062795176651375
El espejo,sub-009,sub-107,SPRT,0.1100792192570402
El espejo,sub-009,sub-098,SPRT,0.043140737961060195
El espejo,sub-009,sub-086,SPRT,0.0668318829030519
El espejo,sub-009,sub-013,SPRT,0.10964781015385788
El espejo,sub-009,sub-068,SPRT,0.16598500179953612
El espejo,sub-041,sub-067,SPRT,0.09809081253651168
El espejo,sub-041,sub-054,SPRT,-0.02161987658330764
El espejo,sub-041,sub-078,SPRT,0.10319775220071517
El espejo,sub-041,sub-046,SPRT,0.10479371615144437
El espejo,sub-041,sub-097,SPRT,0.06041930506648726
El espejo,sub-041,sub-079,SPRT,0.008089321200236902
El espejo,sub-041,sub-028,SPRT,-0.030749170305303997
El espejo,sub-041,sub-089,SPRT,0.09727255979823173
El espejo,sub-041,sub-109,SPRT,0.014549813117973362
El espejo,sub-041,sub-070,SPRT,0.0794573414588628
El espejo,sub-041,sub-111,SPRT,-0.018081603479478615
El espejo,sub-041,sub-073,SPRT,0.05645444470839123
El espejo,sub-041,sub-001,SPRT,-0.0031527896160091357
El espejo,sub-041,sub-095,SPRT,0.10619289388355423
El espejo,sub-041,sub-012,SPRT,0.051733558521436435
El espejo,sub-041,sub-052,SPRT,0.0806346121642308
El espejo,sub-041,sub-094,SPRT,0.06798095359214014
El espejo,sub-041,sub-088,SPRT,0.07980475391973421
El espejo,sub-041,sub-044,SPRT,0.06621562911418823
El espejo,sub-041,sub-009,SPRT,0.14976050443066813
El espejo,sub-041,sub-041,SPRT,1.0
El espejo,sub-041,sub-024,SPRT,0.11840495487315246
El espejo,sub-041,sub-016,SPRT,0.09210777924159685
El espejo,sub-041,sub-112,SPRT,0.09570024228244066
El espejo,sub-041,sub-058,SPRT,0.13153626126829834
El espejo,sub-041,sub-018,SPRT,0.014911742495368552
El espejo,sub-041,sub-048,SPRT,0.06531342399973335
El espejo,sub-041,sub-087,SPRT,0.04804694963422434
El espejo,sub-041,sub-091,SPRT,0.0934051487957128
El espejo,sub-041,sub-083,SPRT,0.12310956625688899
El espejo,sub-041,sub-065,SPRT,0.028989867287057047
El espejo,sub-041,sub-077,SPRT,0.09108617472058908
El espejo,sub-041,sub-039,SPRT,0.006560800234068875
El espejo,sub-041,sub-053,SPRT,0.03485195571265542
El espejo,sub-041,sub-075,SPRT,-0.0014973272222627823
El espejo,sub-041,sub-060,SPRT,0.045301813560811525
El espejo,sub-041,sub-103,SPRT,0.13947829420754804
El espejo,sub-041,sub-105,SPRT,0.0111951578174633
El espejo,sub-041,sub-064,SPRT,-0.004385698080991025
El espejo,sub-041,sub-010,SPRT,0.023015252229024695
El espejo,sub-041,sub-034,SPRT,0.06477619221612067
El espejo,sub-041,sub-002,SPRT,0.019798553318180423
El espejo,sub-041,sub-085,SPRT,0.10949487845420734
El espejo,sub-041,sub-021,SPRT,0.006869708329348929
El espejo,sub-041,sub-096,SPRT,0.15999901332048994
El espejo,sub-041,sub-027,SPRT,0.0014123685773190934
El espejo,sub-041,sub-006,SPRT,0.043242830344355075
El espejo,sub-041,sub-066,SPRT,0.06147364640826056
El espejo,sub-041,sub-101,SPRT,0.004019535758886587
El espejo,sub-041,sub-042,SPRT,0.0728518407107354
El espejo,sub-041,sub-003,SPRT,-0.00023602253054377667
El espejo,sub-041,sub-107,SPRT,0.05851640473084133
El espejo,sub-041,sub-098,SPRT,0.0662519270740697
El espejo,sub-041,sub-086,SPRT,-0.07894051115928293
El espejo,sub-041,sub-013,SPRT,0.0994615314255563
El espejo,sub-041,sub-068,SPRT,0.13149003730295458
El espejo,sub-024,sub-067,SPRT,-0.049545305488595884
El espejo,sub-024,sub-054,SPRT,0.11513246637017949
El espejo,sub-024,sub-078,SPRT,0.031365337581073
El espejo,sub-024,sub-046,SPRT,0.10066942979646426
El espejo,sub-024,sub-097,SPRT,0.2189613576836466
El espejo,sub-024,sub-079,SPRT,0.025050956231790197
El espejo,sub-024,sub-028,SPRT,0.06419379320127235
El espejo,sub-024,sub-089,SPRT,-0.016068669128060844
El espejo,sub-024,sub-109,SPRT,0.02055176930885362
El espejo,sub-024,sub-070,SPRT,0.09755713167426663
El espejo,sub-024,sub-111,SPRT,-0.04371979126223101
El espejo,sub-024,sub-073,SPRT,0.06602007649447762
El espejo,sub-024,sub-001,SPRT,0.035495459370293095
El espejo,sub-024,sub-095,SPRT,0.22117485584814536
El espejo,sub-024,sub-012,SPRT,0.026864593384793304
El espejo,sub-024,sub-052,SPRT,0.009620866359218104
El espejo,sub-024,sub-094,SPRT,-0.005605959216341403
El espejo,sub-024,sub-088,SPRT,0.17671066970289817
El espejo,sub-024,sub-044,SPRT,0.08919625858009293
El espejo,sub-024,sub-009,SPRT,0.06273575891816825
El espejo,sub-024,sub-041,SPRT,0.11840495487315246
El espejo,sub-024,sub-024,SPRT,1.0
El espejo,sub-024,sub-016,SPRT,0.10240988493820166
El espejo,sub-024,sub-112,SPRT,0.042183685618986076
El espejo,sub-024,sub-058,SPRT,0.09491275971081195
El espejo,sub-024,sub-018,SPRT,-0.08454396705620697
El espejo,sub-024,sub-048,SPRT,0.10217162425945504
El espejo,sub-024,sub-087,SPRT,-0.05849201111401447
El espejo,sub-024,sub-091,SPRT,0.05292037466967036
El espejo,sub-024,sub-083,SPRT,-0.062012092561025446
El espejo,sub-024,sub-065,SPRT,0.1435810314485852
El espejo,sub-024,sub-077,SPRT,0.1391276008212195
El espejo,sub-024,sub-039,SPRT,0.015680608249491707
El espejo,sub-024,sub-053,SPRT,0.028392546264902157
El espejo,sub-024,sub-075,SPRT,0.04875288823916137
El espejo,sub-024,sub-060,SPRT,0.05770157422295814
El espejo,sub-024,sub-103,SPRT,0.020162879360448156
El espejo,sub-024,sub-105,SPRT,-0.01063317765550586
El espejo,sub-024,sub-064,SPRT,-0.033408541568204594
El espejo,sub-024,sub-010,SPRT,0.09775526776116181
El espejo,sub-024,sub-034,SPRT,-0.0007684332841471095
El espejo,sub-024,sub-002,SPRT,-0.013707533570301418
El espejo,sub-024,sub-085,SPRT,-0.002893827332177734
El espejo,sub-024,sub-021,SPRT,0.02618418250792156
El espejo,sub-024,sub-096,SPRT,0.003502373842737394
El espejo,sub-024,sub-027,SPRT,0.008833051508207148
El espejo,sub-024,sub-006,SPRT,0.02548961252903205
El espejo,sub-024,sub-066,SPRT,0.056486305628032946
El espejo,sub-024,sub-101,SPRT,0.13912826723804309
El espejo,sub-024,sub-042,SPRT,0.02840628983294281
El espejo,sub-024,sub-003,SPRT,-0.04371718619705792
El espejo,sub-024,sub-107,SPRT,0.12895537452377034
El espejo,sub-024,sub-098,SPRT,-0.002409413514785888
El espejo,sub-024,sub-086,SPRT,0.007985948193903237
El espejo,sub-024,sub-013,SPRT,0.17085566011108158
El espejo,sub-024,sub-068,SPRT,0.06410871933237236
El espejo,sub-016,sub-067,SPRT,0.037819132500343515
El espejo,sub-016,sub-054,SPRT,0.034006884800498884
El espejo,sub-016,sub-078,SPRT,0.11307970737391873
El espejo,sub-016,sub-046,SPRT,0.03533206282176767
El espejo,sub-016,sub-097,SPRT,0.1382851549801211
El espejo,sub-016,sub-079,SPRT,0.06477864608173901
El espejo,sub-016,sub-028,SPRT,0.0333660952823484
El espejo,sub-016,sub-089,SPRT,0.035859744904987306
El espejo,sub-016,sub-109,SPRT,0.0076804997934875946
El espejo,sub-016,sub-070,SPRT,0.020266306307071602
El espejo,sub-016,sub-111,SPRT,0.01110671061531386
El espejo,sub-016,sub-073,SPRT,0.20714297287656158
El espejo,sub-016,sub-001,SPRT,0.01994153347550282
El espejo,sub-016,sub-095,SPRT,0.15477805336951944
El espejo,sub-016,sub-012,SPRT,-0.004917663367215542
El espejo,sub-016,sub-052,SPRT,0.029670122134764096
El espejo,sub-016,sub-094,SPRT,0.09478889843760646
El espejo,sub-016,sub-088,SPRT,0.04732190383977483
El espejo,sub-016,sub-044,SPRT,0.11913223931505283
El espejo,sub-016,sub-009,SPRT,0.10858355928754182
El espejo,sub-016,sub-041,SPRT,0.09210777924159685
El espejo,sub-016,sub-024,SPRT,0.10240988493820166
El espejo,sub-016,sub-016,SPRT,0.9999999999999998
El espejo,sub-016,sub-112,SPRT,0.05267900798168569
El espejo,sub-016,sub-058,SPRT,0.10378201879153268
El espejo,sub-016,sub-018,SPRT,0.09573684436963026
El espejo,sub-016,sub-048,SPRT,0.05092041025908345
El espejo,sub-016,sub-087,SPRT,0.004340094737473154
El espejo,sub-016,sub-091,SPRT,0.12491165347482981
El espejo,sub-016,sub-083,SPRT,0.006155047906225989
El espejo,sub-016,sub-065,SPRT,0.16120215433119398
El espejo,sub-016,sub-077,SPRT,0.0912275383862203
El espejo,sub-016,sub-039,SPRT,-0.009031322479595627
El espejo,sub-016,sub-053,SPRT,0.09002848646763426
El espejo,sub-016,sub-075,SPRT,0.01398260862117232
El espejo,sub-016,sub-060,SPRT,0.08012937726814544
El espejo,sub-016,sub-103,SPRT,0.03211379734271345
El espejo,sub-016,sub-105,SPRT,0.060042106523916366
El espejo,sub-016,sub-064,SPRT,0.02595773711132505
El espejo,sub-016,sub-010,SPRT,0.023609852638354755
El espejo,sub-016,sub-034,SPRT,0.017358239464991293
El espejo,sub-016,sub-002,SPRT,0.0438338933466457
El espejo,sub-016,sub-085,SPRT,-0.009713813873789365
El espejo,sub-016,sub-021,SPRT,-0.05114596999595345
El espejo,sub-016,sub-096,SPRT,-0.036484905391861305
El espejo,sub-016,sub-027,SPRT,-0.0038566807573299786
El espejo,sub-016,sub-006,SPRT,0.17756754669967448
El espejo,sub-016,sub-066,SPRT,0.06131465593818
El espejo,sub-016,sub-101,SPRT,0.03788619273410429
El espejo,sub-016,sub-042,SPRT,-0.003936990096460693
El espejo,sub-016,sub-003,SPRT,0.003994103887753003
El espejo,sub-016,sub-107,SPRT,0.0069860975447275965
El espejo,sub-016,sub-098,SPRT,0.005582613509911834
El espejo,sub-016,sub-086,SPRT,0.004226198014927471
El espejo,sub-016,sub-013,SPRT,0.043868242564212005
El espejo,sub-016,sub-068,SPRT,0.11636714896097385
El espejo,sub-112,sub-067,SPRT,0.009244380095208598
El espejo,sub-112,sub-054,SPRT,0.008028494278146869
El espejo,sub-112,sub-078,SPRT,0.11460480799696501
El espejo,sub-112,sub-046,SPRT,0.1764778943308683
El espejo,sub-112,sub-097,SPRT,0.1102303916299863
El espejo,sub-112,sub-079,SPRT,0.02756815071040289
El espejo,sub-112,sub-028,SPRT,0.07542546283595748
El espejo,sub-112,sub-089,SPRT,0.04450117642576578
El espejo,sub-112,sub-109,SPRT,0.1260758595405813
El espejo,sub-112,sub-070,SPRT,0.03709463233572797
El espejo,sub-112,sub-111,SPRT,0.06254330573943262
El espejo,sub-112,sub-073,SPRT,0.0676704393738383
El espejo,sub-112,sub-001,SPRT,0.08404140884654589
El espejo,sub-112,sub-095,SPRT,0.04693513640923613
El espejo,sub-112,sub-012,SPRT,-0.0297592382565364
El espejo,sub-112,sub-052,SPRT,0.09722542523019194
El espejo,sub-112,sub-094,SPRT,0.04174806371981014
El espejo,sub-112,sub-088,SPRT,0.048360365164028266
El espejo,sub-112,sub-044,SPRT,0.05669595224419237
El espejo,sub-112,sub-009,SPRT,0.1255937843982411
El espejo,sub-112,sub-041,SPRT,0.09570024228244066
El espejo,sub-112,sub-024,SPRT,0.042183685618986076
El espejo,sub-112,sub-016,SPRT,0.052679007981685684
El espejo,sub-112,sub-112,SPRT,1.0
El espejo,sub-112,sub-058,SPRT,0.0757577945200446
El espejo,sub-112,sub-018,SPRT,0.0429440997564161
El espejo,sub-112,sub-048,SPRT,0.10566936654203449
El espejo,sub-112,sub-087,SPRT,0.08549242705650084
El espejo,sub-112,sub-091,SPRT,-0.00900955676091852
El espejo,sub-112,sub-083,SPRT,0.08331834869373221
El espejo,sub-112,sub-065,SPRT,0.09538967218955585
El espejo,sub-112,sub-077,SPRT,0.10176567265064553
El espejo,sub-112,sub-039,SPRT,-0.07470983817208457
El espejo,sub-112,sub-053,SPRT,0.003134432902018184
El espejo,sub-112,sub-075,SPRT,-0.028380669006633736
El espejo,sub-112,sub-060,SPRT,0.1305950588502552
El espejo,sub-112,sub-103,SPRT,0.0754675536107238
El espejo,sub-112,sub-105,SPRT,0.10283043488889168
El espejo,sub-112,sub-064,SPRT,0.05046245662567886
El espejo,sub-112,sub-010,SPRT,0.03220351932492267
El espejo,sub-112,sub-034,SPRT,-0.0013630052217809521
El espejo,sub-112,sub-002,SPRT,0.0501256253007348
El espejo,sub-112,sub-085,SPRT,0.11347644532294475
El espejo,sub-112,sub-021,SPRT,0.11823054020886063
El espejo,sub-112,sub-096,SPRT,0.038639625407163904
El espejo,sub-112,sub-027,SPRT,0.0013723418766970993
El espejo,sub-112,sub-006,SPRT,0.05052359159254273
El espejo,sub-112,sub-066,SPRT,-0.01579898103217226
El espejo,sub-112,sub-101,SPRT,0.02614473061189261
El espejo,sub-112,sub-042,SPRT,0.12176502413570157
El espejo,sub-112,sub-003,SPRT,0.10439993596965963
El espejo,sub-112,sub-107,SPRT,0.05810121130962457
El espejo,sub-112,sub-098,SPRT,0.15023383300090315
El espejo,sub-112,sub-086,SPRT,0.007804355644564944
El espejo,sub-112,sub-013,SPRT,0.08585769843019168
El espejo,sub-112,sub-068,SPRT,0.10748367090363051
El espejo,sub-058,sub-067,SPRT,0.025500629291062626
El espejo,sub-058,sub-054,SPRT,0.09611510224096742
El espejo,sub-058,sub-078,SPRT,0.13660209325798506
El espejo,sub-058,sub-046,SPRT,0.08488844643671159
El espejo,sub-058,sub-097,SPRT,0.036562127971102136
El espejo,sub-058,sub-079,SPRT,0.16392961585027005
El espejo,sub-058,sub-028,SPRT,0.07614878896120446
El espejo,sub-058,sub-089,SPRT,0.012631682652783301
El espejo,sub-058,sub-109,SPRT,0.0893292959367645
El espejo,sub-058,sub-070,SPRT,0.06344393586421362
El espejo,sub-058,sub-111,SPRT,0.032937339333054046
El espejo,sub-058,sub-073,SPRT,0.11705114181191162
El espejo,sub-058,sub-001,SPRT,0.054354315297742005
El espejo,sub-058,sub-095,SPRT,0.1038563677500456
El espejo,sub-058,sub-012,SPRT,0.08364529078829011
El espejo,sub-058,sub-052,SPRT,0.12494090662489729
El espejo,sub-058,sub-094,SPRT,0.07939596712620667
El espejo,sub-058,sub-088,SPRT,0.11905320267463976
El espejo,sub-058,sub-044,SPRT,0.1466777510982361
El espejo,sub-058,sub-009,SPRT,0.10622072939754902
El espejo,sub-058,sub-041,SPRT,0.13153626126829834
El espejo,sub-058,sub-024,SPRT,0.09491275971081195
El espejo,sub-058,sub-016,SPRT,0.10378201879153269
El espejo,sub-058,sub-112,SPRT,0.07575779452004458
El espejo,sub-058,sub-058,SPRT,1.0
El espejo,sub-058,sub-018,SPRT,-0.0100000175700021
El espejo,sub-058,sub-048,SPRT,0.09992305936716517
El espejo,sub-058,sub-087,SPRT,0.11124770848227207
El espejo,sub-058,sub-091,SPRT,0.05950586021786054
El espejo,sub-058,sub-083,SPRT,0.06980666016176569
El espejo,sub-058,sub-065,SPRT,0.09876383429460585
El espejo,sub-058,sub-077,SPRT,0.12358285121143528
El espejo,sub-058,sub-039,SPRT,-0.0030414772126423806
El espejo,sub-058,sub-053,SPRT,0.04740540605572595
El espejo,sub-058,sub-075,SPRT,0.04989576631362188
El espejo,sub-058,sub-060,SPRT,0.1725874872656524
El espejo,sub-058,sub-103,SPRT,0.10052527302869024
El espejo,sub-058,sub-105,SPRT,0.0059579391719356434
El espejo,sub-058,sub-064,SPRT,0.0757318776517834
El espejo,sub-058,sub-010,SPRT,0.08129383657747581
El espejo,sub-058,sub-034,SPRT,0.11837524319781396
El espejo,sub-058,sub-002,SPRT,0.17034162498123237
El espejo,sub-058,sub-085,SPRT,0.10329375507442504
El espejo,sub-058,sub-021,SPRT,0.01102333777069794
El espejo,sub-058,sub-096,SPRT,0.02436358762074877
El espejo,sub-058,sub-027,SPRT,-0.07962655917510732
El espejo,sub-058,sub-006,SPRT,0.1305305493628453
El espejo,sub-058,sub-066,SPRT,0.06029661196464037
El espejo,sub-058,sub-101,SPRT,0.016828090549286225
El espejo,sub-058,sub-042,SPRT,0.021589974683408068
El espejo,sub-058,sub-003,SPRT,0.007142923100263166
El espejo,sub-058,sub-107,SPRT,0.1564187272530531
El espejo,sub-058,sub-098,SPRT,0.09894264996730903
El espejo,sub-058,sub-086,SPRT,0.004490621098997186
El espejo,sub-058,sub-013,SPRT,0.102661783578682
El espejo,sub-058,sub-068,SPRT,0.14666270065269657
El espejo,sub-018,sub-067,SPRT,-0.005178879521419658
El espejo,sub-018,sub-054,SPRT,0.07899092653088341
El espejo,sub-018,sub-078,SPRT,-0.028203928275135744
El espejo,sub-018,sub-046,SPRT,0.03917457036977789
El espejo,sub-018,sub-097,SPRT,0.06555323944155036
El espejo,sub-018,sub-079,SPRT,0.10683740538812649
El espejo,sub-018,sub-028,SPRT,0.07457388867790993
El espejo,sub-018,sub-089,SPRT,-0.03959770401047753
El espejo,sub-018,sub-109,SPRT,0.029660072705134453
El espejo,sub-018,sub-070,SPRT,0.026501090869060856
El espejo,sub-018,sub-111,SPRT,0.10553333213102808
El espejo,sub-018,sub-073,SPRT,0.027791101488066287
El espejo,sub-018,sub-001,SPRT,0.05485049310379019
El espejo,sub-018,sub-095,SPRT,0.03263462416179929
El espejo,sub-018,sub-012,SPRT,0.09713657868357971
El espejo,sub-018,sub-052,SPRT,0.0753003185557161
El espejo,sub-018,sub-094,SPRT,0.05036629778525745
El espejo,sub-018,sub-088,SPRT,0.08997825304439752
El espejo,sub-018,sub-044,SPRT,7.139978060385011e-05
El espejo,sub-018,sub-009,SPRT,0.037644105486896395
El espejo,sub-018,sub-041,SPRT,0.014911742495368554
El espejo,sub-018,sub-024,SPRT,-0.08454396705620697
El espejo,sub-018,sub-016,SPRT,0.09573684436963026
El espejo,sub-018,sub-112,SPRT,0.04294409975641611
El espejo,sub-018,sub-058,SPRT,-0.0100000175700021
El espejo,sub-018,sub-018,SPRT,1.0
El espejo,sub-018,sub-048,SPRT,0.029607176189831993
El espejo,sub-018,sub-087,SPRT,0.01777111638219564
El espejo,sub-018,sub-091,SPRT,0.023618273493079486
El espejo,sub-018,sub-083,SPRT,0.053455549317246207
El espejo,sub-018,sub-065,SPRT,0.02303535112142269
El espejo,sub-018,sub-077,SPRT,0.04917393026053307
El espejo,sub-018,sub-039,SPRT,0.049296642206755864
El espejo,sub-018,sub-053,SPRT,0.05627786494774654
El espejo,sub-018,sub-075,SPRT,0.05526492800341094
El espejo,sub-018,sub-060,SPRT,0.06275562411291517
El espejo,sub-018,sub-103,SPRT,0.03482748140097484
El espejo,sub-018,sub-105,SPRT,-0.014180971365888445
El espejo,sub-018,sub-064,SPRT,0.016032277814792554
El espejo,sub-018,sub-010,SPRT,-0.029467597209978068
El espejo,sub-018,sub-034,SPRT,-0.026756785744417807
El espejo,sub-018,sub-002,SPRT,0.09730517635310938
El espejo,sub-018,sub-085,SPRT,0.0744647192264922
El espejo,sub-018,sub-021,SPRT,0.0047333624910409254
El espejo,sub-018,sub-096,SPRT,0.03194416271314285
El espejo,sub-018,sub-027,SPRT,0.02383810161867992
El espejo,sub-018,sub-006,SPRT,-0.010105914012402555
El espejo,sub-018,sub-066,SPRT,0.13433325675812036
El espejo,sub-018,sub-101,SPRT,0.033627697500545006
El espejo,sub-018,sub-042,SPRT,0.1036997259418543
El espejo,sub-018,sub-003,SPRT,-0.026178848883229303
El espejo,sub-018,sub-107,SPRT,-0.005136468658971778
El espejo,sub-018,sub-098,SPRT,0.02933190648583609
El espejo,sub-018,sub-086,SPRT,-0.00454198329917374
El espejo,sub-018,sub-013,SPRT,0.10153917049904712
El espejo,sub-018,sub-068,SPRT,0.06625572930226349
El espejo,sub-048,sub-067,SPRT,0.0058665313381860195
El espejo,sub-048,sub-054,SPRT,-0.0013996554405003017
El espejo,sub-048,sub-078,SPRT,0.07607274116139826
El espejo,sub-048,sub-046,SPRT,0.1101798782028573
El espejo,sub-048,sub-097,SPRT,0.20220971616251657
El espejo,sub-048,sub-079,SPRT,-0.05424279796651916
El espejo,sub-048,sub-028,SPRT,0.13467337003704996
El espejo,sub-048,sub-089,SPRT,0.0339728744643992
El espejo,sub-048,sub-109,SPRT,-0.008622934270906614
El espejo,sub-048,sub-070,SPRT,0.03038794293055906
El espejo,sub-048,sub-111,SPRT,0.03288355174311617
El espejo,sub-048,sub-073,SPRT,0.04590755761462763
El espejo,sub-048,sub-001,SPRT,0.09228265275620362
El espejo,sub-048,sub-095,SPRT,0.08727219004958138
El espejo,sub-048,sub-012,SPRT,0.0488945450708158
El espejo,sub-048,sub-052,SPRT,0.14504255082139483
El espejo,sub-048,sub-094,SPRT,0.21229677198283153
El espejo,sub-048,sub-088,SPRT,0.01055975409668493
El espejo,sub-048,sub-044,SPRT,0.05003346312311912
El espejo,sub-048,sub-009,SPRT,0.0283034647873208
El espejo,sub-048,sub-041,SPRT,0.06531342399973335
El espejo,sub-048,sub-024,SPRT,0.10217162425945503
El espejo,sub-048,sub-016,SPRT,0.05092041025908345
El espejo,sub-048,sub-112,SPRT,0.1056693665420345
El espejo,sub-048,sub-058,SPRT,0.09992305936716515
El espejo,sub-048,sub-018,SPRT,0.029607176189831993
El espejo,sub-048,sub-048,SPRT,1.0
El espejo,sub-048,sub-087,SPRT,-0.0317380538003858
El espejo,sub-048,sub-091,SPRT,0.012352978070822715
El espejo,sub-048,sub-083,SPRT,0.02035232463952644
El espejo,sub-048,sub-065,SPRT,0.014453018742143529
El espejo,sub-048,sub-077,SPRT,-0.04177337025806993
El espejo,sub-048,sub-039,SPRT,-0.0003217564568762124
El espejo,sub-048,sub-053,SPRT,0.16987403671670864
El espejo,sub-048,sub-075,SPRT,0.2717589969654452
El espejo,sub-048,sub-060,SPRT,0.07495739578318486
El espejo,sub-048,sub-103,SPRT,0.0822419603342324
El espejo,sub-048,sub-105,SPRT,0.05154058217384732
El espejo,sub-048,sub-064,SPRT,0.06618161168822222
El espejo,sub-048,sub-010,SPRT,-0.059229886977431534
El espejo,sub-048,sub-034,SPRT,0.03676793898286154
El espejo,sub-048,sub-002,SPRT,0.0972611127838351
El espejo,sub-048,sub-085,SPRT,0.00945451108081952
El espejo,sub-048,sub-021,SPRT,0.18046920957071025
El espejo,sub-048,sub-096,SPRT,0.024310268073171177
El espejo,sub-048,sub-027,SPRT,-0.005286060026412014
El espejo,sub-048,sub-006,SPRT,0.04706834669555725
El espejo,sub-048,sub-066,SPRT,0.06111603223772633
El espejo,sub-048,sub-101,SPRT,0.031199592180908082
El espejo,sub-048,sub-042,SPRT,0.05590779490319997
El espejo,sub-048,sub-003,SPRT,0.09926946276880091
El espejo,sub-048,sub-107,SPRT,0.17835433338158493
El espejo,sub-048,sub-098,SPRT,-0.004753581334115754
El espejo,sub-048,sub-086,SPRT,0.11967804386251345
El espejo,sub-048,sub-013,SPRT,0.10213389286640089
El espejo,sub-048,sub-068,SPRT,0.13271840021004483
El espejo,sub-087,sub-067,SPRT,0.03943936185096453
El espejo,sub-087,sub-054,SPRT,0.02603121255570776
El espejo,sub-087,sub-078,SPRT,0.11050940660730815
El espejo,sub-087,sub-046,SPRT,0.20532458606765028
El espejo,sub-087,sub-097,SPRT,-0.009228785681714313
El espejo,sub-087,sub-079,SPRT,0.15503925334178761
El espejo,sub-087,sub-028,SPRT,0.08011294036687445
El espejo,sub-087,sub-089,SPRT,0.0761405768475082
El espejo,sub-087,sub-109,SPRT,0.002028268307131175
El espejo,sub-087,sub-070,SPRT,0.002450764620513805
El espejo,sub-087,sub-111,SPRT,0.1301787421475014
El espejo,sub-087,sub-073,SPRT,0.1823292215987722
El espejo,sub-087,sub-001,SPRT,0.08801137952010682
El espejo,sub-087,sub-095,SPRT,0.044736581867780546
El espejo,sub-087,sub-012,SPRT,0.02783835404696056
El espejo,sub-087,sub-052,SPRT,-0.01822166453123943
El espejo,sub-087,sub-094,SPRT,0.056406477375397945
El espejo,sub-087,sub-088,SPRT,0.08355363278376486
El espejo,sub-087,sub-044,SPRT,0.08593718429301425
El espejo,sub-087,sub-009,SPRT,0.09882277504238773
El espejo,sub-087,sub-041,SPRT,0.048046949634224345
El espejo,sub-087,sub-024,SPRT,-0.05849201111401447
El espejo,sub-087,sub-016,SPRT,0.004340094737473155
El espejo,sub-087,sub-112,SPRT,0.08549242705650084
El espejo,sub-087,sub-058,SPRT,0.11124770848227207
El espejo,sub-087,sub-018,SPRT,0.01777111638219564
El espejo,sub-087,sub-048,SPRT,-0.0317380538003858
El espejo,sub-087,sub-087,SPRT,0.9999999999999998
El espejo,sub-087,sub-091,SPRT,0.06689768737741289
El espejo,sub-087,sub-083,SPRT,0.13393087573232346
El espejo,sub-087,sub-065,SPRT,0.0610580545150285
El espejo,sub-087,sub-077,SPRT,0.07841671500825328
El espejo,sub-087,sub-039,SPRT,-0.007232391564278026
El espejo,sub-087,sub-053,SPRT,-0.06924401263528723
El espejo,sub-087,sub-075,SPRT,-0.07957913154885113
El espejo,sub-087,sub-060,SPRT,0.1738018708440933
El espejo,sub-087,sub-103,SPRT,0.16367074096461254
El espejo,sub-087,sub-105,SPRT,0.05050671946827361
El espejo,sub-087,sub-064,SPRT,0.005274134329081067
El espejo,sub-087,sub-010,SPRT,0.14745866289908222
El espejo,sub-087,sub-034,SPRT,0.05033993715104633
El espejo,sub-087,sub-002,SPRT,0.12360441797895895
El espejo,sub-087,sub-085,SPRT,0.22996482870775561
El espejo,sub-087,sub-021,SPRT,0.08938788272317098
El espejo,sub-087,sub-096,SPRT,0.04772333570977352
El espejo,sub-087,sub-027,SPRT,0.02179333598186749
El espejo,sub-087,sub-006,SPRT,0.11743463346576516
El espejo,sub-087,sub-066,SPRT,-0.01709740551920895
El espejo,sub-087,sub-101,SPRT,-0.04922074286842021
El espejo,sub-087,sub-042,SPRT,0.03740061558126872
El espejo,sub-087,sub-003,SPRT,0.09060149303904494
El espejo,sub-087,sub-107,SPRT,0.10449409284628902
El espejo,sub-087,sub-098,SPRT,0.05292733795375402
El espejo,sub-087,sub-086,SPRT,0.07620500130113585
El espejo,sub-087,sub-013,SPRT,0.07886676131956857
El espejo,sub-087,sub-068,SPRT,-0.018347156701185016
El espejo,sub-091,sub-067,SPRT,-0.04950472222426353
El espejo,sub-091,sub-054,SPRT,-0.0160043061063237
El espejo,sub-091,sub-078,SPRT,0.08814125741346211
El espejo,sub-091,sub-046,SPRT,0.1466687142508211
El espejo,sub-091,sub-097,SPRT,0.05443416796133616
El espejo,sub-091,sub-079,SPRT,0.07864361707733815
El espejo,sub-091,sub-028,SPRT,-0.011888358836409454
El espejo,sub-091,sub-089,SPRT,0.1467304156970175
El espejo,sub-091,sub-109,SPRT,-0.022799393214324747
El espejo,sub-091,sub-070,SPRT,-0.020501238506825035
El espejo,sub-091,sub-111,SPRT,-0.025469444207723065
El espejo,sub-091,sub-073,SPRT,0.14671702089240676
El espejo,sub-091,sub-001,SPRT,0.06757548224388528
El espejo,sub-091,sub-095,SPRT,0.08145732123383999
El espejo,sub-091,sub-012,SPRT,0.08399037467955046
El espejo,sub-091,sub-052,SPRT,-0.0017663272389697232
El espejo,sub-091,sub-094,SPRT,0.0814471421033224
El espejo,sub-091,sub-088,SPRT,0.14363457226369103
El espejo,sub-091,sub-044,SPRT,0.1111687653589378
El espejo,sub-091,sub-009,SPRT,0.07839428449116737
El espejo,sub-091,sub-041,SPRT,0.09340514879571281
El espejo,sub-091,sub-024,SPRT,0.05292037466967037
El espejo,sub-091,sub-016,SPRT,0.1249116534748298
El espejo,sub-091,sub-112,SPRT,-0.00900955676091852
El espejo,sub-091,sub-058,SPRT,0.05950586021786055
El espejo,sub-091,sub-018,SPRT,0.023618273493079486
El espejo,sub-091,sub-048,SPRT,0.012352978070822716
El espejo,sub-091,sub-087,SPRT,0.06689768737741289
El espejo,sub-091,sub-091,SPRT,1.0
El espejo,sub-091,sub-083,SPRT,0.04673150880749354
El espejo,sub-091,sub-065,SPRT,0.14488734882413012
El espejo,sub-091,sub-077,SPRT,0.018717818482373385
El espejo,sub-091,sub-039,SPRT,0.0341588903572138
El espejo,sub-091,sub-053,SPRT,0.09461494202056484
El espejo,sub-091,sub-075,SPRT,0.017419539871676975
El espejo,sub-091,sub-060,SPRT,0.1070701604479654
El espejo,sub-091,sub-103,SPRT,0.062408589224816416
El espejo,sub-091,sub-105,SPRT,0.027448164994607137
El espejo,sub-091,sub-064,SPRT,0.08250368156462018
El espejo,sub-091,sub-010,SPRT,0.040693011867418485
El espejo,sub-091,sub-034,SPRT,0.07138050747181521
El espejo,sub-091,sub-002,SPRT,0.07903314302419043
El espejo,sub-091,sub-085,SPRT,0.1815613147553018
El espejo,sub-091,sub-021,SPRT,-0.007667194558632617
El espejo,sub-091,sub-096,SPRT,-0.014372013871272295
El espejo,sub-091,sub-027,SPRT,-0.05757609562505744
El espejo,sub-091,sub-006,SPRT,0.06483184038103126
El espejo,sub-091,sub-066,SPRT,0.1473903871685832
El espejo,sub-091,sub-101,SPRT,0.036376990105439856
El espejo,sub-091,sub-042,SPRT,0.039240766903120165
El espejo,sub-091,sub-003,SPRT,0.028425182137109255
El espejo,sub-091,sub-107,SPRT,0.12496939219041107
El espejo,sub-091,sub-098,SPRT,0.02377714133959333
El espejo,sub-091,sub-086,SPRT,-0.0026264082873089733
El espejo,sub-091,sub-013,SPRT,0.01675949985099004
El espejo,sub-091,sub-068,SPRT,0.0955390222457067
El espejo,sub-083,sub-067,SPRT,0.11437016957162065
El espejo,sub-083,sub-054,SPRT,0.02100288500754845
El espejo,sub-083,sub-078,SPRT,0.09969904281255751
El espejo,sub-083,sub-046,SPRT,0.13766282940958083
El espejo,sub-083,sub-097,SPRT,0.09738546825811484
El espejo,sub-083,sub-079,SPRT,0.10527911034887934
El espejo,sub-083,sub-028,SPRT,0.09119862082170918
El espejo,sub-083,sub-089,SPRT,0.0589736041402376
El espejo,sub-083,sub-109,SPRT,0.09109018833637654
El espejo,sub-083,sub-070,SPRT,0.013776137961670194
El espejo,sub-083,sub-111,SPRT,0.11852083748846075
El espejo,sub-083,sub-073,SPRT,0.014708117488917923
El espejo,sub-083,sub-001,SPRT,0.10103862604572494
El espejo,sub-083,sub-095,SPRT,0.05003762667383397
El espejo,sub-083,sub-012,SPRT,-0.027157062407633895
El espejo,sub-083,sub-052,SPRT,0.07150684185823246
El espejo,sub-083,sub-094,SPRT,0.0621241850251675
El espejo,sub-083,sub-088,SPRT,0.0007917676206172676
El espejo,sub-083,sub-044,SPRT,-0.008370468337602178
El espejo,sub-083,sub-009,SPRT,0.05004339119045166
El espejo,sub-083,sub-041,SPRT,0.12310956625688901
El espejo,sub-083,sub-024,SPRT,-0.06201209256102544
El espejo,sub-083,sub-016,SPRT,0.0061550479062259895
El espejo,sub-083,sub-112,SPRT,0.08331834869373221
El espejo,sub-083,sub-058,SPRT,0.06980666016176569
El espejo,sub-083,sub-018,SPRT,0.053455549317246207
El espejo,sub-083,sub-048,SPRT,0.02035232463952644
El espejo,sub-083,sub-087,SPRT,0.13393087573232343
El espejo,sub-083,sub-091,SPRT,0.04673150880749354
El espejo,sub-083,sub-083,SPRT,1.0
El espejo,sub-083,sub-065,SPRT,0.07825095835619889
El espejo,sub-083,sub-077,SPRT,0.08367466557722968
El espejo,sub-083,sub-039,SPRT,-0.006259498096430276
El espejo,sub-083,sub-053,SPRT,0.06427821916182802
El espejo,sub-083,sub-075,SPRT,-0.06128884698010635
El espejo,sub-083,sub-060,SPRT,0.16646866166311433
El espejo,sub-083,sub-103,SPRT,0.10968731386843103
El espejo,sub-083,sub-105,SPRT,0.03534652890955453
El espejo,sub-083,sub-064,SPRT,0.12097969279017043
El espejo,sub-083,sub-010,SPRT,0.07418050151915467
El espejo,sub-083,sub-034,SPRT,0.05308641497438486
El espejo,sub-083,sub-002,SPRT,-0.03612232320424479
El espejo,sub-083,sub-085,SPRT,0.23955332810067081
El espejo,sub-083,sub-021,SPRT,-0.04370241666086564
El espejo,sub-083,sub-096,SPRT,0.10240419335180062
El espejo,sub-083,sub-027,SPRT,0.025313758091565643
El espejo,sub-083,sub-006,SPRT,0.09721122312042926
El espejo,sub-083,sub-066,SPRT,0.050257632260128374
El espejo,sub-083,sub-101,SPRT,0.02956996201790383
El espejo,sub-083,sub-042,SPRT,0.08761912153869307
El espejo,sub-083,sub-003,SPRT,0.12719696756582352
El espejo,sub-083,sub-107,SPRT,0.10900217499292364
El espejo,sub-083,sub-098,SPRT,0.11138551707846508
El espejo,sub-083,sub-086,SPRT,0.018375737067022835
El espejo,sub-083,sub-013,SPRT,-0.002309187994136953
El espejo,sub-083,sub-068,SPRT,0.07965614198211636
El espejo,sub-065,sub-067,SPRT,0.08089893344957536
El espejo,sub-065,sub-054,SPRT,0.019552543512477646
El espejo,sub-065,sub-078,SPRT,0.1297361374383118
El espejo,sub-065,sub-046,SPRT,0.13734413157910483
El espejo,sub-065,sub-097,SPRT,0.16490536624917682
El espejo,sub-065,sub-079,SPRT,0.09956418717073166
El espejo,sub-065,sub-028,SPRT,0.08464459217390718
El espejo,sub-065,sub-089,SPRT,0.0820573153130543
El espejo,sub-065,sub-109,SPRT,0.051541657964129226
El espejo,sub-065,sub-070,SPRT,0.006815757311466755
El espejo,sub-065,sub-111,SPRT,0.0645894028722111
El espejo,sub-065,sub-073,SPRT,0.13380103611166802
El espejo,sub-065,sub-001,SPRT,0.10597680769551981
El espejo,sub-065,sub-095,SPRT,0.15875436514200655
El espejo,sub-065,sub-012,SPRT,-0.015473193675457521
El espejo,sub-065,sub-052,SPRT,0.1010255811412338
El espejo,sub-065,sub-094,SPRT,0.024260851880399815
El espejo,sub-065,sub-088,SPRT,0.11309597763390282
El espejo,sub-065,sub-044,SPRT,0.16920826316835919
El espejo,sub-065,sub-009,SPRT,0.08843645707007317
El espejo,sub-065,sub-041,SPRT,0.028989867287057047
El espejo,sub-065,sub-024,SPRT,0.1435810314485852
El espejo,sub-065,sub-016,SPRT,0.16120215433119398
El espejo,sub-065,sub-112,SPRT,0.09538967218955585
El espejo,sub-065,sub-058,SPRT,0.09876383429460585
El espejo,sub-065,sub-018,SPRT,0.02303535112142269
El espejo,sub-065,sub-048,SPRT,0.014453018742143529
El espejo,sub-065,sub-087,SPRT,0.0610580545150285
El espejo,sub-065,sub-091,SPRT,0.14488734882413012
El espejo,sub-065,sub-083,SPRT,0.0782509583561989
El espejo,sub-065,sub-065,SPRT,0.9999999999999999
El espejo,sub-065,sub-077,SPRT,0.12140896030444048
El espejo,sub-065,sub-039,SPRT,-0.005146292888026067
El espejo,sub-065,sub-053,SPRT,0.10478009613563402
El espejo,sub-065,sub-075,SPRT,-0.0063580024334118695
El espejo,sub-065,sub-060,SPRT,0.11587173323145826
El espejo,sub-065,sub-103,SPRT,0.040323919211494114
El espejo,sub-065,sub-105,SPRT,0.013516534654741605
El espejo,sub-065,sub-064,SPRT,0.06595094633718238
El espejo,sub-065,sub-010,SPRT,0.20984822001579942
El espejo,sub-065,sub-034,SPRT,-0.0010359999336064536
El espejo,sub-065,sub-002,SPRT,-0.008187621160510488
El espejo,sub-065,sub-085,SPRT,0.06569124246506651
El espejo,sub-065,sub-021,SPRT,0.0014478846700595395
El espejo,sub-065,sub-096,SPRT,-0.018173391182165995
El espejo,sub-065,sub-027,SPRT,-0.06278422080452722
El espejo,sub-065,sub-006,SPRT,0.08953022960105443
El espejo,sub-065,sub-066,SPRT,0.16493547952636065
El espejo,sub-065,sub-101,SPRT,0.09261792257699339
El espejo,sub-065,sub-042,SPRT,0.04538084291985884
El espejo,sub-065,sub-003,SPRT,-0.002363936679906423
El espejo,sub-065,sub-107,SPRT,0.10481607828815906
El espejo,sub-065,sub-098,SPRT,0.04816241255363614
El espejo,sub-065,sub-086,SPRT,0.04262866124260242
El espejo,sub-065,sub-013,SPRT,0.08598227070782369
El espejo,sub-065,sub-068,SPRT,0.22801947471665615
El espejo,sub-077,sub-067,SPRT,0.11616626535229195
El espejo,sub-077,sub-054,SPRT,0.12420728812005567
El espejo,sub-077,sub-078,SPRT,0.06940429714553398
El espejo,sub-077,sub-046,SPRT,0.12545394522916742
El espejo,sub-077,sub-097,SPRT,0.1250354867666965
El espejo,sub-077,sub-079,SPRT,0.19001250636094422
El espejo,sub-077,sub-028,SPRT,-0.010143986383483497
El espejo,sub-077,sub-089,SPRT,0.10268630457550455
El espejo,sub-077,sub-109,SPRT,0.1168165989431894
El espejo,sub-077,sub-070,SPRT,-0.10331477804911751
El espejo,sub-077,sub-111,SPRT,0.028605226937161967
El espejo,sub-077,sub-073,SPRT,0.10891728464492184
El espejo,sub-077,sub-001,SPRT,0.07768837717720734
El espejo,sub-077,sub-095,SPRT,0.07661542622855436
El espejo,sub-077,sub-012,SPRT,-0.057293139253566105
El espejo,sub-077,sub-052,SPRT,0.05003405921393286
El espejo,sub-077,sub-094,SPRT,0.08626591460241946
El espejo,sub-077,sub-088,SPRT,0.1579845399981181
El espejo,sub-077,sub-044,SPRT,0.09755286068260689
El espejo,sub-077,sub-009,SPRT,0.033358945948263996
El espejo,sub-077,sub-041,SPRT,0.09108617472058908
El espejo,sub-077,sub-024,SPRT,0.1391276008212195
El espejo,sub-077,sub-016,SPRT,0.0912275383862203
El espejo,sub-077,sub-112,SPRT,0.10176567265064553
El espejo,sub-077,sub-058,SPRT,0.12358285121143527
El espejo,sub-077,sub-018,SPRT,0.049173930260533065
El espejo,sub-077,sub-048,SPRT,-0.041773370258069924
El espejo,sub-077,sub-087,SPRT,0.07841671500825328
El espejo,sub-077,sub-091,SPRT,0.018717818482373385
El espejo,sub-077,sub-083,SPRT,0.08367466557722968
El espejo,sub-077,sub-065,SPRT,0.12140896030444047
El espejo,sub-077,sub-077,SPRT,1.0
El espejo,sub-077,sub-039,SPRT,0.006128869252831592
El espejo,sub-077,sub-053,SPRT,-0.042893598539671854
El espejo,sub-077,sub-075,SPRT,0.02376981618605378
El espejo,sub-077,sub-060,SPRT,0.14306416915162692
El espejo,sub-077,sub-103,SPRT,0.11072976261034641
El espejo,sub-077,sub-105,SPRT,0.05024460269346638
El espejo,sub-077,sub-064,SPRT,0.10815846593942804
El espejo,sub-077,sub-010,SPRT,0.06775484435148489
El espejo,sub-077,sub-034,SPRT,0.05514536698683051
El espejo,sub-077,sub-002,SPRT,0.023901576367091587
El espejo,sub-077,sub-085,SPRT,0.08180623438744544
El espejo,sub-077,sub-021,SPRT,-0.03655107572727367
El espejo,sub-077,sub-096,SPRT,0.1481557381597736
El espejo,sub-077,sub-027,SPRT,0.06265991075448027
El espejo,sub-077,sub-006,SPRT,0.062284278004388724
El espejo,sub-077,sub-066,SPRT,0.07185802552660761
El espejo,sub-077,sub-101,SPRT,0.10752995027669812
El espejo,sub-077,sub-042,SPRT,0.09254285233525093
El espejo,sub-077,sub-003,SPRT,0.045381490603735745
El espejo,sub-077,sub-107,SPRT,0.10594279924429778
El espejo,sub-077,sub-098,SPRT,0.052124133411588724
El espejo,sub-077,sub-086,SPRT,0.016632666409300067
El espejo,sub-077,sub-013,SPRT,0.09567537518717967
El espejo,sub-077,sub-068,SPRT,0.06851522643957418
El espejo,sub-039,sub-067,SPRT,-0.05011386072378463
El espejo,sub-039,sub-054,SPRT,0.05979495572352116
El espejo,sub-039,sub-078,SPRT,-0.019529233209895736
El espejo,sub-039,sub-046,SPRT,0.05325674915756428
El espejo,sub-039,sub-097,SPRT,0.05901690339941363
El espejo,sub-039,sub-079,SPRT,0.013521377648087751
El espejo,sub-039,sub-028,SPRT,-0.06531061139490885
El espejo,sub-039,sub-089,SPRT,0.06044483562346423
El espejo,sub-039,sub-109,SPRT,0.0077500616382325934
El espejo,sub-039,sub-070,SPRT,-0.03866104363893344
El espejo,sub-039,sub-111,SPRT,0.06500485090776786
El espejo,sub-039,sub-073,SPRT,-0.032523112440459495
El espejo,sub-039,sub-001,SPRT,0.09126381235475345
El espejo,sub-039,sub-095,SPRT,0.04584475234634357
El espejo,sub-039,sub-012,SPRT,0.12322683523727947
El espejo,sub-039,sub-052,SPRT,-0.00588848933408354
El espejo,sub-039,sub-094,SPRT,0.046942078759432654
El espejo,sub-039,sub-088,SPRT,0.015078990167843278
El espejo,sub-039,sub-044,SPRT,0.08871080068364733
El espejo,sub-039,sub-009,SPRT,0.10474496713869277
El espejo,sub-039,sub-041,SPRT,0.006560800234068875
El espejo,sub-039,sub-024,SPRT,0.015680608249491704
El espejo,sub-039,sub-016,SPRT,-0.009031322479595627
El espejo,sub-039,sub-112,SPRT,-0.07470983817208457
El espejo,sub-039,sub-058,SPRT,-0.003041477212642381
El espejo,sub-039,sub-018,SPRT,0.049296642206755864
El espejo,sub-039,sub-048,SPRT,-0.0003217564568762124
El espejo,sub-039,sub-087,SPRT,-0.0072323915642780266
El espejo,sub-039,sub-091,SPRT,0.0341588903572138
El espejo,sub-039,sub-083,SPRT,-0.006259498096430276
El espejo,sub-039,sub-065,SPRT,-0.005146292888026066
El espejo,sub-039,sub-077,SPRT,0.006128869252831592
El espejo,sub-039,sub-039,SPRT,1.0
El espejo,sub-039,sub-053,SPRT,-0.012785207566620245
El espejo,sub-039,sub-075,SPRT,-0.023027002840579465
El espejo,sub-039,sub-060,SPRT,0.09032654316513
El espejo,sub-039,sub-103,SPRT,0.036430200985743205
El espejo,sub-039,sub-105,SPRT,-0.05505320497849145
El espejo,sub-039,sub-064,SPRT,-0.0777632031828016
El espejo,sub-039,sub-010,SPRT,-0.044916184169788355
El espejo,sub-039,sub-034,SPRT,0.016955365537716136
El espejo,sub-039,sub-002,SPRT,0.09891262813134845
El espejo,sub-039,sub-085,SPRT,-0.0008181517122099231
El espejo,sub-039,sub-021,SPRT,0.07103183232732496
El espejo,sub-039,sub-096,SPRT,0.015008840996013099
El espejo,sub-039,sub-027,SPRT,0.08315352441281501
El espejo,sub-039,sub-006,SPRT,0.10563367757430009
El espejo,sub-039,sub-066,SPRT,0.0017738456087840883
El espejo,sub-039,sub-101,SPRT,0.06422585488972102
El espejo,sub-039,sub-042,SPRT,0.06035903353633273
El espejo,sub-039,sub-003,SPRT,-0.030624062697951062
El espejo,sub-039,sub-107,SPRT,0.012227407199358388
El espejo,sub-039,sub-098,SPRT,-0.0015005270267610701
El espejo,sub-039,sub-086,SPRT,0.02601744171588567
El espejo,sub-039,sub-013,SPRT,-5.823076353403021e-05
El espejo,sub-039,sub-068,SPRT,0.0501421475768046
El espejo,sub-053,sub-067,SPRT,0.04092878154292829
El espejo,sub-053,sub-054,SPRT,-0.018160655924559198
El espejo,sub-053,sub-078,SPRT,0.05771254822986014
El espejo,sub-053,sub-046,SPRT,0.029829248479989377
El espejo,sub-053,sub-097,SPRT,0.16752778366601895
El espejo,sub-053,sub-079,SPRT,0.03596692381842487
El espejo,sub-053,sub-028,SPRT,0.095643963508108
El espejo,sub-053,sub-089,SPRT,-0.04191365074752179
El espejo,sub-053,sub-109,SPRT,0.0720218999415858
El espejo,sub-053,sub-070,SPRT,0.10961400264639742
El espejo,sub-053,sub-111,SPRT,0.09709859108145713
El espejo,sub-053,sub-073,SPRT,-0.0386624727266651
El espejo,sub-053,sub-001,SPRT,0.06239286870216116
El espejo,sub-053,sub-095,SPRT,0.045613105645003024
El espejo,sub-053,sub-012,SPRT,0.03116467635212817
El espejo,sub-053,sub-052,SPRT,0.07971077284039921
El espejo,sub-053,sub-094,SPRT,0.11187624259238603
El espejo,sub-053,sub-088,SPRT,-0.04482809220209238
El espejo,sub-053,sub-044,SPRT,-0.023526880567893177
El espejo,sub-053,sub-009,SPRT,-0.03569627720311712
El espejo,sub-053,sub-041,SPRT,0.03485195571265542
El espejo,sub-053,sub-024,SPRT,0.028392546264902157
El espejo,sub-053,sub-016,SPRT,0.09002848646763426
El espejo,sub-053,sub-112,SPRT,0.003134432902018184
El espejo,sub-053,sub-058,SPRT,0.04740540605572594
El espejo,sub-053,sub-018,SPRT,0.056277864947746545
El espejo,sub-053,sub-048,SPRT,0.16987403671670864
El espejo,sub-053,sub-087,SPRT,-0.06924401263528722
El espejo,sub-053,sub-091,SPRT,0.09461494202056484
El espejo,sub-053,sub-083,SPRT,0.06427821916182802
El espejo,sub-053,sub-065,SPRT,0.10478009613563402
El espejo,sub-053,sub-077,SPRT,-0.042893598539671854
El espejo,sub-053,sub-039,SPRT,-0.012785207566620245
El espejo,sub-053,sub-053,SPRT,1.0
El espejo,sub-053,sub-075,SPRT,0.13697942915067982
El espejo,sub-053,sub-060,SPRT,0.07192246096521741
El espejo,sub-053,sub-103,SPRT,-0.007004795227333162
El espejo,sub-053,sub-105,SPRT,0.1277752642888721
El espejo,sub-053,sub-064,SPRT,0.05601701143190384
El espejo,sub-053,sub-010,SPRT,0.07714786439081518
El espejo,sub-053,sub-034,SPRT,0.023348350268270913
El espejo,sub-053,sub-002,SPRT,0.13451549699555776
El espejo,sub-053,sub-085,SPRT,-0.02375539306008723
El espejo,sub-053,sub-021,SPRT,0.03151173247455388
El espejo,sub-053,sub-096,SPRT,0.014225751492127285
El espejo,sub-053,sub-027,SPRT,-0.019069993074535545
El espejo,sub-053,sub-006,SPRT,-0.010491564912033235
El espejo,sub-053,sub-066,SPRT,0.19970187115655122
El espejo,sub-053,sub-101,SPRT,0.1094458419679243
El espejo,sub-053,sub-042,SPRT,0.13761396097422351
El espejo,sub-053,sub-003,SPRT,0.054792771010871655
El espejo,sub-053,sub-107,SPRT,0.1317361854235655
El espejo,sub-053,sub-098,SPRT,0.004188313753252497
El espejo,sub-053,sub-086,SPRT,0.032727155710214374
El espejo,sub-053,sub-013,SPRT,-0.01385181102889117
El espejo,sub-053,sub-068,SPRT,0.06711531360087164
El espejo,sub-075,sub-067,SPRT,0.05518854142489888
El espejo,sub-075,sub-054,SPRT,0.09864196256578704
El espejo,sub-075,sub-078,SPRT,0.05572910339774386
El espejo,sub-075,sub-046,SPRT,0.022453476651066194
El espejo,sub-075,sub-097,SPRT,0.13361949457765712
El espejo,sub-075,sub-079,SPRT,0.0362099958455172
El espejo,sub-075,sub-028,SPRT,0.11116491049003072
El espejo,sub-075,sub-089,SPRT,-0.015681753663937398
El espejo,sub-075,sub-109,SPRT,0.024922903647691036
El espejo,sub-075,sub-070,SPRT,0.09507580138553834
El espejo,sub-075,sub-111,SPRT,0.02311818753396803
El espejo,sub-075,sub-073,SPRT,0.09075345998394099
El espejo,sub-075,sub-001,SPRT,0.09287152472451088
El espejo,sub-075,sub-095,SPRT,0.1094682387430029
El espejo,sub-075,sub-012,SPRT,0.08900484633169088
El espejo,sub-075,sub-052,SPRT,0.11851526436957825
El espejo,sub-075,sub-094,SPRT,0.1600676546699325
El espejo,sub-075,sub-088,SPRT,-0.0028365347923028097
El espejo,sub-075,sub-044,SPRT,-0.03246476884186604
El espejo,sub-075,sub-009,SPRT,0.06453499537975063
El espejo,sub-075,sub-041,SPRT,-0.001497327222262782
El espejo,sub-075,sub-024,SPRT,0.04875288823916137
El espejo,sub-075,sub-016,SPRT,0.013982608621172319
El espejo,sub-075,sub-112,SPRT,-0.02838066900663374
El espejo,sub-075,sub-058,SPRT,0.04989576631362188
El espejo,sub-075,sub-018,SPRT,0.05526492800341094
El espejo,sub-075,sub-048,SPRT,0.2717589969654452
El espejo,sub-075,sub-087,SPRT,-0.07957913154885111
El espejo,sub-075,sub-091,SPRT,0.017419539871676975
El espejo,sub-075,sub-083,SPRT,-0.06128884698010636
El espejo,sub-075,sub-065,SPRT,-0.00635800243341187
El espejo,sub-075,sub-077,SPRT,0.02376981618605378
El espejo,sub-075,sub-039,SPRT,-0.023027002840579465
El espejo,sub-075,sub-053,SPRT,0.13697942915067982
El espejo,sub-075,sub-075,SPRT,1.0
El espejo,sub-075,sub-060,SPRT,0.035729983800279114
El espejo,sub-075,sub-103,SPRT,0.01159391762506616
El espejo,sub-075,sub-105,SPRT,0.07967609314381663
El espejo,sub-075,sub-064,SPRT,0.033666146976850796
El espejo,sub-075,sub-010,SPRT,-0.0472231538407797
El espejo,sub-075,sub-034,SPRT,0.035676905912015874
El espejo,sub-075,sub-002,SPRT,0.1450608983851884
El espejo,sub-075,sub-085,SPRT,0.03953238722338888
El espejo,sub-075,sub-021,SPRT,0.08250196086311049
El espejo,sub-075,sub-096,SPRT,-0.013518409487925397
El espejo,sub-075,sub-027,SPRT,0.011370760570097904
El espejo,sub-075,sub-006,SPRT,-0.013072897933710272
El espejo,sub-075,sub-066,SPRT,0.0708407868793805
El espejo,sub-075,sub-101,SPRT,0.03883481468213937
El espejo,sub-075,sub-042,SPRT,0.12701567839076222
El espejo,sub-075,sub-003,SPRT,0.08041031855808535
El espejo,sub-075,sub-107,SPRT,0.05308660628770925
El espejo,sub-075,sub-098,SPRT,-0.02345308554798674
El espejo,sub-075,sub-086,SPRT,-0.0123620670434248
El espejo,sub-075,sub-013,SPRT,0.1316694478288276
El espejo,sub-075,sub-068,SPRT,0.07801015561873854
El espejo,sub-060,sub-067,SPRT,0.08127208051984842
El espejo,sub-060,sub-054,SPRT,0.01715513338472999
El espejo,sub-060,sub-078,SPRT,0.1476197810916987
El espejo,sub-060,sub-046,SPRT,0.12027618051131102
El espejo,sub-060,sub-097,SPRT,0.1293930782336389
El espejo,sub-060,sub-079,SPRT,0.1768558978924212
El espejo,sub-060,sub-028,SPRT,0.1591204357649532
El espejo,sub-060,sub-089,SPRT,0.1856708108504871
El espejo,sub-060,sub-109,SPRT,0.03036821216434056
El espejo,sub-060,sub-070,SPRT,-0.04397160288757144
El espejo,sub-060,sub-111,SPRT,0.12698056101813424
El espejo,sub-060,sub-073,SPRT,0.1646468873268974
El espejo,sub-060,sub-001,SPRT,0.04145981447755196
El espejo,sub-060,sub-095,SPRT,0.20399780178404442
El espejo,sub-060,sub-012,SPRT,0.15707907806028756
El espejo,sub-060,sub-052,SPRT,0.08841877691313407
El espejo,sub-060,sub-094,SPRT,0.07801868393968163
El espejo,sub-060,sub-088,SPRT,0.17634702461887777
El espejo,sub-060,sub-044,SPRT,0.12048748877248833
El espejo,sub-060,sub-009,SPRT,0.09082229250182153
El espejo,sub-060,sub-041,SPRT,0.04530181356081153
El espejo,sub-060,sub-024,SPRT,0.057701574222958144
El espejo,sub-060,sub-016,SPRT,0.08012937726814544
El espejo,sub-060,sub-112,SPRT,0.1305950588502552
El espejo,sub-060,sub-058,SPRT,0.1725874872656524
El espejo,sub-060,sub-018,SPRT,0.06275562411291517
El espejo,sub-060,sub-048,SPRT,0.07495739578318485
El espejo,sub-060,sub-087,SPRT,0.1738018708440933
El espejo,sub-060,sub-091,SPRT,0.10707016044796541
El espejo,sub-060,sub-083,SPRT,0.16646866166311433
El espejo,sub-060,sub-065,SPRT,0.11587173323145826
El espejo,sub-060,sub-077,SPRT,0.1430641691516269
El espejo,sub-060,sub-039,SPRT,0.09032654316513002
El espejo,sub-060,sub-053,SPRT,0.0719224609652174
El espejo,sub-060,sub-075,SPRT,0.035729983800279114
El espejo,sub-060,sub-060,SPRT,1.0
El espejo,sub-060,sub-103,SPRT,0.1041807968328618
El espejo,sub-060,sub-105,SPRT,0.09176161867422716
El espejo,sub-060,sub-064,SPRT,0.09733891130568113
El espejo,sub-060,sub-010,SPRT,0.14712753864155134
El espejo,sub-060,sub-034,SPRT,0.051585140472668885
El espejo,sub-060,sub-002,SPRT,0.07214951920311849
El espejo,sub-060,sub-085,SPRT,0.18353593881184077
El espejo,sub-060,sub-021,SPRT,0.04345699317204505
El espejo,sub-060,sub-096,SPRT,0.08663018111535523
El espejo,sub-060,sub-027,SPRT,0.0385972819363788
El espejo,sub-060,sub-006,SPRT,0.19543825380947594
El espejo,sub-060,sub-066,SPRT,0.13934241355701113
El espejo,sub-060,sub-101,SPRT,0.1389217969721785
El espejo,sub-060,sub-042,SPRT,0.084421279545076
El espejo,sub-060,sub-003,SPRT,0.13999589530496875
El espejo,sub-060,sub-107,SPRT,0.1120574449386152
El espejo,sub-060,sub-098,SPRT,0.16083021691401952
El espejo,sub-060,sub-086,SPRT,0.07957308910814714
El espejo,sub-060,sub-013,SPRT,0.05753106912478929
El espejo,sub-060,sub-068,SPRT,0.11456544292834744
El espejo,sub-103,sub-067,SPRT,0.10770630181007199
El espejo,sub-103,sub-054,SPRT,0.121687740304906
El espejo,sub-103,sub-078,SPRT,0.07908670271257573
El espejo,sub-103,sub-046,SPRT,0.04323094790430239
El espejo,sub-103,sub-097,SPRT,0.029081174648049577
El espejo,sub-103,sub-079,SPRT,0.050306603835192566
El espejo,sub-103,sub-028,SPRT,0.08155972238322212
El espejo,sub-103,sub-089,SPRT,0.09532755903196814
El espejo,sub-103,sub-109,SPRT,0.07952827963178045
El espejo,sub-103,sub-070,SPRT,-0.00874259054254094
El espejo,sub-103,sub-111,SPRT,0.09861944213806427
El espejo,sub-103,sub-073,SPRT,0.07237558131757092
El espejo,sub-103,sub-001,SPRT,0.03534685586413581
El espejo,sub-103,sub-095,SPRT,0.1482984355366357
El espejo,sub-103,sub-012,SPRT,0.03202637238819879
El espejo,sub-103,sub-052,SPRT,0.12075683202012376
El espejo,sub-103,sub-094,SPRT,0.14851613209736603
El espejo,sub-103,sub-088,SPRT,0.05047704127145835
El espejo,sub-103,sub-044,SPRT,0.10084499475938082
El espejo,sub-103,sub-009,SPRT,0.08773541150972088
El espejo,sub-103,sub-041,SPRT,0.13947829420754804
El espejo,sub-103,sub-024,SPRT,0.020162879360448152
El espejo,sub-103,sub-016,SPRT,0.03211379734271345
El espejo,sub-103,sub-112,SPRT,0.0754675536107238
El espejo,sub-103,sub-058,SPRT,0.10052527302869023
El espejo,sub-103,sub-018,SPRT,0.034827481400974844
El espejo,sub-103,sub-048,SPRT,0.0822419603342324
El espejo,sub-103,sub-087,SPRT,0.1636707409646125
El espejo,sub-103,sub-091,SPRT,0.06240858922481641
El espejo,sub-103,sub-083,SPRT,0.10968731386843102
El espejo,sub-103,sub-065,SPRT,0.04032391921149412
El espejo,sub-103,sub-077,SPRT,0.11072976261034641
El espejo,sub-103,sub-039,SPRT,0.0364302009857432
El espejo,sub-103,sub-053,SPRT,-0.007004795227333163
El espejo,sub-103,sub-075,SPRT,0.01159391762506616
El espejo,sub-103,sub-060,SPRT,0.10418079683286181
El espejo,sub-103,sub-103,SPRT,1.0
El espejo,sub-103,sub-105,SPRT,0.12141786275179975
El espejo,sub-103,sub-064,SPRT,0.08363711040647306
El espejo,sub-103,sub-010,SPRT,0.12817877710201772
El espejo,sub-103,sub-034,SPRT,0.10222214514911862
El espejo,sub-103,sub-002,SPRT,0.0027622913334940788
El espejo,sub-103,sub-085,SPRT,0.1799904904736038
El espejo,sub-103,sub-021,SPRT,0.08783102773208208
El espejo,sub-103,sub-096,SPRT,0.10236054183624244
El espejo,sub-103,sub-027,SPRT,0.047336201184711116
El espejo,sub-103,sub-006,SPRT,0.04423375989378946
El espejo,sub-103,sub-066,SPRT,0.0277534181020158
El espejo,sub-103,sub-101,SPRT,-0.0060498640193089636
El espejo,sub-103,sub-042,SPRT,0.08227351965949765
El espejo,sub-103,sub-003,SPRT,0.12622188601595152
El espejo,sub-103,sub-107,SPRT,0.05512545177713156
El espejo,sub-103,sub-098,SPRT,0.03990559285356438
El espejo,sub-103,sub-086,SPRT,0.09048043616163202
El espejo,sub-103,sub-013,SPRT,0.059805079667937584
El espejo,sub-103,sub-068,SPRT,0.11342491795543537
El espejo,sub-105,sub-067,SPRT,0.036407083732536524
El espejo,sub-105,sub-054,SPRT,0.07259940799155341
El espejo,sub-105,sub-078,SPRT,0.14421060549262535
El espejo,sub-105,sub-046,SPRT,0.06724523884032951
El espejo,sub-105,sub-097,SPRT,0.06880756028254201
El espejo,sub-105,sub-079,SPRT,0.036200740082282315
El espejo,sub-105,sub-028,SPRT,0.02953867927378975
El espejo,sub-105,sub-089,SPRT,0.04105618421791055
El espejo,sub-105,sub-109,SPRT,0.023773240774234837
El espejo,sub-105,sub-070,SPRT,0.014865631140393737
El espejo,sub-105,sub-111,SPRT,0.08815253314634043
El espejo,sub-105,sub-073,SPRT,0.09089842371887219
El espejo,sub-105,sub-001,SPRT,0.04108501799410534
El espejo,sub-105,sub-095,SPRT,0.08083126316427851
El espejo,sub-105,sub-012,SPRT,0.03519724122672398
El espejo,sub-105,sub-052,SPRT,0.12507175699575185
El espejo,sub-105,sub-094,SPRT,0.03718502024599239
El espejo,sub-105,sub-088,SPRT,0.031150529969980318
El espejo,sub-105,sub-044,SPRT,0.04718513716798036
El espejo,sub-105,sub-009,SPRT,-0.00317690379109513
El espejo,sub-105,sub-041,SPRT,0.0111951578174633
El espejo,sub-105,sub-024,SPRT,-0.010633177655505862
El espejo,sub-105,sub-016,SPRT,0.06004210652391638
El espejo,sub-105,sub-112,SPRT,0.10283043488889168
El espejo,sub-105,sub-058,SPRT,0.005957939171935644
El espejo,sub-105,sub-018,SPRT,-0.014180971365888443
El espejo,sub-105,sub-048,SPRT,0.05154058217384733
El espejo,sub-105,sub-087,SPRT,0.05050671946827362
El espejo,sub-105,sub-091,SPRT,0.02744816499460714
El espejo,sub-105,sub-083,SPRT,0.03534652890955453
El espejo,sub-105,sub-065,SPRT,0.013516534654741605
El espejo,sub-105,sub-077,SPRT,0.05024460269346638
El espejo,sub-105,sub-039,SPRT,-0.055053204978491456
El espejo,sub-105,sub-053,SPRT,0.1277752642888721
El espejo,sub-105,sub-075,SPRT,0.07967609314381661
El espejo,sub-105,sub-060,SPRT,0.09176161867422715
El espejo,sub-105,sub-103,SPRT,0.12141786275179975
El espejo,sub-105,sub-105,SPRT,1.0
El espejo,sub-105,sub-064,SPRT,0.059252315378783026
El espejo,sub-105,sub-010,SPRT,0.02027290722003592
El espejo,sub-105,sub-034,SPRT,0.031863986075342104
El espejo,sub-105,sub-002,SPRT,0.1162734402833647
El espejo,sub-105,sub-085,SPRT,0.07492390442906978
El espejo,sub-105,sub-021,SPRT,-0.023950110447149224
El espejo,sub-105,sub-096,SPRT,0.033060430208797925
El espejo,sub-105,sub-027,SPRT,0.04032323379365375
El espejo,sub-105,sub-006,SPRT,0.008965055916070212
El espejo,sub-105,sub-066,SPRT,0.07048028208797201
El espejo,sub-105,sub-101,SPRT,-0.07429045041134627
El espejo,sub-105,sub-042,SPRT,0.07285502627221783
El espejo,sub-105,sub-003,SPRT,-0.04306052569451691
El espejo,sub-105,sub-107,SPRT,0.08191582261261256
El espejo,sub-105,sub-098,SPRT,0.014996043261125776
El espejo,sub-105,sub-086,SPRT,-0.009865675917093735
El espejo,sub-105,sub-013,SPRT,0.04206622979083955
El espejo,sub-105,sub-068,SPRT,0.05183618579612412
El espejo,sub-064,sub-067,SPRT,0.10660066631096027
El espejo,sub-064,sub-054,SPRT,0.12781403763926666
El espejo,sub-064,sub-078,SPRT,0.13454528812736208
El espejo,sub-064,sub-046,SPRT,0.08800483206852658
El espejo,sub-064,sub-097,SPRT,0.06100729737112887
El espejo,sub-064,sub-079,SPRT,0.08601747443524455
El espejo,sub-064,sub-028,SPRT,0.0324011972828644
El espejo,sub-064,sub-089,SPRT,0.03943702961632097
El espejo,sub-064,sub-109,SPRT,0.13146521088665536
El espejo,sub-064,sub-070,SPRT,0.05308075228243111
El espejo,sub-064,sub-111,SPRT,0.05628009463100246
El espejo,sub-064,sub-073,SPRT,0.031074418672815168
El espejo,sub-064,sub-001,SPRT,0.09399562311999624
El espejo,sub-064,sub-095,SPRT,0.062272560391601575
El espejo,sub-064,sub-012,SPRT,-0.013654088129097294
El espejo,sub-064,sub-052,SPRT,-0.002623178361171845
El espejo,sub-064,sub-094,SPRT,0.057788084622665666
El espejo,sub-064,sub-088,SPRT,0.06399653951227127
El espejo,sub-064,sub-044,SPRT,0.05455548745851568
El espejo,sub-064,sub-009,SPRT,0.12952681723526582
El espejo,sub-064,sub-041,SPRT,-0.004385698080991026
El espejo,sub-064,sub-024,SPRT,-0.033408541568204594
El espejo,sub-064,sub-016,SPRT,0.02595773711132505
El espejo,sub-064,sub-112,SPRT,0.05046245662567885
El espejo,sub-064,sub-058,SPRT,0.0757318776517834
El espejo,sub-064,sub-018,SPRT,0.01603227781479255
El espejo,sub-064,sub-048,SPRT,0.06618161168822222
El espejo,sub-064,sub-087,SPRT,0.005274134329081068
El espejo,sub-064,sub-091,SPRT,0.08250368156462017
El espejo,sub-064,sub-083,SPRT,0.12097969279017041
El espejo,sub-064,sub-065,SPRT,0.06595094633718238
El espejo,sub-064,sub-077,SPRT,0.10815846593942806
El espejo,sub-064,sub-039,SPRT,-0.0777632031828016
El espejo,sub-064,sub-053,SPRT,0.05601701143190384
El espejo,sub-064,sub-075,SPRT,0.033666146976850796
El espejo,sub-064,sub-060,SPRT,0.09733891130568112
El espejo,sub-064,sub-103,SPRT,0.08363711040647306
El espejo,sub-064,sub-105,SPRT,0.05925231537878302
El espejo,sub-064,sub-064,SPRT,1.0
El espejo,sub-064,sub-010,SPRT,0.08575822249275468
El espejo,sub-064,sub-034,SPRT,0.18338839716365624
El espejo,sub-064,sub-002,SPRT,0.05140823837401827
El espejo,sub-064,sub-085,SPRT,0.08649528171728746
El espejo,sub-064,sub-021,SPRT,-0.08524766057063678
El espejo,sub-064,sub-096,SPRT,0.12879599093788577
El espejo,sub-064,sub-027,SPRT,0.08950733173529252
El espejo,sub-064,sub-006,SPRT,-0.011246766844275356
El espejo,sub-064,sub-066,SPRT,0.028991868126132914
El espejo,sub-064,sub-101,SPRT,0.04171319758347346
El espejo,sub-064,sub-042,SPRT,0.09539117263432828
El espejo,sub-064,sub-003,SPRT,0.0368655806530741
El espejo,sub-064,sub-107,SPRT,0.1726464913137571
El espejo,sub-064,sub-098,SPRT,0.11297270956435461
El espejo,sub-064,sub-086,SPRT,0.10860695639218347
El espejo,sub-064,sub-013,SPRT,0.0758760930318567
El espejo,sub-064,sub-068,SPRT,0.08262665572221672
El espejo,sub-010,sub-067,SPRT,-0.0074410945749398575
El espejo,sub-010,sub-054,SPRT,0.018034418080106633
El espejo,sub-010,sub-078,SPRT,0.12979764895361248
El espejo,sub-010,sub-046,SPRT,0.049470274556665035
El espejo,sub-010,sub-097,SPRT,0.0803838597552005
El espejo,sub-010,sub-079,SPRT,-0.013863197974252329
El espejo,sub-010,sub-028,SPRT,0.1129173717441425
El espejo,sub-010,sub-089,SPRT,0.11492644090821624
El espejo,sub-010,sub-109,SPRT,0.022163409792737388
El espejo,sub-010,sub-070,SPRT,0.0391242831452806
El espejo,sub-010,sub-111,SPRT,0.1051756388108041
El espejo,sub-010,sub-073,SPRT,0.04791392277507733
El espejo,sub-010,sub-001,SPRT,0.05310132253622383
El espejo,sub-010,sub-095,SPRT,0.15612974049264444
El espejo,sub-010,sub-012,SPRT,-0.05292504775233443
El espejo,sub-010,sub-052,SPRT,0.08042491979255716
El espejo,sub-010,sub-094,SPRT,0.09462182959319651
El espejo,sub-010,sub-088,SPRT,0.1680822338247719
El espejo,sub-010,sub-044,SPRT,0.1232743115910098
El espejo,sub-010,sub-009,SPRT,0.07299162979304506
El espejo,sub-010,sub-041,SPRT,0.0230152522290247
El espejo,sub-010,sub-024,SPRT,0.0977552677611618
El espejo,sub-010,sub-016,SPRT,0.02360985263835475
El espejo,sub-010,sub-112,SPRT,0.032203519324922665
El espejo,sub-010,sub-058,SPRT,0.08129383657747583
El espejo,sub-010,sub-018,SPRT,-0.029467597209978068
El espejo,sub-010,sub-048,SPRT,-0.05922988697743153
El espejo,sub-010,sub-087,SPRT,0.1474586628990822
El espejo,sub-010,sub-091,SPRT,0.040693011867418485
El espejo,sub-010,sub-083,SPRT,0.07418050151915469
El espejo,sub-010,sub-065,SPRT,0.20984822001579942
El espejo,sub-010,sub-077,SPRT,0.06775484435148489
El espejo,sub-010,sub-039,SPRT,-0.044916184169788355
El espejo,sub-010,sub-053,SPRT,0.07714786439081518
El espejo,sub-010,sub-075,SPRT,-0.0472231538407797
El espejo,sub-010,sub-060,SPRT,0.14712753864155131
El espejo,sub-010,sub-103,SPRT,0.12817877710201775
El espejo,sub-010,sub-105,SPRT,0.02027290722003592
El espejo,sub-010,sub-064,SPRT,0.08575822249275468
El espejo,sub-010,sub-010,SPRT,0.9999999999999998
El espejo,sub-010,sub-034,SPRT,0.10708286885413155
El espejo,sub-010,sub-002,SPRT,0.01677847077393275
El espejo,sub-010,sub-085,SPRT,0.18461315311593837
El espejo,sub-010,sub-021,SPRT,-0.007653368636744006
El espejo,sub-010,sub-096,SPRT,0.0972001823727744
El espejo,sub-010,sub-027,SPRT,-0.009828438399273876
El espejo,sub-010,sub-006,SPRT,0.046606661087888544
El espejo,sub-010,sub-066,SPRT,0.07500977147899046
El espejo,sub-010,sub-101,SPRT,0.10690875728454083
El espejo,sub-010,sub-042,SPRT,0.03299482885260381
El espejo,sub-010,sub-003,SPRT,0.039989925362563114
El espejo,sub-010,sub-107,SPRT,0.09310295534199835
El espejo,sub-010,sub-098,SPRT,0.06253630407851854
El espejo,sub-010,sub-086,SPRT,0.08319305614691094
El espejo,sub-010,sub-013,SPRT,0.02269519651778449
El espejo,sub-010,sub-068,SPRT,0.11165916516977793
El espejo,sub-034,sub-067,SPRT,0.0854351814359567
El espejo,sub-034,sub-054,SPRT,0.08097559740797848
El espejo,sub-034,sub-078,SPRT,0.11129593953263327
El espejo,sub-034,sub-046,SPRT,0.0752083969695028
El espejo,sub-034,sub-097,SPRT,0.01146869600560259
El espejo,sub-034,sub-079,SPRT,-0.02528052806203427
El espejo,sub-034,sub-028,SPRT,0.020735972323185463
El espejo,sub-034,sub-089,SPRT,0.014335507198746525
El espejo,sub-034,sub-109,SPRT,-0.016419418256661475
El espejo,sub-034,sub-070,SPRT,0.06124206766489528
El espejo,sub-034,sub-111,SPRT,0.04679693382840668
El espejo,sub-034,sub-073,SPRT,0.04724472899265614
El espejo,sub-034,sub-001,SPRT,-0.022303809143870684
El espejo,sub-034,sub-095,SPRT,0.11075425078795274
El espejo,sub-034,sub-012,SPRT,-0.08898699215842543
El espejo,sub-034,sub-052,SPRT,0.06309645247750724
El espejo,sub-034,sub-094,SPRT,0.015374791323178453
El espejo,sub-034,sub-088,SPRT,0.07437863829818823
El espejo,sub-034,sub-044,SPRT,-0.0049039715811022904
El espejo,sub-034,sub-009,SPRT,0.09912712508871212
El espejo,sub-034,sub-041,SPRT,0.06477619221612067
El espejo,sub-034,sub-024,SPRT,-0.0007684332841471095
El espejo,sub-034,sub-016,SPRT,0.017358239464991293
El espejo,sub-034,sub-112,SPRT,-0.0013630052217809521
El espejo,sub-034,sub-058,SPRT,0.11837524319781398
El espejo,sub-034,sub-018,SPRT,-0.026756785744417807
El espejo,sub-034,sub-048,SPRT,0.03676793898286154
El espejo,sub-034,sub-087,SPRT,0.05033993715104633
El espejo,sub-034,sub-091,SPRT,0.07138050747181521
El espejo,sub-034,sub-083,SPRT,0.05308641497438486
El espejo,sub-034,sub-065,SPRT,-0.0010359999336064536
El espejo,sub-034,sub-077,SPRT,0.05514536698683051
El espejo,sub-034,sub-039,SPRT,0.016955365537716136
El espejo,sub-034,sub-053,SPRT,0.02334835026827091
El espejo,sub-034,sub-075,SPRT,0.03567690591201587
El espejo,sub-034,sub-060,SPRT,0.051585140472668885
El espejo,sub-034,sub-103,SPRT,0.10222214514911862
El espejo,sub-034,sub-105,SPRT,0.031863986075342104
El espejo,sub-034,sub-064,SPRT,0.18338839716365624
El espejo,sub-034,sub-010,SPRT,0.10708286885413155
El espejo,sub-034,sub-034,SPRT,0.9999999999999998
El espejo,sub-034,sub-002,SPRT,0.055272893940809115
El espejo,sub-034,sub-085,SPRT,0.11400488680118813
El espejo,sub-034,sub-021,SPRT,-0.0311629459088709
El espejo,sub-034,sub-096,SPRT,0.07422977111761937
El espejo,sub-034,sub-027,SPRT,0.07738275100315824
El espejo,sub-034,sub-006,SPRT,-0.020428657276673527
El espejo,sub-034,sub-066,SPRT,-0.07861500160510373
El espejo,sub-034,sub-101,SPRT,0.08437378866712691
El espejo,sub-034,sub-042,SPRT,0.02586560630558569
El espejo,sub-034,sub-003,SPRT,0.0338365214984514
El espejo,sub-034,sub-107,SPRT,0.13047133910409403
El espejo,sub-034,sub-098,SPRT,0.03286845073310154
El espejo,sub-034,sub-086,SPRT,0.0487092932651015
El espejo,sub-034,sub-013,SPRT,0.09351858895962974
El espejo,sub-034,sub-068,SPRT,0.06418930830791779
El espejo,sub-002,sub-067,SPRT,0.02201755986490205
El espejo,sub-002,sub-054,SPRT,0.025159318530663922
El espejo,sub-002,sub-078,SPRT,0.02945335898701542
El espejo,sub-002,sub-046,SPRT,0.10254815016515276
El espejo,sub-002,sub-097,SPRT,0.03827801307917282
El espejo,sub-002,sub-079,SPRT,0.14659652283021551
El espejo,sub-002,sub-028,SPRT,0.07002690064329226
El espejo,sub-002,sub-089,SPRT,0.03305593307383803
El espejo,sub-002,sub-109,SPRT,-0.007326012450754819
El espejo,sub-002,sub-070,SPRT,0.06669311057447357
El espejo,sub-002,sub-111,SPRT,0.09984511276804367
El espejo,sub-002,sub-073,SPRT,0.07606338514027638
El espejo,sub-002,sub-001,SPRT,0.12719223704948115
El espejo,sub-002,sub-095,SPRT,0.04171008271488561
El espejo,sub-002,sub-012,SPRT,-0.01827516139254893
El espejo,sub-002,sub-052,SPRT,0.03332284622358674
El espejo,sub-002,sub-094,SPRT,0.06345037555720967
El espejo,sub-002,sub-088,SPRT,0.01712326408624047
El espejo,sub-002,sub-044,SPRT,0.10670328685759992
El espejo,sub-002,sub-009,SPRT,0.1508147468894671
El espejo,sub-002,sub-041,SPRT,0.019798553318180426
El espejo,sub-002,sub-024,SPRT,-0.013707533570301418
El espejo,sub-002,sub-016,SPRT,0.0438338933466457
El espejo,sub-002,sub-112,SPRT,0.05012562530073479
El espejo,sub-002,sub-058,SPRT,0.17034162498123237
El espejo,sub-002,sub-018,SPRT,0.0973051763531094
El espejo,sub-002,sub-048,SPRT,0.0972611127838351
El espejo,sub-002,sub-087,SPRT,0.12360441797895894
El espejo,sub-002,sub-091,SPRT,0.07903314302419044
El espejo,sub-002,sub-083,SPRT,-0.03612232320424479
El espejo,sub-002,sub-065,SPRT,-0.008187621160510488
El espejo,sub-002,sub-077,SPRT,0.023901576367091587
El espejo,sub-002,sub-039,SPRT,0.09891262813134845
El espejo,sub-002,sub-053,SPRT,0.13451549699555776
El espejo,sub-002,sub-075,SPRT,0.1450608983851884
El espejo,sub-002,sub-060,SPRT,0.07214951920311849
El espejo,sub-002,sub-103,SPRT,0.0027622913334940788
El espejo,sub-002,sub-105,SPRT,0.1162734402833647
El espejo,sub-002,sub-064,SPRT,0.05140823837401827
El espejo,sub-002,sub-010,SPRT,0.01677847077393275
El espejo,sub-002,sub-034,SPRT,0.055272893940809115
El espejo,sub-002,sub-002,SPRT,1.0
El espejo,sub-002,sub-085,SPRT,-0.03326215674908968
El espejo,sub-002,sub-021,SPRT,0.05885128015652014
El espejo,sub-002,sub-096,SPRT,0.0010978695479854058
El espejo,sub-002,sub-027,SPRT,-0.0006889968188801825
El espejo,sub-002,sub-006,SPRT,0.04675670431374691
El espejo,sub-002,sub-066,SPRT,0.05625429916949588
El espejo,sub-002,sub-101,SPRT,-0.03722269887061261
El espejo,sub-002,sub-042,SPRT,0.09184135289006745
El espejo,sub-002,sub-003,SPRT,-0.014879707585184124
El espejo,sub-002,sub-107,SPRT,0.10733057477472739
El espejo,sub-002,sub-098,SPRT,-0.03200825267268582
El espejo,sub-002,sub-086,SPRT,0.031521973232555865
El espejo,sub-002,sub-013,SPRT,0.09064143585249798
El espejo,sub-002,sub-068,SPRT,0.059141138798333506
El espejo,sub-085,sub-067,SPRT,0.019638970268368215
El espejo,sub-085,sub-054,SPRT,0.10184935225943029
El espejo,sub-085,sub-078,SPRT,0.14198928373530129
El espejo,sub-085,sub-046,SPRT,0.1686831448386655
El espejo,sub-085,sub-097,SPRT,0.11783821648072643
El espejo,sub-085,sub-079,SPRT,0.16123017076558865
El espejo,sub-085,sub-028,SPRT,0.04957695157978257
El espejo,sub-085,sub-089,SPRT,0.1196248585053043
El espejo,sub-085,sub-109,SPRT,0.00946550949104779
El espejo,sub-085,sub-070,SPRT,0.08522085360178455
El espejo,sub-085,sub-111,SPRT,0.1841817331473783
El espejo,sub-085,sub-073,SPRT,0.1464489826648505
El espejo,sub-085,sub-001,SPRT,0.12963678260968833
El espejo,sub-085,sub-095,SPRT,0.08595110975452995
El espejo,sub-085,sub-012,SPRT,-0.007484316444989899
El espejo,sub-085,sub-052,SPRT,0.13532454713253772
El espejo,sub-085,sub-094,SPRT,0.08854718592497161
El espejo,sub-085,sub-088,SPRT,0.08271203728061284
El espejo,sub-085,sub-044,SPRT,0.12505841563820858
El espejo,sub-085,sub-009,SPRT,0.1780243417997959
El espejo,sub-085,sub-041,SPRT,0.10949487845420734
El espejo,sub-085,sub-024,SPRT,-0.002893827332177734
El espejo,sub-085,sub-016,SPRT,-0.009713813873789365
El espejo,sub-085,sub-112,SPRT,0.11347644532294475
El espejo,sub-085,sub-058,SPRT,0.10329375507442504
El espejo,sub-085,sub-018,SPRT,0.0744647192264922
El espejo,sub-085,sub-048,SPRT,0.00945451108081952
El espejo,sub-085,sub-087,SPRT,0.22996482870775561
El espejo,sub-085,sub-091,SPRT,0.1815613147553018
El espejo,sub-085,sub-083,SPRT,0.23955332810067084
El espejo,sub-085,sub-065,SPRT,0.06569124246506651
El espejo,sub-085,sub-077,SPRT,0.08180623438744546
El espejo,sub-085,sub-039,SPRT,-0.0008181517122099231
El espejo,sub-085,sub-053,SPRT,-0.02375539306008723
El espejo,sub-085,sub-075,SPRT,0.03953238722338888
El espejo,sub-085,sub-060,SPRT,0.18353593881184077
El espejo,sub-085,sub-103,SPRT,0.1799904904736038
El espejo,sub-085,sub-105,SPRT,0.0749239044290698
El espejo,sub-085,sub-064,SPRT,0.08649528171728746
El espejo,sub-085,sub-010,SPRT,0.18461315311593837
El espejo,sub-085,sub-034,SPRT,0.11400488680118813
El espejo,sub-085,sub-002,SPRT,-0.03326215674908969
El espejo,sub-085,sub-085,SPRT,1.0
El espejo,sub-085,sub-021,SPRT,-0.004294593694485076
El espejo,sub-085,sub-096,SPRT,0.09192456548447421
El espejo,sub-085,sub-027,SPRT,-0.03537452817493139
El espejo,sub-085,sub-006,SPRT,0.01341000586124077
El espejo,sub-085,sub-066,SPRT,0.0501063261785675
El espejo,sub-085,sub-101,SPRT,0.05429051391996707
El espejo,sub-085,sub-042,SPRT,0.15241907773204194
El espejo,sub-085,sub-003,SPRT,0.09183218096624175
El espejo,sub-085,sub-107,SPRT,0.22860985155911312
El espejo,sub-085,sub-098,SPRT,0.08132085267360821
El espejo,sub-085,sub-086,SPRT,0.043037464795127725
El espejo,sub-085,sub-013,SPRT,0.0306693995551668
El espejo,sub-085,sub-068,SPRT,0.05981488586795114
El espejo,sub-021,sub-067,SPRT,-0.040222453634143805
El espejo,sub-021,sub-054,SPRT,-0.0053559569490093965
El espejo,sub-021,sub-078,SPRT,-0.06021084814532312
El espejo,sub-021,sub-046,SPRT,0.09622407318825578
El espejo,sub-021,sub-097,SPRT,0.1415917909925309
El espejo,sub-021,sub-079,SPRT,-0.036766440824243685
El espejo,sub-021,sub-028,SPRT,0.09964313418958766
El espejo,sub-021,sub-089,SPRT,0.005061213530066001
El espejo,sub-021,sub-109,SPRT,-0.05004580080129016
El espejo,sub-021,sub-070,SPRT,0.01438572390143907
El espejo,sub-021,sub-111,SPRT,-0.0033674983144718674
El espejo,sub-021,sub-073,SPRT,-0.008182437397996211
El espejo,sub-021,sub-001,SPRT,0.08289945377445687
El espejo,sub-021,sub-095,SPRT,0.1507793244487736
El espejo,sub-021,sub-012,SPRT,-0.03648487434215037
El espejo,sub-021,sub-052,SPRT,0.041079613003630076
El espejo,sub-021,sub-094,SPRT,0.010619519849416505
El espejo,sub-021,sub-088,SPRT,0.05665686521079651
El espejo,sub-021,sub-044,SPRT,0.13968681148106307
El espejo,sub-021,sub-009,SPRT,-0.011274258230627091
El espejo,sub-021,sub-041,SPRT,0.00686970832934893
El espejo,sub-021,sub-024,SPRT,0.02618418250792156
El espejo,sub-021,sub-016,SPRT,-0.051145969995953444
El espejo,sub-021,sub-112,SPRT,0.11823054020886062
El espejo,sub-021,sub-058,SPRT,0.01102333777069794
El espejo,sub-021,sub-018,SPRT,0.0047333624910409254
El espejo,sub-021,sub-048,SPRT,0.18046920957071025
El espejo,sub-021,sub-087,SPRT,0.08938788272317098
El espejo,sub-021,sub-091,SPRT,-0.007667194558632617
El espejo,sub-021,sub-083,SPRT,-0.04370241666086564
El espejo,sub-021,sub-065,SPRT,0.0014478846700595395
El espejo,sub-021,sub-077,SPRT,-0.03655107572727367
El espejo,sub-021,sub-039,SPRT,0.07103183232732496
El espejo,sub-021,sub-053,SPRT,0.03151173247455388
El espejo,sub-021,sub-075,SPRT,0.08250196086311047
El espejo,sub-021,sub-060,SPRT,0.04345699317204505
El espejo,sub-021,sub-103,SPRT,0.08783102773208208
El espejo,sub-021,sub-105,SPRT,-0.023950110447149224
El espejo,sub-021,sub-064,SPRT,-0.08524766057063678
El espejo,sub-021,sub-010,SPRT,-0.007653368636744006
El espejo,sub-021,sub-034,SPRT,-0.031162945908870903
El espejo,sub-021,sub-002,SPRT,0.05885128015652014
El espejo,sub-021,sub-085,SPRT,-0.004294593694485077
El espejo,sub-021,sub-021,SPRT,1.0
El espejo,sub-021,sub-096,SPRT,0.014851917353514717
El espejo,sub-021,sub-027,SPRT,0.08092725943223501
El espejo,sub-021,sub-006,SPRT,0.05111461108787273
El espejo,sub-021,sub-066,SPRT,-0.00389219810131782
El espejo,sub-021,sub-101,SPRT,-0.005830280362869919
El espejo,sub-021,sub-042,SPRT,0.010811389083600204
El espejo,sub-021,sub-003,SPRT,0.02100745363351562
El espejo,sub-021,sub-107,SPRT,0.04787830199909518
El espejo,sub-021,sub-098,SPRT,0.0031569872207705056
El espejo,sub-021,sub-086,SPRT,-0.002191329096197983
El espejo,sub-021,sub-013,SPRT,0.06325185950454179
El espejo,sub-021,sub-068,SPRT,-0.031604610004721395
El espejo,sub-096,sub-067,SPRT,0.08495763953728788
El espejo,sub-096,sub-054,SPRT,0.01264786543373431
El espejo,sub-096,sub-078,SPRT,0.09221265741990552
El espejo,sub-096,sub-046,SPRT,-0.01400243492936896
El espejo,sub-096,sub-097,SPRT,0.10194157101548407
El espejo,sub-096,sub-079,SPRT,0.07397370583118862
El espejo,sub-096,sub-028,SPRT,0.09191944139162954
El espejo,sub-096,sub-089,SPRT,0.054664634507807494
El espejo,sub-096,sub-109,SPRT,0.0029410836863533
El espejo,sub-096,sub-070,SPRT,0.007807259459660072
El espejo,sub-096,sub-111,SPRT,-0.022605258268111335
El espejo,sub-096,sub-073,SPRT,0.0841469898464727
El espejo,sub-096,sub-001,SPRT,0.013346746162612956
El espejo,sub-096,sub-095,SPRT,0.03948818711982385
El espejo,sub-096,sub-012,SPRT,-0.0007103896265889813
El espejo,sub-096,sub-052,SPRT,0.1758623740809386
El espejo,sub-096,sub-094,SPRT,0.0744900585436722
El espejo,sub-096,sub-088,SPRT,0.12241036574608118
El espejo,sub-096,sub-044,SPRT,0.1087490035144073
El espejo,sub-096,sub-009,SPRT,0.09499997732456811
El espejo,sub-096,sub-041,SPRT,0.15999901332048994
El espejo,sub-096,sub-024,SPRT,0.003502373842737394
El espejo,sub-096,sub-016,SPRT,-0.036484905391861305
El espejo,sub-096,sub-112,SPRT,0.0386396254071639
El espejo,sub-096,sub-058,SPRT,0.02436358762074877
El espejo,sub-096,sub-018,SPRT,0.031944162713142855
El espejo,sub-096,sub-048,SPRT,0.024310268073171177
El espejo,sub-096,sub-087,SPRT,0.04772333570977353
El espejo,sub-096,sub-091,SPRT,-0.014372013871272295
El espejo,sub-096,sub-083,SPRT,0.10240419335180063
El espejo,sub-096,sub-065,SPRT,-0.018173391182165995
El espejo,sub-096,sub-077,SPRT,0.1481557381597736
El espejo,sub-096,sub-039,SPRT,0.015008840996013099
El espejo,sub-096,sub-053,SPRT,0.014225751492127285
El espejo,sub-096,sub-075,SPRT,-0.013518409487925397
El espejo,sub-096,sub-060,SPRT,0.08663018111535523
El espejo,sub-096,sub-103,SPRT,0.10236054183624244
El espejo,sub-096,sub-105,SPRT,0.033060430208797925
El espejo,sub-096,sub-064,SPRT,0.12879599093788577
El espejo,sub-096,sub-010,SPRT,0.09720018237277439
El espejo,sub-096,sub-034,SPRT,0.07422977111761937
El espejo,sub-096,sub-002,SPRT,0.0010978695479854058
El espejo,sub-096,sub-085,SPRT,0.09192456548447422
El espejo,sub-096,sub-021,SPRT,0.014851917353514718
El espejo,sub-096,sub-096,SPRT,1.0
El espejo,sub-096,sub-027,SPRT,0.09607488308243718
El espejo,sub-096,sub-006,SPRT,0.03014086569550123
El espejo,sub-096,sub-066,SPRT,0.01642018852376937
El espejo,sub-096,sub-101,SPRT,0.08683317303190885
El espejo,sub-096,sub-042,SPRT,0.05050946408475473
El espejo,sub-096,sub-003,SPRT,0.07626219866841649
El espejo,sub-096,sub-107,SPRT,0.12774870955957573
El espejo,sub-096,sub-098,SPRT,0.12342738990794445
El espejo,sub-096,sub-086,SPRT,0.07061067668956705
El espejo,sub-096,sub-013,SPRT,0.04698753075396184
El espejo,sub-096,sub-068,SPRT,0.042151447162439466
El espejo,sub-027,sub-067,SPRT,-0.06172676433220493
El espejo,sub-027,sub-054,SPRT,0.01358875259161291
El espejo,sub-027,sub-078,SPRT,0.009831476688720146
El espejo,sub-027,sub-046,SPRT,-0.03494947308585474
El espejo,sub-027,sub-097,SPRT,-0.01736634631179945
El espejo,sub-027,sub-079,SPRT,0.026380347313899252
El espejo,sub-027,sub-028,SPRT,-0.0035824515583115497
El espejo,sub-027,sub-089,SPRT,0.00943292498074138
El espejo,sub-027,sub-109,SPRT,0.10242078911059115
El espejo,sub-027,sub-070,SPRT,0.03851602076176616
El espejo,sub-027,sub-111,SPRT,0.06653133635328318
El espejo,sub-027,sub-073,SPRT,-0.07696282105311367
El espejo,sub-027,sub-001,SPRT,0.06765425920498394
El espejo,sub-027,sub-095,SPRT,-0.033169837528018574
El espejo,sub-027,sub-012,SPRT,-0.035130066706408995
El espejo,sub-027,sub-052,SPRT,0.008095113984081024
El espejo,sub-027,sub-094,SPRT,-0.04070128469738288
El espejo,sub-027,sub-088,SPRT,-0.043939520551052505
El espejo,sub-027,sub-044,SPRT,-0.024834368050580178
El espejo,sub-027,sub-009,SPRT,0.00997884224995062
El espejo,sub-027,sub-041,SPRT,0.0014123685773190934
El espejo,sub-027,sub-024,SPRT,0.008833051508207148
El espejo,sub-027,sub-016,SPRT,-0.0038566807573299786
El espejo,sub-027,sub-112,SPRT,0.0013723418766970993
El espejo,sub-027,sub-058,SPRT,-0.0796265591751073
El espejo,sub-027,sub-018,SPRT,0.02383810161867992
El espejo,sub-027,sub-048,SPRT,-0.005286060026412013
El espejo,sub-027,sub-087,SPRT,0.02179333598186749
El espejo,sub-027,sub-091,SPRT,-0.05757609562505743
El espejo,sub-027,sub-083,SPRT,0.025313758091565643
El espejo,sub-027,sub-065,SPRT,-0.06278422080452722
El espejo,sub-027,sub-077,SPRT,0.06265991075448028
El espejo,sub-027,sub-039,SPRT,0.08315352441281501
El espejo,sub-027,sub-053,SPRT,-0.019069993074535545
El espejo,sub-027,sub-075,SPRT,0.011370760570097904
El espejo,sub-027,sub-060,SPRT,0.0385972819363788
El espejo,sub-027,sub-103,SPRT,0.04733620118471111
El espejo,sub-027,sub-105,SPRT,0.040323233793653754
El espejo,sub-027,sub-064,SPRT,0.0895073317352925
El espejo,sub-027,sub-010,SPRT,-0.009828438399273878
El espejo,sub-027,sub-034,SPRT,0.07738275100315824
El espejo,sub-027,sub-002,SPRT,-0.0006889968188801825
El espejo,sub-027,sub-085,SPRT,-0.0353745281749314
El espejo,sub-027,sub-021,SPRT,0.080927259432235
El espejo,sub-027,sub-096,SPRT,0.09607488308243718
El espejo,sub-027,sub-027,SPRT,1.0
El espejo,sub-027,sub-006,SPRT,0.009113742801676544
El espejo,sub-027,sub-066,SPRT,-0.021853843406107402
El espejo,sub-027,sub-101,SPRT,0.05251575633832467
El espejo,sub-027,sub-042,SPRT,0.03224348978206618
El espejo,sub-027,sub-003,SPRT,0.008034119326954902
El espejo,sub-027,sub-107,SPRT,0.0016238130337051435
El espejo,sub-027,sub-098,SPRT,0.01899632598304812
El espejo,sub-027,sub-086,SPRT,-0.03529660867049218
El espejo,sub-027,sub-013,SPRT,-0.01331513910239524
El espejo,sub-027,sub-068,SPRT,0.02772101479156786
El espejo,sub-006,sub-067,SPRT,-0.06148884912686479
El espejo,sub-006,sub-054,SPRT,0.00288822914034333
El espejo,sub-006,sub-078,SPRT,0.14239966501751494
El espejo,sub-006,sub-046,SPRT,0.07726161506804446
El espejo,sub-006,sub-097,SPRT,0.07124057548389112
El espejo,sub-006,sub-079,SPRT,0.0751308030074023
El espejo,sub-006,sub-028,SPRT,0.02881160441356245
El espejo,sub-006,sub-089,SPRT,0.09758963611821145
El espejo,sub-006,sub-109,SPRT,0.12545425772122454
El espejo,sub-006,sub-070,SPRT,-0.04971625756097829
El espejo,sub-006,sub-111,SPRT,0.08109456032624396
El espejo,sub-006,sub-073,SPRT,0.163028103383056
El espejo,sub-006,sub-001,SPRT,0.07333346594704612
El espejo,sub-006,sub-095,SPRT,0.10523931926214061
El espejo,sub-006,sub-012,SPRT,0.0753509626695642
El espejo,sub-006,sub-052,SPRT,0.013162408337007702
El espejo,sub-006,sub-094,SPRT,-0.001959035642804436
El espejo,sub-006,sub-088,SPRT,0.03391915961479666
El espejo,sub-006,sub-044,SPRT,0.09238995956412616
El espejo,sub-006,sub-009,SPRT,0.1346167898185148
El espejo,sub-006,sub-041,SPRT,0.04324283034435508
El espejo,sub-006,sub-024,SPRT,0.02548961252903205
El espejo,sub-006,sub-016,SPRT,0.1775675466996745
El espejo,sub-006,sub-112,SPRT,0.05052359159254272
El espejo,sub-006,sub-058,SPRT,0.13053054936284533
El espejo,sub-006,sub-018,SPRT,-0.010105914012402555
El espejo,sub-006,sub-048,SPRT,0.04706834669555724
El espejo,sub-006,sub-087,SPRT,0.11743463346576516
El espejo,sub-006,sub-091,SPRT,0.06483184038103126
El espejo,sub-006,sub-083,SPRT,0.09721122312042926
El espejo,sub-006,sub-065,SPRT,0.08953022960105443
El espejo,sub-006,sub-077,SPRT,0.06228427800438872
El espejo,sub-006,sub-039,SPRT,0.10563367757430007
El espejo,sub-006,sub-053,SPRT,-0.010491564912033235
El espejo,sub-006,sub-075,SPRT,-0.013072897933710274
El espejo,sub-006,sub-060,SPRT,0.19543825380947596
El espejo,sub-006,sub-103,SPRT,0.04423375989378946
El espejo,sub-006,sub-105,SPRT,0.008965055916070212
El espejo,sub-006,sub-064,SPRT,-0.011246766844275356
El espejo,sub-006,sub-010,SPRT,0.046606661087888544
El espejo,sub-006,sub-034,SPRT,-0.020428657276673527
El espejo,sub-006,sub-002,SPRT,0.04675670431374691
El espejo,sub-006,sub-085,SPRT,0.01341000586124077
El espejo,sub-006,sub-021,SPRT,0.05111461108787273
El espejo,sub-006,sub-096,SPRT,0.03014086569550123
El espejo,sub-006,sub-027,SPRT,0.009113742801676544
El espejo,sub-006,sub-006,SPRT,1.0
El espejo,sub-006,sub-066,SPRT,0.04482323383679516
El espejo,sub-006,sub-101,SPRT,0.030185602520876875
El espejo,sub-006,sub-042,SPRT,0.01013663065083393
El espejo,sub-006,sub-003,SPRT,0.038429709886068766
El espejo,sub-006,sub-107,SPRT,0.07109278449018978
El espejo,sub-006,sub-098,SPRT,0.18167690261847264
El espejo,sub-006,sub-086,SPRT,0.04292284698570336
El espejo,sub-006,sub-013,SPRT,0.04785462654277221
El espejo,sub-006,sub-068,SPRT,0.08200681312296075
El espejo,sub-066,sub-067,SPRT,-0.03803657417890908
El espejo,sub-066,sub-054,SPRT,-0.06423025460785342
El espejo,sub-066,sub-078,SPRT,0.08658687584787535
El espejo,sub-066,sub-046,SPRT,0.04895613624084434
El espejo,sub-066,sub-097,SPRT,0.05922196034610728
El espejo,sub-066,sub-079,SPRT,0.06323418413078923
El espejo,sub-066,sub-028,SPRT,0.1128255783196491
El espejo,sub-066,sub-089,SPRT,0.0036803613252231844
El espejo,sub-066,sub-109,SPRT,0.21375907360982396
El espejo,sub-066,sub-070,SPRT,-0.0194410643122988
El espejo,sub-066,sub-111,SPRT,0.13900077456187696
El espejo,sub-066,sub-073,SPRT,0.1001260966892865
El espejo,sub-066,sub-001,SPRT,0.06729159591840783
El espejo,sub-066,sub-095,SPRT,0.09285268860173074
El espejo,sub-066,sub-012,SPRT,0.03747537911722989
El espejo,sub-066,sub-052,SPRT,0.06668369985680113
El espejo,sub-066,sub-094,SPRT,0.0983583888517077
El espejo,sub-066,sub-088,SPRT,0.08555313921038345
El espejo,sub-066,sub-044,SPRT,0.11405533845135728
El espejo,sub-066,sub-009,SPRT,0.06102807389423658
El espejo,sub-066,sub-041,SPRT,0.06147364640826056
El espejo,sub-066,sub-024,SPRT,0.056486305628032946
El espejo,sub-066,sub-016,SPRT,0.061314655938179995
El espejo,sub-066,sub-112,SPRT,-0.01579898103217226
El espejo,sub-066,sub-058,SPRT,0.06029661196464037
El espejo,sub-066,sub-018,SPRT,0.13433325675812036
El espejo,sub-066,sub-048,SPRT,0.06111603223772634
El espejo,sub-066,sub-087,SPRT,-0.017097405519208953
El espejo,sub-066,sub-091,SPRT,0.1473903871685832
El espejo,sub-066,sub-083,SPRT,0.050257632260128374
El espejo,sub-066,sub-065,SPRT,0.16493547952636065
El espejo,sub-066,sub-077,SPRT,0.07185802552660761
El espejo,sub-066,sub-039,SPRT,0.0017738456087840885
El espejo,sub-066,sub-053,SPRT,0.19970187115655122
El espejo,sub-066,sub-075,SPRT,0.0708407868793805
El espejo,sub-066,sub-060,SPRT,0.13934241355701113
El espejo,sub-066,sub-103,SPRT,0.0277534181020158
El espejo,sub-066,sub-105,SPRT,0.070480282087972
El espejo,sub-066,sub-064,SPRT,0.028991868126132914
El espejo,sub-066,sub-010,SPRT,0.07500977147899046
El espejo,sub-066,sub-034,SPRT,-0.07861500160510372
El espejo,sub-066,sub-002,SPRT,0.056254299169495876
El espejo,sub-066,sub-085,SPRT,0.0501063261785675
El espejo,sub-066,sub-021,SPRT,-0.00389219810131782
El espejo,sub-066,sub-096,SPRT,0.016420188523769367
El espejo,sub-066,sub-027,SPRT,-0.021853843406107406
El espejo,sub-066,sub-006,SPRT,0.04482323383679515
El espejo,sub-066,sub-066,SPRT,1.0
El espejo,sub-066,sub-101,SPRT,0.10535897622362782
El espejo,sub-066,sub-042,SPRT,0.07021135555190225
El espejo,sub-066,sub-003,SPRT,0.022883716457266022
El espejo,sub-066,sub-107,SPRT,0.09988047713666455
El espejo,sub-066,sub-098,SPRT,-0.016652393565089012
El espejo,sub-066,sub-086,SPRT,0.043310220850234456
El espejo,sub-066,sub-013,SPRT,0.03576913165197537
El espejo,sub-066,sub-068,SPRT,0.07951385865917689
El espejo,sub-101,sub-067,SPRT,-0.004756153382018875
El espejo,sub-101,sub-054,SPRT,0.12942148726766237
El espejo,sub-101,sub-078,SPRT,0.12495421990539107
El espejo,sub-101,sub-046,SPRT,0.04651482762333887
El espejo,sub-101,sub-097,SPRT,0.13232003044575982
El espejo,sub-101,sub-079,SPRT,0.015334676569760565
El espejo,sub-101,sub-028,SPRT,0.07402611794408963
El espejo,sub-101,sub-089,SPRT,-0.019130917652234996
El espejo,sub-101,sub-109,SPRT,0.03379107894138335
El espejo,sub-101,sub-070,SPRT,0.07786083666095073
El espejo,sub-101,sub-111,SPRT,0.0800138063529405
El espejo,sub-101,sub-073,SPRT,0.06134625014465996
El espejo,sub-101,sub-001,SPRT,0.0784327194727739
El espejo,sub-101,sub-095,SPRT,0.019985090397625204
El espejo,sub-101,sub-012,SPRT,0.01319539221071672
El espejo,sub-101,sub-052,SPRT,0.045977940261673754
El espejo,sub-101,sub-094,SPRT,0.11052025828350813
El espejo,sub-101,sub-088,SPRT,0.10433026319415252
El espejo,sub-101,sub-044,SPRT,0.08719282707051051
El espejo,sub-101,sub-009,SPRT,0.04266770925821786
El espejo,sub-101,sub-041,SPRT,0.004019535758886587
El espejo,sub-101,sub-024,SPRT,0.13912826723804306
El espejo,sub-101,sub-016,SPRT,0.03788619273410429
El espejo,sub-101,sub-112,SPRT,0.02614473061189261
El espejo,sub-101,sub-058,SPRT,0.016828090549286225
El espejo,sub-101,sub-018,SPRT,0.03362769750054501
El espejo,sub-101,sub-048,SPRT,0.031199592180908082
El espejo,sub-101,sub-087,SPRT,-0.049220742868420216
El espejo,sub-101,sub-091,SPRT,0.036376990105439856
El espejo,sub-101,sub-083,SPRT,0.029569962017903826
El espejo,sub-101,sub-065,SPRT,0.09261792257699338
El espejo,sub-101,sub-077,SPRT,0.10752995027669812
El espejo,sub-101,sub-039,SPRT,0.06422585488972102
El espejo,sub-101,sub-053,SPRT,0.1094458419679243
El espejo,sub-101,sub-075,SPRT,0.038834814682139375
El espejo,sub-101,sub-060,SPRT,0.1389217969721785
El espejo,sub-101,sub-103,SPRT,-0.0060498640193089636
El espejo,sub-101,sub-105,SPRT,-0.07429045041134627
El espejo,sub-101,sub-064,SPRT,0.04171319758347346
El espejo,sub-101,sub-010,SPRT,0.10690875728454081
El espejo,sub-101,sub-034,SPRT,0.08437378866712691
El espejo,sub-101,sub-002,SPRT,-0.03722269887061261
El espejo,sub-101,sub-085,SPRT,0.05429051391996707
El espejo,sub-101,sub-021,SPRT,-0.005830280362869919
El espejo,sub-101,sub-096,SPRT,0.08683317303190885
El espejo,sub-101,sub-027,SPRT,0.05251575633832467
El espejo,sub-101,sub-006,SPRT,0.030185602520876875
El espejo,sub-101,sub-066,SPRT,0.10535897622362782
El espejo,sub-101,sub-101,SPRT,0.9999999999999998
El espejo,sub-101,sub-042,SPRT,0.011660936483035803
El espejo,sub-101,sub-003,SPRT,0.026355546091328216
El espejo,sub-101,sub-107,SPRT,0.05134691249846427
El espejo,sub-101,sub-098,SPRT,-0.004556515503160693
El espejo,sub-101,sub-086,SPRT,0.05554646316468904
El espejo,sub-101,sub-013,SPRT,0.059158088235381406
El espejo,sub-101,sub-068,SPRT,0.1450601097525503
El espejo,sub-042,sub-067,SPRT,0.11905870254178093
El espejo,sub-042,sub-054,SPRT,0.06083818349048264
El espejo,sub-042,sub-078,SPRT,0.012658266552757109
El espejo,sub-042,sub-046,SPRT,0.08572547744936787
El espejo,sub-042,sub-097,SPRT,0.15680376403666305
El espejo,sub-042,sub-079,SPRT,0.10898629816331168
El espejo,sub-042,sub-028,SPRT,0.007154029691348082
El espejo,sub-042,sub-089,SPRT,0.011446407840463206
El espejo,sub-042,sub-109,SPRT,0.1336662403605652
El espejo,sub-042,sub-070,SPRT,0.1447784379647753
El espejo,sub-042,sub-111,SPRT,0.10278641667655138
El espejo,sub-042,sub-073,SPRT,0.041480637659765875
El espejo,sub-042,sub-001,SPRT,0.14738775487694145
El espejo,sub-042,sub-095,SPRT,0.09019750772207329
El espejo,sub-042,sub-012,SPRT,0.11376649290242477
El espejo,sub-042,sub-052,SPRT,0.09672075634285056
El espejo,sub-042,sub-094,SPRT,0.13875832426951992
El espejo,sub-042,sub-088,SPRT,0.000229864389402618
El espejo,sub-042,sub-044,SPRT,0.05203589445586533
El espejo,sub-042,sub-009,SPRT,0.08904089323467017
El espejo,sub-042,sub-041,SPRT,0.0728518407107354
El espejo,sub-042,sub-024,SPRT,0.028406289832942806
El espejo,sub-042,sub-016,SPRT,-0.003936990096460693
El espejo,sub-042,sub-112,SPRT,0.12176502413570157
El espejo,sub-042,sub-058,SPRT,0.021589974683408068
El espejo,sub-042,sub-018,SPRT,0.1036997259418543
El espejo,sub-042,sub-048,SPRT,0.05590779490319996
El espejo,sub-042,sub-087,SPRT,0.03740061558126872
El espejo,sub-042,sub-091,SPRT,0.039240766903120165
El espejo,sub-042,sub-083,SPRT,0.08761912153869308
El espejo,sub-042,sub-065,SPRT,0.04538084291985884
El espejo,sub-042,sub-077,SPRT,0.09254285233525093
El espejo,sub-042,sub-039,SPRT,0.06035903353633273
El espejo,sub-042,sub-053,SPRT,0.13761396097422351
El espejo,sub-042,sub-075,SPRT,0.12701567839076222
El espejo,sub-042,sub-060,SPRT,0.084421279545076
El espejo,sub-042,sub-103,SPRT,0.08227351965949764
El espejo,sub-042,sub-105,SPRT,0.07285502627221785
El espejo,sub-042,sub-064,SPRT,0.09539117263432828
El espejo,sub-042,sub-010,SPRT,0.03299482885260381
El espejo,sub-042,sub-034,SPRT,0.02586560630558569
El espejo,sub-042,sub-002,SPRT,0.09184135289006744
El espejo,sub-042,sub-085,SPRT,0.15241907773204194
El espejo,sub-042,sub-021,SPRT,0.010811389083600203
El espejo,sub-042,sub-096,SPRT,0.05050946408475473
El espejo,sub-042,sub-027,SPRT,0.03224348978206618
El espejo,sub-042,sub-006,SPRT,0.01013663065083393
El espejo,sub-042,sub-066,SPRT,0.07021135555190225
El espejo,sub-042,sub-101,SPRT,0.011660936483035803
El espejo,sub-042,sub-042,SPRT,1.0
El espejo,sub-042,sub-003,SPRT,0.08794809342391875
El espejo,sub-042,sub-107,SPRT,0.12140519700477982
El espejo,sub-042,sub-098,SPRT,0.1207751670327711
El espejo,sub-042,sub-086,SPRT,-0.016618268308271057
El espejo,sub-042,sub-013,SPRT,-0.012020679422402187
El espejo,sub-042,sub-068,SPRT,0.1320418768111671
El espejo,sub-003,sub-067,SPRT,0.05100974905400471
El espejo,sub-003,sub-054,SPRT,0.05394634444253706
El espejo,sub-003,sub-078,SPRT,0.04777539658803476
El espejo,sub-003,sub-046,SPRT,-0.0020260195295985495
El espejo,sub-003,sub-097,SPRT,0.08067337922233075
El espejo,sub-003,sub-079,SPRT,0.0006871130116541727
El espejo,sub-003,sub-028,SPRT,0.06744623418933655
El espejo,sub-003,sub-089,SPRT,0.048697688152309085
El espejo,sub-003,sub-109,SPRT,-0.031341234576262915
El espejo,sub-003,sub-070,SPRT,-0.04298479044183442
El espejo,sub-003,sub-111,SPRT,0.020722543660021273
El espejo,sub-003,sub-073,SPRT,0.05332876034934254
El espejo,sub-003,sub-001,SPRT,0.045992569282595555
El espejo,sub-003,sub-095,SPRT,0.1385237396392558
El espejo,sub-003,sub-012,SPRT,-0.024934939598728157
El espejo,sub-003,sub-052,SPRT,0.05867305758621461
El espejo,sub-003,sub-094,SPRT,0.111888562432191
El espejo,sub-003,sub-088,SPRT,0.020291485629401394
El espejo,sub-003,sub-044,SPRT,0.005442882478284962
El espejo,sub-003,sub-009,SPRT,0.07062795176651376
El espejo,sub-003,sub-041,SPRT,-0.00023602253054377667
El espejo,sub-003,sub-024,SPRT,-0.04371718619705792
El espejo,sub-003,sub-016,SPRT,0.003994103887753003
El espejo,sub-003,sub-112,SPRT,0.10439993596965963
El espejo,sub-003,sub-058,SPRT,0.0071429231002631665
El espejo,sub-003,sub-018,SPRT,-0.026178848883229307
El espejo,sub-003,sub-048,SPRT,0.09926946276880091
El espejo,sub-003,sub-087,SPRT,0.09060149303904494
El espejo,sub-003,sub-091,SPRT,0.028425182137109255
El espejo,sub-003,sub-083,SPRT,0.12719696756582352
El espejo,sub-003,sub-065,SPRT,-0.002363936679906423
El espejo,sub-003,sub-077,SPRT,0.04538149060373575
El espejo,sub-003,sub-039,SPRT,-0.030624062697951062
El espejo,sub-003,sub-053,SPRT,0.05479277101087165
El espejo,sub-003,sub-075,SPRT,0.08041031855808535
El espejo,sub-003,sub-060,SPRT,0.13999589530496875
El espejo,sub-003,sub-103,SPRT,0.12622188601595152
El espejo,sub-003,sub-105,SPRT,-0.04306052569451692
El espejo,sub-003,sub-064,SPRT,0.0368655806530741
El espejo,sub-003,sub-010,SPRT,0.03998992536256311
El espejo,sub-003,sub-034,SPRT,0.0338365214984514
El espejo,sub-003,sub-002,SPRT,-0.014879707585184124
El espejo,sub-003,sub-085,SPRT,0.09183218096624175
El espejo,sub-003,sub-021,SPRT,0.021007453633515624
El espejo,sub-003,sub-096,SPRT,0.07626219866841649
El espejo,sub-003,sub-027,SPRT,0.008034119326954902
El espejo,sub-003,sub-006,SPRT,0.038429709886068766
El espejo,sub-003,sub-066,SPRT,0.02288371645726602
El espejo,sub-003,sub-101,SPRT,0.026355546091328216
El espejo,sub-003,sub-042,SPRT,0.08794809342391875
El espejo,sub-003,sub-003,SPRT,1.0
El espejo,sub-003,sub-107,SPRT,-0.0023394515319260477
El espejo,sub-003,sub-098,SPRT,0.06119716351486798
El espejo,sub-003,sub-086,SPRT,0.028491356589385775
El espejo,sub-003,sub-013,SPRT,0.014375194367207416
El espejo,sub-003,sub-068,SPRT,0.07186154691814438
El espejo,sub-107,sub-067,SPRT,0.11975881834342947
El espejo,sub-107,sub-054,SPRT,0.06608065810981162
El espejo,sub-107,sub-078,SPRT,0.020137239392662386
El espejo,sub-107,sub-046,SPRT,0.11395167196590879
El espejo,sub-107,sub-097,SPRT,0.17118686126689883
El espejo,sub-107,sub-079,SPRT,0.10529473275513833
El espejo,sub-107,sub-028,SPRT,0.1346147579918779
El espejo,sub-107,sub-089,SPRT,0.07126519891549019
El espejo,sub-107,sub-109,SPRT,0.05498220108493396
El espejo,sub-107,sub-070,SPRT,0.02488226149316742
El espejo,sub-107,sub-111,SPRT,0.020200675623945667
El espejo,sub-107,sub-073,SPRT,0.13806697919310287
El espejo,sub-107,sub-001,SPRT,0.055677706925814786
El espejo,sub-107,sub-095,SPRT,0.050310479990678676
El espejo,sub-107,sub-012,SPRT,0.019187720963125623
El espejo,sub-107,sub-052,SPRT,0.1731936012245264
El espejo,sub-107,sub-094,SPRT,0.08006568040737001
El espejo,sub-107,sub-088,SPRT,0.09470296672496437
El espejo,sub-107,sub-044,SPRT,-0.01612154560049029
El espejo,sub-107,sub-009,SPRT,0.1100792192570402
El espejo,sub-107,sub-041,SPRT,0.05851640473084133
El espejo,sub-107,sub-024,SPRT,0.12895537452377034
El espejo,sub-107,sub-016,SPRT,0.0069860975447275965
El espejo,sub-107,sub-112,SPRT,0.05810121130962457
El espejo,sub-107,sub-058,SPRT,0.15641872725305314
El espejo,sub-107,sub-018,SPRT,-0.005136468658971777
El espejo,sub-107,sub-048,SPRT,0.17835433338158493
El espejo,sub-107,sub-087,SPRT,0.10449409284628901
El espejo,sub-107,sub-091,SPRT,0.12496939219041106
El espejo,sub-107,sub-083,SPRT,0.10900217499292364
El espejo,sub-107,sub-065,SPRT,0.10481607828815906
El espejo,sub-107,sub-077,SPRT,0.1059427992442978
El espejo,sub-107,sub-039,SPRT,0.012227407199358388
El espejo,sub-107,sub-053,SPRT,0.13173618542356552
El espejo,sub-107,sub-075,SPRT,0.05308660628770924
El espejo,sub-107,sub-060,SPRT,0.11205744493861519
El espejo,sub-107,sub-103,SPRT,0.05512545177713156
El espejo,sub-107,sub-105,SPRT,0.08191582261261256
El espejo,sub-107,sub-064,SPRT,0.17264649131375706
El espejo,sub-107,sub-010,SPRT,0.09310295534199835
El espejo,sub-107,sub-034,SPRT,0.130471339104094
El espejo,sub-107,sub-002,SPRT,0.10733057477472738
El espejo,sub-107,sub-085,SPRT,0.22860985155911312
El espejo,sub-107,sub-021,SPRT,0.04787830199909518
El espejo,sub-107,sub-096,SPRT,0.1277487095595757
El espejo,sub-107,sub-027,SPRT,0.0016238130337051435
El espejo,sub-107,sub-006,SPRT,0.07109278449018978
El espejo,sub-107,sub-066,SPRT,0.09988047713666454
El espejo,sub-107,sub-101,SPRT,0.05134691249846427
El espejo,sub-107,sub-042,SPRT,0.12140519700477982
El espejo,sub-107,sub-003,SPRT,-0.0023394515319260477
El espejo,sub-107,sub-107,SPRT,1.0
El espejo,sub-107,sub-098,SPRT,0.12144141524237696
El espejo,sub-107,sub-086,SPRT,0.1347579803481617
El espejo,sub-107,sub-013,SPRT,0.07473899875754861
El espejo,sub-107,sub-068,SPRT,0.07767737715841609
El espejo,sub-098,sub-067,SPRT,0.025041534623796546
El espejo,sub-098,sub-054,SPRT,0.02045276450008321
El espejo,sub-098,sub-078,SPRT,0.051451788888027726
El espejo,sub-098,sub-046,SPRT,0.12389775481673145
El espejo,sub-098,sub-097,SPRT,0.11960714220249752
El espejo,sub-098,sub-079,SPRT,0.08718084699014253
El espejo,sub-098,sub-028,SPRT,-0.013610321119502925
El espejo,sub-098,sub-089,SPRT,0.16697955228755149
El espejo,sub-098,sub-109,SPRT,0.15877462216373606
El espejo,sub-098,sub-070,SPRT,-0.0016134898278736855
El espejo,sub-098,sub-111,SPRT,0.05403569201710284
El espejo,sub-098,sub-073,SPRT,0.025839182512647288
El espejo,sub-098,sub-001,SPRT,0.05815356235610624
El espejo,sub-098,sub-095,SPRT,0.07582552892918476
El espejo,sub-098,sub-012,SPRT,0.04295387970886206
El espejo,sub-098,sub-052,SPRT,0.09040364178141383
El espejo,sub-098,sub-094,SPRT,0.024148324970677235
El espejo,sub-098,sub-088,SPRT,0.13792429955732144
El espejo,sub-098,sub-044,SPRT,0.053050712340017334
El espejo,sub-098,sub-009,SPRT,0.0431407379610602
El espejo,sub-098,sub-041,SPRT,0.0662519270740697
El espejo,sub-098,sub-024,SPRT,-0.0024094135147858875
El espejo,sub-098,sub-016,SPRT,0.005582613509911834
El espejo,sub-098,sub-112,SPRT,0.15023383300090315
El espejo,sub-098,sub-058,SPRT,0.09894264996730905
El espejo,sub-098,sub-018,SPRT,0.02933190648583609
El espejo,sub-098,sub-048,SPRT,-0.004753581334115754
El espejo,sub-098,sub-087,SPRT,0.05292733795375402
El espejo,sub-098,sub-091,SPRT,0.023777141339593327
El espejo,sub-098,sub-083,SPRT,0.1113855170784651
El espejo,sub-098,sub-065,SPRT,0.04816241255363613
El espejo,sub-098,sub-077,SPRT,0.052124133411588724
El espejo,sub-098,sub-039,SPRT,-0.00150052702676107
El espejo,sub-098,sub-053,SPRT,0.004188313753252497
El espejo,sub-098,sub-075,SPRT,-0.02345308554798674
El espejo,sub-098,sub-060,SPRT,0.1608302169140195
El espejo,sub-098,sub-103,SPRT,0.039905592853564376
El espejo,sub-098,sub-105,SPRT,0.014996043261125774
El espejo,sub-098,sub-064,SPRT,0.11297270956435461
El espejo,sub-098,sub-010,SPRT,0.06253630407851854
El espejo,sub-098,sub-034,SPRT,0.03286845073310154
El espejo,sub-098,sub-002,SPRT,-0.03200825267268582
El espejo,sub-098,sub-085,SPRT,0.08132085267360821
El espejo,sub-098,sub-021,SPRT,0.0031569872207705056
El espejo,sub-098,sub-096,SPRT,0.12342738990794444
El espejo,sub-098,sub-027,SPRT,0.01899632598304812
El espejo,sub-098,sub-006,SPRT,0.18167690261847264
El espejo,sub-098,sub-066,SPRT,-0.016652393565089012
El espejo,sub-098,sub-101,SPRT,-0.004556515503160694
El espejo,sub-098,sub-042,SPRT,0.1207751670327711
El espejo,sub-098,sub-003,SPRT,0.06119716351486799
El espejo,sub-098,sub-107,SPRT,0.12144141524237696
El espejo,sub-098,sub-098,SPRT,0.9999999999999999
El espejo,sub-098,sub-086,SPRT,0.11027339559175202
El espejo,sub-098,sub-013,SPRT,0.005294259063226992
El espejo,sub-098,sub-068,SPRT,0.07039815903374014
El espejo,sub-086,sub-067,SPRT,0.04101253677256308
El espejo,sub-086,sub-054,SPRT,0.0019488712199662026
El espejo,sub-086,sub-078,SPRT,-0.008062766255429852
El espejo,sub-086,sub-046,SPRT,-0.035246287827405236
El espejo,sub-086,sub-097,SPRT,0.16026351025823862
El espejo,sub-086,sub-079,SPRT,0.02025234679173314
El espejo,sub-086,sub-028,SPRT,0.08405208011256939
El espejo,sub-086,sub-089,SPRT,0.0824855847692303
El espejo,sub-086,sub-109,SPRT,0.08340481542151697
El espejo,sub-086,sub-070,SPRT,0.008859025936022637
El espejo,sub-086,sub-111,SPRT,0.051061089242474246
El espejo,sub-086,sub-073,SPRT,0.040418424483140036
El espejo,sub-086,sub-001,SPRT,0.038160941992245616
El espejo,sub-086,sub-095,SPRT,0.06163448016658369
El espejo,sub-086,sub-012,SPRT,0.02795101723920954
El espejo,sub-086,sub-052,SPRT,0.043756477276273124
El espejo,sub-086,sub-094,SPRT,0.08693291465990856
El espejo,sub-086,sub-088,SPRT,-0.03696502326403083
El espejo,sub-086,sub-044,SPRT,0.06619528511877709
El espejo,sub-086,sub-009,SPRT,0.0668318829030519
El espejo,sub-086,sub-041,SPRT,-0.07894051115928294
El espejo,sub-086,sub-024,SPRT,0.007985948193903237
El espejo,sub-086,sub-016,SPRT,0.004226198014927472
El espejo,sub-086,sub-112,SPRT,0.007804355644564944
El espejo,sub-086,sub-058,SPRT,0.004490621098997186
El espejo,sub-086,sub-018,SPRT,-0.00454198329917374
El espejo,sub-086,sub-048,SPRT,0.11967804386251345
El espejo,sub-086,sub-087,SPRT,0.07620500130113585
El espejo,sub-086,sub-091,SPRT,-0.0026264082873089733
El espejo,sub-086,sub-083,SPRT,0.01837573706702283
El espejo,sub-086,sub-065,SPRT,0.04262866124260242
El espejo,sub-086,sub-077,SPRT,0.016632666409300067
El espejo,sub-086,sub-039,SPRT,0.02601744171588567
El espejo,sub-086,sub-053,SPRT,0.032727155710214374
El espejo,sub-086,sub-075,SPRT,-0.0123620670434248
El espejo,sub-086,sub-060,SPRT,0.07957308910814714
El espejo,sub-086,sub-103,SPRT,0.09048043616163201
El espejo,sub-086,sub-105,SPRT,-0.009865675917093735
El espejo,sub-086,sub-064,SPRT,0.10860695639218347
El espejo,sub-086,sub-010,SPRT,0.08319305614691094
El espejo,sub-086,sub-034,SPRT,0.04870929326510149
El espejo,sub-086,sub-002,SPRT,0.031521973232555865
El espejo,sub-086,sub-085,SPRT,0.04303746479512773
El espejo,sub-086,sub-021,SPRT,-0.002191329096197983
El espejo,sub-086,sub-096,SPRT,0.07061067668956705
El espejo,sub-086,sub-027,SPRT,-0.03529660867049219
El espejo,sub-086,sub-006,SPRT,0.04292284698570335
El espejo,sub-086,sub-066,SPRT,0.04331022085023445
El espejo,sub-086,sub-101,SPRT,0.05554646316468903
El espejo,sub-086,sub-042,SPRT,-0.016618268308271057
El espejo,sub-086,sub-003,SPRT,0.02849135658938578
El espejo,sub-086,sub-107,SPRT,0.1347579803481617
El espejo,sub-086,sub-098,SPRT,0.11027339559175202
El espejo,sub-086,sub-086,SPRT,1.0
El espejo,sub-086,sub-013,SPRT,-0.05803203215192931
El espejo,sub-086,sub-068,SPRT,0.07782442061465619
El espejo,sub-013,sub-067,SPRT,0.03988452722426058
El espejo,sub-013,sub-054,SPRT,0.1659345326239211
El espejo,sub-013,sub-078,SPRT,0.14959941526363935
El espejo,sub-013,sub-046,SPRT,0.11328735552822311
El espejo,sub-013,sub-097,SPRT,0.11911645548846125
El espejo,sub-013,sub-079,SPRT,0.0874780747184127
El espejo,sub-013,sub-028,SPRT,0.022200602011116437
El espejo,sub-013,sub-089,SPRT,0.0025714703338499422
El espejo,sub-013,sub-109,SPRT,0.06239811017475979
El espejo,sub-013,sub-070,SPRT,0.14063441799951948
El espejo,sub-013,sub-111,SPRT,0.000581021830111308
El espejo,sub-013,sub-073,SPRT,0.0996551500970435
El espejo,sub-013,sub-001,SPRT,0.04317133766530606
El espejo,sub-013,sub-095,SPRT,0.14289230469652006
El espejo,sub-013,sub-012,SPRT,-0.03300999102790638
El espejo,sub-013,sub-052,SPRT,0.024246730247837356
El espejo,sub-013,sub-094,SPRT,0.048541263522694646
El espejo,sub-013,sub-088,SPRT,0.12117055891027581
El espejo,sub-013,sub-044,SPRT,0.04503127606999115
El espejo,sub-013,sub-009,SPRT,0.1096478101538579
El espejo,sub-013,sub-041,SPRT,0.0994615314255563
El espejo,sub-013,sub-024,SPRT,0.17085566011108158
El espejo,sub-013,sub-016,SPRT,0.043868242564212005
El espejo,sub-013,sub-112,SPRT,0.08585769843019168
El espejo,sub-013,sub-058,SPRT,0.102661783578682
El espejo,sub-013,sub-018,SPRT,0.10153917049904711
El espejo,sub-013,sub-048,SPRT,0.10213389286640089
El espejo,sub-013,sub-087,SPRT,0.07886676131956856
El espejo,sub-013,sub-091,SPRT,0.01675949985099004
El espejo,sub-013,sub-083,SPRT,-0.002309187994136953
El espejo,sub-013,sub-065,SPRT,0.08598227070782367
El espejo,sub-013,sub-077,SPRT,0.09567537518717967
El espejo,sub-013,sub-039,SPRT,-5.823076353403021e-05
El espejo,sub-013,sub-053,SPRT,-0.013851811028891168
El espejo,sub-013,sub-075,SPRT,0.1316694478288276
El espejo,sub-013,sub-060,SPRT,0.05753106912478929
El espejo,sub-013,sub-103,SPRT,0.05980507966793759
El espejo,sub-013,sub-105,SPRT,0.04206622979083955
El espejo,sub-013,sub-064,SPRT,0.0758760930318567
El espejo,sub-013,sub-010,SPRT,0.02269519651778449
El espejo,sub-013,sub-034,SPRT,0.09351858895962975
El espejo,sub-013,sub-002,SPRT,0.09064143585249797
El espejo,sub-013,sub-085,SPRT,0.0306693995551668
El espejo,sub-013,sub-021,SPRT,0.06325185950454179
El espejo,sub-013,sub-096,SPRT,0.04698753075396183
El espejo,sub-013,sub-027,SPRT,-0.013315139102395242
El espejo,sub-013,sub-006,SPRT,0.04785462654277221
El espejo,sub-013,sub-066,SPRT,0.03576913165197537
El espejo,sub-013,sub-101,SPRT,0.059158088235381406
El espejo,sub-013,sub-042,SPRT,-0.012020679422402187
El espejo,sub-013,sub-003,SPRT,0.014375194367207418
El espejo,sub-013,sub-107,SPRT,0.07473899875754861
El espejo,sub-013,sub-098,SPRT,0.005294259063226991
El espejo,sub-013,sub-086,SPRT,-0.05803203215192931
El espejo,sub-013,sub-013,SPRT,1.0
El espejo,sub-013,sub-068,SPRT,0.0630159147699341
El espejo,sub-068,sub-067,SPRT,0.11628704904782458
El espejo,sub-068,sub-054,SPRT,0.05648035604054138
El espejo,sub-068,sub-078,SPRT,0.09037355482739996
El espejo,sub-068,sub-046,SPRT,0.032598575161864735
El espejo,sub-068,sub-097,SPRT,0.196312862150763
El espejo,sub-068,sub-079,SPRT,0.021906277592606292
El espejo,sub-068,sub-028,SPRT,-0.00610462305913309
El espejo,sub-068,sub-089,SPRT,0.12416853611547385
El espejo,sub-068,sub-109,SPRT,0.17395727167318434
El espejo,sub-068,sub-070,SPRT,0.012933845117795429
El espejo,sub-068,sub-111,SPRT,0.07948223374723642
El espejo,sub-068,sub-073,SPRT,0.03939631337319039
El espejo,sub-068,sub-001,SPRT,0.09831958216693637
El espejo,sub-068,sub-095,SPRT,0.19539615586667394
El espejo,sub-068,sub-012,SPRT,0.013055900220855477
El espejo,sub-068,sub-052,SPRT,0.11407718318629835
El espejo,sub-068,sub-094,SPRT,0.14715404358983725
El espejo,sub-068,sub-088,SPRT,0.09738207635517573
El espejo,sub-068,sub-044,SPRT,0.13272410173618918
El espejo,sub-068,sub-009,SPRT,0.16598500179953612
El espejo,sub-068,sub-041,SPRT,0.13149003730295455
El espejo,sub-068,sub-024,SPRT,0.06410871933237236
El espejo,sub-068,sub-016,SPRT,0.11636714896097385
El espejo,sub-068,sub-112,SPRT,0.10748367090363051
El espejo,sub-068,sub-058,SPRT,0.14666270065269657
El espejo,sub-068,sub-018,SPRT,0.06625572930226349
El espejo,sub-068,sub-048,SPRT,0.13271840021004483
El espejo,sub-068,sub-087,SPRT,-0.018347156701185016
El espejo,sub-068,sub-091,SPRT,0.0955390222457067
El espejo,sub-068,sub-083,SPRT,0.07965614198211636
El espejo,sub-068,sub-065,SPRT,0.22801947471665612
El espejo,sub-068,sub-077,SPRT,0.06851522643957418
El espejo,sub-068,sub-039,SPRT,0.0501421475768046
El espejo,sub-068,sub-053,SPRT,0.06711531360087164
El espejo,sub-068,sub-075,SPRT,0.07801015561873854
El espejo,sub-068,sub-060,SPRT,0.11456544292834744
El espejo,sub-068,sub-103,SPRT,0.11342491795543538
El espejo,sub-068,sub-105,SPRT,0.051836185796124125
El espejo,sub-068,sub-064,SPRT,0.08262665572221672
El espejo,sub-068,sub-010,SPRT,0.11165916516977792
El espejo,sub-068,sub-034,SPRT,0.06418930830791779
El espejo,sub-068,sub-002,SPRT,0.059141138798333506
El espejo,sub-068,sub-085,SPRT,0.05981488586795114
El espejo,sub-068,sub-021,SPRT,-0.031604610004721395
El espejo,sub-068,sub-096,SPRT,0.04215144716243946
El espejo,sub-068,sub-027,SPRT,0.02772101479156786
El espejo,sub-068,sub-006,SPRT,0.08200681312296074
El espejo,sub-068,sub-066,SPRT,0.07951385865917689
El espejo,sub-068,sub-101,SPRT,0.1450601097525503
El espejo,sub-068,sub-042,SPRT,0.1320418768111671
El espejo,sub-068,sub-003,SPRT,0.07186154691814438
El espejo,sub-068,sub-107,SPRT,0.07767737715841608
El espejo,sub-068,sub-098,SPRT,0.07039815903374014
El espejo,sub-068,sub-086,SPRT,0.07782442061465619
El espejo,sub-068,sub-013,SPRT,0.0630159147699341
El espejo,sub-068,sub-068,SPRT,0.9999999999999999
El espejo,sub-067,sub-067,RRT,1.0
El espejo,sub-067,sub-054,RRT,0.087821552610804
El espejo,sub-067,sub-078,RRT,0.050760257547821964
El espejo,sub-067,sub-046,RRT,0.053614554308321835
El espejo,sub-067,sub-097,RRT,0.13556103605410116
El espejo,sub-067,sub-079,RRT,0.03748988438183704
El espejo,sub-067,sub-028,RRT,0.00027457240663324823
El espejo,sub-067,sub-089,RRT,0.07308237254771649
El espejo,sub-067,sub-109,RRT,-0.014466897895489605
El espejo,sub-067,sub-070,RRT,0.10675961208316144
El espejo,sub-067,sub-111,RRT,0.04191429760336544
El espejo,sub-067,sub-073,RRT,0.05884335694221664
El espejo,sub-067,sub-001,RRT,0.016965092023101872
El espejo,sub-067,sub-095,RRT,0.11463576098678527
El espejo,sub-067,sub-012,RRT,-0.006987648586644983
El espejo,sub-067,sub-052,RRT,0.06610171062885636
El espejo,sub-067,sub-094,RRT,0.004770622394889602
El espejo,sub-067,sub-088,RRT,-0.08222186792626564
El espejo,sub-067,sub-044,RRT,-0.021746301714154745
El espejo,sub-067,sub-009,RRT,0.068979679989755
El espejo,sub-067,sub-041,RRT,0.07933793376105092
El espejo,sub-067,sub-024,RRT,-0.009396160873057662
El espejo,sub-067,sub-016,RRT,0.03028528341706726
El espejo,sub-067,sub-112,RRT,0.017500563400320225
El espejo,sub-067,sub-058,RRT,0.0031777273647995517
El espejo,sub-067,sub-018,RRT,0.0035598880503902703
El espejo,sub-067,sub-048,RRT,-0.025383061463739028
El espejo,sub-067,sub-087,RRT,0.06253637349031137
El espejo,sub-067,sub-091,RRT,0.030797469089050334
El espejo,sub-067,sub-083,RRT,0.08644406476081416
El espejo,sub-067,sub-065,RRT,0.05425484788823244
El espejo,sub-067,sub-077,RRT,0.0813855354595634
El espejo,sub-067,sub-039,RRT,0.03595810444186178
El espejo,sub-067,sub-053,RRT,0.12769658711707826
El espejo,sub-067,sub-075,RRT,0.11356327183267369
El espejo,sub-067,sub-060,RRT,0.04423309157805733
El espejo,sub-067,sub-103,RRT,0.08628474272036799
El espejo,sub-067,sub-105,RRT,0.07663409298846015
El espejo,sub-067,sub-064,RRT,0.07345110081768677
El espejo,sub-067,sub-010,RRT,0.01329995787434661
El espejo,sub-067,sub-034,RRT,0.007891473266998779
El espejo,sub-067,sub-002,RRT,-0.04205286240137035
El espejo,sub-067,sub-085,RRT,0.07703882696969935
El espejo,sub-067,sub-021,RRT,-0.047020760929282195
El espejo,sub-067,sub-096,RRT,0.07536268408304099
El espejo,sub-067,sub-027,RRT,0.012309249050031322
El espejo,sub-067,sub-006,RRT,-0.007126325269276738
El espejo,sub-067,sub-066,RRT,0.035911336580437624
El espejo,sub-067,sub-101,RRT,-0.010309962523286535
El espejo,sub-067,sub-042,RRT,0.055907643213377156
El espejo,sub-067,sub-003,RRT,0.09553011292477613
El espejo,sub-067,sub-107,RRT,0.049422823008678646
El espejo,sub-067,sub-098,RRT,0.07430901286197084
El espejo,sub-067,sub-086,RRT,0.068437616848769
El espejo,sub-067,sub-013,RRT,0.002822904471453242
El espejo,sub-067,sub-068,RRT,-0.021627930645087466
El espejo,sub-054,sub-067,RRT,0.08782155261080402
El espejo,sub-054,sub-054,RRT,1.0
El espejo,sub-054,sub-078,RRT,0.017532028256502578
El espejo,sub-054,sub-046,RRT,0.08921686802278388
El espejo,sub-054,sub-097,RRT,0.08756214855186459
El espejo,sub-054,sub-079,RRT,0.23155219696405624
El espejo,sub-054,sub-028,RRT,0.1474778258449447
El espejo,sub-054,sub-089,RRT,0.04916199446780888
El espejo,sub-054,sub-109,RRT,-0.0032821640227682627
El espejo,sub-054,sub-070,RRT,0.26012838659655374
El espejo,sub-054,sub-111,RRT,0.11174689909656411
El espejo,sub-054,sub-073,RRT,0.000663472144860774
El espejo,sub-054,sub-001,RRT,-0.0003750587190048403
El espejo,sub-054,sub-095,RRT,0.11504393118257235
El espejo,sub-054,sub-012,RRT,-0.014772201474190073
El espejo,sub-054,sub-052,RRT,0.037424240841003265
El espejo,sub-054,sub-094,RRT,0.06840875924742464
El espejo,sub-054,sub-088,RRT,0.03293402283025355
El espejo,sub-054,sub-044,RRT,0.05804071293073164
El espejo,sub-054,sub-009,RRT,0.05692269209317185
El espejo,sub-054,sub-041,RRT,0.023225448358903188
El espejo,sub-054,sub-024,RRT,0.1490986548790957
El espejo,sub-054,sub-016,RRT,0.0002037779207080161
El espejo,sub-054,sub-112,RRT,-0.05160758586330837
El espejo,sub-054,sub-058,RRT,0.037080884549686
El espejo,sub-054,sub-018,RRT,0.0954962746661045
El espejo,sub-054,sub-048,RRT,-0.009955624688479776
El espejo,sub-054,sub-087,RRT,-0.04643371345817724
El espejo,sub-054,sub-091,RRT,0.08819692349334891
El espejo,sub-054,sub-083,RRT,0.09871181481903986
El espejo,sub-054,sub-065,RRT,0.011605121409067281
El espejo,sub-054,sub-077,RRT,0.003598502802674969
El espejo,sub-054,sub-039,RRT,0.00977942705717675
El espejo,sub-054,sub-053,RRT,0.06893337033857208
El espejo,sub-054,sub-075,RRT,0.2784317264049904
El espejo,sub-054,sub-060,RRT,-0.02881470063082302
El espejo,sub-054,sub-103,RRT,0.01791410334313495
El espejo,sub-054,sub-105,RRT,0.048098755474315025
El espejo,sub-054,sub-064,RRT,0.21523046905588
El espejo,sub-054,sub-010,RRT,0.013015887431849725
El espejo,sub-054,sub-034,RRT,0.20922169328632936
El espejo,sub-054,sub-002,RRT,0.07858085447561215
El espejo,sub-054,sub-085,RRT,0.06905000637981824
El espejo,sub-054,sub-021,RRT,-0.025808969606182054
El espejo,sub-054,sub-096,RRT,0.0429552293287173
El espejo,sub-054,sub-027,RRT,0.06135892883418127
El espejo,sub-054,sub-006,RRT,0.029125494578714255
El espejo,sub-054,sub-066,RRT,-0.005334223119511889
El espejo,sub-054,sub-101,RRT,0.1406028606476904
El espejo,sub-054,sub-042,RRT,0.07706629442255872
El espejo,sub-054,sub-003,RRT,0.028608557678029313
El espejo,sub-054,sub-107,RRT,-0.01286116211112631
El espejo,sub-054,sub-098,RRT,0.016146458706265965
El espejo,sub-054,sub-086,RRT,0.07285367812328543
El espejo,sub-054,sub-013,RRT,0.12460240582854028
El espejo,sub-054,sub-068,RRT,0.02062383937629226
El espejo,sub-078,sub-067,RRT,0.050760257547821964
El espejo,sub-078,sub-054,RRT,0.017532028256502574
El espejo,sub-078,sub-078,RRT,0.9999999999999998
El espejo,sub-078,sub-046,RRT,0.14796900257814666
El espejo,sub-078,sub-097,RRT,0.1902357339976722
El espejo,sub-078,sub-079,RRT,0.11362191207051832
El espejo,sub-078,sub-028,RRT,0.08293534537439984
El espejo,sub-078,sub-089,RRT,0.10944955285200433
El espejo,sub-078,sub-109,RRT,0.10290719048296662
El espejo,sub-078,sub-070,RRT,-0.010436337915950201
El espejo,sub-078,sub-111,RRT,0.1621551374171188
El espejo,sub-078,sub-073,RRT,0.11597298432732854
El espejo,sub-078,sub-001,RRT,0.13701899189587521
El espejo,sub-078,sub-095,RRT,0.18698088334222884
El espejo,sub-078,sub-012,RRT,0.05684166159814829
El espejo,sub-078,sub-052,RRT,0.15447551643461804
El espejo,sub-078,sub-094,RRT,0.1326061031432832
El espejo,sub-078,sub-088,RRT,0.046044074215595227
El espejo,sub-078,sub-044,RRT,0.11006211953847378
El espejo,sub-078,sub-009,RRT,0.2576083661266023
El espejo,sub-078,sub-041,RRT,0.1355530027639031
El espejo,sub-078,sub-024,RRT,0.011943340903334484
El espejo,sub-078,sub-016,RRT,0.14361616105263977
El espejo,sub-078,sub-112,RRT,0.14285373074548616
El espejo,sub-078,sub-058,RRT,0.15344338224132878
El espejo,sub-078,sub-018,RRT,0.016615186876762656
El espejo,sub-078,sub-048,RRT,0.09978781291494192
El espejo,sub-078,sub-087,RRT,0.15308240708338766
El espejo,sub-078,sub-091,RRT,0.16060730613430851
El espejo,sub-078,sub-083,RRT,0.2656303025515145
El espejo,sub-078,sub-065,RRT,0.09947530619109156
El espejo,sub-078,sub-077,RRT,0.12405990663524655
El espejo,sub-078,sub-039,RRT,0.02545628490344819
El espejo,sub-078,sub-053,RRT,0.011312765526363112
El espejo,sub-078,sub-075,RRT,0.06507511553376435
El espejo,sub-078,sub-060,RRT,0.12496206664357341
El espejo,sub-078,sub-103,RRT,0.13700439479090917
El espejo,sub-078,sub-105,RRT,0.1326330410029322
El espejo,sub-078,sub-064,RRT,0.04552197815007954
El espejo,sub-078,sub-010,RRT,-0.013077611579696266
El espejo,sub-078,sub-034,RRT,0.0487981907454656
El espejo,sub-078,sub-002,RRT,0.07129727376773887
El espejo,sub-078,sub-085,RRT,0.13980212726180755
El espejo,sub-078,sub-021,RRT,0.009252847628214848
El espejo,sub-078,sub-096,RRT,0.10995536346880078
El espejo,sub-078,sub-027,RRT,0.06749941339013704
El espejo,sub-078,sub-006,RRT,0.08344045364467212
El espejo,sub-078,sub-066,RRT,0.06397380486296791
El espejo,sub-078,sub-101,RRT,0.15742408861855833
El espejo,sub-078,sub-042,RRT,0.1762130567221833
El espejo,sub-078,sub-003,RRT,0.2167368416950767
El espejo,sub-078,sub-107,RRT,0.06603809294208354
El espejo,sub-078,sub-098,RRT,0.03997996099017447
El espejo,sub-078,sub-086,RRT,-0.057057806777931375
El espejo,sub-078,sub-013,RRT,0.0877134971483258
El espejo,sub-078,sub-068,RRT,0.08647834271459662
El espejo,sub-046,sub-067,RRT,0.05361455430832183
El espejo,sub-046,sub-054,RRT,0.08921686802278389
El espejo,sub-046,sub-078,RRT,0.14796900257814663
El espejo,sub-046,sub-046,RRT,1.0
El espejo,sub-046,sub-097,RRT,0.065505980607956
El espejo,sub-046,sub-079,RRT,0.1467179107574076
El espejo,sub-046,sub-028,RRT,0.11153946521512137
El espejo,sub-046,sub-089,RRT,0.13642817871826846
El espejo,sub-046,sub-109,RRT,-0.005590001378911314
El espejo,sub-046,sub-070,RRT,-0.042168670470384424
El espejo,sub-046,sub-111,RRT,0.10481065415857359
El espejo,sub-046,sub-073,RRT,0.07336814672344646
El espejo,sub-046,sub-001,RRT,0.15805043645485778
El espejo,sub-046,sub-095,RRT,0.1457467841486486
El espejo,sub-046,sub-012,RRT,0.09416084979274622
El espejo,sub-046,sub-052,RRT,0.07264992075517027
El espejo,sub-046,sub-094,RRT,0.0440065223454691
El espejo,sub-046,sub-088,RRT,0.1438441653909214
El espejo,sub-046,sub-044,RRT,0.13232351114281865
El espejo,sub-046,sub-009,RRT,0.15029125783130454
El espejo,sub-046,sub-041,RRT,0.1406817116685556
El espejo,sub-046,sub-024,RRT,-0.0708178124534553
El espejo,sub-046,sub-016,RRT,0.10553509838910252
El espejo,sub-046,sub-112,RRT,0.021820007727077432
El espejo,sub-046,sub-058,RRT,0.1206548195463952
El espejo,sub-046,sub-018,RRT,-0.05998950845240969
El espejo,sub-046,sub-048,RRT,0.1271422880170589
El espejo,sub-046,sub-087,RRT,0.09640044221882205
El espejo,sub-046,sub-091,RRT,0.20979487398363386
El espejo,sub-046,sub-083,RRT,0.060294794891735344
El espejo,sub-046,sub-065,RRT,0.1299743621552445
El espejo,sub-046,sub-077,RRT,0.029886680523020813
El espejo,sub-046,sub-039,RRT,0.09763212764444194
El espejo,sub-046,sub-053,RRT,0.0411086742962664
El espejo,sub-046,sub-075,RRT,0.0667123610791235
El espejo,sub-046,sub-060,RRT,0.09969648619867794
El espejo,sub-046,sub-103,RRT,0.11286536248459829
El espejo,sub-046,sub-105,RRT,0.0877527401959608
El espejo,sub-046,sub-064,RRT,0.043148074330564924
El espejo,sub-046,sub-010,RRT,0.006238846367265063
El espejo,sub-046,sub-034,RRT,-0.008184908161356095
El espejo,sub-046,sub-002,RRT,0.06660077631627766
El espejo,sub-046,sub-085,RRT,0.1270988663345067
El espejo,sub-046,sub-021,RRT,0.017447285448552733
El espejo,sub-046,sub-096,RRT,0.04236196148333739
El espejo,sub-046,sub-027,RRT,0.016922906734702224
El espejo,sub-046,sub-006,RRT,0.14961334687809
El espejo,sub-046,sub-066,RRT,0.09279126185126219
El espejo,sub-046,sub-101,RRT,0.008076263870753043
El espejo,sub-046,sub-042,RRT,0.09469924653208205
El espejo,sub-046,sub-003,RRT,0.03153832368943251
El espejo,sub-046,sub-107,RRT,0.05857562025972172
El espejo,sub-046,sub-098,RRT,0.09548148093870197
El espejo,sub-046,sub-086,RRT,-0.022942716402797613
El espejo,sub-046,sub-013,RRT,0.15268827329359935
El espejo,sub-046,sub-068,RRT,0.04376607220660428
El espejo,sub-097,sub-067,RRT,0.13556103605410116
El espejo,sub-097,sub-054,RRT,0.0875621485518646
El espejo,sub-097,sub-078,RRT,0.1902357339976722
El espejo,sub-097,sub-046,RRT,0.065505980607956
El espejo,sub-097,sub-097,RRT,1.0
El espejo,sub-097,sub-079,RRT,0.10657192530957417
El espejo,sub-097,sub-028,RRT,0.23825733586564918
El espejo,sub-097,sub-089,RRT,0.07102017084094175
El espejo,sub-097,sub-109,RRT,0.17258805252233114
El espejo,sub-097,sub-070,RRT,0.2308576286457121
El espejo,sub-097,sub-111,RRT,0.1492818835858603
El espejo,sub-097,sub-073,RRT,0.04974028508803764
El espejo,sub-097,sub-001,RRT,0.05004968006698606
El espejo,sub-097,sub-095,RRT,0.23783452540815778
El espejo,sub-097,sub-012,RRT,0.06124591487788797
El espejo,sub-097,sub-052,RRT,0.12856986979012727
El espejo,sub-097,sub-094,RRT,0.1349614017099624
El espejo,sub-097,sub-088,RRT,0.049776502378500107
El espejo,sub-097,sub-044,RRT,0.019485304610441012
El espejo,sub-097,sub-009,RRT,0.0878369482202316
El espejo,sub-097,sub-041,RRT,0.09571490155284534
El espejo,sub-097,sub-024,RRT,0.283588161828787
El espejo,sub-097,sub-016,RRT,0.13656741632710037
El espejo,sub-097,sub-112,RRT,0.10812636356386747
El espejo,sub-097,sub-058,RRT,0.08175031696387176
El espejo,sub-097,sub-018,RRT,0.05160840549198834
El espejo,sub-097,sub-048,RRT,0.08339372255917059
El espejo,sub-097,sub-087,RRT,0.2139407543584155
El espejo,sub-097,sub-091,RRT,0.07600426115447657
El espejo,sub-097,sub-083,RRT,0.24993303351201446
El espejo,sub-097,sub-065,RRT,0.08236396764783349
El espejo,sub-097,sub-077,RRT,0.199348550119782
El espejo,sub-097,sub-039,RRT,-0.016414829263862434
El espejo,sub-097,sub-053,RRT,0.08492987106893543
El espejo,sub-097,sub-075,RRT,0.23435468730358555
El espejo,sub-097,sub-060,RRT,0.17805915842006828
El espejo,sub-097,sub-103,RRT,0.15805406745695896
El espejo,sub-097,sub-105,RRT,0.03476019401052502
El espejo,sub-097,sub-064,RRT,0.1176806189639214
El espejo,sub-097,sub-010,RRT,0.022546810603514458
El espejo,sub-097,sub-034,RRT,0.2243146992420939
El espejo,sub-097,sub-002,RRT,0.11140083228293342
El espejo,sub-097,sub-085,RRT,0.15641774264423627
El espejo,sub-097,sub-021,RRT,0.0266799003538274
El espejo,sub-097,sub-096,RRT,0.05729969634154484
El espejo,sub-097,sub-027,RRT,0.10074554204750025
El espejo,sub-097,sub-006,RRT,0.05095137611045109
El espejo,sub-097,sub-066,RRT,0.04132405406619718
El espejo,sub-097,sub-101,RRT,0.17300690109742875
El espejo,sub-097,sub-042,RRT,0.22007586760277834
El espejo,sub-097,sub-003,RRT,0.1116770156473635
El espejo,sub-097,sub-107,RRT,0.1167004867040748
El espejo,sub-097,sub-098,RRT,0.06978665176311227
El espejo,sub-097,sub-086,RRT,0.13415649831953744
El espejo,sub-097,sub-013,RRT,0.114389319472546
El espejo,sub-097,sub-068,RRT,0.1304212941911228
El espejo,sub-079,sub-067,RRT,0.03748988438183704
El espejo,sub-079,sub-054,RRT,0.2315521969640562
El espejo,sub-079,sub-078,RRT,0.11362191207051832
El espejo,sub-079,sub-046,RRT,0.1467179107574076
El espejo,sub-079,sub-097,RRT,0.10657192530957417
El espejo,sub-079,sub-079,RRT,1.0
El espejo,sub-079,sub-028,RRT,0.07233222024953366
El espejo,sub-079,sub-089,RRT,0.04268677350430199
El espejo,sub-079,sub-109,RRT,-0.08634537816737387
El espejo,sub-079,sub-070,RRT,0.10794067157573169
El espejo,sub-079,sub-111,RRT,0.08193821289727725
El espejo,sub-079,sub-073,RRT,0.045594410843505385
El espejo,sub-079,sub-001,RRT,0.09221781600282035
El espejo,sub-079,sub-095,RRT,0.18359712997731842
El espejo,sub-079,sub-012,RRT,-0.01911390866712069
El espejo,sub-079,sub-052,RRT,0.1575828462442593
El espejo,sub-079,sub-094,RRT,0.04891347271842796
El espejo,sub-079,sub-088,RRT,0.11245834551938988
El espejo,sub-079,sub-044,RRT,0.19080613833523732
El espejo,sub-079,sub-009,RRT,0.18704399122746265
El espejo,sub-079,sub-041,RRT,0.1129984174155875
El espejo,sub-079,sub-024,RRT,0.05583903180722593
El espejo,sub-079,sub-016,RRT,0.20893880819068253
El espejo,sub-079,sub-112,RRT,-0.020040681735610372
El espejo,sub-079,sub-058,RRT,0.15679453261619902
El espejo,sub-079,sub-018,RRT,-0.06645480848728727
El espejo,sub-079,sub-048,RRT,0.08407084421011576
El espejo,sub-079,sub-087,RRT,0.09815329085023598
El espejo,sub-079,sub-091,RRT,0.2388860314997178
El espejo,sub-079,sub-083,RRT,0.10330050368721748
El espejo,sub-079,sub-065,RRT,0.09985193697830363
El espejo,sub-079,sub-077,RRT,0.04504865192879492
El espejo,sub-079,sub-039,RRT,-0.00685127340416145
El espejo,sub-079,sub-053,RRT,0.08494354166100763
El espejo,sub-079,sub-075,RRT,0.0634967333357913
El espejo,sub-079,sub-060,RRT,0.059694558329373405
El espejo,sub-079,sub-103,RRT,0.01972836323850897
El espejo,sub-079,sub-105,RRT,0.10757293649801969
El espejo,sub-079,sub-064,RRT,0.07050076497101358
El espejo,sub-079,sub-010,RRT,-0.014215021597651634
El espejo,sub-079,sub-034,RRT,0.13229863440133421
El espejo,sub-079,sub-002,RRT,-0.0031330623181109315
El espejo,sub-079,sub-085,RRT,0.07786364525814743
El espejo,sub-079,sub-021,RRT,-0.039793556544625686
El espejo,sub-079,sub-096,RRT,0.01750853582461585
El espejo,sub-079,sub-027,RRT,-0.016586646474705303
El espejo,sub-079,sub-006,RRT,0.10485049233797054
El espejo,sub-079,sub-066,RRT,0.0300474790191633
El espejo,sub-079,sub-101,RRT,0.08936337661791519
El espejo,sub-079,sub-042,RRT,0.1561277802010773
El espejo,sub-079,sub-003,RRT,0.01930877711544471
El espejo,sub-079,sub-107,RRT,0.1280136375319755
El espejo,sub-079,sub-098,RRT,0.23844442155762083
El espejo,sub-079,sub-086,RRT,-0.012921897813808696
El espejo,sub-079,sub-013,RRT,0.0647845266229321
El espejo,sub-079,sub-068,RRT,0.08907663826018439
El espejo,sub-028,sub-067,RRT,0.00027457240663324823
El espejo,sub-028,sub-054,RRT,0.14747782584494473
El espejo,sub-028,sub-078,RRT,0.08293534537439984
El espejo,sub-028,sub-046,RRT,0.11153946521512138
El espejo,sub-028,sub-097,RRT,0.23825733586564918
El espejo,sub-028,sub-079,RRT,0.07233222024953366
El espejo,sub-028,sub-028,RRT,1.0
El espejo,sub-028,sub-089,RRT,0.02769844717909615
El espejo,sub-028,sub-109,RRT,0.0934358621839867
El espejo,sub-028,sub-070,RRT,0.0310801735790584
El espejo,sub-028,sub-111,RRT,0.0720347791748164
El espejo,sub-028,sub-073,RRT,0.05010974203343389
El espejo,sub-028,sub-001,RRT,0.16179557261675714
El espejo,sub-028,sub-095,RRT,0.18103977538308672
El espejo,sub-028,sub-012,RRT,0.07794874820299078
El espejo,sub-028,sub-052,RRT,0.07841187359559862
El espejo,sub-028,sub-094,RRT,0.13464576093452554
El espejo,sub-028,sub-088,RRT,0.08243017596220352
El espejo,sub-028,sub-044,RRT,0.027478004052908882
El espejo,sub-028,sub-009,RRT,0.044262149778654884
El espejo,sub-028,sub-041,RRT,0.0898649339251603
El espejo,sub-028,sub-024,RRT,0.12938028155683515
El espejo,sub-028,sub-016,RRT,-0.033539097797045815
El espejo,sub-028,sub-112,RRT,0.13540260076999686
El espejo,sub-028,sub-058,RRT,0.19826745297225762
El espejo,sub-028,sub-018,RRT,0.12005826590825353
El espejo,sub-028,sub-048,RRT,0.09483423819002204
El espejo,sub-028,sub-087,RRT,0.21649610047925405
El espejo,sub-028,sub-091,RRT,0.12496847232631539
El espejo,sub-028,sub-083,RRT,0.09941948960411512
El espejo,sub-028,sub-065,RRT,0.05950927561023418
El espejo,sub-028,sub-077,RRT,0.17413357936956733
El espejo,sub-028,sub-039,RRT,-0.01076559602541542
El espejo,sub-028,sub-053,RRT,0.07698396796962137
El espejo,sub-028,sub-075,RRT,0.2497986043160035
El espejo,sub-028,sub-060,RRT,0.22540455680499988
El espejo,sub-028,sub-103,RRT,0.12806663056303189
El espejo,sub-028,sub-105,RRT,0.12131338534217544
El espejo,sub-028,sub-064,RRT,0.18049374576772634
El espejo,sub-028,sub-010,RRT,0.15707407379833707
El espejo,sub-028,sub-034,RRT,0.13538684815805316
El espejo,sub-028,sub-002,RRT,0.13827676435021508
El espejo,sub-028,sub-085,RRT,0.12358096275453362
El espejo,sub-028,sub-021,RRT,0.011005780711272763
El espejo,sub-028,sub-096,RRT,0.06224781317517467
El espejo,sub-028,sub-027,RRT,0.12711321820022972
El espejo,sub-028,sub-006,RRT,0.06775013013085747
El espejo,sub-028,sub-066,RRT,0.017017540543068994
El espejo,sub-028,sub-101,RRT,0.10961678702106506
El espejo,sub-028,sub-042,RRT,0.10794301309107412
El espejo,sub-028,sub-003,RRT,0.059218772831555674
El espejo,sub-028,sub-107,RRT,0.11808948565886931
El espejo,sub-028,sub-098,RRT,0.06801265813783469
El espejo,sub-028,sub-086,RRT,0.031005503212296788
El espejo,sub-028,sub-013,RRT,0.107725104542481
El espejo,sub-028,sub-068,RRT,0.07068298505464456
El espejo,sub-089,sub-067,RRT,0.07308237254771649
El espejo,sub-089,sub-054,RRT,0.04916199446780888
El espejo,sub-089,sub-078,RRT,0.10944955285200435
El espejo,sub-089,sub-046,RRT,0.13642817871826846
El espejo,sub-089,sub-097,RRT,0.07102017084094175
El espejo,sub-089,sub-079,RRT,0.04268677350430199
El espejo,sub-089,sub-028,RRT,0.02769844717909615
El espejo,sub-089,sub-089,RRT,1.0
El espejo,sub-089,sub-109,RRT,-0.05907674530960463
El espejo,sub-089,sub-070,RRT,0.014122822168943693
El espejo,sub-089,sub-111,RRT,0.05530811928251036
El espejo,sub-089,sub-073,RRT,0.004929061737900449
El espejo,sub-089,sub-001,RRT,0.05547808630735889
El espejo,sub-089,sub-095,RRT,0.05178043860213734
El espejo,sub-089,sub-012,RRT,-0.02049982831861662
El espejo,sub-089,sub-052,RRT,0.060446636118924084
El espejo,sub-089,sub-094,RRT,0.049478688462589585
El espejo,sub-089,sub-088,RRT,0.015455965137485062
El espejo,sub-089,sub-044,RRT,-0.0022689208468604357
El espejo,sub-089,sub-009,RRT,0.12984369674917703
El espejo,sub-089,sub-041,RRT,0.0856086144858102
El espejo,sub-089,sub-024,RRT,-0.017423468385209303
El espejo,sub-089,sub-016,RRT,0.06370715262487936
El espejo,sub-089,sub-112,RRT,0.06041837229787653
El espejo,sub-089,sub-058,RRT,0.10446986378313897
El espejo,sub-089,sub-018,RRT,-0.016347764551329
El espejo,sub-089,sub-048,RRT,0.02508646206491567
El espejo,sub-089,sub-087,RRT,0.03258129810389732
El espejo,sub-089,sub-091,RRT,0.16022217246759934
El espejo,sub-089,sub-083,RRT,0.08123426743701681
El espejo,sub-089,sub-065,RRT,-0.0015115751898842089
El espejo,sub-089,sub-077,RRT,0.07369323577215695
El espejo,sub-089,sub-039,RRT,0.08363884310151239
El espejo,sub-089,sub-053,RRT,0.03521821509196275
El espejo,sub-089,sub-075,RRT,0.03436281237872087
El espejo,sub-089,sub-060,RRT,0.02896170337441812
El espejo,sub-089,sub-103,RRT,0.05074552369815554
El espejo,sub-089,sub-105,RRT,0.02460623434878531
El espejo,sub-089,sub-064,RRT,0.031152337750649496
El espejo,sub-089,sub-010,RRT,0.07189934016397334
El espejo,sub-089,sub-034,RRT,-0.050312088597604096
El espejo,sub-089,sub-002,RRT,0.019246336336949586
El espejo,sub-089,sub-085,RRT,0.038722890945499966
El espejo,sub-089,sub-021,RRT,-0.01742319764253503
El espejo,sub-089,sub-096,RRT,0.017350297913705574
El espejo,sub-089,sub-027,RRT,-0.06702848058959675
El espejo,sub-089,sub-006,RRT,0.07180260421332793
El espejo,sub-089,sub-066,RRT,0.09969769120425286
El espejo,sub-089,sub-101,RRT,0.07472160534059737
El espejo,sub-089,sub-042,RRT,0.06855138624205778
El espejo,sub-089,sub-003,RRT,0.07766466442831828
El espejo,sub-089,sub-107,RRT,0.023035730202200694
El espejo,sub-089,sub-098,RRT,0.008536467874850982
El espejo,sub-089,sub-086,RRT,0.04753224679950681
El espejo,sub-089,sub-013,RRT,-0.007238182267082163
El espejo,sub-089,sub-068,RRT,0.05465364884389555
El espejo,sub-109,sub-067,RRT,-0.014466897895489604
El espejo,sub-109,sub-054,RRT,-0.0032821640227682627
El espejo,sub-109,sub-078,RRT,0.1029071904829666
El espejo,sub-109,sub-046,RRT,-0.005590001378911314
El espejo,sub-109,sub-097,RRT,0.17258805252233114
El espejo,sub-109,sub-079,RRT,-0.08634537816737387
El espejo,sub-109,sub-028,RRT,0.09343586218398671
El espejo,sub-109,sub-089,RRT,-0.05907674530960461
El espejo,sub-109,sub-109,RRT,0.9999999999999999
El espejo,sub-109,sub-070,RRT,-0.07314076838376259
El espejo,sub-109,sub-111,RRT,0.1817744332211213
El espejo,sub-109,sub-073,RRT,-0.012467690833973095
El espejo,sub-109,sub-001,RRT,0.05880148793463885
El espejo,sub-109,sub-095,RRT,0.05823472906561372
El espejo,sub-109,sub-012,RRT,0.022367702348864427
El espejo,sub-109,sub-052,RRT,0.01470705138039124
El espejo,sub-109,sub-094,RRT,0.11746832536948229
El espejo,sub-109,sub-088,RRT,-0.04365782422115982
El espejo,sub-109,sub-044,RRT,0.02318648280228663
El espejo,sub-109,sub-009,RRT,0.025167939511655246
El espejo,sub-109,sub-041,RRT,0.057254485492536734
El espejo,sub-109,sub-024,RRT,-0.03639127281256009
El espejo,sub-109,sub-016,RRT,-0.06521791528033623
El espejo,sub-109,sub-112,RRT,0.1165776007712276
El espejo,sub-109,sub-058,RRT,-0.004271299765799934
El espejo,sub-109,sub-018,RRT,0.21013590180477348
El espejo,sub-109,sub-048,RRT,-0.041246659324993815
El espejo,sub-109,sub-087,RRT,0.02173854288324495
El espejo,sub-109,sub-091,RRT,-0.1130875639318457
El espejo,sub-109,sub-083,RRT,0.0364554486068946
El espejo,sub-109,sub-065,RRT,0.05384217803261454
El espejo,sub-109,sub-077,RRT,0.10780042801431182
El espejo,sub-109,sub-039,RRT,0.04113121470096095
El espejo,sub-109,sub-053,RRT,0.01275180592731518
El espejo,sub-109,sub-075,RRT,0.059676256759785044
El espejo,sub-109,sub-060,RRT,0.19104896304476143
El espejo,sub-109,sub-103,RRT,0.1018040151233587
El espejo,sub-109,sub-105,RRT,-0.018329332057274772
El espejo,sub-109,sub-064,RRT,-0.0049100897588005964
El espejo,sub-109,sub-010,RRT,-0.021464542849362427
El espejo,sub-109,sub-034,RRT,0.07188681720587542
El espejo,sub-109,sub-002,RRT,0.2796013912443079
El espejo,sub-109,sub-085,RRT,-0.011206282724416068
El espejo,sub-109,sub-021,RRT,0.05492963589733782
El espejo,sub-109,sub-096,RRT,-0.0332884891980142
El espejo,sub-109,sub-027,RRT,0.3032439665841639
El espejo,sub-109,sub-006,RRT,0.030645545233031497
El espejo,sub-109,sub-066,RRT,-0.018201655783676447
El espejo,sub-109,sub-101,RRT,0.13367300960591022
El espejo,sub-109,sub-042,RRT,0.05590002064926146
El espejo,sub-109,sub-003,RRT,0.030443440242340455
El espejo,sub-109,sub-107,RRT,0.011713279590824735
El espejo,sub-109,sub-098,RRT,-0.009582505384080908
El espejo,sub-109,sub-086,RRT,-0.049844144336867596
El espejo,sub-109,sub-013,RRT,0.0019298786318920921
El espejo,sub-109,sub-068,RRT,0.07645002069250746
El espejo,sub-070,sub-067,RRT,0.10675961208316145
El espejo,sub-070,sub-054,RRT,0.26012838659655374
El espejo,sub-070,sub-078,RRT,-0.010436337915950201
El espejo,sub-070,sub-046,RRT,-0.042168670470384424
El espejo,sub-070,sub-097,RRT,0.23085762864571208
El espejo,sub-070,sub-079,RRT,0.10794067157573167
El espejo,sub-070,sub-028,RRT,0.031080173579058405
El espejo,sub-070,sub-089,RRT,0.014122822168943693
El espejo,sub-070,sub-109,RRT,-0.07314076838376259
El espejo,sub-070,sub-070,RRT,1.0
El espejo,sub-070,sub-111,RRT,0.017136773063324597
El espejo,sub-070,sub-073,RRT,0.04135344535408921
El espejo,sub-070,sub-001,RRT,0.017609869311254755
El espejo,sub-070,sub-095,RRT,0.1310524315673834
El espejo,sub-070,sub-012,RRT,0.055176548693192766
El espejo,sub-070,sub-052,RRT,0.03748521185842226
El espejo,sub-070,sub-094,RRT,0.04385399522095827
El espejo,sub-070,sub-088,RRT,0.0875814479334306
El espejo,sub-070,sub-044,RRT,-0.0038869514452482034
El espejo,sub-070,sub-009,RRT,0.08713164152798954
El espejo,sub-070,sub-041,RRT,7.285051860549132e-05
El espejo,sub-070,sub-024,RRT,0.2516104757162167
El espejo,sub-070,sub-016,RRT,0.1128698879539299
El espejo,sub-070,sub-112,RRT,0.049258736437837077
El espejo,sub-070,sub-058,RRT,-0.04941648206330713
El espejo,sub-070,sub-018,RRT,0.028582668911370932
El espejo,sub-070,sub-048,RRT,-0.011505725588388723
El espejo,sub-070,sub-087,RRT,0.0566402257118396
El espejo,sub-070,sub-091,RRT,0.11361489078816694
El espejo,sub-070,sub-083,RRT,0.08568255823692128
El espejo,sub-070,sub-065,RRT,0.008642009432132081
El espejo,sub-070,sub-077,RRT,0.0715752668497451
El espejo,sub-070,sub-039,RRT,-0.11863738758046709
El espejo,sub-070,sub-053,RRT,-0.009621741303664815
El espejo,sub-070,sub-075,RRT,0.1536334906299909
El espejo,sub-070,sub-060,RRT,-0.028148362133062235
El espejo,sub-070,sub-103,RRT,0.015675858686562655
El espejo,sub-070,sub-105,RRT,0.02983092755780761
El espejo,sub-070,sub-064,RRT,0.15767576615520443
El espejo,sub-070,sub-010,RRT,-0.0347536171585165
El espejo,sub-070,sub-034,RRT,0.1754773328931382
El espejo,sub-070,sub-002,RRT,-0.002596973445242554
El espejo,sub-070,sub-085,RRT,0.01165075663880602
El espejo,sub-070,sub-021,RRT,-0.008241851698913887
El espejo,sub-070,sub-096,RRT,0.07551333143354771
El espejo,sub-070,sub-027,RRT,-0.03532251646368908
El espejo,sub-070,sub-006,RRT,0.0134133502768586
El espejo,sub-070,sub-066,RRT,-0.10072416565326595
El espejo,sub-070,sub-101,RRT,0.06993749413512927
El espejo,sub-070,sub-042,RRT,0.16865094113782486
El espejo,sub-070,sub-003,RRT,-0.016374505507062747
El espejo,sub-070,sub-107,RRT,0.06791014666007889
El espejo,sub-070,sub-098,RRT,-0.04088198691149002
El espejo,sub-070,sub-086,RRT,0.04876159257785626
El espejo,sub-070,sub-013,RRT,0.09913759725917506
El espejo,sub-070,sub-068,RRT,-0.051823476011838544
El espejo,sub-111,sub-067,RRT,0.04191429760336544
El espejo,sub-111,sub-054,RRT,0.11174689909656411
El espejo,sub-111,sub-078,RRT,0.1621551374171188
El espejo,sub-111,sub-046,RRT,0.10481065415857359
El espejo,sub-111,sub-097,RRT,0.1492818835858603
El espejo,sub-111,sub-079,RRT,0.08193821289727725
El espejo,sub-111,sub-028,RRT,0.0720347791748164
El espejo,sub-111,sub-089,RRT,0.05530811928251035
El espejo,sub-111,sub-109,RRT,0.1817744332211213
El espejo,sub-111,sub-070,RRT,0.0171367730633246
El espejo,sub-111,sub-111,RRT,0.9999999999999999
El espejo,sub-111,sub-073,RRT,0.037424781437019036
El espejo,sub-111,sub-001,RRT,0.034826868631524614
El espejo,sub-111,sub-095,RRT,0.12665502748677343
El espejo,sub-111,sub-012,RRT,-0.00540785304666033
El espejo,sub-111,sub-052,RRT,0.030017169957780195
El espejo,sub-111,sub-094,RRT,0.07531974388591178
El espejo,sub-111,sub-088,RRT,0.02361790861022776
El espejo,sub-111,sub-044,RRT,-0.04000739626590679
El espejo,sub-111,sub-009,RRT,0.050882028618757055
El espejo,sub-111,sub-041,RRT,0.06840951168212879
El espejo,sub-111,sub-024,RRT,-0.02806412853868112
El espejo,sub-111,sub-016,RRT,0.04555973886798168
El espejo,sub-111,sub-112,RRT,0.0466188011582689
El espejo,sub-111,sub-058,RRT,0.014393125884265829
El espejo,sub-111,sub-018,RRT,0.08284603137075278
El espejo,sub-111,sub-048,RRT,0.01732533408688053
El espejo,sub-111,sub-087,RRT,0.06633532729343276
El espejo,sub-111,sub-091,RRT,0.05743147474182588
El espejo,sub-111,sub-083,RRT,0.05824353028422566
El espejo,sub-111,sub-065,RRT,0.12397077766889039
El espejo,sub-111,sub-077,RRT,0.07961642534585255
El espejo,sub-111,sub-039,RRT,0.02475294520167649
El espejo,sub-111,sub-053,RRT,0.054368543087906715
El espejo,sub-111,sub-075,RRT,0.07200117007080044
El espejo,sub-111,sub-060,RRT,0.08777142479314635
El espejo,sub-111,sub-103,RRT,0.20206827722445453
El espejo,sub-111,sub-105,RRT,0.08349763861689853
El espejo,sub-111,sub-064,RRT,-0.040271322748166485
El espejo,sub-111,sub-010,RRT,0.05035997860832096
El espejo,sub-111,sub-034,RRT,0.07720457858532456
El espejo,sub-111,sub-002,RRT,0.21928942916461447
El espejo,sub-111,sub-085,RRT,0.029673239344163913
El espejo,sub-111,sub-021,RRT,0.004898178633660406
El espejo,sub-111,sub-096,RRT,0.18094708426765388
El espejo,sub-111,sub-027,RRT,0.15642309172484298
El espejo,sub-111,sub-006,RRT,0.0006011370576425314
El espejo,sub-111,sub-066,RRT,0.08199469262899571
El espejo,sub-111,sub-101,RRT,0.18496987904650053
El espejo,sub-111,sub-042,RRT,0.1108941212931703
El espejo,sub-111,sub-003,RRT,0.07112860037958339
El espejo,sub-111,sub-107,RRT,-0.012964138573448053
El espejo,sub-111,sub-098,RRT,0.05549811750270672
El espejo,sub-111,sub-086,RRT,-0.06672677853892654
El espejo,sub-111,sub-013,RRT,0.03666386544804781
El espejo,sub-111,sub-068,RRT,0.127166759658704
El espejo,sub-073,sub-067,RRT,0.05884335694221664
El espejo,sub-073,sub-054,RRT,0.000663472144860774
El espejo,sub-073,sub-078,RRT,0.11597298432732854
El espejo,sub-073,sub-046,RRT,0.07336814672344646
El espejo,sub-073,sub-097,RRT,0.04974028508803764
El espejo,sub-073,sub-079,RRT,0.045594410843505385
El espejo,sub-073,sub-028,RRT,0.05010974203343389
El espejo,sub-073,sub-089,RRT,0.004929061737900449
El espejo,sub-073,sub-109,RRT,-0.012467690833973095
El espejo,sub-073,sub-070,RRT,0.041353445354089205
El espejo,sub-073,sub-111,RRT,0.03742478143701904
El espejo,sub-073,sub-073,RRT,1.0
El espejo,sub-073,sub-001,RRT,0.1939871277634227
El espejo,sub-073,sub-095,RRT,0.15010267163718624
El espejo,sub-073,sub-012,RRT,0.04599185262363119
El espejo,sub-073,sub-052,RRT,0.10332024128196898
El espejo,sub-073,sub-094,RRT,0.017152659431108906
El espejo,sub-073,sub-088,RRT,0.09369841108692756
El espejo,sub-073,sub-044,RRT,0.06926004487032543
El espejo,sub-073,sub-009,RRT,0.15182527790751768
El espejo,sub-073,sub-041,RRT,0.11806773743069042
El espejo,sub-073,sub-024,RRT,0.026915936457585728
El espejo,sub-073,sub-016,RRT,0.0864229927867392
El espejo,sub-073,sub-112,RRT,0.005623416694688819
El espejo,sub-073,sub-058,RRT,0.17099775417609564
El espejo,sub-073,sub-018,RRT,0.025453220921940183
El espejo,sub-073,sub-048,RRT,0.07139181001809368
El espejo,sub-073,sub-087,RRT,0.0928496667781168
El espejo,sub-073,sub-091,RRT,0.09755276297737576
El espejo,sub-073,sub-083,RRT,0.11105933458182961
El espejo,sub-073,sub-065,RRT,0.13385512348251696
El espejo,sub-073,sub-077,RRT,0.18580088048746557
El espejo,sub-073,sub-039,RRT,0.07326443115110928
El espejo,sub-073,sub-053,RRT,0.0760689401697094
El espejo,sub-073,sub-075,RRT,0.07284948830503163
El espejo,sub-073,sub-060,RRT,0.13395311892024864
El espejo,sub-073,sub-103,RRT,0.04910581837841719
El espejo,sub-073,sub-105,RRT,0.08108235309808115
El espejo,sub-073,sub-064,RRT,0.057454925825574335
El espejo,sub-073,sub-010,RRT,0.05471015173152397
El espejo,sub-073,sub-034,RRT,0.06724848677371963
El espejo,sub-073,sub-002,RRT,0.047518030576060764
El espejo,sub-073,sub-085,RRT,0.14509972101611984
El espejo,sub-073,sub-021,RRT,0.017919061377024596
El espejo,sub-073,sub-096,RRT,0.11001780470017848
El espejo,sub-073,sub-027,RRT,0.01872210675616761
El espejo,sub-073,sub-006,RRT,0.1097901745586458
El espejo,sub-073,sub-066,RRT,0.09663354850289507
El espejo,sub-073,sub-101,RRT,0.06745448780902757
El espejo,sub-073,sub-042,RRT,0.08499302825300134
El espejo,sub-073,sub-003,RRT,0.08033089622130836
El espejo,sub-073,sub-107,RRT,0.10790979046652086
El espejo,sub-073,sub-098,RRT,0.08193832710709087
El espejo,sub-073,sub-086,RRT,0.055890587342818425
El espejo,sub-073,sub-013,RRT,-0.04032368023140549
El espejo,sub-073,sub-068,RRT,0.07453055542455303
El espejo,sub-001,sub-067,RRT,0.016965092023101872
El espejo,sub-001,sub-054,RRT,-0.0003750587190048403
El espejo,sub-001,sub-078,RRT,0.13701899189587524
El espejo,sub-001,sub-046,RRT,0.1580504364548578
El espejo,sub-001,sub-097,RRT,0.05004968006698606
El espejo,sub-001,sub-079,RRT,0.09221781600282035
El espejo,sub-001,sub-028,RRT,0.16179557261675714
El espejo,sub-001,sub-089,RRT,0.055478086307358884
El espejo,sub-001,sub-109,RRT,0.05880148793463885
El espejo,sub-001,sub-070,RRT,0.017609869311254755
El espejo,sub-001,sub-111,RRT,0.03482686863152461
El espejo,sub-001,sub-073,RRT,0.1939871277634227
El espejo,sub-001,sub-001,RRT,1.0
El espejo,sub-001,sub-095,RRT,0.12139793209311146
El espejo,sub-001,sub-012,RRT,0.15488851890354716
El espejo,sub-001,sub-052,RRT,0.0600817141731091
El espejo,sub-001,sub-094,RRT,0.14640177278464622
El espejo,sub-001,sub-088,RRT,0.08071098641705389
El espejo,sub-001,sub-044,RRT,0.17622477634013198
El espejo,sub-001,sub-009,RRT,0.1490008407068348
El espejo,sub-001,sub-041,RRT,0.207761884646967
El espejo,sub-001,sub-024,RRT,0.017780767777488892
El espejo,sub-001,sub-016,RRT,0.06974152711472381
El espejo,sub-001,sub-112,RRT,0.04505170566508253
El espejo,sub-001,sub-058,RRT,0.2955574304940358
El espejo,sub-001,sub-018,RRT,0.028246083837221315
El espejo,sub-001,sub-048,RRT,0.1771180528114738
El espejo,sub-001,sub-087,RRT,0.1768522238498448
El espejo,sub-001,sub-091,RRT,0.09237323227786161
El espejo,sub-001,sub-083,RRT,0.0994852455186735
El espejo,sub-001,sub-065,RRT,0.12419361170665309
El espejo,sub-001,sub-077,RRT,0.17892675442624686
El espejo,sub-001,sub-039,RRT,0.23934605499098222
El espejo,sub-001,sub-053,RRT,-0.008334180485468998
El espejo,sub-001,sub-075,RRT,0.07954656390482827
El espejo,sub-001,sub-060,RRT,0.07248235304126002
El espejo,sub-001,sub-103,RRT,0.1742451213439714
El espejo,sub-001,sub-105,RRT,0.12105830212025478
El espejo,sub-001,sub-064,RRT,0.07933448815256296
El espejo,sub-001,sub-010,RRT,0.001681736096500364
El espejo,sub-001,sub-034,RRT,0.062399759353304295
El espejo,sub-001,sub-002,RRT,0.12732924018510844
El espejo,sub-001,sub-085,RRT,0.11613195569582284
El espejo,sub-001,sub-021,RRT,0.03090726024434969
El espejo,sub-001,sub-096,RRT,0.04491536085949076
El espejo,sub-001,sub-027,RRT,0.08407890938057212
El espejo,sub-001,sub-006,RRT,0.1186333476313588
El espejo,sub-001,sub-066,RRT,0.02861945976676799
El espejo,sub-001,sub-101,RRT,0.0425080956678153
El espejo,sub-001,sub-042,RRT,0.11150536968483994
El espejo,sub-001,sub-003,RRT,0.09571237181744185
El espejo,sub-001,sub-107,RRT,0.12325366731979073
El espejo,sub-001,sub-098,RRT,0.04896875650601079
El espejo,sub-001,sub-086,RRT,-0.027355273224107957
El espejo,sub-001,sub-013,RRT,0.011965793058795084
El espejo,sub-001,sub-068,RRT,0.1468292827628692
El espejo,sub-095,sub-067,RRT,0.11463576098678525
El espejo,sub-095,sub-054,RRT,0.11504393118257236
El espejo,sub-095,sub-078,RRT,0.18698088334222884
El espejo,sub-095,sub-046,RRT,0.14574678414864858
El espejo,sub-095,sub-097,RRT,0.2378345254081578
El espejo,sub-095,sub-079,RRT,0.18359712997731842
El espejo,sub-095,sub-028,RRT,0.1810397753830867
El espejo,sub-095,sub-089,RRT,0.05178043860213734
El espejo,sub-095,sub-109,RRT,0.058234729065613736
El espejo,sub-095,sub-070,RRT,0.1310524315673834
El espejo,sub-095,sub-111,RRT,0.12665502748677346
El espejo,sub-095,sub-073,RRT,0.15010267163718627
El espejo,sub-095,sub-001,RRT,0.12139793209311145
El espejo,sub-095,sub-095,RRT,1.0
El espejo,sub-095,sub-012,RRT,0.14684077822728123
El espejo,sub-095,sub-052,RRT,0.21368234911254672
El espejo,sub-095,sub-094,RRT,0.13046937854210566
El espejo,sub-095,sub-088,RRT,0.07074476497126238
El espejo,sub-095,sub-044,RRT,0.10185225424649924
El espejo,sub-095,sub-009,RRT,0.28665747890101173
El espejo,sub-095,sub-041,RRT,0.12921680948422462
El espejo,sub-095,sub-024,RRT,0.10858252347786353
El espejo,sub-095,sub-016,RRT,0.17830789804925182
El espejo,sub-095,sub-112,RRT,0.21309282410628755
El espejo,sub-095,sub-058,RRT,0.16347636418043615
El espejo,sub-095,sub-018,RRT,0.02159812386284555
El espejo,sub-095,sub-048,RRT,0.13575612836377357
El espejo,sub-095,sub-087,RRT,0.21204540880935713
El espejo,sub-095,sub-091,RRT,0.3242532519869594
El espejo,sub-095,sub-083,RRT,0.12179714010836953
El espejo,sub-095,sub-065,RRT,0.1727386730482337
El espejo,sub-095,sub-077,RRT,0.17075126929104753
El espejo,sub-095,sub-039,RRT,0.09656595768654666
El espejo,sub-095,sub-053,RRT,0.07541521239098893
El espejo,sub-095,sub-075,RRT,0.08123829921774649
El espejo,sub-095,sub-060,RRT,0.21109444275851882
El espejo,sub-095,sub-103,RRT,0.196079335556334
El espejo,sub-095,sub-105,RRT,0.026364536538231623
El espejo,sub-095,sub-064,RRT,0.13564535150198462
El espejo,sub-095,sub-010,RRT,0.050482952690812696
El espejo,sub-095,sub-034,RRT,0.10422717751906685
El espejo,sub-095,sub-002,RRT,0.08095896860967076
El espejo,sub-095,sub-085,RRT,0.15555509427798014
El espejo,sub-095,sub-021,RRT,0.10717043954380773
El espejo,sub-095,sub-096,RRT,0.07794866887684108
El espejo,sub-095,sub-027,RRT,0.06182773596988626
El espejo,sub-095,sub-006,RRT,0.10427449055128007
El espejo,sub-095,sub-066,RRT,0.007712652288350684
El espejo,sub-095,sub-101,RRT,0.21350758401414838
El espejo,sub-095,sub-042,RRT,0.24638499353494833
El espejo,sub-095,sub-003,RRT,0.15198936922769204
El espejo,sub-095,sub-107,RRT,0.055309251735885724
El espejo,sub-095,sub-098,RRT,0.014696247707512928
El espejo,sub-095,sub-086,RRT,-0.09024000306227743
El espejo,sub-095,sub-013,RRT,0.225280081768681
El espejo,sub-095,sub-068,RRT,0.06900463350104946
El espejo,sub-012,sub-067,RRT,-0.006987648586644983
El espejo,sub-012,sub-054,RRT,-0.014772201474190077
El espejo,sub-012,sub-078,RRT,0.05684166159814829
El espejo,sub-012,sub-046,RRT,0.0941608497927462
El espejo,sub-012,sub-097,RRT,0.06124591487788797
El espejo,sub-012,sub-079,RRT,-0.019113908667120694
El espejo,sub-012,sub-028,RRT,0.07794874820299078
El espejo,sub-012,sub-089,RRT,-0.02049982831861662
El espejo,sub-012,sub-109,RRT,0.022367702348864427
El espejo,sub-012,sub-070,RRT,0.055176548693192766
El espejo,sub-012,sub-111,RRT,-0.005407853046660331
El espejo,sub-012,sub-073,RRT,0.045991852623631195
El espejo,sub-012,sub-001,RRT,0.15488851890354716
El espejo,sub-012,sub-095,RRT,0.14684077822728123
El espejo,sub-012,sub-012,RRT,1.0
El espejo,sub-012,sub-052,RRT,-0.0124791810179929
El espejo,sub-012,sub-094,RRT,0.06918735164727761
El espejo,sub-012,sub-088,RRT,-0.05153673606228173
El espejo,sub-012,sub-044,RRT,0.08905912485810522
El espejo,sub-012,sub-009,RRT,-0.01214985138092564
El espejo,sub-012,sub-041,RRT,0.06542556297210664
El espejo,sub-012,sub-024,RRT,0.011693227289145538
El espejo,sub-012,sub-016,RRT,0.014572203265445033
El espejo,sub-012,sub-112,RRT,0.027249457701151582
El espejo,sub-012,sub-058,RRT,0.1316040256377831
El espejo,sub-012,sub-018,RRT,0.09834856695460521
El espejo,sub-012,sub-048,RRT,0.13290036415675113
El espejo,sub-012,sub-087,RRT,0.21759615591875497
El espejo,sub-012,sub-091,RRT,0.047297702056615355
El espejo,sub-012,sub-083,RRT,0.09908244901795438
El espejo,sub-012,sub-065,RRT,0.029629839231538908
El espejo,sub-012,sub-077,RRT,0.07660657510691339
El espejo,sub-012,sub-039,RRT,0.16277125626298614
El espejo,sub-012,sub-053,RRT,0.05104418930124255
El espejo,sub-012,sub-075,RRT,-0.03253023423389859
El espejo,sub-012,sub-060,RRT,0.058331010790652386
El espejo,sub-012,sub-103,RRT,0.04463939706078516
El espejo,sub-012,sub-105,RRT,0.0029372465999997024
El espejo,sub-012,sub-064,RRT,0.06675204613442222
El espejo,sub-012,sub-010,RRT,-0.07556247935072632
El espejo,sub-012,sub-034,RRT,0.049771683370118884
El espejo,sub-012,sub-002,RRT,0.05996646443730297
El espejo,sub-012,sub-085,RRT,-0.014160878825059635
El espejo,sub-012,sub-021,RRT,0.0738978880182861
El espejo,sub-012,sub-096,RRT,0.07286995613289819
El espejo,sub-012,sub-027,RRT,0.07702696778185102
El espejo,sub-012,sub-006,RRT,0.12386444900862417
El espejo,sub-012,sub-066,RRT,0.0065484267927048605
El espejo,sub-012,sub-101,RRT,0.035862076593552006
El espejo,sub-012,sub-042,RRT,0.05781590328514505
El espejo,sub-012,sub-003,RRT,0.03216792681468381
El espejo,sub-012,sub-107,RRT,0.08055177025703758
El espejo,sub-012,sub-098,RRT,-0.03837461429603815
El espejo,sub-012,sub-086,RRT,0.02573494180507908
El espejo,sub-012,sub-013,RRT,0.012813232242680274
El espejo,sub-012,sub-068,RRT,-0.02530850616080213
El espejo,sub-052,sub-067,RRT,0.06610171062885636
El espejo,sub-052,sub-054,RRT,0.03742424084100326
El espejo,sub-052,sub-078,RRT,0.15447551643461804
El espejo,sub-052,sub-046,RRT,0.07264992075517025
El espejo,sub-052,sub-097,RRT,0.12856986979012727
El espejo,sub-052,sub-079,RRT,0.1575828462442593
El espejo,sub-052,sub-028,RRT,0.07841187359559862
El espejo,sub-052,sub-089,RRT,0.06044663611892409
El espejo,sub-052,sub-109,RRT,0.014707051380391242
El espejo,sub-052,sub-070,RRT,0.03748521185842226
El espejo,sub-052,sub-111,RRT,0.030017169957780195
El espejo,sub-052,sub-073,RRT,0.10332024128196898
El espejo,sub-052,sub-001,RRT,0.0600817141731091
El espejo,sub-052,sub-095,RRT,0.21368234911254672
El espejo,sub-052,sub-012,RRT,-0.0124791810179929
El espejo,sub-052,sub-052,RRT,0.9999999999999998
El espejo,sub-052,sub-094,RRT,0.1067030041042512
El espejo,sub-052,sub-088,RRT,0.09705161205419105
El espejo,sub-052,sub-044,RRT,-0.007298116046526496
El espejo,sub-052,sub-009,RRT,0.17569763623015341
El espejo,sub-052,sub-041,RRT,0.19475763479912783
El espejo,sub-052,sub-024,RRT,0.06430905945893652
El espejo,sub-052,sub-016,RRT,0.13758715054856108
El espejo,sub-052,sub-112,RRT,0.16747267654403172
El espejo,sub-052,sub-058,RRT,0.13748453262586227
El espejo,sub-052,sub-018,RRT,0.006677898732272476
El espejo,sub-052,sub-048,RRT,0.1222579704842188
El espejo,sub-052,sub-087,RRT,-0.028645551114161342
El espejo,sub-052,sub-091,RRT,0.20673544728569654
El espejo,sub-052,sub-083,RRT,0.043850073086139245
El espejo,sub-052,sub-065,RRT,0.08631726038168021
El espejo,sub-052,sub-077,RRT,0.1851872650812423
El espejo,sub-052,sub-039,RRT,0.021571267520870883
El espejo,sub-052,sub-053,RRT,0.10305638667170594
El espejo,sub-052,sub-075,RRT,0.18533083421035249
El espejo,sub-052,sub-060,RRT,0.07349836260934965
El espejo,sub-052,sub-103,RRT,0.08505479472171985
El espejo,sub-052,sub-105,RRT,0.19377539253147238
El espejo,sub-052,sub-064,RRT,0.19404042314303668
El espejo,sub-052,sub-010,RRT,0.001539108271746356
El espejo,sub-052,sub-034,RRT,0.0053578223841875185
El espejo,sub-052,sub-002,RRT,0.08165684818813593
El espejo,sub-052,sub-085,RRT,0.077558329145339
El espejo,sub-052,sub-021,RRT,-0.0083814483960348
El espejo,sub-052,sub-096,RRT,0.1521240071746137
El espejo,sub-052,sub-027,RRT,-0.023359044771961705
El espejo,sub-052,sub-006,RRT,0.05411957738134492
El espejo,sub-052,sub-066,RRT,-0.0035399202751432404
El espejo,sub-052,sub-101,RRT,0.07095864606677647
El espejo,sub-052,sub-042,RRT,0.19052549027477142
El espejo,sub-052,sub-003,RRT,0.038500504676516355
El espejo,sub-052,sub-107,RRT,0.01275371695271864
El espejo,sub-052,sub-098,RRT,0.14812470623098528
El espejo,sub-052,sub-086,RRT,-0.031066591521205222
El espejo,sub-052,sub-013,RRT,0.06826206863098193
El espejo,sub-052,sub-068,RRT,0.06160234907650588
El espejo,sub-094,sub-067,RRT,0.004770622394889603
El espejo,sub-094,sub-054,RRT,0.06840875924742464
El espejo,sub-094,sub-078,RRT,0.1326061031432832
El espejo,sub-094,sub-046,RRT,0.044006522345469104
El espejo,sub-094,sub-097,RRT,0.1349614017099624
El espejo,sub-094,sub-079,RRT,0.04891347271842796
El espejo,sub-094,sub-028,RRT,0.13464576093452554
El espejo,sub-094,sub-089,RRT,0.04947868846258958
El espejo,sub-094,sub-109,RRT,0.11746832536948229
El espejo,sub-094,sub-070,RRT,0.04385399522095827
El espejo,sub-094,sub-111,RRT,0.07531974388591178
El espejo,sub-094,sub-073,RRT,0.017152659431108906
El espejo,sub-094,sub-001,RRT,0.14640177278464625
El espejo,sub-094,sub-095,RRT,0.13046937854210566
El espejo,sub-094,sub-012,RRT,0.06918735164727761
El espejo,sub-094,sub-052,RRT,0.10670300410425118
El espejo,sub-094,sub-094,RRT,1.0
El espejo,sub-094,sub-088,RRT,0.0893280444531658
El espejo,sub-094,sub-044,RRT,-0.015313212687721674
El espejo,sub-094,sub-009,RRT,0.05631691187095754
El espejo,sub-094,sub-041,RRT,0.10177209983871786
El espejo,sub-094,sub-024,RRT,0.020567682322522922
El espejo,sub-094,sub-016,RRT,0.06126108538224995
El espejo,sub-094,sub-112,RRT,-0.023107331240484693
El espejo,sub-094,sub-058,RRT,0.06738915663742816
El espejo,sub-094,sub-018,RRT,0.13124098816298382
El espejo,sub-094,sub-048,RRT,0.22897860994333002
El espejo,sub-094,sub-087,RRT,0.0732903943806007
El espejo,sub-094,sub-091,RRT,0.07310954842201609
El espejo,sub-094,sub-083,RRT,0.036029533267306846
El espejo,sub-094,sub-065,RRT,0.06898982810400366
El espejo,sub-094,sub-077,RRT,0.015020022265286278
El espejo,sub-094,sub-039,RRT,0.07588195710028157
El espejo,sub-094,sub-053,RRT,0.08549727364193628
El espejo,sub-094,sub-075,RRT,0.11627819470983189
El espejo,sub-094,sub-060,RRT,0.06538762612542216
El espejo,sub-094,sub-103,RRT,0.13854636310848414
El espejo,sub-094,sub-105,RRT,0.06836463389378493
El espejo,sub-094,sub-064,RRT,0.10919664420704475
El espejo,sub-094,sub-010,RRT,-0.02478491601988068
El espejo,sub-094,sub-034,RRT,0.08201806195091552
El espejo,sub-094,sub-002,RRT,0.16703025815712
El espejo,sub-094,sub-085,RRT,0.06735884753683723
El espejo,sub-094,sub-021,RRT,0.028940670811116193
El espejo,sub-094,sub-096,RRT,0.10684861955413161
El espejo,sub-094,sub-027,RRT,0.10210515488594987
El espejo,sub-094,sub-006,RRT,-0.006301151658353659
El espejo,sub-094,sub-066,RRT,0.04676014225533989
El espejo,sub-094,sub-101,RRT,0.16414702311584714
El espejo,sub-094,sub-042,RRT,0.14094029875069375
El espejo,sub-094,sub-003,RRT,0.07518961674710616
El espejo,sub-094,sub-107,RRT,0.09161751402720034
El espejo,sub-094,sub-098,RRT,-0.010954871884193609
El espejo,sub-094,sub-086,RRT,-0.039783267224438805
El espejo,sub-094,sub-013,RRT,0.04225539537936256
El espejo,sub-094,sub-068,RRT,0.11822749381407664
El espejo,sub-088,sub-067,RRT,-0.08222186792626564
El espejo,sub-088,sub-054,RRT,0.032934022830253554
El espejo,sub-088,sub-078,RRT,0.046044074215595227
El espejo,sub-088,sub-046,RRT,0.1438441653909214
El espejo,sub-088,sub-097,RRT,0.049776502378500107
El espejo,sub-088,sub-079,RRT,0.11245834551938988
El espejo,sub-088,sub-028,RRT,0.08243017596220352
El espejo,sub-088,sub-089,RRT,0.015455965137485064
El espejo,sub-088,sub-109,RRT,-0.04365782422115982
El espejo,sub-088,sub-070,RRT,0.08758144793343059
El espejo,sub-088,sub-111,RRT,0.02361790861022776
El espejo,sub-088,sub-073,RRT,0.09369841108692756
El espejo,sub-088,sub-001,RRT,0.08071098641705389
El espejo,sub-088,sub-095,RRT,0.07074476497126238
El espejo,sub-088,sub-012,RRT,-0.05153673606228173
El espejo,sub-088,sub-052,RRT,0.09705161205419105
El espejo,sub-088,sub-094,RRT,0.0893280444531658
El espejo,sub-088,sub-088,RRT,1.0
El espejo,sub-088,sub-044,RRT,0.10902253935906851
El espejo,sub-088,sub-009,RRT,0.08203385038617812
El espejo,sub-088,sub-041,RRT,0.047188770241358
El espejo,sub-088,sub-024,RRT,0.026632023826777342
El espejo,sub-088,sub-016,RRT,0.13053944822440847
El espejo,sub-088,sub-112,RRT,0.05333971945792809
El espejo,sub-088,sub-058,RRT,0.03910736481341361
El espejo,sub-088,sub-018,RRT,0.011022446469970562
El espejo,sub-088,sub-048,RRT,0.06893673576472051
El espejo,sub-088,sub-087,RRT,0.07675232984802696
El espejo,sub-088,sub-091,RRT,0.17666775247406521
El espejo,sub-088,sub-083,RRT,0.06798026438926608
El espejo,sub-088,sub-065,RRT,-0.00928813377517259
El espejo,sub-088,sub-077,RRT,0.031666297776594084
El espejo,sub-088,sub-039,RRT,0.0060472301452729835
El espejo,sub-088,sub-053,RRT,0.016354576079650785
El espejo,sub-088,sub-075,RRT,-0.006627348341607241
El espejo,sub-088,sub-060,RRT,0.17721198331880078
El espejo,sub-088,sub-103,RRT,0.0491941531547695
El espejo,sub-088,sub-105,RRT,0.11096289006723883
El espejo,sub-088,sub-064,RRT,0.10528012106107183
El espejo,sub-088,sub-010,RRT,0.015204619348492108
El espejo,sub-088,sub-034,RRT,0.06164481977791906
El espejo,sub-088,sub-002,RRT,0.07038845328324407
El espejo,sub-088,sub-085,RRT,-0.00761301179837869
El espejo,sub-088,sub-021,RRT,0.09352398631035362
El espejo,sub-088,sub-096,RRT,0.04482168382159768
El espejo,sub-088,sub-027,RRT,0.0549519384300598
El espejo,sub-088,sub-006,RRT,0.044055307930456235
El espejo,sub-088,sub-066,RRT,-0.10996458066679946
El espejo,sub-088,sub-101,RRT,0.04412248389776708
El espejo,sub-088,sub-042,RRT,0.04433555085402588
El espejo,sub-088,sub-003,RRT,0.028367301827327093
El espejo,sub-088,sub-107,RRT,-0.014788042523440969
El espejo,sub-088,sub-098,RRT,0.11947748564856543
El espejo,sub-088,sub-086,RRT,-0.0829294228495461
El espejo,sub-088,sub-013,RRT,0.08973488550180109
El espejo,sub-088,sub-068,RRT,-0.060500650179436705
El espejo,sub-044,sub-067,RRT,-0.02174630171415475
El espejo,sub-044,sub-054,RRT,0.05804071293073163
El espejo,sub-044,sub-078,RRT,0.11006211953847378
El espejo,sub-044,sub-046,RRT,0.13232351114281865
El espejo,sub-044,sub-097,RRT,0.019485304610441016
El espejo,sub-044,sub-079,RRT,0.19080613833523735
El espejo,sub-044,sub-028,RRT,0.027478004052908886
El espejo,sub-044,sub-089,RRT,-0.0022689208468604357
El espejo,sub-044,sub-109,RRT,0.023186482802286624
El espejo,sub-044,sub-070,RRT,-0.003886951445248204
El espejo,sub-044,sub-111,RRT,-0.0400073962659068
El espejo,sub-044,sub-073,RRT,0.06926004487032543
El espejo,sub-044,sub-001,RRT,0.176224776340132
El espejo,sub-044,sub-095,RRT,0.10185225424649924
El espejo,sub-044,sub-012,RRT,0.0890591248581052
El espejo,sub-044,sub-052,RRT,-0.007298116046526495
El espejo,sub-044,sub-094,RRT,-0.015313212687721673
El espejo,sub-044,sub-088,RRT,0.10902253935906853
El espejo,sub-044,sub-044,RRT,0.9999999999999998
El espejo,sub-044,sub-009,RRT,0.12093700991081859
El espejo,sub-044,sub-041,RRT,0.10986731980617366
El espejo,sub-044,sub-024,RRT,0.05979436295701748
El espejo,sub-044,sub-016,RRT,0.114427764880016
El espejo,sub-044,sub-112,RRT,0.014569629636285164
El espejo,sub-044,sub-058,RRT,0.13497337899428075
El espejo,sub-044,sub-018,RRT,-0.05348424805801588
El espejo,sub-044,sub-048,RRT,-0.019191292778242462
El espejo,sub-044,sub-087,RRT,0.07274476072329193
El espejo,sub-044,sub-091,RRT,0.0985673012345129
El espejo,sub-044,sub-083,RRT,0.0966157360106101
El espejo,sub-044,sub-065,RRT,0.14047769276448469
El espejo,sub-044,sub-077,RRT,0.05197101962477692
El espejo,sub-044,sub-039,RRT,0.016475228121024546
El espejo,sub-044,sub-053,RRT,-0.002464499175071566
El espejo,sub-044,sub-075,RRT,0.013333803373407827
El espejo,sub-044,sub-060,RRT,0.09421436811712185
El espejo,sub-044,sub-103,RRT,0.004674920078222192
El espejo,sub-044,sub-105,RRT,0.036880205704101554
El espejo,sub-044,sub-064,RRT,0.044096220822038915
El espejo,sub-044,sub-010,RRT,0.0272002847062729
El espejo,sub-044,sub-034,RRT,0.09599973199777523
El espejo,sub-044,sub-002,RRT,-0.032625219671260454
El espejo,sub-044,sub-085,RRT,0.11294509679843034
El espejo,sub-044,sub-021,RRT,0.025904797754671312
El espejo,sub-044,sub-096,RRT,0.05175940304167468
El espejo,sub-044,sub-027,RRT,0.040842089114241614
El espejo,sub-044,sub-006,RRT,0.14314689550536738
El espejo,sub-044,sub-066,RRT,0.05712800825063541
El espejo,sub-044,sub-101,RRT,0.0266643266035171
El espejo,sub-044,sub-042,RRT,0.09003594097317998
El espejo,sub-044,sub-003,RRT,0.0021458548350489406
El espejo,sub-044,sub-107,RRT,0.008319009824489104
El espejo,sub-044,sub-098,RRT,0.04433698776618782
El espejo,sub-044,sub-086,RRT,0.030937183462237533
El espejo,sub-044,sub-013,RRT,-0.014538934081250924
El espejo,sub-044,sub-068,RRT,0.03943563390135684
El espejo,sub-009,sub-067,RRT,0.068979679989755
El espejo,sub-009,sub-054,RRT,0.05692269209317185
El espejo,sub-009,sub-078,RRT,0.2576083661266023
El espejo,sub-009,sub-046,RRT,0.15029125783130454
El espejo,sub-009,sub-097,RRT,0.08783694822023158
El espejo,sub-009,sub-079,RRT,0.18704399122746265
El espejo,sub-009,sub-028,RRT,0.044262149778654884
El espejo,sub-009,sub-089,RRT,0.12984369674917703
El espejo,sub-009,sub-109,RRT,0.025167939511655246
El espejo,sub-009,sub-070,RRT,0.08713164152798954
El espejo,sub-009,sub-111,RRT,0.050882028618757055
El espejo,sub-009,sub-073,RRT,0.1518252779075177
El espejo,sub-009,sub-001,RRT,0.1490008407068348
El espejo,sub-009,sub-095,RRT,0.28665747890101173
El espejo,sub-009,sub-012,RRT,-0.01214985138092564
El espejo,sub-009,sub-052,RRT,0.17569763623015344
El espejo,sub-009,sub-094,RRT,0.05631691187095753
El espejo,sub-009,sub-088,RRT,0.08203385038617812
El espejo,sub-009,sub-044,RRT,0.1209370099108186
El espejo,sub-009,sub-009,RRT,1.0
El espejo,sub-009,sub-041,RRT,0.03825583374125566
El espejo,sub-009,sub-024,RRT,0.025390656388497204
El espejo,sub-009,sub-016,RRT,0.20469996779540067
El espejo,sub-009,sub-112,RRT,0.12922517436325318
El espejo,sub-009,sub-058,RRT,0.10308964960034057
El espejo,sub-009,sub-018,RRT,-0.06186960148502837
El espejo,sub-009,sub-048,RRT,0.09206190357200206
El espejo,sub-009,sub-087,RRT,0.11865889739881912
El espejo,sub-009,sub-091,RRT,0.3074880899253379
El espejo,sub-009,sub-083,RRT,0.11709914629060947
El espejo,sub-009,sub-065,RRT,-0.022520219033736546
El espejo,sub-009,sub-077,RRT,0.0956821119483598
El espejo,sub-009,sub-039,RRT,0.11748860688053223
El espejo,sub-009,sub-053,RRT,0.015405266300154343
El espejo,sub-009,sub-075,RRT,0.07082703221683335
El espejo,sub-009,sub-060,RRT,0.07471443185249191
El espejo,sub-009,sub-103,RRT,0.08713151715387173
El espejo,sub-009,sub-105,RRT,0.1421736710780796
El espejo,sub-009,sub-064,RRT,0.08995759294270977
El espejo,sub-009,sub-010,RRT,0.040402287275604916
El espejo,sub-009,sub-034,RRT,-0.029474690927900414
El espejo,sub-009,sub-002,RRT,0.035093904835288355
El espejo,sub-009,sub-085,RRT,0.2113529407322388
El espejo,sub-009,sub-021,RRT,-0.019112115247823535
El espejo,sub-009,sub-096,RRT,0.06544279125673015
El espejo,sub-009,sub-027,RRT,0.027021260892717495
El espejo,sub-009,sub-006,RRT,0.20895495130897007
El espejo,sub-009,sub-066,RRT,0.04095431038216466
El espejo,sub-009,sub-101,RRT,0.030131939277692497
El espejo,sub-009,sub-042,RRT,0.1687444476181621
El espejo,sub-009,sub-003,RRT,0.014464217148901318
El espejo,sub-009,sub-107,RRT,0.06085891030093492
El espejo,sub-009,sub-098,RRT,0.13404522785429063
El espejo,sub-009,sub-086,RRT,-0.0487384804277803
El espejo,sub-009,sub-013,RRT,0.07289730627878545
El espejo,sub-009,sub-068,RRT,0.10875327137348269
El espejo,sub-041,sub-067,RRT,0.0793379337610509
El espejo,sub-041,sub-054,RRT,0.023225448358903188
El espejo,sub-041,sub-078,RRT,0.1355530027639031
El espejo,sub-041,sub-046,RRT,0.1406817116685556
El espejo,sub-041,sub-097,RRT,0.09571490155284536
El espejo,sub-041,sub-079,RRT,0.1129984174155875
El espejo,sub-041,sub-028,RRT,0.08986493392516029
El espejo,sub-041,sub-089,RRT,0.08560861448581018
El espejo,sub-041,sub-109,RRT,0.05725448549253673
El espejo,sub-041,sub-070,RRT,7.285051860549132e-05
El espejo,sub-041,sub-111,RRT,0.06840951168212879
El espejo,sub-041,sub-073,RRT,0.11806773743069042
El espejo,sub-041,sub-001,RRT,0.207761884646967
El espejo,sub-041,sub-095,RRT,0.12921680948422462
El espejo,sub-041,sub-012,RRT,0.06542556297210664
El espejo,sub-041,sub-052,RRT,0.19475763479912783
El espejo,sub-041,sub-094,RRT,0.10177209983871785
El espejo,sub-041,sub-088,RRT,0.047188770241358
El espejo,sub-041,sub-044,RRT,0.10986731980617365
El espejo,sub-041,sub-009,RRT,0.038255833741255664
El espejo,sub-041,sub-041,RRT,1.0
El espejo,sub-041,sub-024,RRT,0.055799121370715396
El espejo,sub-041,sub-016,RRT,0.03991024922000155
El espejo,sub-041,sub-112,RRT,0.10331610869043897
El espejo,sub-041,sub-058,RRT,0.24356598956683656
El espejo,sub-041,sub-018,RRT,0.009599573844694065
El espejo,sub-041,sub-048,RRT,0.13794667111113804
El espejo,sub-041,sub-087,RRT,0.04868661569997738
El espejo,sub-041,sub-091,RRT,0.07872489669771547
El espejo,sub-041,sub-083,RRT,0.1719741497871198
El espejo,sub-041,sub-065,RRT,0.08773177666919876
El espejo,sub-041,sub-077,RRT,0.10615711565384457
El espejo,sub-041,sub-039,RRT,0.11352838302779901
El espejo,sub-041,sub-053,RRT,0.07364908258447019
El espejo,sub-041,sub-075,RRT,0.13724801977387976
El espejo,sub-041,sub-060,RRT,0.05380299551625214
El espejo,sub-041,sub-103,RRT,0.18276690965996104
El espejo,sub-041,sub-105,RRT,0.03373277765379348
El espejo,sub-041,sub-064,RRT,0.044946550194918264
El espejo,sub-041,sub-010,RRT,-0.0012664863490260013
El espejo,sub-041,sub-034,RRT,0.20274464912084694
El espejo,sub-041,sub-002,RRT,0.038078191513006475
El espejo,sub-041,sub-085,RRT,0.10637870767464452
El espejo,sub-041,sub-021,RRT,0.10893490551011425
El espejo,sub-041,sub-096,RRT,0.107921409604216
El espejo,sub-041,sub-027,RRT,0.1233719707583295
El espejo,sub-041,sub-006,RRT,0.09028919964749543
El espejo,sub-041,sub-066,RRT,0.0783622297185219
El espejo,sub-041,sub-101,RRT,0.059816582011219845
El espejo,sub-041,sub-042,RRT,0.11786158428977611
El espejo,sub-041,sub-003,RRT,0.0017011252168692734
El espejo,sub-041,sub-107,RRT,0.13640159589064557
El espejo,sub-041,sub-098,RRT,0.153733364790085
El espejo,sub-041,sub-086,RRT,0.021186828403951103
El espejo,sub-041,sub-013,RRT,-0.02033525821148485
El espejo,sub-041,sub-068,RRT,0.14069531911534658
El espejo,sub-024,sub-067,RRT,-0.009396160873057662
El espejo,sub-024,sub-054,RRT,0.1490986548790957
El espejo,sub-024,sub-078,RRT,0.011943340903334486
El espejo,sub-024,sub-046,RRT,-0.0708178124534553
El espejo,sub-024,sub-097,RRT,0.283588161828787
El espejo,sub-024,sub-079,RRT,0.05583903180722593
El espejo,sub-024,sub-028,RRT,0.12938028155683515
El espejo,sub-024,sub-089,RRT,-0.017423468385209303
El espejo,sub-024,sub-109,RRT,-0.03639127281256009
El espejo,sub-024,sub-070,RRT,0.2516104757162167
El espejo,sub-024,sub-111,RRT,-0.02806412853868112
El espejo,sub-024,sub-073,RRT,0.026915936457585728
El espejo,sub-024,sub-001,RRT,0.017780767777488892
El espejo,sub-024,sub-095,RRT,0.10858252347786353
El espejo,sub-024,sub-012,RRT,0.011693227289145538
El espejo,sub-024,sub-052,RRT,0.0643090594589365
El espejo,sub-024,sub-094,RRT,0.020567682322522922
El espejo,sub-024,sub-088,RRT,0.02663202382677734
El espejo,sub-024,sub-044,RRT,0.059794362957017476
El espejo,sub-024,sub-009,RRT,0.025390656388497204
El espejo,sub-024,sub-041,RRT,0.055799121370715396
El espejo,sub-024,sub-024,RRT,1.0
El espejo,sub-024,sub-016,RRT,0.0339105233374589
El espejo,sub-024,sub-112,RRT,-0.028158427052765774
El espejo,sub-024,sub-058,RRT,0.08790316174361419
El espejo,sub-024,sub-018,RRT,-0.05460719043213764
El espejo,sub-024,sub-048,RRT,0.10162105355049333
El espejo,sub-024,sub-087,RRT,0.10981910021401195
El espejo,sub-024,sub-091,RRT,0.08323822242833222
El espejo,sub-024,sub-083,RRT,0.11271958290133477
El espejo,sub-024,sub-065,RRT,0.018699595541812674
El espejo,sub-024,sub-077,RRT,0.12735493470111456
El espejo,sub-024,sub-039,RRT,-0.017016729644098526
El espejo,sub-024,sub-053,RRT,0.04839075053744499
El espejo,sub-024,sub-075,RRT,0.19690949833146085
El espejo,sub-024,sub-060,RRT,0.0004793181101197916
El espejo,sub-024,sub-103,RRT,0.015767119840502275
El espejo,sub-024,sub-105,RRT,0.026125140927537205
El espejo,sub-024,sub-064,RRT,0.21045037638344408
El espejo,sub-024,sub-010,RRT,0.03989885635124265
El espejo,sub-024,sub-034,RRT,0.19221086408083737
El espejo,sub-024,sub-002,RRT,-0.008949107131382628
El espejo,sub-024,sub-085,RRT,0.07218367596489533
El espejo,sub-024,sub-021,RRT,-0.028943066134138624
El espejo,sub-024,sub-096,RRT,0.0017505559078076383
El espejo,sub-024,sub-027,RRT,-0.055911519348259
El espejo,sub-024,sub-006,RRT,0.07819883786443897
El espejo,sub-024,sub-066,RRT,0.010369289558577938
El espejo,sub-024,sub-101,RRT,0.06902360908316765
El espejo,sub-024,sub-042,RRT,0.03296751453515359
El espejo,sub-024,sub-003,RRT,0.042783911062775036
El espejo,sub-024,sub-107,RRT,0.08924712926550597
El espejo,sub-024,sub-098,RRT,0.009393554481630116
El espejo,sub-024,sub-086,RRT,0.1604153206019801
El espejo,sub-024,sub-013,RRT,0.050091797261838274
El espejo,sub-024,sub-068,RRT,0.06173266012868205
El espejo,sub-016,sub-067,RRT,0.03028528341706726
El espejo,sub-016,sub-054,RRT,0.0002037779207080161
El espejo,sub-016,sub-078,RRT,0.14361616105263977
El espejo,sub-016,sub-046,RRT,0.10553509838910251
El espejo,sub-016,sub-097,RRT,0.13656741632710037
El espejo,sub-016,sub-079,RRT,0.20893880819068253
El espejo,sub-016,sub-028,RRT,-0.033539097797045815
El espejo,sub-016,sub-089,RRT,0.06370715262487935
El espejo,sub-016,sub-109,RRT,-0.06521791528033623
El espejo,sub-016,sub-070,RRT,0.11286988795392991
El espejo,sub-016,sub-111,RRT,0.04555973886798168
El espejo,sub-016,sub-073,RRT,0.0864229927867392
El espejo,sub-016,sub-001,RRT,0.06974152711472381
El espejo,sub-016,sub-095,RRT,0.1783078980492518
El espejo,sub-016,sub-012,RRT,0.014572203265445031
El espejo,sub-016,sub-052,RRT,0.1375871505485611
El espejo,sub-016,sub-094,RRT,0.06126108538224994
El espejo,sub-016,sub-088,RRT,0.1305394482244085
El espejo,sub-016,sub-044,RRT,0.11442776488001602
El espejo,sub-016,sub-009,RRT,0.20469996779540064
El espejo,sub-016,sub-041,RRT,0.03991024922000155
El espejo,sub-016,sub-024,RRT,0.0339105233374589
El espejo,sub-016,sub-016,RRT,1.0
El espejo,sub-016,sub-112,RRT,0.05140851491911578
El espejo,sub-016,sub-058,RRT,0.10916080113627274
El espejo,sub-016,sub-018,RRT,-0.094034768775498
El espejo,sub-016,sub-048,RRT,0.07371235371165988
El espejo,sub-016,sub-087,RRT,0.1111096428333284
El espejo,sub-016,sub-091,RRT,0.3331346257020793
El espejo,sub-016,sub-083,RRT,-0.007815053908916417
El espejo,sub-016,sub-065,RRT,0.10440182426335509
El espejo,sub-016,sub-077,RRT,0.09076348724196126
El espejo,sub-016,sub-039,RRT,-1.9942378510685702e-05
El espejo,sub-016,sub-053,RRT,0.1351689949154062
El espejo,sub-016,sub-075,RRT,-0.02497920146044901
El espejo,sub-016,sub-060,RRT,-0.004557863420810244
El espejo,sub-016,sub-103,RRT,0.07413493205121023
El espejo,sub-016,sub-105,RRT,0.08624690285415193
El espejo,sub-016,sub-064,RRT,0.01629717299453705
El espejo,sub-016,sub-010,RRT,0.008120328048760558
El espejo,sub-016,sub-034,RRT,-0.03635095674175767
El espejo,sub-016,sub-002,RRT,0.007000517727688812
El espejo,sub-016,sub-085,RRT,0.06042245890094204
El espejo,sub-016,sub-021,RRT,-0.022151581229753806
El espejo,sub-016,sub-096,RRT,0.046863475661227984
El espejo,sub-016,sub-027,RRT,-0.10516646728534824
El espejo,sub-016,sub-006,RRT,0.059510440642068146
El espejo,sub-016,sub-066,RRT,0.18807873621379093
El espejo,sub-016,sub-101,RRT,0.06402059026013418
El espejo,sub-016,sub-042,RRT,0.113156167010525
El espejo,sub-016,sub-003,RRT,0.053423506968193236
El espejo,sub-016,sub-107,RRT,0.08058627035985659
El espejo,sub-016,sub-098,RRT,0.04949017983994676
El espejo,sub-016,sub-086,RRT,-0.014976345618138565
El espejo,sub-016,sub-013,RRT,0.06952275991569855
El espejo,sub-016,sub-068,RRT,0.059701383036461865
El espejo,sub-112,sub-067,RRT,0.01750056340032022
El espejo,sub-112,sub-054,RRT,-0.051607585863308374
El espejo,sub-112,sub-078,RRT,0.14285373074548616
El espejo,sub-112,sub-046,RRT,0.021820007727077432
El espejo,sub-112,sub-097,RRT,0.10812636356386747
El espejo,sub-112,sub-079,RRT,-0.020040681735610376
El espejo,sub-112,sub-028,RRT,0.13540260076999686
El espejo,sub-112,sub-089,RRT,0.06041837229787652
El espejo,sub-112,sub-109,RRT,0.1165776007712276
El espejo,sub-112,sub-070,RRT,0.049258736437837077
El espejo,sub-112,sub-111,RRT,0.0466188011582689
El espejo,sub-112,sub-073,RRT,0.005623416694688819
El espejo,sub-112,sub-001,RRT,0.04505170566508253
El espejo,sub-112,sub-095,RRT,0.21309282410628758
El espejo,sub-112,sub-012,RRT,0.027249457701151582
El espejo,sub-112,sub-052,RRT,0.16747267654403172
El espejo,sub-112,sub-094,RRT,-0.023107331240484693
El espejo,sub-112,sub-088,RRT,0.05333971945792809
El espejo,sub-112,sub-044,RRT,0.014569629636285164
El espejo,sub-112,sub-009,RRT,0.12922517436325318
El espejo,sub-112,sub-041,RRT,0.10331610869043896
El espejo,sub-112,sub-024,RRT,-0.028158427052765774
El espejo,sub-112,sub-016,RRT,0.051408514919115786
El espejo,sub-112,sub-112,RRT,1.0
El espejo,sub-112,sub-058,RRT,0.06695477284926583
El espejo,sub-112,sub-018,RRT,0.06620888816345469
El espejo,sub-112,sub-048,RRT,0.03513659195671537
El espejo,sub-112,sub-087,RRT,0.20639195951410805
El espejo,sub-112,sub-091,RRT,0.05383669887194866
El espejo,sub-112,sub-083,RRT,0.11465142914714364
El espejo,sub-112,sub-065,RRT,0.0645008876502727
El espejo,sub-112,sub-077,RRT,0.08961454949055504
El espejo,sub-112,sub-039,RRT,-0.019971788075378184
El espejo,sub-112,sub-053,RRT,-0.016045123418178854
El espejo,sub-112,sub-075,RRT,0.05579277637240757
El espejo,sub-112,sub-060,RRT,0.1971696639344767
El espejo,sub-112,sub-103,RRT,0.05162927260993599
El espejo,sub-112,sub-105,RRT,0.0004243892082586071
El espejo,sub-112,sub-064,RRT,0.030905066295130054
El espejo,sub-112,sub-010,RRT,0.037884883871407316
El espejo,sub-112,sub-034,RRT,0.026269775709065402
El espejo,sub-112,sub-002,RRT,0.1077673515299426
El espejo,sub-112,sub-085,RRT,0.06439804846648638
El espejo,sub-112,sub-021,RRT,0.10886455021651045
El espejo,sub-112,sub-096,RRT,0.0017514577966494696
El espejo,sub-112,sub-027,RRT,0.09791796653669478
El espejo,sub-112,sub-006,RRT,0.11265550558247603
El espejo,sub-112,sub-066,RRT,-0.03104855084327991
El espejo,sub-112,sub-101,RRT,0.03368859126198151
El espejo,sub-112,sub-042,RRT,0.22702889596391262
El espejo,sub-112,sub-003,RRT,0.09528710568273346
El espejo,sub-112,sub-107,RRT,0.050263997586423255
El espejo,sub-112,sub-098,RRT,0.004528854672049868
El espejo,sub-112,sub-086,RRT,-0.007273803419257063
El espejo,sub-112,sub-013,RRT,0.04962593677267932
El espejo,sub-112,sub-068,RRT,0.08183401706742655
El espejo,sub-058,sub-067,RRT,0.0031777273647995517
El espejo,sub-058,sub-054,RRT,0.037080884549686007
El espejo,sub-058,sub-078,RRT,0.15344338224132878
El espejo,sub-058,sub-046,RRT,0.1206548195463952
El espejo,sub-058,sub-097,RRT,0.08175031696387178
El espejo,sub-058,sub-079,RRT,0.156794532616199
El espejo,sub-058,sub-028,RRT,0.19826745297225765
El espejo,sub-058,sub-089,RRT,0.10446986378313895
El espejo,sub-058,sub-109,RRT,-0.004271299765799934
El espejo,sub-058,sub-070,RRT,-0.04941648206330713
El espejo,sub-058,sub-111,RRT,0.014393125884265829
El espejo,sub-058,sub-073,RRT,0.17099775417609567
El espejo,sub-058,sub-001,RRT,0.2955574304940358
El espejo,sub-058,sub-095,RRT,0.16347636418043615
El espejo,sub-058,sub-012,RRT,0.13160402563778312
El espejo,sub-058,sub-052,RRT,0.13748453262586227
El espejo,sub-058,sub-094,RRT,0.06738915663742814
El espejo,sub-058,sub-088,RRT,0.03910736481341361
El espejo,sub-058,sub-044,RRT,0.13497337899428075
El espejo,sub-058,sub-009,RRT,0.10308964960034057
El espejo,sub-058,sub-041,RRT,0.24356598956683656
El espejo,sub-058,sub-024,RRT,0.08790316174361419
El espejo,sub-058,sub-016,RRT,0.10916080113627274
El espejo,sub-058,sub-112,RRT,0.06695477284926583
El espejo,sub-058,sub-058,RRT,0.9999999999999999
El espejo,sub-058,sub-018,RRT,-0.019719079818194013
El espejo,sub-058,sub-048,RRT,0.11280565012303317
El espejo,sub-058,sub-087,RRT,0.15493467600960337
El espejo,sub-058,sub-091,RRT,0.16771718769947333
El espejo,sub-058,sub-083,RRT,0.14781321416818177
El espejo,sub-058,sub-065,RRT,0.12191144665956659
El espejo,sub-058,sub-077,RRT,0.16631633800715118
El espejo,sub-058,sub-039,RRT,0.1840105833108201
El espejo,sub-058,sub-053,RRT,0.0960419710062054
El espejo,sub-058,sub-075,RRT,0.04988641959892556
El espejo,sub-058,sub-060,RRT,0.08157434429003643
El espejo,sub-058,sub-103,RRT,0.1352205791312213
El espejo,sub-058,sub-105,RRT,0.06773901679552782
El espejo,sub-058,sub-064,RRT,0.08583023136619057
El espejo,sub-058,sub-010,RRT,0.04912084597164138
El espejo,sub-058,sub-034,RRT,0.13208075908790726
El espejo,sub-058,sub-002,RRT,0.13100733033943304
El espejo,sub-058,sub-085,RRT,0.13677873385245903
El espejo,sub-058,sub-021,RRT,0.028762721249770706
El espejo,sub-058,sub-096,RRT,0.038774903634169
El espejo,sub-058,sub-027,RRT,0.09029990778519807
El espejo,sub-058,sub-006,RRT,0.10459240228501998
El espejo,sub-058,sub-066,RRT,0.14885039348143037
El espejo,sub-058,sub-101,RRT,0.10825077316777726
El espejo,sub-058,sub-042,RRT,0.11009957639552448
El espejo,sub-058,sub-003,RRT,0.12734155931274008
El espejo,sub-058,sub-107,RRT,0.1711675074636009
El espejo,sub-058,sub-098,RRT,0.22141824103255012
El espejo,sub-058,sub-086,RRT,0.014279109767937382
El espejo,sub-058,sub-013,RRT,0.03653667494899971
El espejo,sub-058,sub-068,RRT,0.1720606447404414
El espejo,sub-018,sub-067,RRT,0.0035598880503902707
El espejo,sub-018,sub-054,RRT,0.0954962746661045
El espejo,sub-018,sub-078,RRT,0.016615186876762653
El espejo,sub-018,sub-046,RRT,-0.05998950845240969
El espejo,sub-018,sub-097,RRT,0.05160840549198834
El espejo,sub-018,sub-079,RRT,-0.06645480848728727
El espejo,sub-018,sub-028,RRT,0.12005826590825354
El espejo,sub-018,sub-089,RRT,-0.016347764551329
El espejo,sub-018,sub-109,RRT,0.21013590180477348
El espejo,sub-018,sub-070,RRT,0.028582668911370936
El espejo,sub-018,sub-111,RRT,0.08284603137075278
El espejo,sub-018,sub-073,RRT,0.025453220921940186
El espejo,sub-018,sub-001,RRT,0.028246083837221315
El espejo,sub-018,sub-095,RRT,0.02159812386284555
El espejo,sub-018,sub-012,RRT,0.09834856695460523
El espejo,sub-018,sub-052,RRT,0.006677898732272475
El espejo,sub-018,sub-094,RRT,0.1312409881629838
El espejo,sub-018,sub-088,RRT,0.011022446469970562
El espejo,sub-018,sub-044,RRT,-0.05348424805801588
El espejo,sub-018,sub-009,RRT,-0.06186960148502837
El espejo,sub-018,sub-041,RRT,0.009599573844694067
El espejo,sub-018,sub-024,RRT,-0.054607190432137645
El espejo,sub-018,sub-016,RRT,-0.09403476877549802
El espejo,sub-018,sub-112,RRT,0.06620888816345469
El espejo,sub-018,sub-058,RRT,-0.01971907981819401
El espejo,sub-018,sub-018,RRT,1.0
El espejo,sub-018,sub-048,RRT,-0.02418161131821218
El espejo,sub-018,sub-087,RRT,0.004935693115951691
El espejo,sub-018,sub-091,RRT,-0.05109469643431909
El espejo,sub-018,sub-083,RRT,0.02902234114840832
El espejo,sub-018,sub-065,RRT,0.029692767277249014
El espejo,sub-018,sub-077,RRT,0.05756266085955985
El espejo,sub-018,sub-039,RRT,0.07559620051215747
El espejo,sub-018,sub-053,RRT,-0.006321592936150744
El espejo,sub-018,sub-075,RRT,0.08935344369654279
El espejo,sub-018,sub-060,RRT,0.13922847220421156
El espejo,sub-018,sub-103,RRT,0.07310736681108916
El espejo,sub-018,sub-105,RRT,0.04119763805480086
El espejo,sub-018,sub-064,RRT,0.008816684923462778
El espejo,sub-018,sub-010,RRT,-0.01624427327986085
El espejo,sub-018,sub-034,RRT,0.09298950015265735
El espejo,sub-018,sub-002,RRT,0.19488834295133503
El espejo,sub-018,sub-085,RRT,-0.020199661694507785
El espejo,sub-018,sub-021,RRT,-0.016601341141565824
El espejo,sub-018,sub-096,RRT,-0.0021744218670224054
El espejo,sub-018,sub-027,RRT,0.16929044725389153
El espejo,sub-018,sub-006,RRT,-0.030602760604410258
El espejo,sub-018,sub-066,RRT,-0.017075777104902365
El espejo,sub-018,sub-101,RRT,0.1689689864948354
El espejo,sub-018,sub-042,RRT,0.06376512541199533
El espejo,sub-018,sub-003,RRT,0.04067993068347386
El espejo,sub-018,sub-107,RRT,0.004685198320000255
El espejo,sub-018,sub-098,RRT,-0.06547978693853362
El espejo,sub-018,sub-086,RRT,0.023365262513579597
El espejo,sub-018,sub-013,RRT,0.06523061689718444
El espejo,sub-018,sub-068,RRT,0.05893776889063208
El espejo,sub-048,sub-067,RRT,-0.025383061463739028
El espejo,sub-048,sub-054,RRT,-0.009955624688479778
El espejo,sub-048,sub-078,RRT,0.09978781291494192
El espejo,sub-048,sub-046,RRT,0.1271422880170589
El espejo,sub-048,sub-097,RRT,0.08339372255917059
El espejo,sub-048,sub-079,RRT,0.08407084421011575
El espejo,sub-048,sub-028,RRT,0.09483423819002205
El espejo,sub-048,sub-089,RRT,0.025086462064915674
El espejo,sub-048,sub-109,RRT,-0.04124665932499382
El espejo,sub-048,sub-070,RRT,-0.011505725588388725
El espejo,sub-048,sub-111,RRT,0.01732533408688053
El espejo,sub-048,sub-073,RRT,0.07139181001809367
El espejo,sub-048,sub-001,RRT,0.1771180528114738
El espejo,sub-048,sub-095,RRT,0.13575612836377354
El espejo,sub-048,sub-012,RRT,0.13290036415675113
El espejo,sub-048,sub-052,RRT,0.1222579704842188
El espejo,sub-048,sub-094,RRT,0.22897860994333002
El espejo,sub-048,sub-088,RRT,0.06893673576472051
El espejo,sub-048,sub-044,RRT,-0.019191292778242466
El espejo,sub-048,sub-009,RRT,0.09206190357200204
El espejo,sub-048,sub-041,RRT,0.13794667111113804
El espejo,sub-048,sub-024,RRT,0.10162105355049332
El espejo,sub-048,sub-016,RRT,0.07371235371165988
El espejo,sub-048,sub-112,RRT,0.03513659195671537
El espejo,sub-048,sub-058,RRT,0.11280565012303317
El espejo,sub-048,sub-018,RRT,-0.02418161131821218
El espejo,sub-048,sub-048,RRT,1.0
El espejo,sub-048,sub-087,RRT,0.09406831566435576
El espejo,sub-048,sub-091,RRT,0.0790340627691777
El espejo,sub-048,sub-083,RRT,0.05714091445471327
El espejo,sub-048,sub-065,RRT,0.04511488872686524
El espejo,sub-048,sub-077,RRT,0.1159868710880836
El espejo,sub-048,sub-039,RRT,0.12076799807531484
El espejo,sub-048,sub-053,RRT,0.14051057965908192
El espejo,sub-048,sub-075,RRT,0.06735815485213005
El espejo,sub-048,sub-060,RRT,0.09175088560112059
El espejo,sub-048,sub-103,RRT,0.11630596342118221
El espejo,sub-048,sub-105,RRT,0.04998930395402733
El espejo,sub-048,sub-064,RRT,0.11998254947456274
El espejo,sub-048,sub-010,RRT,-0.030933384850870313
El espejo,sub-048,sub-034,RRT,0.015724587653399093
El espejo,sub-048,sub-002,RRT,-0.0024220513420882646
El espejo,sub-048,sub-085,RRT,0.08732606983300242
El espejo,sub-048,sub-021,RRT,0.09840204846387708
El espejo,sub-048,sub-096,RRT,0.11237972130253839
El espejo,sub-048,sub-027,RRT,-0.012670530157157677
El espejo,sub-048,sub-006,RRT,0.038022889367201204
El espejo,sub-048,sub-066,RRT,0.10840988495677438
El espejo,sub-048,sub-101,RRT,0.04505903215230551
El espejo,sub-048,sub-042,RRT,0.0591881528732214
El espejo,sub-048,sub-003,RRT,0.11406815754652637
El espejo,sub-048,sub-107,RRT,0.07255007456481061
El espejo,sub-048,sub-098,RRT,0.10396077609277365
El espejo,sub-048,sub-086,RRT,-0.046946821274618286
El espejo,sub-048,sub-013,RRT,0.0686820579509126
El espejo,sub-048,sub-068,RRT,0.07055802138830973
El espejo,sub-087,sub-067,RRT,0.06253637349031137
El espejo,sub-087,sub-054,RRT,-0.04643371345817724
El espejo,sub-087,sub-078,RRT,0.1530824070833877
El espejo,sub-087,sub-046,RRT,0.09640044221882205
El espejo,sub-087,sub-097,RRT,0.2139407543584155
El espejo,sub-087,sub-079,RRT,0.09815329085023598
El espejo,sub-087,sub-028,RRT,0.21649610047925405
El espejo,sub-087,sub-089,RRT,0.03258129810389732
El espejo,sub-087,sub-109,RRT,0.021738542883244952
El espejo,sub-087,sub-070,RRT,0.056640225711839604
El espejo,sub-087,sub-111,RRT,0.06633532729343276
El espejo,sub-087,sub-073,RRT,0.0928496667781168
El espejo,sub-087,sub-001,RRT,0.17685222384984478
El espejo,sub-087,sub-095,RRT,0.2120454088093571
El espejo,sub-087,sub-012,RRT,0.21759615591875495
El espejo,sub-087,sub-052,RRT,-0.028645551114161342
El espejo,sub-087,sub-094,RRT,0.07329039438060068
El espejo,sub-087,sub-088,RRT,0.07675232984802696
El espejo,sub-087,sub-044,RRT,0.07274476072329193
El espejo,sub-087,sub-009,RRT,0.11865889739881912
El espejo,sub-087,sub-041,RRT,0.04868661569997737
El espejo,sub-087,sub-024,RRT,0.10981910021401195
El espejo,sub-087,sub-016,RRT,0.1111096428333284
El espejo,sub-087,sub-112,RRT,0.20639195951410802
El espejo,sub-087,sub-058,RRT,0.15493467600960337
El espejo,sub-087,sub-018,RRT,0.004935693115951691
El espejo,sub-087,sub-048,RRT,0.09406831566435576
El espejo,sub-087,sub-087,RRT,1.0
El espejo,sub-087,sub-091,RRT,0.13878945866792497
El espejo,sub-087,sub-083,RRT,0.21799981035289404
El espejo,sub-087,sub-065,RRT,0.07164907301185319
El espejo,sub-087,sub-077,RRT,0.12823239482478666
El espejo,sub-087,sub-039,RRT,0.05164508502691726
El espejo,sub-087,sub-053,RRT,-0.013037955396705277
El espejo,sub-087,sub-075,RRT,0.05896843179064912
El espejo,sub-087,sub-060,RRT,0.2329422120804165
El espejo,sub-087,sub-103,RRT,0.10243545016734401
El espejo,sub-087,sub-105,RRT,-0.030051379959438733
El espejo,sub-087,sub-064,RRT,0.03554475741272212
El espejo,sub-087,sub-010,RRT,0.014928433176315132
El espejo,sub-087,sub-034,RRT,0.09719725650541089
El espejo,sub-087,sub-002,RRT,0.12194216443018212
El espejo,sub-087,sub-085,RRT,0.05159352191112321
El espejo,sub-087,sub-021,RRT,0.07892246532663562
El espejo,sub-087,sub-096,RRT,0.0758256481723925
El espejo,sub-087,sub-027,RRT,0.20748868713536459
El espejo,sub-087,sub-006,RRT,0.19145863211977554
El espejo,sub-087,sub-066,RRT,-0.022726826234465283
El espejo,sub-087,sub-101,RRT,0.08740771124121384
El espejo,sub-087,sub-042,RRT,0.24238014676257047
El espejo,sub-087,sub-003,RRT,0.06706338467436909
El espejo,sub-087,sub-107,RRT,0.11674027603590223
El espejo,sub-087,sub-098,RRT,-0.0008995881262817441
El espejo,sub-087,sub-086,RRT,0.02415018513400754
El espejo,sub-087,sub-013,RRT,0.08201092210863713
El espejo,sub-087,sub-068,RRT,0.07380488198018864
El espejo,sub-091,sub-067,RRT,0.030797469089050334
El espejo,sub-091,sub-054,RRT,0.08819692349334893
El espejo,sub-091,sub-078,RRT,0.16060730613430851
El espejo,sub-091,sub-046,RRT,0.20979487398363383
El espejo,sub-091,sub-097,RRT,0.07600426115447657
El espejo,sub-091,sub-079,RRT,0.2388860314997178
El espejo,sub-091,sub-028,RRT,0.12496847232631539
El espejo,sub-091,sub-089,RRT,0.16022217246759932
El espejo,sub-091,sub-109,RRT,-0.11308756393184569
El espejo,sub-091,sub-070,RRT,0.11361489078816696
El espejo,sub-091,sub-111,RRT,0.05743147474182588
El espejo,sub-091,sub-073,RRT,0.09755276297737576
El espejo,sub-091,sub-001,RRT,0.0923732322778616
El espejo,sub-091,sub-095,RRT,0.3242532519869594
El espejo,sub-091,sub-012,RRT,0.047297702056615355
El espejo,sub-091,sub-052,RRT,0.20673544728569654
El espejo,sub-091,sub-094,RRT,0.07310954842201609
El espejo,sub-091,sub-088,RRT,0.17666775247406521
El espejo,sub-091,sub-044,RRT,0.09856730123451292
El espejo,sub-091,sub-009,RRT,0.3074880899253379
El espejo,sub-091,sub-041,RRT,0.07872489669771547
El espejo,sub-091,sub-024,RRT,0.08323822242833222
El espejo,sub-091,sub-016,RRT,0.3331346257020793
El espejo,sub-091,sub-112,RRT,0.053836698871948654
El espejo,sub-091,sub-058,RRT,0.16771718769947333
El espejo,sub-091,sub-018,RRT,-0.051094696434319097
El espejo,sub-091,sub-048,RRT,0.0790340627691777
El espejo,sub-091,sub-087,RRT,0.13878945866792497
El espejo,sub-091,sub-091,RRT,1.0
El espejo,sub-091,sub-083,RRT,0.015067157185980139
El espejo,sub-091,sub-065,RRT,0.12422765401579612
El espejo,sub-091,sub-077,RRT,0.05963421125951472
El espejo,sub-091,sub-039,RRT,-0.007448479910806697
El espejo,sub-091,sub-053,RRT,-0.02418987195663104
El espejo,sub-091,sub-075,RRT,0.039459108865453764
El espejo,sub-091,sub-060,RRT,0.004047342060195674
El espejo,sub-091,sub-103,RRT,-0.02174904121658306
El espejo,sub-091,sub-105,RRT,0.13176114966559982
El espejo,sub-091,sub-064,RRT,0.1139396419962859
El espejo,sub-091,sub-010,RRT,0.11842525241205525
El espejo,sub-091,sub-034,RRT,-0.011392899984454856
El espejo,sub-091,sub-002,RRT,-0.02246476534847592
El espejo,sub-091,sub-085,RRT,0.15427404252478893
El espejo,sub-091,sub-021,RRT,-0.025871833921946644
El espejo,sub-091,sub-096,RRT,0.060295414380813345
El espejo,sub-091,sub-027,RRT,-0.14237299278360813
El espejo,sub-091,sub-006,RRT,0.03867488207273525
El espejo,sub-091,sub-066,RRT,0.023643113017089518
El espejo,sub-091,sub-101,RRT,0.1429079939653665
El espejo,sub-091,sub-042,RRT,0.24797946751083277
El espejo,sub-091,sub-003,RRT,0.021286561979741356
El espejo,sub-091,sub-107,RRT,0.15868411154659628
El espejo,sub-091,sub-098,RRT,0.029238064409661275
El espejo,sub-091,sub-086,RRT,-0.15489854577595272
El espejo,sub-091,sub-013,RRT,0.199939082997229
El espejo,sub-091,sub-068,RRT,0.061285598501759214
El espejo,sub-083,sub-067,RRT,0.08644406476081415
El espejo,sub-083,sub-054,RRT,0.09871181481903986
El espejo,sub-083,sub-078,RRT,0.2656303025515145
El espejo,sub-083,sub-046,RRT,0.060294794891735344
El espejo,sub-083,sub-097,RRT,0.24993303351201446
El espejo,sub-083,sub-079,RRT,0.10330050368721748
El espejo,sub-083,sub-028,RRT,0.09941948960411512
El espejo,sub-083,sub-089,RRT,0.08123426743701682
El espejo,sub-083,sub-109,RRT,0.0364554486068946
El espejo,sub-083,sub-070,RRT,0.08568255823692128
El espejo,sub-083,sub-111,RRT,0.05824353028422566
El espejo,sub-083,sub-073,RRT,0.11105933458182961
El espejo,sub-083,sub-001,RRT,0.0994852455186735
El espejo,sub-083,sub-095,RRT,0.12179714010836953
El espejo,sub-083,sub-012,RRT,0.09908244901795438
El espejo,sub-083,sub-052,RRT,0.04385007308613924
El espejo,sub-083,sub-094,RRT,0.036029533267306846
El espejo,sub-083,sub-088,RRT,0.06798026438926609
El espejo,sub-083,sub-044,RRT,0.0966157360106101
El espejo,sub-083,sub-009,RRT,0.11709914629060948
El espejo,sub-083,sub-041,RRT,0.17197414978711983
El espejo,sub-083,sub-024,RRT,0.11271958290133477
El espejo,sub-083,sub-016,RRT,-0.007815053908916417
El espejo,sub-083,sub-112,RRT,0.11465142914714364
El espejo,sub-083,sub-058,RRT,0.14781321416818174
El espejo,sub-083,sub-018,RRT,0.02902234114840832
El espejo,sub-083,sub-048,RRT,0.05714091445471327
El espejo,sub-083,sub-087,RRT,0.21799981035289404
El espejo,sub-083,sub-091,RRT,0.015067157185980137
El espejo,sub-083,sub-083,RRT,1.0
El espejo,sub-083,sub-065,RRT,0.02788020760806071
El espejo,sub-083,sub-077,RRT,0.1506105476382963
El espejo,sub-083,sub-039,RRT,0.08527949455475899
El espejo,sub-083,sub-053,RRT,0.008673096653707165
El espejo,sub-083,sub-075,RRT,0.15055921564784694
El espejo,sub-083,sub-060,RRT,0.07927936685467413
El espejo,sub-083,sub-103,RRT,0.05283177224905037
El espejo,sub-083,sub-105,RRT,0.03249965052243117
El espejo,sub-083,sub-064,RRT,0.07699936156496195
El espejo,sub-083,sub-010,RRT,-0.03448922718459111
El espejo,sub-083,sub-034,RRT,0.21496549021241587
El espejo,sub-083,sub-002,RRT,0.013212827747990308
El espejo,sub-083,sub-085,RRT,0.196025370629027
El espejo,sub-083,sub-021,RRT,0.016754767486756115
El espejo,sub-083,sub-096,RRT,0.12634521582173097
El espejo,sub-083,sub-027,RRT,0.1271398197070547
El espejo,sub-083,sub-006,RRT,0.09598177553092409
El espejo,sub-083,sub-066,RRT,0.06894742638713057
El espejo,sub-083,sub-101,RRT,0.08232819280455803
El espejo,sub-083,sub-042,RRT,0.037427457764026985
El espejo,sub-083,sub-003,RRT,0.12990517208802016
El espejo,sub-083,sub-107,RRT,0.14711386473560925
El espejo,sub-083,sub-098,RRT,0.12482064839182884
El espejo,sub-083,sub-086,RRT,0.15760324894773037
El espejo,sub-083,sub-013,RRT,0.005831827921215004
El espejo,sub-083,sub-068,RRT,0.06020552950432123
El espejo,sub-065,sub-067,RRT,0.05425484788823244
El espejo,sub-065,sub-054,RRT,0.011605121409067281
El espejo,sub-065,sub-078,RRT,0.09947530619109154
El espejo,sub-065,sub-046,RRT,0.1299743621552445
El espejo,sub-065,sub-097,RRT,0.08236396764783348
El espejo,sub-065,sub-079,RRT,0.09985193697830365
El espejo,sub-065,sub-028,RRT,0.05950927561023419
El espejo,sub-065,sub-089,RRT,-0.0015115751898842089
El espejo,sub-065,sub-109,RRT,0.053842178032614534
El espejo,sub-065,sub-070,RRT,0.008642009432132081
El espejo,sub-065,sub-111,RRT,0.12397077766889039
El espejo,sub-065,sub-073,RRT,0.133855123482517
El espejo,sub-065,sub-001,RRT,0.12419361170665309
El espejo,sub-065,sub-095,RRT,0.17273867304823373
El espejo,sub-065,sub-012,RRT,0.029629839231538908
El espejo,sub-065,sub-052,RRT,0.08631726038168021
El espejo,sub-065,sub-094,RRT,0.06898982810400366
El espejo,sub-065,sub-088,RRT,-0.00928813377517259
El espejo,sub-065,sub-044,RRT,0.14047769276448466
El espejo,sub-065,sub-009,RRT,-0.022520219033736546
El espejo,sub-065,sub-041,RRT,0.08773177666919876
El espejo,sub-065,sub-024,RRT,0.018699595541812674
El espejo,sub-065,sub-016,RRT,0.10440182426335508
El espejo,sub-065,sub-112,RRT,0.0645008876502727
El espejo,sub-065,sub-058,RRT,0.1219114466595666
El espejo,sub-065,sub-018,RRT,0.029692767277249017
El espejo,sub-065,sub-048,RRT,0.04511488872686524
El espejo,sub-065,sub-087,RRT,0.07164907301185319
El espejo,sub-065,sub-091,RRT,0.12422765401579614
El espejo,sub-065,sub-083,RRT,0.027880207608060713
El espejo,sub-065,sub-065,RRT,0.9999999999999999
El espejo,sub-065,sub-077,RRT,0.09128696949551263
El espejo,sub-065,sub-039,RRT,0.05288854349105622
El espejo,sub-065,sub-053,RRT,0.0862442492028671
El espejo,sub-065,sub-075,RRT,0.023325432820976537
El espejo,sub-065,sub-060,RRT,0.02653831053032078
El espejo,sub-065,sub-103,RRT,0.07813919401001115
El espejo,sub-065,sub-105,RRT,-0.01228083290248929
El espejo,sub-065,sub-064,RRT,0.06065637693346053
El espejo,sub-065,sub-010,RRT,0.13001424953458185
El espejo,sub-065,sub-034,RRT,0.06913614875791951
El espejo,sub-065,sub-002,RRT,0.11257656323705574
El espejo,sub-065,sub-085,RRT,0.11164846526337657
El espejo,sub-065,sub-021,RRT,0.01994967638246166
El espejo,sub-065,sub-096,RRT,0.06130406348846165
El espejo,sub-065,sub-027,RRT,-0.06887245961101084
El espejo,sub-065,sub-006,RRT,0.027279092386985566
El espejo,sub-065,sub-066,RRT,0.1579749202293856
El espejo,sub-065,sub-101,RRT,0.10899099947937171
El espejo,sub-065,sub-042,RRT,0.10460127228265138
El espejo,sub-065,sub-003,RRT,0.011786983816794947
El espejo,sub-065,sub-107,RRT,0.05010648903585727
El espejo,sub-065,sub-098,RRT,-0.012177461884117667
El espejo,sub-065,sub-086,RRT,0.00616746448064876
El espejo,sub-065,sub-013,RRT,-0.02247968636502271
El espejo,sub-065,sub-068,RRT,0.283520443964656
El espejo,sub-077,sub-067,RRT,0.0813855354595634
El espejo,sub-077,sub-054,RRT,0.003598502802674969
El espejo,sub-077,sub-078,RRT,0.12405990663524653
El espejo,sub-077,sub-046,RRT,0.02988668052302082
El espejo,sub-077,sub-097,RRT,0.199348550119782
El espejo,sub-077,sub-079,RRT,0.04504865192879492
El espejo,sub-077,sub-028,RRT,0.17413357936956733
El espejo,sub-077,sub-089,RRT,0.07369323577215695
El espejo,sub-077,sub-109,RRT,0.10780042801431182
El espejo,sub-077,sub-070,RRT,0.0715752668497451
El espejo,sub-077,sub-111,RRT,0.07961642534585255
El espejo,sub-077,sub-073,RRT,0.18580088048746557
El espejo,sub-077,sub-001,RRT,0.17892675442624686
El espejo,sub-077,sub-095,RRT,0.17075126929104753
El espejo,sub-077,sub-012,RRT,0.0766065751069134
El espejo,sub-077,sub-052,RRT,0.18518726508124228
El espejo,sub-077,sub-094,RRT,0.015020022265286277
El espejo,sub-077,sub-088,RRT,0.03166629777659408
El espejo,sub-077,sub-044,RRT,0.05197101962477691
El espejo,sub-077,sub-009,RRT,0.0956821119483598
El espejo,sub-077,sub-041,RRT,0.10615711565384456
El espejo,sub-077,sub-024,RRT,0.12735493470111459
El espejo,sub-077,sub-016,RRT,0.09076348724196126
El espejo,sub-077,sub-112,RRT,0.08961454949055504
El espejo,sub-077,sub-058,RRT,0.16631633800715118
El espejo,sub-077,sub-018,RRT,0.05756266085955985
El espejo,sub-077,sub-048,RRT,0.11598687108808359
El espejo,sub-077,sub-087,RRT,0.12823239482478666
El espejo,sub-077,sub-091,RRT,0.05963421125951472
El espejo,sub-077,sub-083,RRT,0.1506105476382963
El espejo,sub-077,sub-065,RRT,0.09128696949551264
El espejo,sub-077,sub-077,RRT,0.9999999999999998
El espejo,sub-077,sub-039,RRT,0.10793491289778823
El espejo,sub-077,sub-053,RRT,0.0775416359127472
El espejo,sub-077,sub-075,RRT,0.17355531548224734
El espejo,sub-077,sub-060,RRT,0.10664021836075772
El espejo,sub-077,sub-103,RRT,0.16557369033427813
El espejo,sub-077,sub-105,RRT,0.05111227283143916
El espejo,sub-077,sub-064,RRT,0.0973546745669761
El espejo,sub-077,sub-010,RRT,0.07485232088259708
El espejo,sub-077,sub-034,RRT,0.02103929168468229
El espejo,sub-077,sub-002,RRT,0.08916221844321859
El espejo,sub-077,sub-085,RRT,0.07197642201622764
El espejo,sub-077,sub-021,RRT,0.059222433508128086
El espejo,sub-077,sub-096,RRT,0.0705809118391207
El espejo,sub-077,sub-027,RRT,0.07668056104656279
El espejo,sub-077,sub-006,RRT,0.10233958610570597
El espejo,sub-077,sub-066,RRT,0.11004649545791219
El espejo,sub-077,sub-101,RRT,0.11313054436252688
El espejo,sub-077,sub-042,RRT,0.15364897694155347
El espejo,sub-077,sub-003,RRT,0.11743725174009377
El espejo,sub-077,sub-107,RRT,0.09975091774358923
El espejo,sub-077,sub-098,RRT,0.0778474741090174
El espejo,sub-077,sub-086,RRT,0.09458290590459364
El espejo,sub-077,sub-013,RRT,-0.0003814165472009435
El espejo,sub-077,sub-068,RRT,0.08006265356233763
El espejo,sub-039,sub-067,RRT,0.03595810444186178
El espejo,sub-039,sub-054,RRT,0.00977942705717675
El espejo,sub-039,sub-078,RRT,0.025456284903448187
El espejo,sub-039,sub-046,RRT,0.09763212764444194
El espejo,sub-039,sub-097,RRT,-0.016414829263862438
El espejo,sub-039,sub-079,RRT,-0.006851273404161451
El espejo,sub-039,sub-028,RRT,-0.01076559602541542
El espejo,sub-039,sub-089,RRT,0.08363884310151239
El espejo,sub-039,sub-109,RRT,0.04113121470096095
El espejo,sub-039,sub-070,RRT,-0.11863738758046712
El espejo,sub-039,sub-111,RRT,0.02475294520167649
El espejo,sub-039,sub-073,RRT,0.07326443115110928
El espejo,sub-039,sub-001,RRT,0.23934605499098222
El espejo,sub-039,sub-095,RRT,0.09656595768654666
El espejo,sub-039,sub-012,RRT,0.1627712562629861
El espejo,sub-039,sub-052,RRT,0.02157126752087088
El espejo,sub-039,sub-094,RRT,0.07588195710028157
El espejo,sub-039,sub-088,RRT,0.006047230145272983
El espejo,sub-039,sub-044,RRT,0.016475228121024546
El espejo,sub-039,sub-009,RRT,0.11748860688053223
El espejo,sub-039,sub-041,RRT,0.113528383027799
El espejo,sub-039,sub-024,RRT,-0.017016729644098526
El espejo,sub-039,sub-016,RRT,-1.99423785106857e-05
El espejo,sub-039,sub-112,RRT,-0.019971788075378184
El espejo,sub-039,sub-058,RRT,0.18401058331082007
El espejo,sub-039,sub-018,RRT,0.07559620051215746
El espejo,sub-039,sub-048,RRT,0.12076799807531484
El espejo,sub-039,sub-087,RRT,0.05164508502691726
El espejo,sub-039,sub-091,RRT,-0.007448479910806696
El espejo,sub-039,sub-083,RRT,0.08527949455475899
El espejo,sub-039,sub-065,RRT,0.05288854349105622
El espejo,sub-039,sub-077,RRT,0.10793491289778824
El espejo,sub-039,sub-039,RRT,1.0
El espejo,sub-039,sub-053,RRT,0.05322393945909351
El espejo,sub-039,sub-075,RRT,0.0644740412872266
El espejo,sub-039,sub-060,RRT,0.04745245557140164
El espejo,sub-039,sub-103,RRT,0.07998269918218388
El espejo,sub-039,sub-105,RRT,0.013822054512214663
El espejo,sub-039,sub-064,RRT,0.10454434504751006
El espejo,sub-039,sub-010,RRT,0.036033945787412376
El espejo,sub-039,sub-034,RRT,-0.0013294709688614328
El espejo,sub-039,sub-002,RRT,0.05171272353063282
El espejo,sub-039,sub-085,RRT,0.0702604684425725
El espejo,sub-039,sub-021,RRT,0.04039646198315756
El espejo,sub-039,sub-096,RRT,0.05079410641635168
El espejo,sub-039,sub-027,RRT,0.10662896426158462
El espejo,sub-039,sub-006,RRT,0.11082217217229756
El espejo,sub-039,sub-066,RRT,0.11011240575926419
El espejo,sub-039,sub-101,RRT,0.0021460849696839017
El espejo,sub-039,sub-042,RRT,0.021901636187175503
El espejo,sub-039,sub-003,RRT,-0.011516613839659504
El espejo,sub-039,sub-107,RRT,0.11525539486755118
El espejo,sub-039,sub-098,RRT,-0.02734788717992348
El espejo,sub-039,sub-086,RRT,0.04147540866809164
El espejo,sub-039,sub-013,RRT,-0.0006516850554338484
El espejo,sub-039,sub-068,RRT,0.07733239970602436
El espejo,sub-053,sub-067,RRT,0.12769658711707826
El espejo,sub-053,sub-054,RRT,0.06893337033857208
El espejo,sub-053,sub-078,RRT,0.011312765526363112
El espejo,sub-053,sub-046,RRT,0.04110867429626639
El espejo,sub-053,sub-097,RRT,0.08492987106893543
El espejo,sub-053,sub-079,RRT,0.08494354166100763
El espejo,sub-053,sub-028,RRT,0.07698396796962137
El espejo,sub-053,sub-089,RRT,0.035218215091962754
El espejo,sub-053,sub-109,RRT,0.01275180592731518
El espejo,sub-053,sub-070,RRT,-0.009621741303664815
El espejo,sub-053,sub-111,RRT,0.054368543087906715
El espejo,sub-053,sub-073,RRT,0.0760689401697094
El espejo,sub-053,sub-001,RRT,-0.008334180485468997
El espejo,sub-053,sub-095,RRT,0.07541521239098893
El espejo,sub-053,sub-012,RRT,0.051044189301242555
El espejo,sub-053,sub-052,RRT,0.10305638667170594
El espejo,sub-053,sub-094,RRT,0.08549727364193628
El espejo,sub-053,sub-088,RRT,0.016354576079650785
El espejo,sub-053,sub-044,RRT,-0.002464499175071566
El espejo,sub-053,sub-009,RRT,0.015405266300154343
El espejo,sub-053,sub-041,RRT,0.07364908258447019
El espejo,sub-053,sub-024,RRT,0.04839075053744499
El espejo,sub-053,sub-016,RRT,0.1351689949154062
El espejo,sub-053,sub-112,RRT,-0.016045123418178854
El espejo,sub-053,sub-058,RRT,0.0960419710062054
El espejo,sub-053,sub-018,RRT,-0.006321592936150744
El espejo,sub-053,sub-048,RRT,0.14051057965908195
El espejo,sub-053,sub-087,RRT,-0.013037955396705278
El espejo,sub-053,sub-091,RRT,-0.024189871956631036
El espejo,sub-053,sub-083,RRT,0.008673096653707163
El espejo,sub-053,sub-065,RRT,0.08624424920286708
El espejo,sub-053,sub-077,RRT,0.0775416359127472
El espejo,sub-053,sub-039,RRT,0.05322393945909351
El espejo,sub-053,sub-053,RRT,0.9999999999999999
El espejo,sub-053,sub-075,RRT,0.050572928270753555
El espejo,sub-053,sub-060,RRT,-0.014329139529254298
El espejo,sub-053,sub-103,RRT,0.023633312664513385
El espejo,sub-053,sub-105,RRT,0.06683377492031872
El espejo,sub-053,sub-064,RRT,0.12873177132303756
El espejo,sub-053,sub-010,RRT,0.03483039097839938
El espejo,sub-053,sub-034,RRT,-0.010956696427229155
El espejo,sub-053,sub-002,RRT,-0.026275714912058944
El espejo,sub-053,sub-085,RRT,-0.0013290568497300631
El espejo,sub-053,sub-021,RRT,-0.025029096887633773
El espejo,sub-053,sub-096,RRT,0.08048292733720531
El espejo,sub-053,sub-027,RRT,0.003990726005949092
El espejo,sub-053,sub-006,RRT,0.08262808947593461
El espejo,sub-053,sub-066,RRT,0.15501611153778624
El espejo,sub-053,sub-101,RRT,0.059171745276581145
El espejo,sub-053,sub-042,RRT,-0.0077672313656951455
El espejo,sub-053,sub-003,RRT,0.03694844442813524
El espejo,sub-053,sub-107,RRT,0.042551872808156234
El espejo,sub-053,sub-098,RRT,0.0030916009538945193
El espejo,sub-053,sub-086,RRT,-0.03342661934728289
El espejo,sub-053,sub-013,RRT,-0.04496106073318916
El espejo,sub-053,sub-068,RRT,0.09993155973958845
El espejo,sub-075,sub-067,RRT,0.1135632718326737
El espejo,sub-075,sub-054,RRT,0.2784317264049904
El espejo,sub-075,sub-078,RRT,0.06507511553376435
El espejo,sub-075,sub-046,RRT,0.0667123610791235
El espejo,sub-075,sub-097,RRT,0.23435468730358558
El espejo,sub-075,sub-079,RRT,0.0634967333357913
El espejo,sub-075,sub-028,RRT,0.2497986043160035
El espejo,sub-075,sub-089,RRT,0.03436281237872087
El espejo,sub-075,sub-109,RRT,0.05967625675978506
El espejo,sub-075,sub-070,RRT,0.1536334906299909
El espejo,sub-075,sub-111,RRT,0.07200117007080044
El espejo,sub-075,sub-073,RRT,0.07284948830503161
El espejo,sub-075,sub-001,RRT,0.07954656390482827
El espejo,sub-075,sub-095,RRT,0.08123829921774649
El espejo,sub-075,sub-012,RRT,-0.03253023423389859
El espejo,sub-075,sub-052,RRT,0.18533083421035249
El espejo,sub-075,sub-094,RRT,0.11627819470983189
El espejo,sub-075,sub-088,RRT,-0.0066273483416072415
El espejo,sub-075,sub-044,RRT,0.013333803373407827
El espejo,sub-075,sub-009,RRT,0.07082703221683335
El espejo,sub-075,sub-041,RRT,0.1372480197738798
El espejo,sub-075,sub-024,RRT,0.19690949833146085
El espejo,sub-075,sub-016,RRT,-0.02497920146044901
El espejo,sub-075,sub-112,RRT,0.055792776372407565
El espejo,sub-075,sub-058,RRT,0.04988641959892556
El espejo,sub-075,sub-018,RRT,0.08935344369654279
El espejo,sub-075,sub-048,RRT,0.06735815485213005
El espejo,sub-075,sub-087,RRT,0.05896843179064912
El espejo,sub-075,sub-091,RRT,0.039459108865453764
El espejo,sub-075,sub-083,RRT,0.15055921564784694
El espejo,sub-075,sub-065,RRT,0.02332543282097654
El espejo,sub-075,sub-077,RRT,0.17355531548224734
El espejo,sub-075,sub-039,RRT,0.0644740412872266
El espejo,sub-075,sub-053,RRT,0.050572928270753555
El espejo,sub-075,sub-075,RRT,0.9999999999999998
El espejo,sub-075,sub-060,RRT,0.06957891509252181
El espejo,sub-075,sub-103,RRT,0.09005382006892769
El espejo,sub-075,sub-105,RRT,0.06901122207233701
El espejo,sub-075,sub-064,RRT,0.22171674240291145
El espejo,sub-075,sub-010,RRT,0.0020732849712905965
El espejo,sub-075,sub-034,RRT,0.17538288178257314
El espejo,sub-075,sub-002,RRT,0.18984452059916967
El espejo,sub-075,sub-085,RRT,0.07316514654507718
El espejo,sub-075,sub-021,RRT,-0.00942771520429983
El espejo,sub-075,sub-096,RRT,0.08987786736788474
El espejo,sub-075,sub-027,RRT,0.08248452638390634
El espejo,sub-075,sub-006,RRT,0.05907602791198542
El espejo,sub-075,sub-066,RRT,0.041181795391991356
El espejo,sub-075,sub-101,RRT,0.0847863117103849
El espejo,sub-075,sub-042,RRT,0.1278105876171153
El espejo,sub-075,sub-003,RRT,0.05690679940428419
El espejo,sub-075,sub-107,RRT,0.04872782577929139
El espejo,sub-075,sub-098,RRT,-0.008387040054919866
El espejo,sub-075,sub-086,RRT,0.18098326518821778
El espejo,sub-075,sub-013,RRT,0.05700407572595703
El espejo,sub-075,sub-068,RRT,0.014650551500457435
El espejo,sub-060,sub-067,RRT,0.044233091578057326
El espejo,sub-060,sub-054,RRT,-0.02881470063082302
El espejo,sub-060,sub-078,RRT,0.12496206664357343
El espejo,sub-060,sub-046,RRT,0.09969648619867795
El espejo,sub-060,sub-097,RRT,0.17805915842006828
El espejo,sub-060,sub-079,RRT,0.059694558329373405
El espejo,sub-060,sub-028,RRT,0.2254045568049999
El espejo,sub-060,sub-089,RRT,0.028961703374418116
El espejo,sub-060,sub-109,RRT,0.1910489630447614
El espejo,sub-060,sub-070,RRT,-0.028148362133062235
El espejo,sub-060,sub-111,RRT,0.08777142479314635
El espejo,sub-060,sub-073,RRT,0.13395311892024864
El espejo,sub-060,sub-001,RRT,0.07248235304126002
El espejo,sub-060,sub-095,RRT,0.2110944427585188
El espejo,sub-060,sub-012,RRT,0.05833101079065239
El espejo,sub-060,sub-052,RRT,0.07349836260934967
El espejo,sub-060,sub-094,RRT,0.06538762612542216
El espejo,sub-060,sub-088,RRT,0.17721198331880078
El espejo,sub-060,sub-044,RRT,0.09421436811712186
El espejo,sub-060,sub-009,RRT,0.07471443185249191
El espejo,sub-060,sub-041,RRT,0.05380299551625213
El espejo,sub-060,sub-024,RRT,0.00047931811011979155
El espejo,sub-060,sub-016,RRT,-0.004557863420810244
El espejo,sub-060,sub-112,RRT,0.1971696639344767
El espejo,sub-060,sub-058,RRT,0.08157434429003643
El espejo,sub-060,sub-018,RRT,0.13922847220421156
El espejo,sub-060,sub-048,RRT,0.09175088560112059
El espejo,sub-060,sub-087,RRT,0.2329422120804165
El espejo,sub-060,sub-091,RRT,0.004047342060195674
El espejo,sub-060,sub-083,RRT,0.07927936685467413
El espejo,sub-060,sub-065,RRT,0.02653831053032078
El espejo,sub-060,sub-077,RRT,0.10664021836075771
El espejo,sub-060,sub-039,RRT,0.04745245557140164
El espejo,sub-060,sub-053,RRT,-0.0143291395292543
El espejo,sub-060,sub-075,RRT,0.06957891509252181
El espejo,sub-060,sub-060,RRT,0.9999999999999999
El espejo,sub-060,sub-103,RRT,0.11873050258170093
El espejo,sub-060,sub-105,RRT,0.04740079071294914
El espejo,sub-060,sub-064,RRT,0.01138316373291247
El espejo,sub-060,sub-010,RRT,-0.036612924033539745
El espejo,sub-060,sub-034,RRT,0.1003542014077434
El espejo,sub-060,sub-002,RRT,0.16580382445376632
El espejo,sub-060,sub-085,RRT,0.01767827840964742
El espejo,sub-060,sub-021,RRT,0.09535788725979118
El espejo,sub-060,sub-096,RRT,0.07565166075056434
El espejo,sub-060,sub-027,RRT,0.2887049298006295
El espejo,sub-060,sub-006,RRT,0.17531183172560466
El espejo,sub-060,sub-066,RRT,-0.04317109987913318
El espejo,sub-060,sub-101,RRT,0.16448541629649704
El espejo,sub-060,sub-042,RRT,0.13029611144421155
El espejo,sub-060,sub-003,RRT,0.15451821225737858
El espejo,sub-060,sub-107,RRT,0.05616253924218297
El espejo,sub-060,sub-098,RRT,0.0768055214362487
El espejo,sub-060,sub-086,RRT,0.005186532476051776
El espejo,sub-060,sub-013,RRT,0.09623699230434032
El espejo,sub-060,sub-068,RRT,0.03630793034855255
El espejo,sub-103,sub-067,RRT,0.08628474272036797
El espejo,sub-103,sub-054,RRT,0.01791410334313495
El espejo,sub-103,sub-078,RRT,0.13700439479090917
El espejo,sub-103,sub-046,RRT,0.11286536248459829
El espejo,sub-103,sub-097,RRT,0.15805406745695896
El espejo,sub-103,sub-079,RRT,0.01972836323850897
El espejo,sub-103,sub-028,RRT,0.12806663056303186
El espejo,sub-103,sub-089,RRT,0.05074552369815554
El espejo,sub-103,sub-109,RRT,0.10180401512335871
El espejo,sub-103,sub-070,RRT,0.01567585868656265
El espejo,sub-103,sub-111,RRT,0.20206827722445453
El espejo,sub-103,sub-073,RRT,0.04910581837841719
El espejo,sub-103,sub-001,RRT,0.1742451213439714
El espejo,sub-103,sub-095,RRT,0.196079335556334
El espejo,sub-103,sub-012,RRT,0.04463939706078516
El espejo,sub-103,sub-052,RRT,0.08505479472171985
El espejo,sub-103,sub-094,RRT,0.13854636310848414
El espejo,sub-103,sub-088,RRT,0.0491941531547695
El espejo,sub-103,sub-044,RRT,0.0046749200782221926
El espejo,sub-103,sub-009,RRT,0.08713151715387171
El espejo,sub-103,sub-041,RRT,0.18276690965996104
El espejo,sub-103,sub-024,RRT,0.015767119840502275
El espejo,sub-103,sub-016,RRT,0.07413493205121023
El espejo,sub-103,sub-112,RRT,0.05162927260993599
El espejo,sub-103,sub-058,RRT,0.1352205791312213
El espejo,sub-103,sub-018,RRT,0.07310736681108916
El espejo,sub-103,sub-048,RRT,0.11630596342118223
El espejo,sub-103,sub-087,RRT,0.10243545016734401
El espejo,sub-103,sub-091,RRT,-0.021749041216583057
El espejo,sub-103,sub-083,RRT,0.05283177224905037
El espejo,sub-103,sub-065,RRT,0.07813919401001114
El espejo,sub-103,sub-077,RRT,0.1655736903342781
El espejo,sub-103,sub-039,RRT,0.07998269918218388
El espejo,sub-103,sub-053,RRT,0.023633312664513385
El espejo,sub-103,sub-075,RRT,0.09005382006892769
El espejo,sub-103,sub-060,RRT,0.11873050258170091
El espejo,sub-103,sub-103,RRT,1.0
El espejo,sub-103,sub-105,RRT,0.022461103821651916
El espejo,sub-103,sub-064,RRT,-0.04128475264269793
El espejo,sub-103,sub-010,RRT,-0.07865274775032742
El espejo,sub-103,sub-034,RRT,0.09975130549984151
El espejo,sub-103,sub-002,RRT,0.15888001597870846
El espejo,sub-103,sub-085,RRT,0.027301503359617
El espejo,sub-103,sub-021,RRT,0.0552742941248832
El espejo,sub-103,sub-096,RRT,0.07785427697737658
El espejo,sub-103,sub-027,RRT,0.11493165797320373
El espejo,sub-103,sub-006,RRT,0.1706151722499479
El espejo,sub-103,sub-066,RRT,0.0883031423548681
El espejo,sub-103,sub-101,RRT,0.1624344243211843
El espejo,sub-103,sub-042,RRT,0.14696295111825336
El espejo,sub-103,sub-003,RRT,0.06477779812627264
El espejo,sub-103,sub-107,RRT,0.026279276230948726
El espejo,sub-103,sub-098,RRT,0.06548970244958452
El espejo,sub-103,sub-086,RRT,0.030540957051464514
El espejo,sub-103,sub-013,RRT,0.1072968818003242
El espejo,sub-103,sub-068,RRT,0.20264497980349208
El espejo,sub-105,sub-067,RRT,0.07663409298846015
El espejo,sub-105,sub-054,RRT,0.04809875547431503
El espejo,sub-105,sub-078,RRT,0.1326330410029322
El espejo,sub-105,sub-046,RRT,0.08775274019596079
El espejo,sub-105,sub-097,RRT,0.03476019401052502
El espejo,sub-105,sub-079,RRT,0.10757293649801968
El espejo,sub-105,sub-028,RRT,0.12131338534217544
El espejo,sub-105,sub-089,RRT,0.024606234348785307
El espejo,sub-105,sub-109,RRT,-0.018329332057274772
El espejo,sub-105,sub-070,RRT,0.02983092755780761
El espejo,sub-105,sub-111,RRT,0.08349763861689853
El espejo,sub-105,sub-073,RRT,0.08108235309808114
El espejo,sub-105,sub-001,RRT,0.12105830212025478
El espejo,sub-105,sub-095,RRT,0.026364536538231623
El espejo,sub-105,sub-012,RRT,0.002937246599999703
El espejo,sub-105,sub-052,RRT,0.19377539253147238
El espejo,sub-105,sub-094,RRT,0.06836463389378493
El espejo,sub-105,sub-088,RRT,0.11096289006723885
El espejo,sub-105,sub-044,RRT,0.03688020570410156
El espejo,sub-105,sub-009,RRT,0.1421736710780796
El espejo,sub-105,sub-041,RRT,0.033732777653793476
El espejo,sub-105,sub-024,RRT,0.02612514092753721
El espejo,sub-105,sub-016,RRT,0.08624690285415193
El espejo,sub-105,sub-112,RRT,0.0004243892082586071
El espejo,sub-105,sub-058,RRT,0.06773901679552782
El espejo,sub-105,sub-018,RRT,0.04119763805480086
El espejo,sub-105,sub-048,RRT,0.04998930395402733
El espejo,sub-105,sub-087,RRT,-0.030051379959438733
El espejo,sub-105,sub-091,RRT,0.13176114966559982
El espejo,sub-105,sub-083,RRT,0.03249965052243117
El espejo,sub-105,sub-065,RRT,-0.01228083290248929
El espejo,sub-105,sub-077,RRT,0.05111227283143917
El espejo,sub-105,sub-039,RRT,0.013822054512214663
El espejo,sub-105,sub-053,RRT,0.06683377492031871
El espejo,sub-105,sub-075,RRT,0.06901122207233701
El espejo,sub-105,sub-060,RRT,0.04740079071294914
El espejo,sub-105,sub-103,RRT,0.022461103821651916
El espejo,sub-105,sub-105,RRT,1.0
El espejo,sub-105,sub-064,RRT,0.07613457893800941
El espejo,sub-105,sub-010,RRT,-0.02010421578259767
El espejo,sub-105,sub-034,RRT,0.016587534874891664
El espejo,sub-105,sub-002,RRT,0.04711623086599648
El espejo,sub-105,sub-085,RRT,0.07147895464356271
El espejo,sub-105,sub-021,RRT,0.009625637810701655
El espejo,sub-105,sub-096,RRT,0.034877461130236785
El espejo,sub-105,sub-027,RRT,-0.059592992268050676
El espejo,sub-105,sub-006,RRT,0.012597501006834615
El espejo,sub-105,sub-066,RRT,-0.007440886296146953
El espejo,sub-105,sub-101,RRT,0.03661516337479881
El espejo,sub-105,sub-042,RRT,0.13300282797607918
El espejo,sub-105,sub-003,RRT,-0.054216904388442934
El espejo,sub-105,sub-107,RRT,0.02579832670804461
El espejo,sub-105,sub-098,RRT,0.06302394550079632
El espejo,sub-105,sub-086,RRT,-0.09519679051344618
El espejo,sub-105,sub-013,RRT,0.04372763583740252
El espejo,sub-105,sub-068,RRT,0.00989780759912585
El espejo,sub-064,sub-067,RRT,0.07345110081768677
El espejo,sub-064,sub-054,RRT,0.21523046905588
El espejo,sub-064,sub-078,RRT,0.04552197815007953
El espejo,sub-064,sub-046,RRT,0.043148074330564924
El espejo,sub-064,sub-097,RRT,0.1176806189639214
El espejo,sub-064,sub-079,RRT,0.07050076497101358
El espejo,sub-064,sub-028,RRT,0.18049374576772634
El espejo,sub-064,sub-089,RRT,0.031152337750649496
El espejo,sub-064,sub-109,RRT,-0.0049100897588005964
El espejo,sub-064,sub-070,RRT,0.15767576615520443
El espejo,sub-064,sub-111,RRT,-0.04027132274816649
El espejo,sub-064,sub-073,RRT,0.05745492582557433
El espejo,sub-064,sub-001,RRT,0.07933448815256297
El espejo,sub-064,sub-095,RRT,0.1356453515019846
El espejo,sub-064,sub-012,RRT,0.06675204613442222
El espejo,sub-064,sub-052,RRT,0.19404042314303666
El espejo,sub-064,sub-094,RRT,0.10919664420704475
El espejo,sub-064,sub-088,RRT,0.10528012106107183
El espejo,sub-064,sub-044,RRT,0.04409622082203891
El espejo,sub-064,sub-009,RRT,0.08995759294270979
El espejo,sub-064,sub-041,RRT,0.04494655019491826
El espejo,sub-064,sub-024,RRT,0.2104503763834441
El espejo,sub-064,sub-016,RRT,0.01629717299453705
El espejo,sub-064,sub-112,RRT,0.030905066295130058
El espejo,sub-064,sub-058,RRT,0.08583023136619057
El espejo,sub-064,sub-018,RRT,0.008816684923462778
El espejo,sub-064,sub-048,RRT,0.11998254947456273
El espejo,sub-064,sub-087,RRT,0.03554475741272211
El espejo,sub-064,sub-091,RRT,0.1139396419962859
El espejo,sub-064,sub-083,RRT,0.07699936156496195
El espejo,sub-064,sub-065,RRT,0.06065637693346052
El espejo,sub-064,sub-077,RRT,0.0973546745669761
El espejo,sub-064,sub-039,RRT,0.10454434504751006
El espejo,sub-064,sub-053,RRT,0.12873177132303756
El espejo,sub-064,sub-075,RRT,0.22171674240291145
El espejo,sub-064,sub-060,RRT,0.01138316373291247
El espejo,sub-064,sub-103,RRT,-0.04128475264269793
El espejo,sub-064,sub-105,RRT,0.07613457893800941
El espejo,sub-064,sub-064,RRT,1.0
El espejo,sub-064,sub-010,RRT,0.05269182455246916
El espejo,sub-064,sub-034,RRT,0.12636412273668293
El espejo,sub-064,sub-002,RRT,0.027247361492100875
El espejo,sub-064,sub-085,RRT,-0.008914260095092582
El espejo,sub-064,sub-021,RRT,-0.0684942430213842
El espejo,sub-064,sub-096,RRT,0.04852047522108173
El espejo,sub-064,sub-027,RRT,-0.005117753862355177
El espejo,sub-064,sub-006,RRT,0.013438648159659634
El espejo,sub-064,sub-066,RRT,-0.015943723902040075
El espejo,sub-064,sub-101,RRT,0.13111578006990598
El espejo,sub-064,sub-042,RRT,0.0608310774468552
El espejo,sub-064,sub-003,RRT,0.042593151810035826
El espejo,sub-064,sub-107,RRT,0.04941867998260462
El espejo,sub-064,sub-098,RRT,-0.04526459859336723
El espejo,sub-064,sub-086,RRT,-0.04128311237469769
El espejo,sub-064,sub-013,RRT,-0.0037079384284218254
El espejo,sub-064,sub-068,RRT,0.030467805701021432
El espejo,sub-010,sub-067,RRT,0.013299957874346612
El espejo,sub-010,sub-054,RRT,0.013015887431849726
El espejo,sub-010,sub-078,RRT,-0.013077611579696264
El espejo,sub-010,sub-046,RRT,0.006238846367265063
El espejo,sub-010,sub-097,RRT,0.022546810603514458
El espejo,sub-010,sub-079,RRT,-0.014215021597651633
El espejo,sub-010,sub-028,RRT,0.15707407379833707
El espejo,sub-010,sub-089,RRT,0.07189934016397335
El espejo,sub-010,sub-109,RRT,-0.021464542849362427
El espejo,sub-010,sub-070,RRT,-0.0347536171585165
El espejo,sub-010,sub-111,RRT,0.05035997860832096
El espejo,sub-010,sub-073,RRT,0.054710151731523965
El espejo,sub-010,sub-001,RRT,0.0016817360965003638
El espejo,sub-010,sub-095,RRT,0.050482952690812696
El espejo,sub-010,sub-012,RRT,-0.07556247935072631
El espejo,sub-010,sub-052,RRT,0.0015391082717463563
El espejo,sub-010,sub-094,RRT,-0.02478491601988068
El espejo,sub-010,sub-088,RRT,0.015204619348492108
El espejo,sub-010,sub-044,RRT,0.0272002847062729
El espejo,sub-010,sub-009,RRT,0.040402287275604916
El espejo,sub-010,sub-041,RRT,-0.0012664863490260013
El espejo,sub-010,sub-024,RRT,0.03989885635124265
El espejo,sub-010,sub-016,RRT,0.008120328048760558
El espejo,sub-010,sub-112,RRT,0.037884883871407316
El espejo,sub-010,sub-058,RRT,0.049120845971641375
El espejo,sub-010,sub-018,RRT,-0.016244273279860853
El espejo,sub-010,sub-048,RRT,-0.03093338485087031
El espejo,sub-010,sub-087,RRT,0.014928433176315134
El espejo,sub-010,sub-091,RRT,0.11842525241205523
El espejo,sub-010,sub-083,RRT,-0.03448922718459111
El espejo,sub-010,sub-065,RRT,0.13001424953458185
El espejo,sub-010,sub-077,RRT,0.07485232088259708
El espejo,sub-010,sub-039,RRT,0.036033945787412376
El espejo,sub-010,sub-053,RRT,0.03483039097839938
El espejo,sub-010,sub-075,RRT,0.002073284971290596
El espejo,sub-010,sub-060,RRT,-0.036612924033539745
El espejo,sub-010,sub-103,RRT,-0.07865274775032742
El espejo,sub-010,sub-105,RRT,-0.02010421578259767
El espejo,sub-010,sub-064,RRT,0.05269182455246916
El espejo,sub-010,sub-010,RRT,1.0
El espejo,sub-010,sub-034,RRT,0.007734480370003242
El espejo,sub-010,sub-002,RRT,-0.030570081628698183
El espejo,sub-010,sub-085,RRT,0.00621238552831733
El espejo,sub-010,sub-021,RRT,-0.04205478158669548
El espejo,sub-010,sub-096,RRT,0.009309158556710467
El espejo,sub-010,sub-027,RRT,-0.07675192086206296
El espejo,sub-010,sub-006,RRT,-0.03165942669433926
El espejo,sub-010,sub-066,RRT,0.02263206369928054
El espejo,sub-010,sub-101,RRT,0.07424354098944846
El espejo,sub-010,sub-042,RRT,0.08253650746652237
El espejo,sub-010,sub-003,RRT,0.005032522905137891
El espejo,sub-010,sub-107,RRT,0.04759147551844829
El espejo,sub-010,sub-098,RRT,-0.012350781434875148
El espejo,sub-010,sub-086,RRT,-0.023532143575312758
El espejo,sub-010,sub-013,RRT,0.040771979270569574
El espejo,sub-010,sub-068,RRT,0.060567763629055665
El espejo,sub-034,sub-067,RRT,0.00789147326699878
El espejo,sub-034,sub-054,RRT,0.20922169328632936
El espejo,sub-034,sub-078,RRT,0.048798190745465604
El espejo,sub-034,sub-046,RRT,-0.008184908161356095
El espejo,sub-034,sub-097,RRT,0.22431469924209388
El espejo,sub-034,sub-079,RRT,0.1322986344013342
El espejo,sub-034,sub-028,RRT,0.13538684815805316
El espejo,sub-034,sub-089,RRT,-0.050312088597604096
El espejo,sub-034,sub-109,RRT,0.07188681720587542
El espejo,sub-034,sub-070,RRT,0.17547733289313822
El espejo,sub-034,sub-111,RRT,0.07720457858532458
El espejo,sub-034,sub-073,RRT,0.06724848677371963
El espejo,sub-034,sub-001,RRT,0.062399759353304295
El espejo,sub-034,sub-095,RRT,0.10422717751906685
El espejo,sub-034,sub-012,RRT,0.04977168337011889
El espejo,sub-034,sub-052,RRT,0.0053578223841875185
El espejo,sub-034,sub-094,RRT,0.08201806195091552
El espejo,sub-034,sub-088,RRT,0.06164481977791905
El espejo,sub-034,sub-044,RRT,0.09599973199777523
El espejo,sub-034,sub-009,RRT,-0.029474690927900414
El espejo,sub-034,sub-041,RRT,0.20274464912084694
El espejo,sub-034,sub-024,RRT,0.19221086408083737
El espejo,sub-034,sub-016,RRT,-0.03635095674175767
El espejo,sub-034,sub-112,RRT,0.0262697757090654
El espejo,sub-034,sub-058,RRT,0.13208075908790726
El espejo,sub-034,sub-018,RRT,0.09298950015265736
El espejo,sub-034,sub-048,RRT,0.015724587653399093
El espejo,sub-034,sub-087,RRT,0.09719725650541089
El espejo,sub-034,sub-091,RRT,-0.011392899984454854
El espejo,sub-034,sub-083,RRT,0.21496549021241587
El espejo,sub-034,sub-065,RRT,0.06913614875791953
El espejo,sub-034,sub-077,RRT,0.02103929168468229
El espejo,sub-034,sub-039,RRT,-0.0013294709688614324
El espejo,sub-034,sub-053,RRT,-0.010956696427229155
El espejo,sub-034,sub-075,RRT,0.17538288178257316
El espejo,sub-034,sub-060,RRT,0.1003542014077434
El espejo,sub-034,sub-103,RRT,0.09975130549984151
El espejo,sub-034,sub-105,RRT,0.016587534874891664
El espejo,sub-034,sub-064,RRT,0.1263641227366829
El espejo,sub-034,sub-010,RRT,0.007734480370003241
El espejo,sub-034,sub-034,RRT,1.0
El espejo,sub-034,sub-002,RRT,0.04069683793771834
El espejo,sub-034,sub-085,RRT,0.05614284437820459
El espejo,sub-034,sub-021,RRT,0.024635264206833197
El espejo,sub-034,sub-096,RRT,0.09071526226853023
El espejo,sub-034,sub-027,RRT,0.15174640832650907
El espejo,sub-034,sub-006,RRT,0.05831809368071663
El espejo,sub-034,sub-066,RRT,-0.09631939383368784
El espejo,sub-034,sub-101,RRT,0.16408036195036402
El espejo,sub-034,sub-042,RRT,0.048119445521538975
El espejo,sub-034,sub-003,RRT,0.07112991415642377
El espejo,sub-034,sub-107,RRT,0.10301790586134157
El espejo,sub-034,sub-098,RRT,0.17845632620777907
El espejo,sub-034,sub-086,RRT,0.17169553374930138
El espejo,sub-034,sub-013,RRT,0.05382648509592168
El espejo,sub-034,sub-068,RRT,0.03718116909530199
El espejo,sub-002,sub-067,RRT,-0.04205286240137035
El espejo,sub-002,sub-054,RRT,0.07858085447561215
El espejo,sub-002,sub-078,RRT,0.07129727376773887
El espejo,sub-002,sub-046,RRT,0.06660077631627766
El espejo,sub-002,sub-097,RRT,0.11140083228293342
El espejo,sub-002,sub-079,RRT,-0.003133062318110932
El espejo,sub-002,sub-028,RRT,0.13827676435021508
El espejo,sub-002,sub-089,RRT,0.01924633633694959
El espejo,sub-002,sub-109,RRT,0.2796013912443079
El espejo,sub-002,sub-070,RRT,-0.002596973445242554
El espejo,sub-002,sub-111,RRT,0.21928942916461444
El espejo,sub-002,sub-073,RRT,0.047518030576060764
El espejo,sub-002,sub-001,RRT,0.1273292401851084
El espejo,sub-002,sub-095,RRT,0.08095896860967076
El espejo,sub-002,sub-012,RRT,0.05996646443730296
El espejo,sub-002,sub-052,RRT,0.08165684818813593
El espejo,sub-002,sub-094,RRT,0.16703025815712
El espejo,sub-002,sub-088,RRT,0.07038845328324408
El espejo,sub-002,sub-044,RRT,-0.03262521967126045
El espejo,sub-002,sub-009,RRT,0.03509390483528835
El espejo,sub-002,sub-041,RRT,0.038078191513006475
El espejo,sub-002,sub-024,RRT,-0.008949107131382627
El espejo,sub-002,sub-016,RRT,0.007000517727688812
El espejo,sub-002,sub-112,RRT,0.1077673515299426
El espejo,sub-002,sub-058,RRT,0.13100733033943304
El espejo,sub-002,sub-018,RRT,0.19488834295133503
El espejo,sub-002,sub-048,RRT,-0.0024220513420882646
El espejo,sub-002,sub-087,RRT,0.12194216443018212
El espejo,sub-002,sub-091,RRT,-0.02246476534847592
El espejo,sub-002,sub-083,RRT,0.01321282774799031
El espejo,sub-002,sub-065,RRT,0.11257656323705575
El espejo,sub-002,sub-077,RRT,0.08916221844321857
El espejo,sub-002,sub-039,RRT,0.05171272353063282
El espejo,sub-002,sub-053,RRT,-0.026275714912058944
El espejo,sub-002,sub-075,RRT,0.18984452059916967
El espejo,sub-002,sub-060,RRT,0.16580382445376632
El espejo,sub-002,sub-103,RRT,0.15888001597870846
El espejo,sub-002,sub-105,RRT,0.04711623086599648
El espejo,sub-002,sub-064,RRT,0.02724736149210087
El espejo,sub-002,sub-010,RRT,-0.03057008162869818
El espejo,sub-002,sub-034,RRT,0.04069683793771834
El espejo,sub-002,sub-002,RRT,1.0
El espejo,sub-002,sub-085,RRT,-0.042200295771502624
El espejo,sub-002,sub-021,RRT,0.10078566385749546
El espejo,sub-002,sub-096,RRT,0.06347242958428038
El espejo,sub-002,sub-027,RRT,0.17332474410946927
El espejo,sub-002,sub-006,RRT,0.08538640651535907
El espejo,sub-002,sub-066,RRT,-3.5772037095972137e-06
El espejo,sub-002,sub-101,RRT,0.13790052800950064
El espejo,sub-002,sub-042,RRT,0.14129696399056801
El espejo,sub-002,sub-003,RRT,0.02131968249620564
El espejo,sub-002,sub-107,RRT,0.024755239231594
El espejo,sub-002,sub-098,RRT,-0.03497289084903162
El espejo,sub-002,sub-086,RRT,-0.06241514447462036
El espejo,sub-002,sub-013,RRT,0.017683925745949913
El espejo,sub-002,sub-068,RRT,0.1239538381955925
El espejo,sub-085,sub-067,RRT,0.07703882696969935
El espejo,sub-085,sub-054,RRT,0.06905000637981826
El espejo,sub-085,sub-078,RRT,0.13980212726180755
El espejo,sub-085,sub-046,RRT,0.12709886633450673
El espejo,sub-085,sub-097,RRT,0.15641774264423627
El espejo,sub-085,sub-079,RRT,0.07786364525814743
El espejo,sub-085,sub-028,RRT,0.12358096275453362
El espejo,sub-085,sub-089,RRT,0.038722890945499966
El espejo,sub-085,sub-109,RRT,-0.011206282724416068
El espejo,sub-085,sub-070,RRT,0.011650756638806022
El espejo,sub-085,sub-111,RRT,0.029673239344163913
El espejo,sub-085,sub-073,RRT,0.14509972101611984
El espejo,sub-085,sub-001,RRT,0.11613195569582284
El espejo,sub-085,sub-095,RRT,0.15555509427798017
El espejo,sub-085,sub-012,RRT,-0.014160878825059633
El espejo,sub-085,sub-052,RRT,0.07755832914533901
El espejo,sub-085,sub-094,RRT,0.06735884753683721
El espejo,sub-085,sub-088,RRT,-0.00761301179837869
El espejo,sub-085,sub-044,RRT,0.11294509679843034
El espejo,sub-085,sub-009,RRT,0.21135294073223881
El espejo,sub-085,sub-041,RRT,0.10637870767464452
El espejo,sub-085,sub-024,RRT,0.07218367596489533
El espejo,sub-085,sub-016,RRT,0.06042245890094205
El espejo,sub-085,sub-112,RRT,0.06439804846648638
El espejo,sub-085,sub-058,RRT,0.13677873385245903
El espejo,sub-085,sub-018,RRT,-0.020199661694507782
El espejo,sub-085,sub-048,RRT,0.08732606983300242
El espejo,sub-085,sub-087,RRT,0.05159352191112321
El espejo,sub-085,sub-091,RRT,0.15427404252478893
El espejo,sub-085,sub-083,RRT,0.196025370629027
El espejo,sub-085,sub-065,RRT,0.11164846526337659
El espejo,sub-085,sub-077,RRT,0.07197642201622764
El espejo,sub-085,sub-039,RRT,0.0702604684425725
El espejo,sub-085,sub-053,RRT,-0.0013290568497300631
El espejo,sub-085,sub-075,RRT,0.07316514654507718
El espejo,sub-085,sub-060,RRT,0.01767827840964742
El espejo,sub-085,sub-103,RRT,0.027301503359617
El espejo,sub-085,sub-105,RRT,0.07147895464356271
El espejo,sub-085,sub-064,RRT,-0.008914260095092582
El espejo,sub-085,sub-010,RRT,0.00621238552831733
El espejo,sub-085,sub-034,RRT,0.05614284437820459
El espejo,sub-085,sub-002,RRT,-0.04220029577150263
El espejo,sub-085,sub-085,RRT,0.9999999999999999
El espejo,sub-085,sub-021,RRT,-0.025125600688467108
El espejo,sub-085,sub-096,RRT,0.055096533915072396
El espejo,sub-085,sub-027,RRT,-0.04221950435695795
El espejo,sub-085,sub-006,RRT,-0.04048087341448717
El espejo,sub-085,sub-066,RRT,0.08240440335742669
El espejo,sub-085,sub-101,RRT,0.034057991867714243
El espejo,sub-085,sub-042,RRT,0.12308543622159249
El espejo,sub-085,sub-003,RRT,0.13751170149441438
El espejo,sub-085,sub-107,RRT,0.08566781965465689
El espejo,sub-085,sub-098,RRT,0.11187311956990695
El espejo,sub-085,sub-086,RRT,0.06954222855090648
El espejo,sub-085,sub-013,RRT,0.09059238854956786
El espejo,sub-085,sub-068,RRT,0.06740876004279554
El espejo,sub-021,sub-067,RRT,-0.0470207609292822
El espejo,sub-021,sub-054,RRT,-0.025808969606182054
El espejo,sub-021,sub-078,RRT,0.009252847628214848
El espejo,sub-021,sub-046,RRT,0.017447285448552733
El espejo,sub-021,sub-097,RRT,0.0266799003538274
El espejo,sub-021,sub-079,RRT,-0.039793556544625686
El espejo,sub-021,sub-028,RRT,0.011005780711272763
El espejo,sub-021,sub-089,RRT,-0.01742319764253503
El espejo,sub-021,sub-109,RRT,0.05492963589733782
El espejo,sub-021,sub-070,RRT,-0.008241851698913888
El espejo,sub-021,sub-111,RRT,0.004898178633660405
El espejo,sub-021,sub-073,RRT,0.017919061377024592
El espejo,sub-021,sub-001,RRT,0.030907260244349685
El espejo,sub-021,sub-095,RRT,0.10717043954380773
El espejo,sub-021,sub-012,RRT,0.07389788801828612
El espejo,sub-021,sub-052,RRT,-0.0083814483960348
El espejo,sub-021,sub-094,RRT,0.02894067081111619
El espejo,sub-021,sub-088,RRT,0.09352398631035362
El espejo,sub-021,sub-044,RRT,0.025904797754671312
El espejo,sub-021,sub-009,RRT,-0.019112115247823535
El espejo,sub-021,sub-041,RRT,0.10893490551011425
El espejo,sub-021,sub-024,RRT,-0.028943066134138624
El espejo,sub-021,sub-016,RRT,-0.02215158122975381
El espejo,sub-021,sub-112,RRT,0.10886455021651047
El espejo,sub-021,sub-058,RRT,0.028762721249770702
El espejo,sub-021,sub-018,RRT,-0.016601341141565827
El espejo,sub-021,sub-048,RRT,0.09840204846387708
El espejo,sub-021,sub-087,RRT,0.0789224653266356
El espejo,sub-021,sub-091,RRT,-0.025871833921946648
El espejo,sub-021,sub-083,RRT,0.01675476748675611
El espejo,sub-021,sub-065,RRT,0.01994967638246166
El espejo,sub-021,sub-077,RRT,0.05922243350812808
El espejo,sub-021,sub-039,RRT,0.04039646198315756
El espejo,sub-021,sub-053,RRT,-0.02502909688763377
El espejo,sub-021,sub-075,RRT,-0.00942771520429983
El espejo,sub-021,sub-060,RRT,0.09535788725979118
El espejo,sub-021,sub-103,RRT,0.0552742941248832
El espejo,sub-021,sub-105,RRT,0.009625637810701653
El espejo,sub-021,sub-064,RRT,-0.06849424302138418
El espejo,sub-021,sub-010,RRT,-0.04205478158669548
El espejo,sub-021,sub-034,RRT,0.024635264206833197
El espejo,sub-021,sub-002,RRT,0.10078566385749546
El espejo,sub-021,sub-085,RRT,-0.025125600688467108
El espejo,sub-021,sub-021,RRT,1.0
El espejo,sub-021,sub-096,RRT,-0.0006181264352774712
El espejo,sub-021,sub-027,RRT,0.11179411989754078
El espejo,sub-021,sub-006,RRT,0.0847679769503973
El espejo,sub-021,sub-066,RRT,-0.016357288259951242
El espejo,sub-021,sub-101,RRT,0.042168225634867815
El espejo,sub-021,sub-042,RRT,0.07224762249775299
El espejo,sub-021,sub-003,RRT,-0.03619971389113778
El espejo,sub-021,sub-107,RRT,0.058375973046425556
El espejo,sub-021,sub-098,RRT,-0.004274704917662523
El espejo,sub-021,sub-086,RRT,-0.08789423973326176
El espejo,sub-021,sub-013,RRT,0.01116194592347783
El espejo,sub-021,sub-068,RRT,0.014882337628741606
El espejo,sub-096,sub-067,RRT,0.07536268408304099
El espejo,sub-096,sub-054,RRT,0.0429552293287173
El espejo,sub-096,sub-078,RRT,0.10995536346880076
El espejo,sub-096,sub-046,RRT,0.04236196148333738
El espejo,sub-096,sub-097,RRT,0.057299696341544845
El espejo,sub-096,sub-079,RRT,0.01750853582461585
El espejo,sub-096,sub-028,RRT,0.06224781317517468
El espejo,sub-096,sub-089,RRT,0.017350297913705574
El espejo,sub-096,sub-109,RRT,-0.0332884891980142
El espejo,sub-096,sub-070,RRT,0.07551333143354771
El espejo,sub-096,sub-111,RRT,0.1809470842676539
El espejo,sub-096,sub-073,RRT,0.11001780470017848
El espejo,sub-096,sub-001,RRT,0.04491536085949076
El espejo,sub-096,sub-095,RRT,0.0779486688768411
El espejo,sub-096,sub-012,RRT,0.07286995613289819
El espejo,sub-096,sub-052,RRT,0.15212400717461366
El espejo,sub-096,sub-094,RRT,0.1068486195541316
El espejo,sub-096,sub-088,RRT,0.04482168382159768
El espejo,sub-096,sub-044,RRT,0.05175940304167468
El espejo,sub-096,sub-009,RRT,0.06544279125673014
El espejo,sub-096,sub-041,RRT,0.107921409604216
El espejo,sub-096,sub-024,RRT,0.0017505559078076385
El espejo,sub-096,sub-016,RRT,0.046863475661227984
El espejo,sub-096,sub-112,RRT,0.0017514577966494696
El espejo,sub-096,sub-058,RRT,0.038774903634169
El espejo,sub-096,sub-018,RRT,-0.002174421867022406
El espejo,sub-096,sub-048,RRT,0.11237972130253839
El espejo,sub-096,sub-087,RRT,0.0758256481723925
El espejo,sub-096,sub-091,RRT,0.060295414380813345
El espejo,sub-096,sub-083,RRT,0.12634521582173097
El espejo,sub-096,sub-065,RRT,0.06130406348846165
El espejo,sub-096,sub-077,RRT,0.0705809118391207
El espejo,sub-096,sub-039,RRT,0.050794106416351674
El espejo,sub-096,sub-053,RRT,0.08048292733720531
El espejo,sub-096,sub-075,RRT,0.08987786736788474
El espejo,sub-096,sub-060,RRT,0.07565166075056434
El espejo,sub-096,sub-103,RRT,0.07785427697737658
El espejo,sub-096,sub-105,RRT,0.034877461130236785
El espejo,sub-096,sub-064,RRT,0.04852047522108174
El espejo,sub-096,sub-010,RRT,0.009309158556710467
El espejo,sub-096,sub-034,RRT,0.09071526226853023
El espejo,sub-096,sub-002,RRT,0.06347242958428038
El espejo,sub-096,sub-085,RRT,0.055096533915072396
El espejo,sub-096,sub-021,RRT,-0.0006181264352774712
El espejo,sub-096,sub-096,RRT,1.0
El espejo,sub-096,sub-027,RRT,0.12711008119685846
El espejo,sub-096,sub-006,RRT,0.07395361106590465
El espejo,sub-096,sub-066,RRT,0.10344870415238795
El espejo,sub-096,sub-101,RRT,0.1025839421078947
El espejo,sub-096,sub-042,RRT,0.12518414698397579
El espejo,sub-096,sub-003,RRT,0.11860451800704501
El espejo,sub-096,sub-107,RRT,0.046122557879910965
El espejo,sub-096,sub-098,RRT,0.01806188919075778
El espejo,sub-096,sub-086,RRT,0.0987011515464995
El espejo,sub-096,sub-013,RRT,0.034897609564734776
El espejo,sub-096,sub-068,RRT,0.029130965642603396
El espejo,sub-027,sub-067,RRT,0.012309249050031322
El espejo,sub-027,sub-054,RRT,0.061358928834181266
El espejo,sub-027,sub-078,RRT,0.06749941339013704
El espejo,sub-027,sub-046,RRT,0.016922906734702224
El espejo,sub-027,sub-097,RRT,0.10074554204750025
El espejo,sub-027,sub-079,RRT,-0.016586646474705303
El espejo,sub-027,sub-028,RRT,0.12711321820022972
El espejo,sub-027,sub-089,RRT,-0.06702848058959676
El espejo,sub-027,sub-109,RRT,0.3032439665841639
El espejo,sub-027,sub-070,RRT,-0.03532251646368908
El espejo,sub-027,sub-111,RRT,0.15642309172484295
El espejo,sub-027,sub-073,RRT,0.018722106756167613
El espejo,sub-027,sub-001,RRT,0.08407890938057212
El espejo,sub-027,sub-095,RRT,0.06182773596988627
El espejo,sub-027,sub-012,RRT,0.077026967781851
El espejo,sub-027,sub-052,RRT,-0.023359044771961705
El espejo,sub-027,sub-094,RRT,0.10210515488594989
El espejo,sub-027,sub-088,RRT,0.0549519384300598
El espejo,sub-027,sub-044,RRT,0.040842089114241614
El espejo,sub-027,sub-009,RRT,0.0270212608927175
El espejo,sub-027,sub-041,RRT,0.1233719707583295
El espejo,sub-027,sub-024,RRT,-0.055911519348259
El espejo,sub-027,sub-016,RRT,-0.10516646728534824
El espejo,sub-027,sub-112,RRT,0.0979179665366948
El espejo,sub-027,sub-058,RRT,0.09029990778519806
El espejo,sub-027,sub-018,RRT,0.16929044725389156
El espejo,sub-027,sub-048,RRT,-0.012670530157157677
El espejo,sub-027,sub-087,RRT,0.20748868713536459
El espejo,sub-027,sub-091,RRT,-0.14237299278360813
El espejo,sub-027,sub-083,RRT,0.1271398197070547
El espejo,sub-027,sub-065,RRT,-0.06887245961101084
El espejo,sub-027,sub-077,RRT,0.07668056104656279
El espejo,sub-027,sub-039,RRT,0.10662896426158462
El espejo,sub-027,sub-053,RRT,0.003990726005949093
El espejo,sub-027,sub-075,RRT,0.08248452638390634
El espejo,sub-027,sub-060,RRT,0.28870492980062956
El espejo,sub-027,sub-103,RRT,0.11493165797320373
El espejo,sub-027,sub-105,RRT,-0.059592992268050676
El espejo,sub-027,sub-064,RRT,-0.005117753862355177
El espejo,sub-027,sub-010,RRT,-0.07675192086206295
El espejo,sub-027,sub-034,RRT,0.1517464083265091
El espejo,sub-027,sub-002,RRT,0.17332474410946927
El espejo,sub-027,sub-085,RRT,-0.04221950435695795
El espejo,sub-027,sub-021,RRT,0.11179411989754078
El espejo,sub-027,sub-096,RRT,0.12711008119685846
El espejo,sub-027,sub-027,RRT,1.0
El espejo,sub-027,sub-006,RRT,0.05850517415683941
El espejo,sub-027,sub-066,RRT,-0.0412057008669719
El espejo,sub-027,sub-101,RRT,0.1552274246847781
El espejo,sub-027,sub-042,RRT,0.05031695817756645
El espejo,sub-027,sub-003,RRT,0.10263589371786938
El espejo,sub-027,sub-107,RRT,0.10012127035628807
El espejo,sub-027,sub-098,RRT,0.05060053625147863
El espejo,sub-027,sub-086,RRT,-0.032375742726859946
El espejo,sub-027,sub-013,RRT,-0.02346173172559787
El espejo,sub-027,sub-068,RRT,0.04849327827199625
El espejo,sub-006,sub-067,RRT,-0.007126325269276738
El espejo,sub-006,sub-054,RRT,0.029125494578714255
El espejo,sub-006,sub-078,RRT,0.08344045364467212
El espejo,sub-006,sub-046,RRT,0.14961334687809003
El espejo,sub-006,sub-097,RRT,0.05095137611045109
El espejo,sub-006,sub-079,RRT,0.10485049233797054
El espejo,sub-006,sub-028,RRT,0.06775013013085747
El espejo,sub-006,sub-089,RRT,0.07180260421332793
El espejo,sub-006,sub-109,RRT,0.030645545233031497
El espejo,sub-006,sub-070,RRT,0.013413350276858601
El espejo,sub-006,sub-111,RRT,0.0006011370576425314
El espejo,sub-006,sub-073,RRT,0.10979017455864579
El espejo,sub-006,sub-001,RRT,0.1186333476313588
El espejo,sub-006,sub-095,RRT,0.10427449055128009
El espejo,sub-006,sub-012,RRT,0.12386444900862419
El espejo,sub-006,sub-052,RRT,0.05411957738134492
El espejo,sub-006,sub-094,RRT,-0.006301151658353659
El espejo,sub-006,sub-088,RRT,0.04405530793045623
El espejo,sub-006,sub-044,RRT,0.14314689550536736
El espejo,sub-006,sub-009,RRT,0.20895495130897004
El espejo,sub-006,sub-041,RRT,0.09028919964749543
El espejo,sub-006,sub-024,RRT,0.07819883786443897
El espejo,sub-006,sub-016,RRT,0.05951044064206814
El espejo,sub-006,sub-112,RRT,0.11265550558247604
El espejo,sub-006,sub-058,RRT,0.10459240228501997
El espejo,sub-006,sub-018,RRT,-0.03060276060441026
El espejo,sub-006,sub-048,RRT,0.038022889367201204
El espejo,sub-006,sub-087,RRT,0.19145863211977557
El espejo,sub-006,sub-091,RRT,0.03867488207273525
El espejo,sub-006,sub-083,RRT,0.09598177553092409
El espejo,sub-006,sub-065,RRT,0.027279092386985566
El espejo,sub-006,sub-077,RRT,0.10233958610570597
El espejo,sub-006,sub-039,RRT,0.11082217217229756
El espejo,sub-006,sub-053,RRT,0.08262808947593461
El espejo,sub-006,sub-075,RRT,0.05907602791198543
El espejo,sub-006,sub-060,RRT,0.17531183172560466
El espejo,sub-006,sub-103,RRT,0.17061517224994793
El espejo,sub-006,sub-105,RRT,0.012597501006834617
El espejo,sub-006,sub-064,RRT,0.013438648159659632
El espejo,sub-006,sub-010,RRT,-0.03165942669433926
El espejo,sub-006,sub-034,RRT,0.05831809368071662
El espejo,sub-006,sub-002,RRT,0.08538640651535909
El espejo,sub-006,sub-085,RRT,-0.04048087341448717
El espejo,sub-006,sub-021,RRT,0.08476797695039728
El espejo,sub-006,sub-096,RRT,0.07395361106590465
El espejo,sub-006,sub-027,RRT,0.0585051741568394
El espejo,sub-006,sub-006,RRT,1.0
El espejo,sub-006,sub-066,RRT,0.11562158058949844
El espejo,sub-006,sub-101,RRT,-0.008129896558791183
El espejo,sub-006,sub-042,RRT,0.06120544952913185
El espejo,sub-006,sub-003,RRT,0.06505292563506944
El espejo,sub-006,sub-107,RRT,0.17435130199744248
El espejo,sub-006,sub-098,RRT,0.07959984118555063
El espejo,sub-006,sub-086,RRT,0.040519012489006745
El espejo,sub-006,sub-013,RRT,0.019546274530856268
El espejo,sub-006,sub-068,RRT,0.0427407526698801
El espejo,sub-066,sub-067,RRT,0.035911336580437624
El espejo,sub-066,sub-054,RRT,-0.00533422311951189
El espejo,sub-066,sub-078,RRT,0.06397380486296793
El espejo,sub-066,sub-046,RRT,0.09279126185126219
El espejo,sub-066,sub-097,RRT,0.04132405406619718
El espejo,sub-066,sub-079,RRT,0.030047479019163298
El espejo,sub-066,sub-028,RRT,0.017017540543068994
El espejo,sub-066,sub-089,RRT,0.09969769120425286
El espejo,sub-066,sub-109,RRT,-0.018201655783676447
El espejo,sub-066,sub-070,RRT,-0.10072416565326593
El espejo,sub-066,sub-111,RRT,0.08199469262899571
El espejo,sub-066,sub-073,RRT,0.09663354850289509
El espejo,sub-066,sub-001,RRT,0.028619459766767986
El espejo,sub-066,sub-095,RRT,0.007712652288350685
El espejo,sub-066,sub-012,RRT,0.0065484267927048605
El espejo,sub-066,sub-052,RRT,-0.00353992027514324
El espejo,sub-066,sub-094,RRT,0.04676014225533989
El espejo,sub-066,sub-088,RRT,-0.10996458066679946
El espejo,sub-066,sub-044,RRT,0.05712800825063541
El espejo,sub-066,sub-009,RRT,0.04095431038216466
El espejo,sub-066,sub-041,RRT,0.07836222971852189
El espejo,sub-066,sub-024,RRT,0.010369289558577938
El espejo,sub-066,sub-016,RRT,0.18807873621379093
El espejo,sub-066,sub-112,RRT,-0.03104855084327991
El espejo,sub-066,sub-058,RRT,0.14885039348143037
El espejo,sub-066,sub-018,RRT,-0.017075777104902365
El espejo,sub-066,sub-048,RRT,0.10840988495677438
El espejo,sub-066,sub-087,RRT,-0.022726826234465283
El espejo,sub-066,sub-091,RRT,0.023643113017089518
El espejo,sub-066,sub-083,RRT,0.06894742638713057
El espejo,sub-066,sub-065,RRT,0.15797492022938558
El espejo,sub-066,sub-077,RRT,0.11004649545791219
El espejo,sub-066,sub-039,RRT,0.11011240575926419
El espejo,sub-066,sub-053,RRT,0.15501611153778624
El espejo,sub-066,sub-075,RRT,0.041181795391991356
El espejo,sub-066,sub-060,RRT,-0.04317109987913318
El espejo,sub-066,sub-103,RRT,0.0883031423548681
El espejo,sub-066,sub-105,RRT,-0.007440886296146953
El espejo,sub-066,sub-064,RRT,-0.015943723902040075
El espejo,sub-066,sub-010,RRT,0.022632063699280544
El espejo,sub-066,sub-034,RRT,-0.09631939383368784
El espejo,sub-066,sub-002,RRT,-3.5772037095972137e-06
El espejo,sub-066,sub-085,RRT,0.08240440335742669
El espejo,sub-066,sub-021,RRT,-0.016357288259951242
El espejo,sub-066,sub-096,RRT,0.10344870415238795
El espejo,sub-066,sub-027,RRT,-0.04120570086697191
El espejo,sub-066,sub-006,RRT,0.11562158058949845
El espejo,sub-066,sub-066,RRT,1.0
El espejo,sub-066,sub-101,RRT,0.012924910887488912
El espejo,sub-066,sub-042,RRT,0.030582625455712123
El espejo,sub-066,sub-003,RRT,0.04690577596264136
El espejo,sub-066,sub-107,RRT,0.07301222885393593
El espejo,sub-066,sub-098,RRT,-0.06507001320798701
El espejo,sub-066,sub-086,RRT,0.10072542902078785
El espejo,sub-066,sub-013,RRT,-0.032144289955987816
El espejo,sub-066,sub-068,RRT,0.10868771674314527
El espejo,sub-101,sub-067,RRT,-0.010309962523286533
El espejo,sub-101,sub-054,RRT,0.14060286064769043
El espejo,sub-101,sub-078,RRT,0.15742408861855833
El espejo,sub-101,sub-046,RRT,0.008076263870753041
El espejo,sub-101,sub-097,RRT,0.17300690109742875
El espejo,sub-101,sub-079,RRT,0.08936337661791519
El espejo,sub-101,sub-028,RRT,0.10961678702106505
El espejo,sub-101,sub-089,RRT,0.07472160534059737
El espejo,sub-101,sub-109,RRT,0.13367300960591022
El espejo,sub-101,sub-070,RRT,0.06993749413512927
El espejo,sub-101,sub-111,RRT,0.1849698790465005
El espejo,sub-101,sub-073,RRT,0.06745448780902757
El espejo,sub-101,sub-001,RRT,0.0425080956678153
El espejo,sub-101,sub-095,RRT,0.21350758401414838
El espejo,sub-101,sub-012,RRT,0.035862076593552
El espejo,sub-101,sub-052,RRT,0.07095864606677646
El espejo,sub-101,sub-094,RRT,0.16414702311584714
El espejo,sub-101,sub-088,RRT,0.04412248389776708
El espejo,sub-101,sub-044,RRT,0.026664326603517096
El espejo,sub-101,sub-009,RRT,0.030131939277692497
El espejo,sub-101,sub-041,RRT,0.059816582011219845
El espejo,sub-101,sub-024,RRT,0.06902360908316765
El espejo,sub-101,sub-016,RRT,0.06402059026013418
El espejo,sub-101,sub-112,RRT,0.03368859126198151
El espejo,sub-101,sub-058,RRT,0.10825077316777725
El espejo,sub-101,sub-018,RRT,0.1689689864948354
El espejo,sub-101,sub-048,RRT,0.04505903215230551
El espejo,sub-101,sub-087,RRT,0.08740771124121384
El espejo,sub-101,sub-091,RRT,0.14290799396536646
El espejo,sub-101,sub-083,RRT,0.08232819280455803
El espejo,sub-101,sub-065,RRT,0.10899099947937173
El espejo,sub-101,sub-077,RRT,0.11313054436252688
El espejo,sub-101,sub-039,RRT,0.0021460849696839017
El espejo,sub-101,sub-053,RRT,0.059171745276581145
El espejo,sub-101,sub-075,RRT,0.0847863117103849
El espejo,sub-101,sub-060,RRT,0.16448541629649702
El espejo,sub-101,sub-103,RRT,0.1624344243211843
El espejo,sub-101,sub-105,RRT,0.036615163374798816
El espejo,sub-101,sub-064,RRT,0.13111578006990596
El espejo,sub-101,sub-010,RRT,0.07424354098944846
El espejo,sub-101,sub-034,RRT,0.16408036195036402
El espejo,sub-101,sub-002,RRT,0.13790052800950064
El espejo,sub-101,sub-085,RRT,0.034057991867714243
El espejo,sub-101,sub-021,RRT,0.042168225634867815
El espejo,sub-101,sub-096,RRT,0.1025839421078947
El espejo,sub-101,sub-027,RRT,0.15522742468477813
El espejo,sub-101,sub-006,RRT,-0.008129896558791183
El espejo,sub-101,sub-066,RRT,0.012924910887488912
El espejo,sub-101,sub-101,RRT,1.0
El espejo,sub-101,sub-042,RRT,0.1787917012990585
El espejo,sub-101,sub-003,RRT,0.0951145720970317
El espejo,sub-101,sub-107,RRT,0.09647973592638417
El espejo,sub-101,sub-098,RRT,0.0034183347746394774
El espejo,sub-101,sub-086,RRT,-0.06484461743537405
El espejo,sub-101,sub-013,RRT,0.03635460683947469
El espejo,sub-101,sub-068,RRT,0.14442943794942414
El espejo,sub-042,sub-067,RRT,0.05590764321337716
El espejo,sub-042,sub-054,RRT,0.0770662944225587
El espejo,sub-042,sub-078,RRT,0.1762130567221833
El espejo,sub-042,sub-046,RRT,0.09469924653208206
El espejo,sub-042,sub-097,RRT,0.22007586760277834
El espejo,sub-042,sub-079,RRT,0.1561277802010773
El espejo,sub-042,sub-028,RRT,0.10794301309107412
El espejo,sub-042,sub-089,RRT,0.06855138624205778
El espejo,sub-042,sub-109,RRT,0.05590002064926145
El espejo,sub-042,sub-070,RRT,0.1686509411378249
El espejo,sub-042,sub-111,RRT,0.1108941212931703
El espejo,sub-042,sub-073,RRT,0.08499302825300134
El espejo,sub-042,sub-001,RRT,0.11150536968483996
El espejo,sub-042,sub-095,RRT,0.24638499353494836
El espejo,sub-042,sub-012,RRT,0.05781590328514505
El espejo,sub-042,sub-052,RRT,0.19052549027477142
El espejo,sub-042,sub-094,RRT,0.14094029875069375
El espejo,sub-042,sub-088,RRT,0.04433555085402587
El espejo,sub-042,sub-044,RRT,0.09003594097317996
El espejo,sub-042,sub-009,RRT,0.1687444476181621
El espejo,sub-042,sub-041,RRT,0.11786158428977611
El espejo,sub-042,sub-024,RRT,0.03296751453515359
El espejo,sub-042,sub-016,RRT,0.11315616701052501
El espejo,sub-042,sub-112,RRT,0.22702889596391262
El espejo,sub-042,sub-058,RRT,0.11009957639552449
El espejo,sub-042,sub-018,RRT,0.06376512541199532
El espejo,sub-042,sub-048,RRT,0.05918815287322139
El espejo,sub-042,sub-087,RRT,0.24238014676257047
El espejo,sub-042,sub-091,RRT,0.24797946751083277
El espejo,sub-042,sub-083,RRT,0.03742745776402699
El espejo,sub-042,sub-065,RRT,0.1046012722826514
El espejo,sub-042,sub-077,RRT,0.15364897694155347
El espejo,sub-042,sub-039,RRT,0.0219016361871755
El espejo,sub-042,sub-053,RRT,-0.0077672313656951455
El espejo,sub-042,sub-075,RRT,0.1278105876171153
El espejo,sub-042,sub-060,RRT,0.13029611144421152
El espejo,sub-042,sub-103,RRT,0.14696295111825336
El espejo,sub-042,sub-105,RRT,0.13300282797607918
El espejo,sub-042,sub-064,RRT,0.0608310774468552
El espejo,sub-042,sub-010,RRT,0.08253650746652237
El espejo,sub-042,sub-034,RRT,0.048119445521538975
El espejo,sub-042,sub-002,RRT,0.14129696399056804
El espejo,sub-042,sub-085,RRT,0.12308543622159249
El espejo,sub-042,sub-021,RRT,0.07224762249775299
El espejo,sub-042,sub-096,RRT,0.12518414698397579
El espejo,sub-042,sub-027,RRT,0.050316958177566457
El espejo,sub-042,sub-006,RRT,0.06120544952913186
El espejo,sub-042,sub-066,RRT,0.030582625455712123
El espejo,sub-042,sub-101,RRT,0.17879170129905853
El espejo,sub-042,sub-042,RRT,1.0
El espejo,sub-042,sub-003,RRT,-0.016084080046144447
El espejo,sub-042,sub-107,RRT,0.14306880566095195
El espejo,sub-042,sub-098,RRT,0.010078868455784509
El espejo,sub-042,sub-086,RRT,-0.06795883777396636
El espejo,sub-042,sub-013,RRT,0.15020917078019008
El espejo,sub-042,sub-068,RRT,0.12012638408793405
El espejo,sub-003,sub-067,RRT,0.09553011292477613
El espejo,sub-003,sub-054,RRT,0.028608557678029313
El espejo,sub-003,sub-078,RRT,0.2167368416950767
El espejo,sub-003,sub-046,RRT,0.03153832368943251
El espejo,sub-003,sub-097,RRT,0.1116770156473635
El espejo,sub-003,sub-079,RRT,0.01930877711544471
El espejo,sub-003,sub-028,RRT,0.05921877283155568
El espejo,sub-003,sub-089,RRT,0.07766466442831828
El espejo,sub-003,sub-109,RRT,0.030443440242340455
El espejo,sub-003,sub-070,RRT,-0.016374505507062747
El espejo,sub-003,sub-111,RRT,0.07112860037958339
El espejo,sub-003,sub-073,RRT,0.08033089622130836
El espejo,sub-003,sub-001,RRT,0.09571237181744185
El espejo,sub-003,sub-095,RRT,0.15198936922769204
El espejo,sub-003,sub-012,RRT,0.03216792681468381
El espejo,sub-003,sub-052,RRT,0.038500504676516355
El espejo,sub-003,sub-094,RRT,0.07518961674710614
El espejo,sub-003,sub-088,RRT,0.028367301827327093
El espejo,sub-003,sub-044,RRT,0.0021458548350489406
El espejo,sub-003,sub-009,RRT,0.014464217148901318
El espejo,sub-003,sub-041,RRT,0.0017011252168692736
El espejo,sub-003,sub-024,RRT,0.042783911062775036
El espejo,sub-003,sub-016,RRT,0.05342350696819323
El espejo,sub-003,sub-112,RRT,0.09528710568273346
El espejo,sub-003,sub-058,RRT,0.12734155931274008
El espejo,sub-003,sub-018,RRT,0.040679930683473864
El espejo,sub-003,sub-048,RRT,0.11406815754652637
El espejo,sub-003,sub-087,RRT,0.06706338467436909
El espejo,sub-003,sub-091,RRT,0.021286561979741353
El espejo,sub-003,sub-083,RRT,0.12990517208802016
El espejo,sub-003,sub-065,RRT,0.011786983816794947
El espejo,sub-003,sub-077,RRT,0.11743725174009377
El espejo,sub-003,sub-039,RRT,-0.011516613839659504
El espejo,sub-003,sub-053,RRT,0.03694844442813524
El espejo,sub-003,sub-075,RRT,0.05690679940428419
El espejo,sub-003,sub-060,RRT,0.15451821225737858
El espejo,sub-003,sub-103,RRT,0.06477779812627264
El espejo,sub-003,sub-105,RRT,-0.054216904388442934
El espejo,sub-003,sub-064,RRT,0.042593151810035826
El espejo,sub-003,sub-010,RRT,0.005032522905137891
El espejo,sub-003,sub-034,RRT,0.07112991415642377
El espejo,sub-003,sub-002,RRT,0.02131968249620564
El espejo,sub-003,sub-085,RRT,0.13751170149441438
El espejo,sub-003,sub-021,RRT,-0.03619971389113778
El espejo,sub-003,sub-096,RRT,0.11860451800704501
El espejo,sub-003,sub-027,RRT,0.10263589371786938
El espejo,sub-003,sub-006,RRT,0.06505292563506944
El espejo,sub-003,sub-066,RRT,0.046905775962641366
El espejo,sub-003,sub-101,RRT,0.0951145720970317
El espejo,sub-003,sub-042,RRT,-0.016084080046144447
El espejo,sub-003,sub-003,RRT,1.0
El espejo,sub-003,sub-107,RRT,0.019122429752726242
El espejo,sub-003,sub-098,RRT,0.0732557140842733
El espejo,sub-003,sub-086,RRT,0.039338749913228256
El espejo,sub-003,sub-013,RRT,0.0646422051830247
El espejo,sub-003,sub-068,RRT,-0.026289908777504915
El espejo,sub-107,sub-067,RRT,0.04942282300867864
El espejo,sub-107,sub-054,RRT,-0.01286116211112631
El espejo,sub-107,sub-078,RRT,0.06603809294208354
El espejo,sub-107,sub-046,RRT,0.058575620259721725
El espejo,sub-107,sub-097,RRT,0.1167004867040748
El espejo,sub-107,sub-079,RRT,0.1280136375319755
El espejo,sub-107,sub-028,RRT,0.11808948565886931
El espejo,sub-107,sub-089,RRT,0.023035730202200694
El espejo,sub-107,sub-109,RRT,0.011713279590824733
El espejo,sub-107,sub-070,RRT,0.06791014666007889
El espejo,sub-107,sub-111,RRT,-0.012964138573448051
El espejo,sub-107,sub-073,RRT,0.10790979046652086
El espejo,sub-107,sub-001,RRT,0.12325366731979073
El espejo,sub-107,sub-095,RRT,0.055309251735885724
El espejo,sub-107,sub-012,RRT,0.08055177025703757
El espejo,sub-107,sub-052,RRT,0.012753716952718638
El espejo,sub-107,sub-094,RRT,0.09161751402720034
El espejo,sub-107,sub-088,RRT,-0.014788042523440969
El espejo,sub-107,sub-044,RRT,0.008319009824489104
El espejo,sub-107,sub-009,RRT,0.06085891030093491
El espejo,sub-107,sub-041,RRT,0.13640159589064557
El espejo,sub-107,sub-024,RRT,0.08924712926550597
El espejo,sub-107,sub-016,RRT,0.08058627035985659
El espejo,sub-107,sub-112,RRT,0.05026399758642326
El espejo,sub-107,sub-058,RRT,0.17116750746360088
El espejo,sub-107,sub-018,RRT,0.004685198320000255
El espejo,sub-107,sub-048,RRT,0.07255007456481061
El espejo,sub-107,sub-087,RRT,0.11674027603590224
El espejo,sub-107,sub-091,RRT,0.15868411154659628
El espejo,sub-107,sub-083,RRT,0.14711386473560925
El espejo,sub-107,sub-065,RRT,0.05010648903585727
El espejo,sub-107,sub-077,RRT,0.09975091774358924
El espejo,sub-107,sub-039,RRT,0.11525539486755118
El espejo,sub-107,sub-053,RRT,0.042551872808156234
El espejo,sub-107,sub-075,RRT,0.048727825779291384
El espejo,sub-107,sub-060,RRT,0.05616253924218297
El espejo,sub-107,sub-103,RRT,0.026279276230948726
El espejo,sub-107,sub-105,RRT,0.025798326708044612
El espejo,sub-107,sub-064,RRT,0.04941867998260462
El espejo,sub-107,sub-010,RRT,0.04759147551844829
El espejo,sub-107,sub-034,RRT,0.10301790586134157
El espejo,sub-107,sub-002,RRT,0.024755239231594
El espejo,sub-107,sub-085,RRT,0.08566781965465689
El espejo,sub-107,sub-021,RRT,0.058375973046425556
El espejo,sub-107,sub-096,RRT,0.04612255787991097
El espejo,sub-107,sub-027,RRT,0.10012127035628805
El espejo,sub-107,sub-006,RRT,0.1743513019974425
El espejo,sub-107,sub-066,RRT,0.07301222885393593
El espejo,sub-107,sub-101,RRT,0.09647973592638419
El espejo,sub-107,sub-042,RRT,0.14306880566095195
El espejo,sub-107,sub-003,RRT,0.019122429752726242
El espejo,sub-107,sub-107,RRT,1.0
El espejo,sub-107,sub-098,RRT,0.16216049847934974
El espejo,sub-107,sub-086,RRT,-0.02678643905958033
El espejo,sub-107,sub-013,RRT,0.08130379219734006
El espejo,sub-107,sub-068,RRT,0.050403698193437346
El espejo,sub-098,sub-067,RRT,0.07430901286197084
El espejo,sub-098,sub-054,RRT,0.01614645870626596
El espejo,sub-098,sub-078,RRT,0.039979960990174465
El espejo,sub-098,sub-046,RRT,0.09548148093870197
El espejo,sub-098,sub-097,RRT,0.06978665176311227
El espejo,sub-098,sub-079,RRT,0.23844442155762083
El espejo,sub-098,sub-028,RRT,0.06801265813783469
El espejo,sub-098,sub-089,RRT,0.008536467874850982
El espejo,sub-098,sub-109,RRT,-0.00958250538408091
El espejo,sub-098,sub-070,RRT,-0.04088198691149002
El espejo,sub-098,sub-111,RRT,0.05549811750270672
El espejo,sub-098,sub-073,RRT,0.08193832710709087
El espejo,sub-098,sub-001,RRT,0.04896875650601079
El espejo,sub-098,sub-095,RRT,0.01469624770751293
El espejo,sub-098,sub-012,RRT,-0.03837461429603815
El espejo,sub-098,sub-052,RRT,0.14812470623098528
El espejo,sub-098,sub-094,RRT,-0.01095487188419361
El espejo,sub-098,sub-088,RRT,0.11947748564856543
El espejo,sub-098,sub-044,RRT,0.04433698776618782
El espejo,sub-098,sub-009,RRT,0.1340452278542906
El espejo,sub-098,sub-041,RRT,0.15373336479008498
El espejo,sub-098,sub-024,RRT,0.009393554481630116
El espejo,sub-098,sub-016,RRT,0.04949017983994676
El espejo,sub-098,sub-112,RRT,0.004528854672049868
El espejo,sub-098,sub-058,RRT,0.22141824103255012
El espejo,sub-098,sub-018,RRT,-0.06547978693853364
El espejo,sub-098,sub-048,RRT,0.10396077609277365
El espejo,sub-098,sub-087,RRT,-0.0008995881262817441
El espejo,sub-098,sub-091,RRT,0.029238064409661275
El espejo,sub-098,sub-083,RRT,0.12482064839182883
El espejo,sub-098,sub-065,RRT,-0.012177461884117669
El espejo,sub-098,sub-077,RRT,0.0778474741090174
El espejo,sub-098,sub-039,RRT,-0.027347887179923477
El espejo,sub-098,sub-053,RRT,0.0030916009538945197
El espejo,sub-098,sub-075,RRT,-0.008387040054919866
El espejo,sub-098,sub-060,RRT,0.07680552143624872
El espejo,sub-098,sub-103,RRT,0.06548970244958452
El espejo,sub-098,sub-105,RRT,0.0630239455007963
El espejo,sub-098,sub-064,RRT,-0.045264598593367227
El espejo,sub-098,sub-010,RRT,-0.012350781434875146
El espejo,sub-098,sub-034,RRT,0.17845632620777904
El espejo,sub-098,sub-002,RRT,-0.03497289084903162
El espejo,sub-098,sub-085,RRT,0.11187311956990695
El espejo,sub-098,sub-021,RRT,-0.004274704917662523
El espejo,sub-098,sub-096,RRT,0.01806188919075778
El espejo,sub-098,sub-027,RRT,0.05060053625147864
El espejo,sub-098,sub-006,RRT,0.07959984118555062
El espejo,sub-098,sub-066,RRT,-0.06507001320798701
El espejo,sub-098,sub-101,RRT,0.0034183347746394774
El espejo,sub-098,sub-042,RRT,0.010078868455784509
El espejo,sub-098,sub-003,RRT,0.0732557140842733
El espejo,sub-098,sub-107,RRT,0.16216049847934974
El espejo,sub-098,sub-098,RRT,0.9999999999999999
El espejo,sub-098,sub-086,RRT,0.07055560410466706
El espejo,sub-098,sub-013,RRT,-0.044551363089260686
El espejo,sub-098,sub-068,RRT,-0.038781755926254526
El espejo,sub-086,sub-067,RRT,0.068437616848769
El espejo,sub-086,sub-054,RRT,0.07285367812328543
El espejo,sub-086,sub-078,RRT,-0.05705780677793138
El espejo,sub-086,sub-046,RRT,-0.022942716402797613
El espejo,sub-086,sub-097,RRT,0.13415649831953744
El espejo,sub-086,sub-079,RRT,-0.012921897813808694
El espejo,sub-086,sub-028,RRT,0.031005503212296788
El espejo,sub-086,sub-089,RRT,0.04753224679950681
El espejo,sub-086,sub-109,RRT,-0.0498441443368676
El espejo,sub-086,sub-070,RRT,0.04876159257785626
El espejo,sub-086,sub-111,RRT,-0.06672677853892654
El espejo,sub-086,sub-073,RRT,0.055890587342818425
El espejo,sub-086,sub-001,RRT,-0.027355273224107954
El espejo,sub-086,sub-095,RRT,-0.09024000306227743
El espejo,sub-086,sub-012,RRT,0.02573494180507908
El espejo,sub-086,sub-052,RRT,-0.031066591521205226
El espejo,sub-086,sub-094,RRT,-0.03978326722443881
El espejo,sub-086,sub-088,RRT,-0.0829294228495461
El espejo,sub-086,sub-044,RRT,0.03093718346223753
El espejo,sub-086,sub-009,RRT,-0.048738480427780305
El espejo,sub-086,sub-041,RRT,0.021186828403951103
El espejo,sub-086,sub-024,RRT,0.1604153206019801
El espejo,sub-086,sub-016,RRT,-0.014976345618138567
El espejo,sub-086,sub-112,RRT,-0.007273803419257062
El espejo,sub-086,sub-058,RRT,0.014279109767937382
El espejo,sub-086,sub-018,RRT,0.023365262513579593
El espejo,sub-086,sub-048,RRT,-0.046946821274618286
El espejo,sub-086,sub-087,RRT,0.024150185134007542
El espejo,sub-086,sub-091,RRT,-0.15489854577595272
El espejo,sub-086,sub-083,RRT,0.15760324894773037
El espejo,sub-086,sub-065,RRT,0.0061674644806487605
El espejo,sub-086,sub-077,RRT,0.09458290590459364
El espejo,sub-086,sub-039,RRT,0.041475408668091636
El espejo,sub-086,sub-053,RRT,-0.03342661934728289
El espejo,sub-086,sub-075,RRT,0.18098326518821778
El espejo,sub-086,sub-060,RRT,0.005186532476051776
El espejo,sub-086,sub-103,RRT,0.030540957051464514
El espejo,sub-086,sub-105,RRT,-0.09519679051344618
El espejo,sub-086,sub-064,RRT,-0.04128311237469769
El espejo,sub-086,sub-010,RRT,-0.02353214357531276
El espejo,sub-086,sub-034,RRT,0.17169553374930138
El espejo,sub-086,sub-002,RRT,-0.062415144474620356
El espejo,sub-086,sub-085,RRT,0.06954222855090648
El espejo,sub-086,sub-021,RRT,-0.08789423973326177
El espejo,sub-086,sub-096,RRT,0.0987011515464995
El espejo,sub-086,sub-027,RRT,-0.032375742726859946
El espejo,sub-086,sub-006,RRT,0.040519012489006745
El espejo,sub-086,sub-066,RRT,0.10072542902078786
El espejo,sub-086,sub-101,RRT,-0.06484461743537405
El espejo,sub-086,sub-042,RRT,-0.06795883777396637
El espejo,sub-086,sub-003,RRT,0.039338749913228256
El espejo,sub-086,sub-107,RRT,-0.026786439059580332
El espejo,sub-086,sub-098,RRT,0.07055560410466707
El espejo,sub-086,sub-086,RRT,0.9999999999999998
El espejo,sub-086,sub-013,RRT,-0.12145592717761236
El espejo,sub-086,sub-068,RRT,0.0387567023924483
El espejo,sub-013,sub-067,RRT,0.0028229044714532425
El espejo,sub-013,sub-054,RRT,0.12460240582854028
El espejo,sub-013,sub-078,RRT,0.08771349714832578
El espejo,sub-013,sub-046,RRT,0.15268827329359932
El espejo,sub-013,sub-097,RRT,0.114389319472546
El espejo,sub-013,sub-079,RRT,0.0647845266229321
El espejo,sub-013,sub-028,RRT,0.10772510454248102
El espejo,sub-013,sub-089,RRT,-0.007238182267082164
El espejo,sub-013,sub-109,RRT,0.0019298786318920921
El espejo,sub-013,sub-070,RRT,0.09913759725917508
El espejo,sub-013,sub-111,RRT,0.03666386544804781
El espejo,sub-013,sub-073,RRT,-0.040323680231405486
El espejo,sub-013,sub-001,RRT,0.011965793058795086
El espejo,sub-013,sub-095,RRT,0.225280081768681
El espejo,sub-013,sub-012,RRT,0.012813232242680272
El espejo,sub-013,sub-052,RRT,0.06826206863098193
El espejo,sub-013,sub-094,RRT,0.04225539537936256
El espejo,sub-013,sub-088,RRT,0.08973488550180109
El espejo,sub-013,sub-044,RRT,-0.014538934081250924
El espejo,sub-013,sub-009,RRT,0.07289730627878545
El espejo,sub-013,sub-041,RRT,-0.02033525821148485
El espejo,sub-013,sub-024,RRT,0.05009179726183827
El espejo,sub-013,sub-016,RRT,0.06952275991569855
El espejo,sub-013,sub-112,RRT,0.04962593677267932
El espejo,sub-013,sub-058,RRT,0.03653667494899972
El espejo,sub-013,sub-018,RRT,0.06523061689718444
El espejo,sub-013,sub-048,RRT,0.0686820579509126
El espejo,sub-013,sub-087,RRT,0.08201092210863713
El espejo,sub-013,sub-091,RRT,0.199939082997229
El espejo,sub-013,sub-083,RRT,0.005831827921215004
El espejo,sub-013,sub-065,RRT,-0.02247968636502271
El espejo,sub-013,sub-077,RRT,-0.0003814165472009435
El espejo,sub-013,sub-039,RRT,-0.0006516850554338484
El espejo,sub-013,sub-053,RRT,-0.04496106073318916
El espejo,sub-013,sub-075,RRT,0.05700407572595703
El espejo,sub-013,sub-060,RRT,0.09623699230434031
El espejo,sub-013,sub-103,RRT,0.10729688180032419
El espejo,sub-013,sub-105,RRT,0.04372763583740253
El espejo,sub-013,sub-064,RRT,-0.0037079384284218254
El espejo,sub-013,sub-010,RRT,0.04077197927056957
El espejo,sub-013,sub-034,RRT,0.05382648509592169
El espejo,sub-013,sub-002,RRT,0.017683925745949913
El espejo,sub-013,sub-085,RRT,0.09059238854956786
El espejo,sub-013,sub-021,RRT,0.01116194592347783
El espejo,sub-013,sub-096,RRT,0.034897609564734776
El espejo,sub-013,sub-027,RRT,-0.02346173172559787
El espejo,sub-013,sub-006,RRT,0.019546274530856268
El espejo,sub-013,sub-066,RRT,-0.03214428995598781
El espejo,sub-013,sub-101,RRT,0.036354606839474696
El espejo,sub-013,sub-042,RRT,0.15020917078019008
El espejo,sub-013,sub-003,RRT,0.06464220518302471
El espejo,sub-013,sub-107,RRT,0.08130379219734006
El espejo,sub-013,sub-098,RRT,-0.04455136308926068
El espejo,sub-013,sub-086,RRT,-0.12145592717761236
El espejo,sub-013,sub-013,RRT,1.0
El espejo,sub-013,sub-068,RRT,-0.0815251339701518
El espejo,sub-068,sub-067,RRT,-0.02162793064508747
El espejo,sub-068,sub-054,RRT,0.02062383937629226
El espejo,sub-068,sub-078,RRT,0.08647834271459662
El espejo,sub-068,sub-046,RRT,0.04376607220660427
El espejo,sub-068,sub-097,RRT,0.1304212941911228
El espejo,sub-068,sub-079,RRT,0.08907663826018437
El espejo,sub-068,sub-028,RRT,0.07068298505464457
El espejo,sub-068,sub-089,RRT,0.05465364884389555
El espejo,sub-068,sub-109,RRT,0.07645002069250748
El espejo,sub-068,sub-070,RRT,-0.05182347601183854
El espejo,sub-068,sub-111,RRT,0.12716675965870397
El espejo,sub-068,sub-073,RRT,0.07453055542455302
El espejo,sub-068,sub-001,RRT,0.1468292827628692
El espejo,sub-068,sub-095,RRT,0.06900463350104946
El espejo,sub-068,sub-012,RRT,-0.025308506160802133
El espejo,sub-068,sub-052,RRT,0.06160234907650588
El espejo,sub-068,sub-094,RRT,0.11822749381407663
El espejo,sub-068,sub-088,RRT,-0.060500650179436705
El espejo,sub-068,sub-044,RRT,0.03943563390135684
El espejo,sub-068,sub-009,RRT,0.1087532713734827
El espejo,sub-068,sub-041,RRT,0.14069531911534658
El espejo,sub-068,sub-024,RRT,0.06173266012868206
El espejo,sub-068,sub-016,RRT,0.05970138303646185
El espejo,sub-068,sub-112,RRT,0.08183401706742655
El espejo,sub-068,sub-058,RRT,0.1720606447404414
El espejo,sub-068,sub-018,RRT,0.058937768890632077
El espejo,sub-068,sub-048,RRT,0.07055802138830974
El espejo,sub-068,sub-087,RRT,0.07380488198018863
El espejo,sub-068,sub-091,RRT,0.06128559850175921
El espejo,sub-068,sub-083,RRT,0.060205529504321224
El espejo,sub-068,sub-065,RRT,0.2835204439646559
El espejo,sub-068,sub-077,RRT,0.08006265356233763
El espejo,sub-068,sub-039,RRT,0.07733239970602436
El espejo,sub-068,sub-053,RRT,0.09993155973958844
El espejo,sub-068,sub-075,RRT,0.014650551500457435
El espejo,sub-068,sub-060,RRT,0.03630793034855255
El espejo,sub-068,sub-103,RRT,0.20264497980349214
El espejo,sub-068,sub-105,RRT,0.00989780759912585
El espejo,sub-068,sub-064,RRT,0.03046780570102143
El espejo,sub-068,sub-010,RRT,0.060567763629055665
El espejo,sub-068,sub-034,RRT,0.03718116909530199
El espejo,sub-068,sub-002,RRT,0.12395383819559251
El espejo,sub-068,sub-085,RRT,0.06740876004279554
El espejo,sub-068,sub-021,RRT,0.014882337628741608
El espejo,sub-068,sub-096,RRT,0.029130965642603396
El espejo,sub-068,sub-027,RRT,0.04849327827199625
El espejo,sub-068,sub-006,RRT,0.042740752669880096
El espejo,sub-068,sub-066,RRT,0.10868771674314527
El espejo,sub-068,sub-101,RRT,0.14442943794942414
El espejo,sub-068,sub-042,RRT,0.12012638408793405
El espejo,sub-068,sub-003,RRT,-0.026289908777504912
El espejo,sub-068,sub-107,RRT,0.050403698193437346
El espejo,sub-068,sub-098,RRT,-0.038781755926254526
El espejo,sub-068,sub-086,RRT,0.0387567023924483
El espejo,sub-068,sub-013,RRT,-0.0815251339701518
El espejo,sub-068,sub-068,RRT,1.0
