subject_1,subject_2,measure,correlation
sub-067,sub-054,FFD,0.2301626601346496
sub-067,sub-078,FFD,0.2064120707737486
sub-067,sub-046,FFD,0.2556602244393795
sub-067,sub-097,FFD,0.25205665894758655
sub-067,sub-079,FFD,0.30357168778324833
sub-067,sub-028,FFD,0.2733308621613589
sub-067,sub-089,FFD,0.2709809166466527
sub-067,sub-109,FFD,0.3190028455636268
sub-067,sub-070,FFD,0.14680839114800281
sub-067,sub-111,FFD,0.22997848481414307
sub-067,sub-073,FFD,0.1822981297879522
sub-067,sub-001,FFD,0.23817948044951828
sub-067,sub-095,FFD,0.24061181155532904
sub-067,sub-012,FFD,0.14818371994133156
sub-067,sub-052,FFD,0.2078872863200576
sub-067,sub-094,FFD,0.20519464122480788
sub-067,sub-088,FFD,0.08772503382735247
sub-067,sub-044,FFD,0.22528856205294734
sub-067,sub-009,FFD,0.1426026511100336
sub-067,sub-041,FFD,0.2976063056508356
sub-067,sub-024,FFD,0.131046565586045
sub-067,sub-016,FFD,0.18287459583693005
sub-067,sub-112,FFD,0.24583335284325888
sub-067,sub-058,FFD,0.1855444548008733
sub-067,sub-018,FFD,0.20093500236108308
sub-067,sub-048,FFD,0.20160125460293915
sub-067,sub-087,FFD,0.1557062078287088
sub-067,sub-091,FFD,0.28104041286614817
sub-067,sub-083,FFD,0.3485385019227139
sub-067,sub-065,FFD,0.2731727291558734
sub-067,sub-077,FFD,0.20867913927382845
sub-067,sub-039,FFD,0.19889823251482655
sub-067,sub-053,FFD,0.15326319401701377
sub-067,sub-075,FFD,0.2457687637956303
sub-067,sub-060,FFD,0.22049620022486394
sub-067,sub-103,FFD,0.1960013710375052
sub-067,sub-105,FFD,0.16161168267302473
sub-067,sub-064,FFD,0.2410637023956658
sub-067,sub-010,FFD,0.03772682753255767
sub-067,sub-034,FFD,0.2847340044689698
sub-067,sub-002,FFD,0.24444581973630303
sub-067,sub-085,FFD,0.21082683320895557
sub-067,sub-021,FFD,0.07424250813102881
sub-067,sub-096,FFD,0.2579398422463987
sub-067,sub-027,FFD,0.21917949484984417
sub-067,sub-006,FFD,0.2196243351479093
sub-067,sub-066,FFD,0.2352468753440043
sub-067,sub-101,FFD,0.18874861486989017
sub-067,sub-042,FFD,0.18593059445879115
sub-067,sub-003,FFD,0.2768273736370729
sub-067,sub-107,FFD,0.2519064117253425
sub-067,sub-098,FFD,0.20316824141954043
sub-067,sub-086,FFD,0.11922493070593736
sub-067,sub-013,FFD,0.25207105545955155
sub-067,sub-068,FFD,0.27903931405622034
sub-054,sub-078,FFD,0.21167995055131683
sub-054,sub-046,FFD,0.1942471539306539
sub-054,sub-097,FFD,0.1670894595536355
sub-054,sub-079,FFD,0.2172802579046202
sub-054,sub-028,FFD,0.2851003107450619
sub-054,sub-089,FFD,0.22135221984675332
sub-054,sub-109,FFD,0.24239260093070758
sub-054,sub-070,FFD,0.15120163931303116
sub-054,sub-111,FFD,0.15169982965960568
sub-054,sub-073,FFD,0.12969166601651078
sub-054,sub-001,FFD,0.13687308529182482
sub-054,sub-095,FFD,0.18774751664444747
sub-054,sub-012,FFD,0.09401291919045879
sub-054,sub-052,FFD,0.24992320315679778
sub-054,sub-094,FFD,0.21184750749630613
sub-054,sub-088,FFD,-0.029206207724734427
sub-054,sub-044,FFD,0.2098080499438391
sub-054,sub-009,FFD,0.13071476888041628
sub-054,sub-041,FFD,0.2624164341818989
sub-054,sub-024,FFD,0.15218223112958607
sub-054,sub-016,FFD,0.24083622187292947
sub-054,sub-112,FFD,0.21593530380040699
sub-054,sub-058,FFD,0.18136504855349714
sub-054,sub-018,FFD,0.10814841873498332
sub-054,sub-048,FFD,0.16550427110628738
sub-054,sub-087,FFD,0.16668275263661445
sub-054,sub-091,FFD,0.20484750293628234
sub-054,sub-083,FFD,0.1979733984242525
sub-054,sub-065,FFD,0.19367232036046073
sub-054,sub-077,FFD,0.09059766723156784
sub-054,sub-039,FFD,0.18068894600656404
sub-054,sub-053,FFD,0.2053515955492598
sub-054,sub-075,FFD,0.1738227536530824
sub-054,sub-060,FFD,0.17335364393172484
sub-054,sub-103,FFD,0.18644629118367223
sub-054,sub-105,FFD,0.13273160953203247
sub-054,sub-064,FFD,0.19227200827715935
sub-054,sub-010,FFD,0.08897062920975306
sub-054,sub-034,FFD,0.27842525591231154
sub-054,sub-002,FFD,0.18289076214601843
sub-054,sub-085,FFD,0.19007171063850525
sub-054,sub-021,FFD,0.17387980554754823
sub-054,sub-096,FFD,0.1797586145829513
sub-054,sub-027,FFD,0.09359845646700224
sub-054,sub-006,FFD,0.18187343470560788
sub-054,sub-066,FFD,0.20637270749579872
sub-054,sub-101,FFD,0.2448322729809066
sub-054,sub-042,FFD,0.19164988581921313
sub-054,sub-003,FFD,0.26258306797425246
sub-054,sub-107,FFD,0.20704075852342363
sub-054,sub-098,FFD,0.25752758216201543
sub-054,sub-086,FFD,0.11455830770187198
sub-054,sub-013,FFD,0.13489563032910026
sub-054,sub-068,FFD,0.19574414913675636
sub-078,sub-046,FFD,0.24780079988160936
sub-078,sub-097,FFD,0.2739712436914094
sub-078,sub-079,FFD,0.2683018084254888
sub-078,sub-028,FFD,0.26242622706419616
sub-078,sub-089,FFD,0.337481864222286
sub-078,sub-109,FFD,0.33076240424013
sub-078,sub-070,FFD,0.18632059335733653
sub-078,sub-111,FFD,0.2848467205888351
sub-078,sub-073,FFD,0.2225541242966309
sub-078,sub-001,FFD,0.24864120512665158
sub-078,sub-095,FFD,0.28797041344622976
sub-078,sub-012,FFD,0.09381526269306753
sub-078,sub-052,FFD,0.2775879648193127
sub-078,sub-094,FFD,0.31545226246687696
sub-078,sub-088,FFD,0.031092877151736417
sub-078,sub-044,FFD,0.23921458449833116
sub-078,sub-009,FFD,0.28334915145320516
sub-078,sub-041,FFD,0.33563845151804356
sub-078,sub-024,FFD,0.12104009893826403
sub-078,sub-016,FFD,0.21920732089621275
sub-078,sub-112,FFD,0.24889924889381096
sub-078,sub-058,FFD,0.21794048174523634
sub-078,sub-018,FFD,0.23931625412463903
sub-078,sub-048,FFD,0.2630516552847558
sub-078,sub-087,FFD,0.2541749566579321
sub-078,sub-091,FFD,0.30911228566008003
sub-078,sub-083,FFD,0.36242441164214917
sub-078,sub-065,FFD,0.2912112531436031
sub-078,sub-077,FFD,0.15780235271143303
sub-078,sub-039,FFD,0.20714927715319506
sub-078,sub-053,FFD,0.1971337881973342
sub-078,sub-075,FFD,0.2912787758105983
sub-078,sub-060,FFD,0.31042275730276014
sub-078,sub-103,FFD,0.26309999211506024
sub-078,sub-105,FFD,0.19226900916238623
sub-078,sub-064,FFD,0.20508008655472468
sub-078,sub-010,FFD,0.11308361124326398
sub-078,sub-034,FFD,0.2940777471743113
sub-078,sub-002,FFD,0.24896041680690892
sub-078,sub-085,FFD,0.28383656538105806
sub-078,sub-021,FFD,0.10539993906400459
sub-078,sub-096,FFD,0.32563224935808244
sub-078,sub-027,FFD,0.1646476572290107
sub-078,sub-006,FFD,0.22149554267911173
sub-078,sub-066,FFD,0.24877407148622266
sub-078,sub-101,FFD,0.24028909623037498
sub-078,sub-042,FFD,0.22316794098399503
sub-078,sub-003,FFD,0.3092284737600986
sub-078,sub-107,FFD,0.24250825071923804
sub-078,sub-098,FFD,0.25100247304300943
sub-078,sub-086,FFD,0.18626768092251572
sub-078,sub-013,FFD,0.20574859912246504
sub-078,sub-068,FFD,0.3243514681838153
sub-046,sub-097,FFD,0.3175827973616875
sub-046,sub-079,FFD,0.32800893751682475
sub-046,sub-028,FFD,0.2893537347145425
sub-046,sub-089,FFD,0.3659136281294092
sub-046,sub-109,FFD,0.3695421538392777
sub-046,sub-070,FFD,0.1515103794858963
sub-046,sub-111,FFD,0.2654684509391521
sub-046,sub-073,FFD,0.2658870519581547
sub-046,sub-001,FFD,0.3267946194413353
sub-046,sub-095,FFD,0.2957472675205
sub-046,sub-012,FFD,0.10261633031112158
sub-046,sub-052,FFD,0.21762850697766217
sub-046,sub-094,FFD,0.1800173487862674
sub-046,sub-088,FFD,0.15418920280088952
sub-046,sub-044,FFD,0.3864494797489834
sub-046,sub-009,FFD,0.34526380392761546
sub-046,sub-041,FFD,0.2750566585682789
sub-046,sub-024,FFD,0.056567416994919406
sub-046,sub-016,FFD,0.12074859308462962
sub-046,sub-112,FFD,0.4147892598104223
sub-046,sub-058,FFD,0.25603006071156015
sub-046,sub-018,FFD,0.17468717442900092
sub-046,sub-048,FFD,0.1608872226665678
sub-046,sub-087,FFD,0.2955896373847095
sub-046,sub-091,FFD,0.3350641146837114
sub-046,sub-083,FFD,0.28870092750329734
sub-046,sub-065,FFD,0.2756604230595421
sub-046,sub-077,FFD,0.15284434748194045
sub-046,sub-039,FFD,0.31896607797051696
sub-046,sub-053,FFD,0.05984977247169552
sub-046,sub-075,FFD,0.22584761353276653
sub-046,sub-060,FFD,0.2872108460373886
sub-046,sub-103,FFD,0.25141729857057493
sub-046,sub-105,FFD,0.10039559293312458
sub-046,sub-064,FFD,0.20947164266430637
sub-046,sub-010,FFD,0.017074923823736602
sub-046,sub-034,FFD,0.15090846127645738
sub-046,sub-002,FFD,0.26846520656444406
sub-046,sub-085,FFD,0.3448805950912162
sub-046,sub-021,FFD,0.29994092022539837
sub-046,sub-096,FFD,0.28698006094979467
sub-046,sub-027,FFD,0.32344272707696936
sub-046,sub-006,FFD,0.37304805740595715
sub-046,sub-066,FFD,0.2950405751197216
sub-046,sub-101,FFD,0.17740327566666403
sub-046,sub-042,FFD,0.3731460693737295
sub-046,sub-003,FFD,0.3467268967597049
sub-046,sub-107,FFD,0.3236822384556686
sub-046,sub-098,FFD,0.20362173013987794
sub-046,sub-086,FFD,0.08073480615239227
sub-046,sub-013,FFD,0.20989521965672508
sub-046,sub-068,FFD,0.24290892398891492
sub-097,sub-079,FFD,0.3979937807570342
sub-097,sub-028,FFD,0.34127333555443756
sub-097,sub-089,FFD,0.4280976861469739
sub-097,sub-109,FFD,0.4526640862591128
sub-097,sub-070,FFD,0.16423875958680265
sub-097,sub-111,FFD,0.3065790371120888
sub-097,sub-073,FFD,0.3110730155125273
sub-097,sub-001,FFD,0.37984463478708824
sub-097,sub-095,FFD,0.3547047846025204
sub-097,sub-012,FFD,0.1301795111840622
sub-097,sub-052,FFD,0.24307966166177508
sub-097,sub-094,FFD,0.26889053010531033
sub-097,sub-088,FFD,0.10857393333914767
sub-097,sub-044,FFD,0.3866746101332041
sub-097,sub-009,FFD,0.2527295182257567
sub-097,sub-041,FFD,0.3584740567892895
sub-097,sub-024,FFD,0.18275585014820458
sub-097,sub-016,FFD,0.17073235818766574
sub-097,sub-112,FFD,0.3641070324331824
sub-097,sub-058,FFD,0.3628807882311259
sub-097,sub-018,FFD,0.2104322188457911
sub-097,sub-048,FFD,0.24548635982641442
sub-097,sub-087,FFD,0.36202654112166904
sub-097,sub-091,FFD,0.38480877361804716
sub-097,sub-083,FFD,0.42182360300733945
sub-097,sub-065,FFD,0.36509861527499976
sub-097,sub-077,FFD,0.17100348212495559
sub-097,sub-039,FFD,0.27534502101915165
sub-097,sub-053,FFD,0.1183925122272745
sub-097,sub-075,FFD,0.25189490793108466
sub-097,sub-060,FFD,0.3331773652819516
sub-097,sub-103,FFD,0.32472300985806346
sub-097,sub-105,FFD,0.2210898402144479
sub-097,sub-064,FFD,0.18958734044062112
sub-097,sub-010,FFD,0.06486566808096644
sub-097,sub-034,FFD,0.337059442591143
sub-097,sub-002,FFD,0.28251997710882565
sub-097,sub-085,FFD,0.30531290587070253
sub-097,sub-021,FFD,0.1965588866978846
sub-097,sub-096,FFD,0.3443904840865786
sub-097,sub-027,FFD,0.31466428241259176
sub-097,sub-006,FFD,0.3367820701794655
sub-097,sub-066,FFD,0.3538935191366354
sub-097,sub-101,FFD,0.22745085220654815
sub-097,sub-042,FFD,0.41107352858739404
sub-097,sub-003,FFD,0.3397999918183038
sub-097,sub-107,FFD,0.2878446814433228
sub-097,sub-098,FFD,0.3179646661809911
sub-097,sub-086,FFD,0.1021995576012397
sub-097,sub-013,FFD,0.27534936912840824
sub-097,sub-068,FFD,0.3547399589761618
sub-079,sub-028,FFD,0.3126902410360822
sub-079,sub-089,FFD,0.3278327301244739
sub-079,sub-109,FFD,0.4682467104033706
sub-079,sub-070,FFD,0.09629073961357226
sub-079,sub-111,FFD,0.27637861490637694
sub-079,sub-073,FFD,0.263225563968639
sub-079,sub-001,FFD,0.3699305513566453
sub-079,sub-095,FFD,0.43894701292436733
sub-079,sub-012,FFD,0.17519125498119703
sub-079,sub-052,FFD,0.2772208888913451
sub-079,sub-094,FFD,0.3022618804271649
sub-079,sub-088,FFD,0.19353306614065804
sub-079,sub-044,FFD,0.38997069779195
sub-079,sub-009,FFD,0.3072384010148298
sub-079,sub-041,FFD,0.36316304167073094
sub-079,sub-024,FFD,0.15441582072699747
sub-079,sub-016,FFD,0.22270796060443504
sub-079,sub-112,FFD,0.32192479468304985
sub-079,sub-058,FFD,0.39691177479648965
sub-079,sub-018,FFD,0.21589371402719912
sub-079,sub-048,FFD,0.2234509934390498
sub-079,sub-087,FFD,0.28734724168791564
sub-079,sub-091,FFD,0.3748175590926501
sub-079,sub-083,FFD,0.43481583725265543
sub-079,sub-065,FFD,0.3524902144798871
sub-079,sub-077,FFD,0.2992479171639676
sub-079,sub-039,FFD,0.28682359161112414
sub-079,sub-053,FFD,0.160288265537876
sub-079,sub-075,FFD,0.2671777140207622
sub-079,sub-060,FFD,0.3444267390975556
sub-079,sub-103,FFD,0.3372094131613418
sub-079,sub-105,FFD,0.1913842877604952
sub-079,sub-064,FFD,0.24051172071344556
sub-079,sub-010,FFD,0.04959771387874258
sub-079,sub-034,FFD,0.2867902510115436
sub-079,sub-002,FFD,0.32104543714134093
sub-079,sub-085,FFD,0.306498430015958
sub-079,sub-021,FFD,0.2779492854352855
sub-079,sub-096,FFD,0.427065113951286
sub-079,sub-027,FFD,0.38991452937595444
sub-079,sub-006,FFD,0.3359631466960205
sub-079,sub-066,FFD,0.30768308532577965
sub-079,sub-101,FFD,0.24366332304348037
sub-079,sub-042,FFD,0.41409194874591043
sub-079,sub-003,FFD,0.43560416946394914
sub-079,sub-107,FFD,0.29053659643087343
sub-079,sub-098,FFD,0.2864603455962867
sub-079,sub-086,FFD,0.13429098362308678
sub-079,sub-013,FFD,0.262157939202382
sub-079,sub-068,FFD,0.37251732999747755
sub-028,sub-089,FFD,0.3361345384933933
sub-028,sub-109,FFD,0.35367313732204236
sub-028,sub-070,FFD,0.15086475597302554
sub-028,sub-111,FFD,0.1945048439607446
sub-028,sub-073,FFD,0.20168453039716772
sub-028,sub-001,FFD,0.33717850308669306
sub-028,sub-095,FFD,0.35539875588015823
sub-028,sub-012,FFD,0.13258252453725802
sub-028,sub-052,FFD,0.30171664499310136
sub-028,sub-094,FFD,0.28827383227928144
sub-028,sub-088,FFD,0.19343448301337873
sub-028,sub-044,FFD,0.3491641620171029
sub-028,sub-009,FFD,0.1656260039214725
sub-028,sub-041,FFD,0.33728849724037924
sub-028,sub-024,FFD,0.13459745175998808
sub-028,sub-016,FFD,0.2357444399762895
sub-028,sub-112,FFD,0.35365888858279787
sub-028,sub-058,FFD,0.32900406199423454
sub-028,sub-018,FFD,0.24762522902233122
sub-028,sub-048,FFD,0.2592628713649714
sub-028,sub-087,FFD,0.2543036304327017
sub-028,sub-091,FFD,0.35713651102050803
sub-028,sub-083,FFD,0.3471897176671231
sub-028,sub-065,FFD,0.3029221627227835
sub-028,sub-077,FFD,0.17153985662092672
sub-028,sub-039,FFD,0.21645998727167784
sub-028,sub-053,FFD,0.16615548687929727
sub-028,sub-075,FFD,0.25724359498730953
sub-028,sub-060,FFD,0.3926107388010497
sub-028,sub-103,FFD,0.3219682898379108
sub-028,sub-105,FFD,0.23788185942243428
sub-028,sub-064,FFD,0.2752862972703382
sub-028,sub-010,FFD,0.10847843683974401
sub-028,sub-034,FFD,0.34278161218243663
sub-028,sub-002,FFD,0.26848768470573425
sub-028,sub-085,FFD,0.2715030298773473
sub-028,sub-021,FFD,0.19857017302006516
sub-028,sub-096,FFD,0.3221347882417828
sub-028,sub-027,FFD,0.2922283692698489
sub-028,sub-006,FFD,0.3511199773148025
sub-028,sub-066,FFD,0.33850559246456235
sub-028,sub-101,FFD,0.26909647806313763
sub-028,sub-042,FFD,0.2989192954374698
sub-028,sub-003,FFD,0.3518802909220061
sub-028,sub-107,FFD,0.2922430674383001
sub-028,sub-098,FFD,0.30972554505794003
sub-028,sub-086,FFD,0.09570636238246909
sub-028,sub-013,FFD,0.23931496540759162
sub-028,sub-068,FFD,0.30488166813662354
sub-089,sub-109,FFD,0.46597331188597657
sub-089,sub-070,FFD,0.13869673070176097
sub-089,sub-111,FFD,0.3427812729209654
sub-089,sub-073,FFD,0.28428429108052977
sub-089,sub-001,FFD,0.41840163752302745
sub-089,sub-095,FFD,0.38711607635763984
sub-089,sub-012,FFD,0.09737947926123572
sub-089,sub-052,FFD,0.2502566172385738
sub-089,sub-094,FFD,0.23355655976645326
sub-089,sub-088,FFD,0.11588529902830551
sub-089,sub-044,FFD,0.3728237782998427
sub-089,sub-009,FFD,0.3726937629650742
sub-089,sub-041,FFD,0.31708244095201804
sub-089,sub-024,FFD,0.11233121347109408
sub-089,sub-016,FFD,0.13044415343582874
sub-089,sub-112,FFD,0.44037160401576675
sub-089,sub-058,FFD,0.36360126288758093
sub-089,sub-018,FFD,0.2968209763060289
sub-089,sub-048,FFD,0.2318737781108654
sub-089,sub-087,FFD,0.3616516743477565
sub-089,sub-091,FFD,0.34669497883529665
sub-089,sub-083,FFD,0.35957755136122516
sub-089,sub-065,FFD,0.3407294245648594
sub-089,sub-077,FFD,0.15371309381555662
sub-089,sub-039,FFD,0.30092408003736343
sub-089,sub-053,FFD,0.15737178137142055
sub-089,sub-075,FFD,0.2015869336653297
sub-089,sub-060,FFD,0.3155902909528919
sub-089,sub-103,FFD,0.3728405787894151
sub-089,sub-105,FFD,0.164726087951877
sub-089,sub-064,FFD,0.24804951938826747
sub-089,sub-010,FFD,0.010991568409179623
sub-089,sub-034,FFD,0.25085918250569605
sub-089,sub-002,FFD,0.35740392786975433
sub-089,sub-085,FFD,0.3708757557301242
sub-089,sub-021,FFD,0.20766259637583875
sub-089,sub-096,FFD,0.35842121252257414
sub-089,sub-027,FFD,0.2796909235213283
sub-089,sub-006,FFD,0.35393219083532007
sub-089,sub-066,FFD,0.2744454179136987
sub-089,sub-101,FFD,0.20529619321245612
sub-089,sub-042,FFD,0.3978735836413718
sub-089,sub-003,FFD,0.3787141098200564
sub-089,sub-107,FFD,0.2987039331393669
sub-089,sub-098,FFD,0.32408231426181594
sub-089,sub-086,FFD,0.1619631248307225
sub-089,sub-013,FFD,0.22297914529778382
sub-089,sub-068,FFD,0.35063107473761324
sub-109,sub-070,FFD,0.2147585394376186
sub-109,sub-111,FFD,0.33520422871644723
sub-109,sub-073,FFD,0.2649198571151536
sub-109,sub-001,FFD,0.48278784022964166
sub-109,sub-095,FFD,0.4645219322681802
sub-109,sub-012,FFD,0.16888593037137106
sub-109,sub-052,FFD,0.33820766479458164
sub-109,sub-094,FFD,0.31151091765541117
sub-109,sub-088,FFD,0.2129436257176754
sub-109,sub-044,FFD,0.5074196129479923
sub-109,sub-009,FFD,0.32647650217090607
sub-109,sub-041,FFD,0.4188258831630373
sub-109,sub-024,FFD,0.11213622954945104
sub-109,sub-016,FFD,0.23034836471040696
sub-109,sub-112,FFD,0.47816944846895326
sub-109,sub-058,FFD,0.46529110879200447
sub-109,sub-018,FFD,0.3119409345687797
sub-109,sub-048,FFD,0.32886366694626146
sub-109,sub-087,FFD,0.3851261840847882
sub-109,sub-091,FFD,0.4403178642966648
sub-109,sub-083,FFD,0.4705011229725709
sub-109,sub-065,FFD,0.4593740909528224
sub-109,sub-077,FFD,0.2578263256964418
sub-109,sub-039,FFD,0.36831924040538233
sub-109,sub-053,FFD,0.1996434940871248
sub-109,sub-075,FFD,0.29122287962743615
sub-109,sub-060,FFD,0.3848892408931488
sub-109,sub-103,FFD,0.3916627405356111
sub-109,sub-105,FFD,0.29525495841256705
sub-109,sub-064,FFD,0.2900988788970143
sub-109,sub-010,FFD,0.10487876777279465
sub-109,sub-034,FFD,0.36806531317259467
sub-109,sub-002,FFD,0.4018570279179485
sub-109,sub-085,FFD,0.36379398299332927
sub-109,sub-021,FFD,0.28046175742513807
sub-109,sub-096,FFD,0.4941930153792857
sub-109,sub-027,FFD,0.33640974005762847
sub-109,sub-006,FFD,0.4360213313140023
sub-109,sub-066,FFD,0.3461713071640883
sub-109,sub-101,FFD,0.24830847047076576
sub-109,sub-042,FFD,0.40738084248467316
sub-109,sub-003,FFD,0.5200718740822285
sub-109,sub-107,FFD,0.3375364916442386
sub-109,sub-098,FFD,0.37479702812326526
sub-109,sub-086,FFD,0.13774722838346334
sub-109,sub-013,FFD,0.35888448314358107
sub-109,sub-068,FFD,0.45061845518948934
sub-070,sub-111,FFD,0.1313323155712407
sub-070,sub-073,FFD,0.17490921705941886
sub-070,sub-001,FFD,0.18340520700476046
sub-070,sub-095,FFD,0.15818878914506287
sub-070,sub-012,FFD,0.02677616657653006
sub-070,sub-052,FFD,0.19946126749853246
sub-070,sub-094,FFD,0.20520537690523438
sub-070,sub-088,FFD,0.014074636986839377
sub-070,sub-044,FFD,0.1934778066517051
sub-070,sub-009,FFD,0.05187458266987393
sub-070,sub-041,FFD,0.1539079788530911
sub-070,sub-024,FFD,0.1536790088156472
sub-070,sub-016,FFD,0.15806510013516958
sub-070,sub-112,FFD,0.15133104037291856
sub-070,sub-058,FFD,0.15419279750306064
sub-070,sub-018,FFD,0.12834294019399298
sub-070,sub-048,FFD,0.10765422211935492
sub-070,sub-087,FFD,0.18772858025563852
sub-070,sub-091,FFD,0.14103385405687374
sub-070,sub-083,FFD,0.15612072379253553
sub-070,sub-065,FFD,0.17903551067383158
sub-070,sub-077,FFD,0.11102057807958263
sub-070,sub-039,FFD,0.0558358769123224
sub-070,sub-053,FFD,0.1754730064928589
sub-070,sub-075,FFD,0.1750300085327338
sub-070,sub-060,FFD,0.12055963743203033
sub-070,sub-103,FFD,0.18958000854458207
sub-070,sub-105,FFD,0.09457930247706851
sub-070,sub-064,FFD,0.1307604847468495
sub-070,sub-010,FFD,0.11939050634773565
sub-070,sub-034,FFD,0.2048256645733961
sub-070,sub-002,FFD,0.09816648774798796
sub-070,sub-085,FFD,0.06335734855100358
sub-070,sub-021,FFD,0.09000337086398849
sub-070,sub-096,FFD,0.1407725923639071
sub-070,sub-027,FFD,0.06733413354083738
sub-070,sub-006,FFD,0.09380329678934317
sub-070,sub-066,FFD,0.14498169308470696
sub-070,sub-101,FFD,0.16638558557788521
sub-070,sub-042,FFD,0.10891776171295053
sub-070,sub-003,FFD,0.11403270585252853
sub-070,sub-107,FFD,0.11218749682652204
sub-070,sub-098,FFD,0.16030391188637222
sub-070,sub-086,FFD,0.18590345755792592
sub-070,sub-013,FFD,0.17707210694368658
sub-070,sub-068,FFD,0.24211410344794115
sub-111,sub-073,FFD,0.2576939518780749
sub-111,sub-001,FFD,0.366726124722077
sub-111,sub-095,FFD,0.26287394023990684
sub-111,sub-012,FFD,0.0714061270922377
sub-111,sub-052,FFD,0.2982524558962902
sub-111,sub-094,FFD,0.1826625663269924
sub-111,sub-088,FFD,0.04479764970226631
sub-111,sub-044,FFD,0.30616544782917393
sub-111,sub-009,FFD,0.2509118243223717
sub-111,sub-041,FFD,0.33140787859588033
sub-111,sub-024,FFD,0.09808177853897204
sub-111,sub-016,FFD,0.09493858053112376
sub-111,sub-112,FFD,0.2772937158782707
sub-111,sub-058,FFD,0.16220861308288395
sub-111,sub-018,FFD,0.25640613918033794
sub-111,sub-048,FFD,0.29260939217708987
sub-111,sub-087,FFD,0.29692136928225593
sub-111,sub-091,FFD,0.31235211766587784
sub-111,sub-083,FFD,0.2546956409521047
sub-111,sub-065,FFD,0.2728718820955972
sub-111,sub-077,FFD,0.0841294630020657
sub-111,sub-039,FFD,0.2162388196470935
sub-111,sub-053,FFD,0.14306925495609152
sub-111,sub-075,FFD,0.2478076211322591
sub-111,sub-060,FFD,0.22398196568179515
sub-111,sub-103,FFD,0.29603296772433774
sub-111,sub-105,FFD,0.10972669913542918
sub-111,sub-064,FFD,0.22785755476390515
sub-111,sub-010,FFD,0.11677643108161803
sub-111,sub-034,FFD,0.1722713902920211
sub-111,sub-002,FFD,0.27314029423689706
sub-111,sub-085,FFD,0.2788634755688482
sub-111,sub-021,FFD,0.06816639373476176
sub-111,sub-096,FFD,0.3383783327916923
sub-111,sub-027,FFD,0.2532541470209221
sub-111,sub-006,FFD,0.23668298974624077
sub-111,sub-066,FFD,0.2758133288813806
sub-111,sub-101,FFD,0.22348859861588397
sub-111,sub-042,FFD,0.21774981166472543
sub-111,sub-003,FFD,0.3129721935502832
sub-111,sub-107,FFD,0.1761373283529697
sub-111,sub-098,FFD,0.2314070681386069
sub-111,sub-086,FFD,0.12817135742221378
sub-111,sub-013,FFD,0.24468813991300717
sub-111,sub-068,FFD,0.3157926764069125
sub-073,sub-001,FFD,0.2882261171717795
sub-073,sub-095,FFD,0.2461878215697639
sub-073,sub-012,FFD,0.0758614715395816
sub-073,sub-052,FFD,0.22587787624198544
sub-073,sub-094,FFD,0.1909154322508155
sub-073,sub-088,FFD,0.056942478714555524
sub-073,sub-044,FFD,0.28968500317040174
sub-073,sub-009,FFD,0.22776768267750105
sub-073,sub-041,FFD,0.25200684343061125
sub-073,sub-024,FFD,0.13833384441167582
sub-073,sub-016,FFD,0.1338900614999691
sub-073,sub-112,FFD,0.21944589505336642
sub-073,sub-058,FFD,0.25617197635742656
sub-073,sub-018,FFD,0.20854785440643114
sub-073,sub-048,FFD,0.1737688098903901
sub-073,sub-087,FFD,0.29443482882865274
sub-073,sub-091,FFD,0.1768143446626381
sub-073,sub-083,FFD,0.26868808152796747
sub-073,sub-065,FFD,0.2585856916344011
sub-073,sub-077,FFD,0.1828788357030547
sub-073,sub-039,FFD,0.14177396999702008
sub-073,sub-053,FFD,0.09545287595285072
sub-073,sub-075,FFD,0.2341483221786302
sub-073,sub-060,FFD,0.2846609216889851
sub-073,sub-103,FFD,0.24126236486427682
sub-073,sub-105,FFD,0.12541204712084175
sub-073,sub-064,FFD,0.13790647067345183
sub-073,sub-010,FFD,0.0759059476133634
sub-073,sub-034,FFD,0.21448306377544507
sub-073,sub-002,FFD,0.19362274350930828
sub-073,sub-085,FFD,0.2768963296127619
sub-073,sub-021,FFD,0.09051953443756605
sub-073,sub-096,FFD,0.23415575140485875
sub-073,sub-027,FFD,0.16634007013096594
sub-073,sub-006,FFD,0.25934856173129894
sub-073,sub-066,FFD,0.33672075828442294
sub-073,sub-101,FFD,0.20853420614481283
sub-073,sub-042,FFD,0.2775544176069414
sub-073,sub-003,FFD,0.24840472002669098
sub-073,sub-107,FFD,0.19827002041638628
sub-073,sub-098,FFD,0.19635156165319753
sub-073,sub-086,FFD,0.11322766311981436
sub-073,sub-013,FFD,0.189706656365738
sub-073,sub-068,FFD,0.2986952070062411
sub-001,sub-095,FFD,0.36962667307143116
sub-001,sub-012,FFD,0.12028316219521357
sub-001,sub-052,FFD,0.3144097589537934
sub-001,sub-094,FFD,0.25639713296113475
sub-001,sub-088,FFD,0.21686103700628498
sub-001,sub-044,FFD,0.4406986548689992
sub-001,sub-009,FFD,0.3346958372240523
sub-001,sub-041,FFD,0.38250644566643377
sub-001,sub-024,FFD,0.04672488874948062
sub-001,sub-016,FFD,0.18544319074213478
sub-001,sub-112,FFD,0.42039444763747463
sub-001,sub-058,FFD,0.37808095983752515
sub-001,sub-018,FFD,0.2719562934519288
sub-001,sub-048,FFD,0.23104050358041472
sub-001,sub-087,FFD,0.3396290573937527
sub-001,sub-091,FFD,0.3150058505829378
sub-001,sub-083,FFD,0.3800878610785791
sub-001,sub-065,FFD,0.32803098318611085
sub-001,sub-077,FFD,0.2485934527114226
sub-001,sub-039,FFD,0.29704139356089626
sub-001,sub-053,FFD,0.10430650539445804
sub-001,sub-075,FFD,0.2193982105484306
sub-001,sub-060,FFD,0.3037298251350694
sub-001,sub-103,FFD,0.3223059733849771
sub-001,sub-105,FFD,0.18916316404741923
sub-001,sub-064,FFD,0.2992911884908542
sub-001,sub-010,FFD,0.07773205033550791
sub-001,sub-034,FFD,0.22673693730081373
sub-001,sub-002,FFD,0.3067891640104127
sub-001,sub-085,FFD,0.3116509052757815
sub-001,sub-021,FFD,0.2301447460550622
sub-001,sub-096,FFD,0.3852070549725689
sub-001,sub-027,FFD,0.2815650802747075
sub-001,sub-006,FFD,0.3867421521972545
sub-001,sub-066,FFD,0.2770592865615428
sub-001,sub-101,FFD,0.19933578304185243
sub-001,sub-042,FFD,0.43519766090767265
sub-001,sub-003,FFD,0.4027103662211004
sub-001,sub-107,FFD,0.3167436495848968
sub-001,sub-098,FFD,0.26176240619005264
sub-001,sub-086,FFD,0.10090497413183304
sub-001,sub-013,FFD,0.26572018115967405
sub-001,sub-068,FFD,0.3748965590761833
sub-095,sub-012,FFD,0.15567957529331578
sub-095,sub-052,FFD,0.33807460821415797
sub-095,sub-094,FFD,0.27884264341878523
sub-095,sub-088,FFD,0.12669654862585633
sub-095,sub-044,FFD,0.3513224015276861
sub-095,sub-009,FFD,0.29875090594705433
sub-095,sub-041,FFD,0.3247208877322057
sub-095,sub-024,FFD,0.10626893015292843
sub-095,sub-016,FFD,0.17889491259883677
sub-095,sub-112,FFD,0.351284527564145
sub-095,sub-058,FFD,0.33393020002407103
sub-095,sub-018,FFD,0.25554560154078143
sub-095,sub-048,FFD,0.2656849359964037
sub-095,sub-087,FFD,0.3216143039064878
sub-095,sub-091,FFD,0.3540849278698464
sub-095,sub-083,FFD,0.36313751209086537
sub-095,sub-065,FFD,0.38999114089934
sub-095,sub-077,FFD,0.2442445072700695
sub-095,sub-039,FFD,0.2814566931751658
sub-095,sub-053,FFD,0.19634407049249802
sub-095,sub-075,FFD,0.1909128675328538
sub-095,sub-060,FFD,0.38748922199067093
sub-095,sub-103,FFD,0.37829261124088287
sub-095,sub-105,FFD,0.18056579333442194
sub-095,sub-064,FFD,0.27500907083816206
sub-095,sub-010,FFD,0.08915084988801518
sub-095,sub-034,FFD,0.2837021118216777
sub-095,sub-002,FFD,0.31923790158747484
sub-095,sub-085,FFD,0.2996936893994779
sub-095,sub-021,FFD,0.2457100138719068
sub-095,sub-096,FFD,0.39200118078112883
sub-095,sub-027,FFD,0.2514205357599319
sub-095,sub-006,FFD,0.39805298661292193
sub-095,sub-066,FFD,0.3667802059724617
sub-095,sub-101,FFD,0.28378381669425207
sub-095,sub-042,FFD,0.33932703014068627
sub-095,sub-003,FFD,0.37764613827699
sub-095,sub-107,FFD,0.3212535703699654
sub-095,sub-098,FFD,0.3221507383236304
sub-095,sub-086,FFD,0.10161933409475492
sub-095,sub-013,FFD,0.23754607309689404
sub-095,sub-068,FFD,0.3564865018821209
sub-012,sub-052,FFD,0.0668156865260737
sub-012,sub-094,FFD,0.13960564844100712
sub-012,sub-088,FFD,0.1489017865114059
sub-012,sub-044,FFD,0.16357335293824596
sub-012,sub-009,FFD,0.08353143557792843
sub-012,sub-041,FFD,0.054402140355899214
sub-012,sub-024,FFD,0.05074746776105315
sub-012,sub-016,FFD,0.09702967572100264
sub-012,sub-112,FFD,0.14273879281342686
sub-012,sub-058,FFD,0.11285659033925213
sub-012,sub-018,FFD,0.10198120750925843
sub-012,sub-048,FFD,0.04034446689938417
sub-012,sub-087,FFD,0.12411835317029066
sub-012,sub-091,FFD,0.1410972545047726
sub-012,sub-083,FFD,0.19198608331722006
sub-012,sub-065,FFD,0.15065163868216444
sub-012,sub-077,FFD,0.10132336579668655
sub-012,sub-039,FFD,0.15540263525739026
sub-012,sub-053,FFD,0.11856371812844553
sub-012,sub-075,FFD,0.04607057876611535
sub-012,sub-060,FFD,0.18743787284172858
sub-012,sub-103,FFD,0.10802147810686771
sub-012,sub-105,FFD,0.05084729766713909
sub-012,sub-064,FFD,0.13014192357493368
sub-012,sub-010,FFD,0.05247695537383913
sub-012,sub-034,FFD,0.09391344501453394
sub-012,sub-002,FFD,0.12145190922027688
sub-012,sub-085,FFD,0.09561055044591855
sub-012,sub-021,FFD,0.16661249188728308
sub-012,sub-096,FFD,0.1567289474931862
sub-012,sub-027,FFD,0.1883966855800596
sub-012,sub-006,FFD,0.18668587123764627
sub-012,sub-066,FFD,0.07574238639158541
sub-012,sub-101,FFD,0.08706398742152406
sub-012,sub-042,FFD,0.16867867019531865
sub-012,sub-003,FFD,0.10004154937071179
sub-012,sub-107,FFD,0.16158251730229803
sub-012,sub-098,FFD,0.1284307116097125
sub-012,sub-086,FFD,0.07238186529776
sub-012,sub-013,FFD,0.06716636306139533
sub-012,sub-068,FFD,0.07494080991427216
sub-052,sub-094,FFD,0.3244052632966638
sub-052,sub-088,FFD,0.07706809937259458
sub-052,sub-044,FFD,0.27476002783544307
sub-052,sub-009,FFD,0.18563466482572719
sub-052,sub-041,FFD,0.38035708252032274
sub-052,sub-024,FFD,0.1959863664418356
sub-052,sub-016,FFD,0.2708957917644686
sub-052,sub-112,FFD,0.26782180630998476
sub-052,sub-058,FFD,0.3129742386208351
sub-052,sub-018,FFD,0.2295472760192897
sub-052,sub-048,FFD,0.2941145941075854
sub-052,sub-087,FFD,0.2718264478225374
sub-052,sub-091,FFD,0.2845311393679018
sub-052,sub-083,FFD,0.31359251640094077
sub-052,sub-065,FFD,0.2155091614580225
sub-052,sub-077,FFD,0.1634570416633214
sub-052,sub-039,FFD,0.1285264732577613
sub-052,sub-053,FFD,0.2200150762227889
sub-052,sub-075,FFD,0.2583790457091924
sub-052,sub-060,FFD,0.2784645910072366
sub-052,sub-103,FFD,0.24506261755122682
sub-052,sub-105,FFD,0.1759578022243066
sub-052,sub-064,FFD,0.26586640967161296
sub-052,sub-010,FFD,0.18199872848467885
sub-052,sub-034,FFD,0.31174549984923516
sub-052,sub-002,FFD,0.32680991842518226
sub-052,sub-085,FFD,0.22786394567809423
sub-052,sub-021,FFD,0.09292599364542112
sub-052,sub-096,FFD,0.38110212296874496
sub-052,sub-027,FFD,0.17099241796165443
sub-052,sub-006,FFD,0.24724905817637902
sub-052,sub-066,FFD,0.3230101622492805
sub-052,sub-101,FFD,0.24330894579647586
sub-052,sub-042,FFD,0.24055957457976582
sub-052,sub-003,FFD,0.2976754794761104
sub-052,sub-107,FFD,0.18799650556533204
sub-052,sub-098,FFD,0.3730315022970621
sub-052,sub-086,FFD,0.2203993789517785
sub-052,sub-013,FFD,0.31163739699864207
sub-052,sub-068,FFD,0.3513877962187967
sub-094,sub-088,FFD,0.0374313311834086
sub-094,sub-044,FFD,0.24106166821108385
sub-094,sub-009,FFD,0.19143141947258135
sub-094,sub-041,FFD,0.2765651336902069
sub-094,sub-024,FFD,0.1428832921772611
sub-094,sub-016,FFD,0.2895590901735337
sub-094,sub-112,FFD,0.2368547967245163
sub-094,sub-058,FFD,0.22383192700565838
sub-094,sub-018,FFD,0.21507022457111685
sub-094,sub-048,FFD,0.2529276113081951
sub-094,sub-087,FFD,0.23226580663654026
sub-094,sub-091,FFD,0.25122228693735343
sub-094,sub-083,FFD,0.30459283402714754
sub-094,sub-065,FFD,0.18716123431872164
sub-094,sub-077,FFD,0.15367322117343268
sub-094,sub-039,FFD,0.13941586664048244
sub-094,sub-053,FFD,0.24520850328520016
sub-094,sub-075,FFD,0.25162240301960875
sub-094,sub-060,FFD,0.23314429927480443
sub-094,sub-103,FFD,0.2969600069051256
sub-094,sub-105,FFD,0.20993171696247417
sub-094,sub-064,FFD,0.32172343899255706
sub-094,sub-010,FFD,0.22018646148678248
sub-094,sub-034,FFD,0.35691854432721654
sub-094,sub-002,FFD,0.21657841253250007
sub-094,sub-085,FFD,0.1888372553052022
sub-094,sub-021,FFD,0.15539406799085095
sub-094,sub-096,FFD,0.3232173770230306
sub-094,sub-027,FFD,0.2037230857336271
sub-094,sub-006,FFD,0.16399943106932965
sub-094,sub-066,FFD,0.27449735746208026
sub-094,sub-101,FFD,0.2910946144140406
sub-094,sub-042,FFD,0.21328357127958328
sub-094,sub-003,FFD,0.25048561006653414
sub-094,sub-107,FFD,0.20428919118424632
sub-094,sub-098,FFD,0.3318059919467376
sub-094,sub-086,FFD,0.23067792524227063
sub-094,sub-013,FFD,0.2569543664468529
sub-094,sub-068,FFD,0.33962864644864865
sub-088,sub-044,FFD,0.18745692946226353
sub-088,sub-009,FFD,0.03759052567240794
sub-088,sub-041,FFD,0.13167268602694143
sub-088,sub-024,FFD,-0.003962327389344231
sub-088,sub-016,FFD,0.09520146819935996
sub-088,sub-112,FFD,0.1174144020923359
sub-088,sub-058,FFD,0.15031809626117307
sub-088,sub-018,FFD,0.0492451837413329
sub-088,sub-048,FFD,-0.047309844876727083
sub-088,sub-087,FFD,0.10737609697100763
sub-088,sub-091,FFD,0.080743943424979
sub-088,sub-083,FFD,0.17251954502492864
sub-088,sub-065,FFD,0.16252094666090233
sub-088,sub-077,FFD,0.13351993708433552
sub-088,sub-039,FFD,0.08480124670429419
sub-088,sub-053,FFD,0.032005479058683735
sub-088,sub-075,FFD,0.07562844328347236
sub-088,sub-060,FFD,0.1918296239683004
sub-088,sub-103,FFD,0.08772368095433457
sub-088,sub-105,FFD,0.1472302047296636
sub-088,sub-064,FFD,0.11143904519152562
sub-088,sub-010,FFD,0.0252854527654197
sub-088,sub-034,FFD,0.08425011641219896
sub-088,sub-002,FFD,0.17719914156527453
sub-088,sub-085,FFD,0.02050426257184525
sub-088,sub-021,FFD,0.13506724795220096
sub-088,sub-096,FFD,0.17371545369563557
sub-088,sub-027,FFD,0.23586122359167222
sub-088,sub-006,FFD,0.15328246408068186
sub-088,sub-066,FFD,0.04178641613487298
sub-088,sub-101,FFD,0.025026202412170413
sub-088,sub-042,FFD,0.10826643168589717
sub-088,sub-003,FFD,0.14124254063471672
sub-088,sub-107,FFD,0.07390831343602278
sub-088,sub-098,FFD,0.12465092932801687
sub-088,sub-086,FFD,0.028052051136885692
sub-088,sub-013,FFD,0.07952785251909304
sub-088,sub-068,FFD,0.13892006372829796
sub-044,sub-009,FFD,0.3093683350235588
sub-044,sub-041,FFD,0.3297141034896993
sub-044,sub-024,FFD,0.1235648873819076
sub-044,sub-016,FFD,0.19390495639044147
sub-044,sub-112,FFD,0.3757481117537045
sub-044,sub-058,FFD,0.3360851746473301
sub-044,sub-018,FFD,0.2574596587540231
sub-044,sub-048,FFD,0.2276782925213541
sub-044,sub-087,FFD,0.37742014769027243
sub-044,sub-091,FFD,0.34548786103004686
sub-044,sub-083,FFD,0.3529445659713452
sub-044,sub-065,FFD,0.43181360460066065
sub-044,sub-077,FFD,0.2070733206782766
sub-044,sub-039,FFD,0.36822115007352973
sub-044,sub-053,FFD,0.1334404321544847
sub-044,sub-075,FFD,0.22588936607078722
sub-044,sub-060,FFD,0.39816186425202843
sub-044,sub-103,FFD,0.3687085308163348
sub-044,sub-105,FFD,0.24048977563780255
sub-044,sub-064,FFD,0.2470008820874409
sub-044,sub-010,FFD,0.08166633105263314
sub-044,sub-034,FFD,0.2613959823925262
sub-044,sub-002,FFD,0.31504399634802016
sub-044,sub-085,FFD,0.34311146889529054
sub-044,sub-021,FFD,0.3437193179033851
sub-044,sub-096,FFD,0.4153817683041132
sub-044,sub-027,FFD,0.38656687521299465
sub-044,sub-006,FFD,0.3965652534744975
sub-044,sub-066,FFD,0.32962027710874436
sub-044,sub-101,FFD,0.24384941075680555
sub-044,sub-042,FFD,0.489236942773763
sub-044,sub-003,FFD,0.46705571992474726
sub-044,sub-107,FFD,0.2801633370252462
sub-044,sub-098,FFD,0.2369601930083587
sub-044,sub-086,FFD,0.05716300394248674
sub-044,sub-013,FFD,0.25745027891018324
sub-044,sub-068,FFD,0.41061572980084726
sub-009,sub-041,FFD,0.23078810462694843
sub-009,sub-024,FFD,0.04192339190525953
sub-009,sub-016,FFD,0.17273872064543866
sub-009,sub-112,FFD,0.3913039884884698
sub-009,sub-058,FFD,0.3069322276530738
sub-009,sub-018,FFD,0.1605509135631081
sub-009,sub-048,FFD,0.20115474210371787
sub-009,sub-087,FFD,0.2708349392723201
sub-009,sub-091,FFD,0.2910233072365944
sub-009,sub-083,FFD,0.2775672073289592
sub-009,sub-065,FFD,0.232763181647218
sub-009,sub-077,FFD,0.1505607841264594
sub-009,sub-039,FFD,0.31366898445002694
sub-009,sub-053,FFD,0.08942076231000376
sub-009,sub-075,FFD,0.18543227645659915
sub-009,sub-060,FFD,0.28139548110705387
sub-009,sub-103,FFD,0.2328372522456502
sub-009,sub-105,FFD,0.0683712037712645
sub-009,sub-064,FFD,0.17228420455698792
sub-009,sub-010,FFD,0.12129054751415136
sub-009,sub-034,FFD,0.17261522907740365
sub-009,sub-002,FFD,0.21781712476085174
sub-009,sub-085,FFD,0.38914837623503
sub-009,sub-021,FFD,0.24553802144108983
sub-009,sub-096,FFD,0.23199433468176986
sub-009,sub-027,FFD,0.2752203416073179
sub-009,sub-006,FFD,0.3755976745958548
sub-009,sub-066,FFD,0.2870936213922175
sub-009,sub-101,FFD,0.16257232611464428
sub-009,sub-042,FFD,0.36454588051715225
sub-009,sub-003,FFD,0.33676858655252034
sub-009,sub-107,FFD,0.26996209856598663
sub-009,sub-098,FFD,0.15913814271903823
sub-009,sub-086,FFD,0.06678306246415379
sub-009,sub-013,FFD,0.18301627008124183
sub-009,sub-068,FFD,0.20464186098073767
sub-041,sub-024,FFD,0.1370854703484417
sub-041,sub-016,FFD,0.18312775144054874
sub-041,sub-112,FFD,0.3736263721590551
sub-041,sub-058,FFD,0.33523050295941575
sub-041,sub-018,FFD,0.3171101219373398
sub-041,sub-048,FFD,0.3517221132748627
sub-041,sub-087,FFD,0.29822497960508093
sub-041,sub-091,FFD,0.3322526159614087
sub-041,sub-083,FFD,0.3721961720645801
sub-041,sub-065,FFD,0.3283339764159112
sub-041,sub-077,FFD,0.142025456365311
sub-041,sub-039,FFD,0.26769531864134083
sub-041,sub-053,FFD,0.1557491442190638
sub-041,sub-075,FFD,0.313376149793636
sub-041,sub-060,FFD,0.3186263503563283
sub-041,sub-103,FFD,0.2810645213715028
sub-041,sub-105,FFD,0.2299810768999094
sub-041,sub-064,FFD,0.25209381322092644
sub-041,sub-010,FFD,0.10648591363872606
sub-041,sub-034,FFD,0.3506022537258905
sub-041,sub-002,FFD,0.2968632498808748
sub-041,sub-085,FFD,0.2605240360255484
sub-041,sub-021,FFD,0.1587709473381788
sub-041,sub-096,FFD,0.36874832660009726
sub-041,sub-027,FFD,0.24228286435319865
sub-041,sub-006,FFD,0.32859168461133403
sub-041,sub-066,FFD,0.3562929478924533
sub-041,sub-101,FFD,0.24166653512245864
sub-041,sub-042,FFD,0.2675412739876081
sub-041,sub-003,FFD,0.38032475815205785
sub-041,sub-107,FFD,0.22060488596574843
sub-041,sub-098,FFD,0.3328651479117754
sub-041,sub-086,FFD,0.15564729880629688
sub-041,sub-013,FFD,0.29133312468500205
sub-041,sub-068,FFD,0.38837418658756456
sub-024,sub-016,FFD,0.15016620514877288
sub-024,sub-112,FFD,0.08061676030084913
sub-024,sub-058,FFD,0.11549653959982845
sub-024,sub-018,FFD,0.09433410219739714
sub-024,sub-048,FFD,0.22019270546668362
sub-024,sub-087,FFD,0.10414519254071537
sub-024,sub-091,FFD,0.07850635403034892
sub-024,sub-083,FFD,0.132250761190847
sub-024,sub-065,FFD,0.09298739429485524
sub-024,sub-077,FFD,0.08071603512649768
sub-024,sub-039,FFD,0.033020714676536944
sub-024,sub-053,FFD,0.15270261612238906
sub-024,sub-075,FFD,0.1962404931403286
sub-024,sub-060,FFD,0.05872987796648157
sub-024,sub-103,FFD,0.15652730643878435
sub-024,sub-105,FFD,0.1593153817036937
sub-024,sub-064,FFD,0.1743945473414829
sub-024,sub-010,FFD,0.12523517665388625
sub-024,sub-034,FFD,0.264153702262975
sub-024,sub-002,FFD,0.12758627386242505
sub-024,sub-085,FFD,0.16720638175443972
sub-024,sub-021,FFD,-0.004718301232056725
sub-024,sub-096,FFD,0.15040074999756342
sub-024,sub-027,FFD,0.1063970989236398
sub-024,sub-006,FFD,0.1024644121361888
sub-024,sub-066,FFD,0.1639251985112281
sub-024,sub-101,FFD,0.2155191398767803
sub-024,sub-042,FFD,0.06474976321911852
sub-024,sub-003,FFD,0.1704547055893769
sub-024,sub-107,FFD,0.134219869524281
sub-024,sub-098,FFD,0.18872092067860682
sub-024,sub-086,FFD,0.11291982548160788
sub-024,sub-013,FFD,0.23447210750743538
sub-024,sub-068,FFD,0.12472827041235277
sub-016,sub-112,FFD,0.17024563845735632
sub-016,sub-058,FFD,0.23076824344998143
sub-016,sub-018,FFD,0.13107546782647528
sub-016,sub-048,FFD,0.18100790898087227
sub-016,sub-087,FFD,0.1516793643103986
sub-016,sub-091,FFD,0.20719583443761394
sub-016,sub-083,FFD,0.21926752122626042
sub-016,sub-065,FFD,0.20640537972380288
sub-016,sub-077,FFD,0.13724102278532416
sub-016,sub-039,FFD,0.10962844196788185
sub-016,sub-053,FFD,0.22235746040424006
sub-016,sub-075,FFD,0.1877998770771394
sub-016,sub-060,FFD,0.14984453819218657
sub-016,sub-103,FFD,0.22219163061764355
sub-016,sub-105,FFD,0.1452776486091968
sub-016,sub-064,FFD,0.1995278377966708
sub-016,sub-010,FFD,0.14950063754905885
sub-016,sub-034,FFD,0.2838923527367311
sub-016,sub-002,FFD,0.14855152591964027
sub-016,sub-085,FFD,0.1697584887307071
sub-016,sub-021,FFD,0.13461264976898385
sub-016,sub-096,FFD,0.1736341256831764
sub-016,sub-027,FFD,0.14824550250417548
sub-016,sub-006,FFD,0.13012209529262658
sub-016,sub-066,FFD,0.14019947453476284
sub-016,sub-101,FFD,0.23315672492087605
sub-016,sub-042,FFD,0.19517146640061814
sub-016,sub-003,FFD,0.18870401333122963
sub-016,sub-107,FFD,0.12430856326734617
sub-016,sub-098,FFD,0.24479582516110202
sub-016,sub-086,FFD,0.1518169623365911
sub-016,sub-013,FFD,0.1580687354684348
sub-016,sub-068,FFD,0.24899108095839453
sub-112,sub-058,FFD,0.34524024877156967
sub-112,sub-018,FFD,0.21010158609022872
sub-112,sub-048,FFD,0.230330563381209
sub-112,sub-087,FFD,0.371353909932581
sub-112,sub-091,FFD,0.33990396172394566
sub-112,sub-083,FFD,0.3177526382313973
sub-112,sub-065,FFD,0.3405232035866544
sub-112,sub-077,FFD,0.22010141257001364
sub-112,sub-039,FFD,0.3021388628702861
sub-112,sub-053,FFD,0.11065486065743456
sub-112,sub-075,FFD,0.24916205924831636
sub-112,sub-060,FFD,0.3347692804884264
sub-112,sub-103,FFD,0.29636676397308054
sub-112,sub-105,FFD,0.19910220793770786
sub-112,sub-064,FFD,0.18864803187387577
sub-112,sub-010,FFD,0.026863829713009105
sub-112,sub-034,FFD,0.20206840123389888
sub-112,sub-002,FFD,0.2966126896843182
sub-112,sub-085,FFD,0.3652043279174527
sub-112,sub-021,FFD,0.21016411352175418
sub-112,sub-096,FFD,0.3336130742698497
sub-112,sub-027,FFD,0.2606992056167443
sub-112,sub-006,FFD,0.36247164398788256
sub-112,sub-066,FFD,0.23987997862534524
sub-112,sub-101,FFD,0.15190481242698714
sub-112,sub-042,FFD,0.39837185527032437
sub-112,sub-003,FFD,0.4105487305303594
sub-112,sub-107,FFD,0.29237618953730365
sub-112,sub-098,FFD,0.26874326933025006
sub-112,sub-086,FFD,0.11300907239863663
sub-112,sub-013,FFD,0.2855669671910142
sub-112,sub-068,FFD,0.3107989039207555
sub-058,sub-018,FFD,0.2504359785997236
sub-058,sub-048,FFD,0.2529280545590612
sub-058,sub-087,FFD,0.3378205517923439
sub-058,sub-091,FFD,0.37356205467005893
sub-058,sub-083,FFD,0.2949854357581207
sub-058,sub-065,FFD,0.2683449023562508
sub-058,sub-077,FFD,0.18964466573471972
sub-058,sub-039,FFD,0.25611746464456014
sub-058,sub-053,FFD,0.17397631231615135
sub-058,sub-075,FFD,0.18167965389093127
sub-058,sub-060,FFD,0.33440230803540133
sub-058,sub-103,FFD,0.28144250450219194
sub-058,sub-105,FFD,0.20981707444367603
sub-058,sub-064,FFD,0.1895223720989188
sub-058,sub-010,FFD,0.04015457698707432
sub-058,sub-034,FFD,0.2967758539314886
sub-058,sub-002,FFD,0.32030670132997363
sub-058,sub-085,FFD,0.2947067928272687
sub-058,sub-021,FFD,0.18196721155627585
sub-058,sub-096,FFD,0.43083623753001066
sub-058,sub-027,FFD,0.29144854927139086
sub-058,sub-006,FFD,0.3062682819444278
sub-058,sub-066,FFD,0.2655120921265096
sub-058,sub-101,FFD,0.1910220973596709
sub-058,sub-042,FFD,0.3741751008601956
sub-058,sub-003,FFD,0.3733837464647604
sub-058,sub-107,FFD,0.2565722317722345
sub-058,sub-098,FFD,0.26505528595352396
sub-058,sub-086,FFD,0.13415745011133662
sub-058,sub-013,FFD,0.19766963921869826
sub-058,sub-068,FFD,0.3348611232667694
sub-018,sub-048,FFD,0.28375539323251686
sub-018,sub-087,FFD,0.2018858999467419
sub-018,sub-091,FFD,0.3168692397512319
sub-018,sub-083,FFD,0.2205493481302804
sub-018,sub-065,FFD,0.2321711858546394
sub-018,sub-077,FFD,0.13784617939463203
sub-018,sub-039,FFD,0.17580604747970408
sub-018,sub-053,FFD,0.1722734398658193
sub-018,sub-075,FFD,0.2928847601526146
sub-018,sub-060,FFD,0.20494930116556231
sub-018,sub-103,FFD,0.2857556733765912
sub-018,sub-105,FFD,0.19538833954520415
sub-018,sub-064,FFD,0.17354364325182417
sub-018,sub-010,FFD,0.13734499610699935
sub-018,sub-034,FFD,0.20924323308744627
sub-018,sub-002,FFD,0.22910809729689713
sub-018,sub-085,FFD,0.16967940798666234
sub-018,sub-021,FFD,0.0766981997938698
sub-018,sub-096,FFD,0.3302824772731613
sub-018,sub-027,FFD,0.1993875622751834
sub-018,sub-006,FFD,0.24035601909585264
sub-018,sub-066,FFD,0.19031124835203697
sub-018,sub-101,FFD,0.24115981485388377
sub-018,sub-042,FFD,0.21918712808347976
sub-018,sub-003,FFD,0.3146866385478432
sub-018,sub-107,FFD,0.24342903746530295
sub-018,sub-098,FFD,0.1891229951009348
sub-018,sub-086,FFD,0.1984826214291487
sub-018,sub-013,FFD,0.2578198590514022
sub-018,sub-068,FFD,0.3029728075836441
sub-048,sub-087,FFD,0.1815116636406007
sub-048,sub-091,FFD,0.2838676153826329
sub-048,sub-083,FFD,0.2563231043483163
sub-048,sub-065,FFD,0.22323547105588654
sub-048,sub-077,FFD,0.1474432682154872
sub-048,sub-039,FFD,0.1778290785462992
sub-048,sub-053,FFD,0.20731756648729624
sub-048,sub-075,FFD,0.27415105204779044
sub-048,sub-060,FFD,0.2098239436926774
sub-048,sub-103,FFD,0.24936420629669534
sub-048,sub-105,FFD,0.22562678012561327
sub-048,sub-064,FFD,0.2775085080539331
sub-048,sub-010,FFD,0.08728426820417805
sub-048,sub-034,FFD,0.3124937875999304
sub-048,sub-002,FFD,0.23311368634940313
sub-048,sub-085,FFD,0.2600556529045446
sub-048,sub-021,FFD,0.05779854878487466
sub-048,sub-096,FFD,0.30846280757625555
sub-048,sub-027,FFD,0.1344874242428601
sub-048,sub-006,FFD,0.23619341975143837
sub-048,sub-066,FFD,0.2638686995500086
sub-048,sub-101,FFD,0.2252368417062362
sub-048,sub-042,FFD,0.2370301204655416
sub-048,sub-003,FFD,0.2646165481844526
sub-048,sub-107,FFD,0.21704390418442532
sub-048,sub-098,FFD,0.23835179220922748
sub-048,sub-086,FFD,0.15906377737138597
sub-048,sub-013,FFD,0.2836770626919214
sub-048,sub-068,FFD,0.2724413214211589
sub-087,sub-091,FFD,0.28832830069723314
sub-087,sub-083,FFD,0.32721773522126635
sub-087,sub-065,FFD,0.3289859014246137
sub-087,sub-077,FFD,0.12940532809193622
sub-087,sub-039,FFD,0.17277175311671913
sub-087,sub-053,FFD,0.1487292766543987
sub-087,sub-075,FFD,0.23316318238108683
sub-087,sub-060,FFD,0.30942043101405503
sub-087,sub-103,FFD,0.2055555532773668
sub-087,sub-105,FFD,0.1604148918620178
sub-087,sub-064,FFD,0.24576803985427242
sub-087,sub-010,FFD,0.09084269370708847
sub-087,sub-034,FFD,0.2508014121550171
sub-087,sub-002,FFD,0.309263014302238
sub-087,sub-085,FFD,0.32770825287445426
sub-087,sub-021,FFD,0.15125982790533563
sub-087,sub-096,FFD,0.2872658219927681
sub-087,sub-027,FFD,0.26577318803902084
sub-087,sub-006,FFD,0.23783496355592526
sub-087,sub-066,FFD,0.1896814857253809
sub-087,sub-101,FFD,0.2394865335830444
sub-087,sub-042,FFD,0.29388571572672206
sub-087,sub-003,FFD,0.38696259542315226
sub-087,sub-107,FFD,0.2452655755153444
sub-087,sub-098,FFD,0.2756600369473318
sub-087,sub-086,FFD,0.14930829111255364
sub-087,sub-013,FFD,0.24120036657023514
sub-087,sub-068,FFD,0.3736401192670603
sub-091,sub-083,FFD,0.3607923047288382
sub-091,sub-065,FFD,0.34801777052390936
sub-091,sub-077,FFD,0.1863604125808684
sub-091,sub-039,FFD,0.28583381732025614
sub-091,sub-053,FFD,0.1819636330690995
sub-091,sub-075,FFD,0.21629652828264373
sub-091,sub-060,FFD,0.32488013210589767
sub-091,sub-103,FFD,0.2756128831293767
sub-091,sub-105,FFD,0.28599970458315427
sub-091,sub-064,FFD,0.23730559916264474
sub-091,sub-010,FFD,0.1077198401228316
sub-091,sub-034,FFD,0.2913771998834795
sub-091,sub-002,FFD,0.3085756383670937
sub-091,sub-085,FFD,0.28202389121103627
sub-091,sub-021,FFD,0.19130946309627145
sub-091,sub-096,FFD,0.40675222317177406
sub-091,sub-027,FFD,0.25720694727927856
sub-091,sub-006,FFD,0.3142621887412686
sub-091,sub-066,FFD,0.33119286044419743
sub-091,sub-101,FFD,0.22922227855740807
sub-091,sub-042,FFD,0.3448674637972373
sub-091,sub-003,FFD,0.36318636035547147
sub-091,sub-107,FFD,0.3455803454009744
sub-091,sub-098,FFD,0.3258398582033872
sub-091,sub-086,FFD,0.11160518408724383
sub-091,sub-013,FFD,0.250689180929811
sub-091,sub-068,FFD,0.39131939691233175
sub-083,sub-065,FFD,0.3686000937063829
sub-083,sub-077,FFD,0.24127185330575415
sub-083,sub-039,FFD,0.2679548888319917
sub-083,sub-053,FFD,0.15867889050247708
sub-083,sub-075,FFD,0.26692641529902017
sub-083,sub-060,FFD,0.3270591483392553
sub-083,sub-103,FFD,0.3272845505686808
sub-083,sub-105,FFD,0.20258865973410048
sub-083,sub-064,FFD,0.27283825643018617
sub-083,sub-010,FFD,0.03424659023098446
sub-083,sub-034,FFD,0.2952369201724554
sub-083,sub-002,FFD,0.3009680635841345
sub-083,sub-085,FFD,0.2558566375872333
sub-083,sub-021,FFD,0.20697490501995458
sub-083,sub-096,FFD,0.41037840824101557
sub-083,sub-027,FFD,0.27365692809984016
sub-083,sub-006,FFD,0.31343224306495515
sub-083,sub-066,FFD,0.33878479325397887
sub-083,sub-101,FFD,0.18960265256580316
sub-083,sub-042,FFD,0.30153540282545394
sub-083,sub-003,FFD,0.40441196778429395
sub-083,sub-107,FFD,0.2811348489473968
sub-083,sub-098,FFD,0.34023151754203007
sub-083,sub-086,FFD,0.09193167674025078
sub-083,sub-013,FFD,0.2652590604484465
sub-083,sub-068,FFD,0.4026301050551736
sub-065,sub-077,FFD,0.20688179642799073
sub-065,sub-039,FFD,0.32600889065647365
sub-065,sub-053,FFD,0.17308080273238893
sub-065,sub-075,FFD,0.23766370469955744
sub-065,sub-060,FFD,0.3348047205394154
sub-065,sub-103,FFD,0.34243700678783684
sub-065,sub-105,FFD,0.15516233905986968
sub-065,sub-064,FFD,0.2033793658085177
sub-065,sub-010,FFD,0.07912299139219861
sub-065,sub-034,FFD,0.25398344043949966
sub-065,sub-002,FFD,0.3598231827833302
sub-065,sub-085,FFD,0.26350666084105867
sub-065,sub-021,FFD,0.19944577750692438
sub-065,sub-096,FFD,0.38936988733316147
sub-065,sub-027,FFD,0.342643192428422
sub-065,sub-006,FFD,0.33280026500511145
sub-065,sub-066,FFD,0.25414295475033377
sub-065,sub-101,FFD,0.24547556656601024
sub-065,sub-042,FFD,0.36872032174081465
sub-065,sub-003,FFD,0.37985669389865684
sub-065,sub-107,FFD,0.27883736945451654
sub-065,sub-098,FFD,0.2641781422477395
sub-065,sub-086,FFD,0.10324022159506377
sub-065,sub-013,FFD,0.24063664167549711
sub-065,sub-068,FFD,0.3694181496676888
sub-077,sub-039,FFD,0.12972115362518108
sub-077,sub-053,FFD,0.050282913645509054
sub-077,sub-075,FFD,0.15081929289143073
sub-077,sub-060,FFD,0.21251396527872757
sub-077,sub-103,FFD,0.13404860577382538
sub-077,sub-105,FFD,0.1991754001590308
sub-077,sub-064,FFD,0.0818014630472947
sub-077,sub-010,FFD,-0.007233018613860636
sub-077,sub-034,FFD,0.1988791668132488
sub-077,sub-002,FFD,0.10128059349643109
sub-077,sub-085,FFD,0.15330888985373375
sub-077,sub-021,FFD,0.14407076456463833
sub-077,sub-096,FFD,0.24063506256491912
sub-077,sub-027,FFD,0.1963482650650137
sub-077,sub-006,FFD,0.1889799953157256
sub-077,sub-066,FFD,0.16229201375473337
sub-077,sub-101,FFD,0.1547466036661359
sub-077,sub-042,FFD,0.21244800989925114
sub-077,sub-003,FFD,0.2403291318888309
sub-077,sub-107,FFD,0.1810204023145534
sub-077,sub-098,FFD,0.15039933577240938
sub-077,sub-086,FFD,0.06927229901747252
sub-077,sub-013,FFD,0.16219724816158712
sub-077,sub-068,FFD,0.15284475952825322
sub-039,sub-053,FFD,0.01842740669721787
sub-039,sub-075,FFD,0.08965970230956512
sub-039,sub-060,FFD,0.23916405854345768
sub-039,sub-103,FFD,0.2942780341610241
sub-039,sub-105,FFD,0.13239591789202979
sub-039,sub-064,FFD,0.1555305085967678
sub-039,sub-010,FFD,0.020468005957699587
sub-039,sub-034,FFD,0.1350185559475456
sub-039,sub-002,FFD,0.2871492193523418
sub-039,sub-085,FFD,0.2733853155040152
sub-039,sub-021,FFD,0.368490627389486
sub-039,sub-096,FFD,0.3423803871210426
sub-039,sub-027,FFD,0.3334344718750286
sub-039,sub-006,FFD,0.2865961073479456
sub-039,sub-066,FFD,0.22855292865511118
sub-039,sub-101,FFD,0.08743285174288012
sub-039,sub-042,FFD,0.38455669753288474
sub-039,sub-003,FFD,0.32428542666110033
sub-039,sub-107,FFD,0.28769384425681915
sub-039,sub-098,FFD,0.15373420324806553
sub-039,sub-086,FFD,0.03974212418342956
sub-039,sub-013,FFD,0.08388629322526962
sub-039,sub-068,FFD,0.25715795213618153
sub-053,sub-075,FFD,0.2111400831983265
sub-053,sub-060,FFD,0.15384413485226106
sub-053,sub-103,FFD,0.24368595062974308
sub-053,sub-105,FFD,0.24526703850972495
sub-053,sub-064,FFD,0.27106069226988055
sub-053,sub-010,FFD,0.19488229974117185
sub-053,sub-034,FFD,0.24519981517717115
sub-053,sub-002,FFD,0.11450582777623693
sub-053,sub-085,FFD,0.07172503438919817
sub-053,sub-021,FFD,0.04531357903943453
sub-053,sub-096,FFD,0.2108963540614937
sub-053,sub-027,FFD,0.11119851796858968
sub-053,sub-006,FFD,0.11148784678606469
sub-053,sub-066,FFD,0.12030015547657229
sub-053,sub-101,FFD,0.26473935941577886
sub-053,sub-042,FFD,0.09240981406801092
sub-053,sub-003,FFD,0.17087719579616287
sub-053,sub-107,FFD,0.1995515550948228
sub-053,sub-098,FFD,0.28577205476340073
sub-053,sub-086,FFD,0.21128727516909102
sub-053,sub-013,FFD,0.20568281768256114
sub-053,sub-068,FFD,0.2552954567012063
sub-075,sub-060,FFD,0.28537989970238525
sub-075,sub-103,FFD,0.260089953758555
sub-075,sub-105,FFD,0.1521935184186109
sub-075,sub-064,FFD,0.24694814957205258
sub-075,sub-010,FFD,0.16056488218935588
sub-075,sub-034,FFD,0.3384602446321839
sub-075,sub-002,FFD,0.14805751706733614
sub-075,sub-085,FFD,0.21964161235425492
sub-075,sub-021,FFD,0.04441830518970939
sub-075,sub-096,FFD,0.2502322082750535
sub-075,sub-027,FFD,0.15772645463171653
sub-075,sub-006,FFD,0.2305537174373445
sub-075,sub-066,FFD,0.2038740620971726
sub-075,sub-101,FFD,0.29135941414166705
sub-075,sub-042,FFD,0.16608985221191083
sub-075,sub-003,FFD,0.27824357729481325
sub-075,sub-107,FFD,0.19833430876295935
sub-075,sub-098,FFD,0.24562021727518862
sub-075,sub-086,FFD,0.1577555075858316
sub-075,sub-013,FFD,0.359576481257342
sub-075,sub-068,FFD,0.33130118275052023
sub-060,sub-103,FFD,0.2991546591323761
sub-060,sub-105,FFD,0.2191392170991255
sub-060,sub-064,FFD,0.24378756650159236
sub-060,sub-010,FFD,0.10481093052184733
sub-060,sub-034,FFD,0.29645771207439764
sub-060,sub-002,FFD,0.2772010816521399
sub-060,sub-085,FFD,0.3279997058674594
sub-060,sub-021,FFD,0.22106712499373488
sub-060,sub-096,FFD,0.34511533841596015
sub-060,sub-027,FFD,0.27089993995800415
sub-060,sub-006,FFD,0.33503748441067294
sub-060,sub-066,FFD,0.29864204982891
sub-060,sub-101,FFD,0.22958298049451503
sub-060,sub-042,FFD,0.30175135054068924
sub-060,sub-003,FFD,0.38318851232505086
sub-060,sub-107,FFD,0.30548077312042143
sub-060,sub-098,FFD,0.2412193612925031
sub-060,sub-086,FFD,0.12878270488108318
sub-060,sub-013,FFD,0.23682109030133858
sub-060,sub-068,FFD,0.3385893101053325
sub-103,sub-105,FFD,0.23346789184219563
sub-103,sub-064,FFD,0.2275971748624129
sub-103,sub-010,FFD,0.12873374871843835
sub-103,sub-034,FFD,0.2888490601735948
sub-103,sub-002,FFD,0.2497184171011584
sub-103,sub-085,FFD,0.28148700064096843
sub-103,sub-021,FFD,0.2100213357235781
sub-103,sub-096,FFD,0.37078832688842245
sub-103,sub-027,FFD,0.2375005777728866
sub-103,sub-006,FFD,0.25809364418054276
sub-103,sub-066,FFD,0.3324055140250444
sub-103,sub-101,FFD,0.2533225066899251
sub-103,sub-042,FFD,0.33131071441752885
sub-103,sub-003,FFD,0.35577549189159513
sub-103,sub-107,FFD,0.2454744532776935
sub-103,sub-098,FFD,0.27431633098805747
sub-103,sub-086,FFD,0.14851698278592035
sub-103,sub-013,FFD,0.32077393694900236
sub-103,sub-068,FFD,0.34619168332046196
sub-105,sub-064,FFD,0.1785369777358694
sub-105,sub-010,FFD,0.042187710847496875
sub-105,sub-034,FFD,0.28459208866442665
sub-105,sub-002,FFD,0.14097759659694312
sub-105,sub-085,FFD,0.1486670538851365
sub-105,sub-021,FFD,0.0789905215378236
sub-105,sub-096,FFD,0.22857782142583064
sub-105,sub-027,FFD,0.12388958794339858
sub-105,sub-006,FFD,0.13913015451730196
sub-105,sub-066,FFD,0.1485514900425108
sub-105,sub-101,FFD,0.1842998208226488
sub-105,sub-042,FFD,0.18559592768329242
sub-105,sub-003,FFD,0.23969111891720904
sub-105,sub-107,FFD,0.0999916488080953
sub-105,sub-098,FFD,0.17733738303072816
sub-105,sub-086,FFD,0.12930381851371553
sub-105,sub-013,FFD,0.16373069177130964
sub-105,sub-068,FFD,0.2624993609424476
sub-064,sub-010,FFD,0.13351570201570762
sub-064,sub-034,FFD,0.31589133153806737
sub-064,sub-002,FFD,0.22798840533149295
sub-064,sub-085,FFD,0.18244819514023194
sub-064,sub-021,FFD,0.16707217973747193
sub-064,sub-096,FFD,0.2807176845006304
sub-064,sub-027,FFD,0.2075425869784315
sub-064,sub-006,FFD,0.22151489125713472
sub-064,sub-066,FFD,0.2488165761792937
sub-064,sub-101,FFD,0.295826426411838
sub-064,sub-042,FFD,0.22179884182885465
sub-064,sub-003,FFD,0.2244235152339002
sub-064,sub-107,FFD,0.20498485565108743
sub-064,sub-098,FFD,0.3518462497968729
sub-064,sub-086,FFD,0.17707154874098482
sub-064,sub-013,FFD,0.2912794104665958
sub-064,sub-068,FFD,0.26526403939376053
sub-010,sub-034,FFD,0.1680551110725456
sub-010,sub-002,FFD,-0.0011541990216075249
sub-010,sub-085,FFD,0.11625212883083506
sub-010,sub-021,FFD,0.02767525753617702
sub-010,sub-096,FFD,0.10917463894942017
sub-010,sub-027,FFD,0.07130248950870087
sub-010,sub-006,FFD,0.06171803042355853
sub-010,sub-066,FFD,0.04157405086026362
sub-010,sub-101,FFD,0.09958595275368819
sub-010,sub-042,FFD,0.0645238255624098
sub-010,sub-003,FFD,0.10510081192185576
sub-010,sub-107,FFD,0.06734355300299898
sub-010,sub-098,FFD,0.08677421568863611
sub-010,sub-086,FFD,0.19836439740556852
sub-010,sub-013,FFD,0.16650263219338735
sub-010,sub-068,FFD,0.1115141696372824
sub-034,sub-002,FFD,0.24998689531245602
sub-034,sub-085,FFD,0.23408011612553462
sub-034,sub-021,FFD,0.10661682662395584
sub-034,sub-096,FFD,0.35264276004646294
sub-034,sub-027,FFD,0.1568860671898735
sub-034,sub-006,FFD,0.23714733203023006
sub-034,sub-066,FFD,0.2788082404791191
sub-034,sub-101,FFD,0.35045673782362446
sub-034,sub-042,FFD,0.21978355456221169
sub-034,sub-003,FFD,0.32557763308759513
sub-034,sub-107,FFD,0.23031315829949073
sub-034,sub-098,FFD,0.34017780894295474
sub-034,sub-086,FFD,0.18104146426030734
sub-034,sub-013,FFD,0.2870908724793507
sub-034,sub-068,FFD,0.33630582241354146
sub-002,sub-085,FFD,0.22725091408586215
sub-002,sub-021,FFD,0.1381876443650247
sub-002,sub-096,FFD,0.34959720420938656
sub-002,sub-027,FFD,0.3162157220914201
sub-002,sub-006,FFD,0.3334912694335052
sub-002,sub-066,FFD,0.2580989446087437
sub-002,sub-101,FFD,0.1660319446794665
sub-002,sub-042,FFD,0.3048090260344104
sub-002,sub-003,FFD,0.3432386165617882
sub-002,sub-107,FFD,0.2898695931607673
sub-002,sub-098,FFD,0.3454103630961752
sub-002,sub-086,FFD,0.08800411636022708
sub-002,sub-013,FFD,0.17362746507829208
sub-002,sub-068,FFD,0.3685791083963791
sub-085,sub-021,FFD,0.20212810349321753
sub-085,sub-096,FFD,0.26381758744175554
sub-085,sub-027,FFD,0.18643651784497264
sub-085,sub-006,FFD,0.3373671854050194
sub-085,sub-066,FFD,0.31797391653183443
sub-085,sub-101,FFD,0.21746335139601947
sub-085,sub-042,FFD,0.3485895558450158
sub-085,sub-003,FFD,0.33689997259960863
sub-085,sub-107,FFD,0.2454092826086939
sub-085,sub-098,FFD,0.2195178504125248
sub-085,sub-086,FFD,0.11121227062353052
sub-085,sub-013,FFD,0.20918879133245033
sub-085,sub-068,FFD,0.33222766622512706
sub-021,sub-096,FFD,0.19052970272417544
sub-021,sub-027,FFD,0.2515417159589883
sub-021,sub-006,FFD,0.2530200719033265
sub-021,sub-066,FFD,0.18719417438424096
sub-021,sub-101,FFD,0.11380530477842833
sub-021,sub-042,FFD,0.3090296899089161
sub-021,sub-003,FFD,0.2649449889972904
sub-021,sub-107,FFD,0.2428545350501523
sub-021,sub-098,FFD,0.12692510365922283
sub-021,sub-086,FFD,0.029493414752609432
sub-021,sub-013,FFD,0.03707657052320756
sub-021,sub-068,FFD,0.165461258274493
sub-096,sub-027,FFD,0.36814644054228907
sub-096,sub-006,FFD,0.35778250585800464
sub-096,sub-066,FFD,0.35481156247554935
sub-096,sub-101,FFD,0.26265482205956103
sub-096,sub-042,FFD,0.3594578775631356
sub-096,sub-003,FFD,0.40215479296852064
sub-096,sub-107,FFD,0.33701856652675966
sub-096,sub-098,FFD,0.33304499189919007
sub-096,sub-086,FFD,0.15000842194265823
sub-096,sub-013,FFD,0.3017364005172725
sub-096,sub-068,FFD,0.42181729723734523
sub-027,sub-006,FFD,0.26978362322382476
sub-027,sub-066,FFD,0.2023205482533408
sub-027,sub-101,FFD,0.10764225163735784
sub-027,sub-042,FFD,0.3500222136546273
sub-027,sub-003,FFD,0.3741670997880502
sub-027,sub-107,FFD,0.2597218782326382
sub-027,sub-098,FFD,0.25515293941680933
sub-027,sub-086,FFD,0.07775805770736188
sub-027,sub-013,FFD,0.20085627793038316
sub-027,sub-068,FFD,0.2697275369531906
sub-006,sub-066,FFD,0.34333717774200845
sub-006,sub-101,FFD,0.1875413746663088
sub-006,sub-042,FFD,0.3657249666618422
sub-006,sub-003,FFD,0.38638600178117627
sub-006,sub-107,FFD,0.401105662397936
sub-006,sub-098,FFD,0.2563092006033968
sub-006,sub-086,FFD,0.10450744836498937
sub-006,sub-013,FFD,0.25156914318491347
sub-006,sub-068,FFD,0.33325089906224137
sub-066,sub-101,FFD,0.2129786111071082
sub-066,sub-042,FFD,0.284758695836876
sub-066,sub-003,FFD,0.29390438172477157
sub-066,sub-107,FFD,0.26032079719617296
sub-066,sub-098,FFD,0.32024044393069895
sub-066,sub-086,FFD,0.08432418420161997
sub-066,sub-013,FFD,0.28486102033322563
sub-066,sub-068,FFD,0.3221170828442646
sub-101,sub-042,FFD,0.19614430112943426
sub-101,sub-003,FFD,0.2761793211295714
sub-101,sub-107,FFD,0.23371831461601691
sub-101,sub-098,FFD,0.260302220194567
sub-101,sub-086,FFD,0.19533394970858392
sub-101,sub-013,FFD,0.300206268367049
sub-101,sub-068,FFD,0.2542504024012308
sub-042,sub-003,FFD,0.37352356928501296
sub-042,sub-107,FFD,0.3524993469870213
sub-042,sub-098,FFD,0.23710660104469553
sub-042,sub-086,FFD,0.07706626228570808
sub-042,sub-013,FFD,0.20451272298118375
sub-042,sub-068,FFD,0.34298240604626423
sub-003,sub-107,FFD,0.3313388737621867
sub-003,sub-098,FFD,0.3121042850391947
sub-003,sub-086,FFD,0.09777185843188747
sub-003,sub-013,FFD,0.27110157799429935
sub-003,sub-068,FFD,0.36165287564081466
sub-107,sub-098,FFD,0.25289910302601587
sub-107,sub-086,FFD,0.06817877979580787
sub-107,sub-013,FFD,0.2760934438338586
sub-107,sub-068,FFD,0.31592186044700055
sub-098,sub-086,FFD,0.11872055604490998
sub-098,sub-013,FFD,0.32582081123081236
sub-098,sub-068,FFD,0.3098303289484566
sub-086,sub-013,FFD,0.16237102668469378
sub-086,sub-068,FFD,0.18125083278954732
sub-013,sub-068,FFD,0.28152617396039836
sub-067,sub-054,FPRT,0.26514137363997914
sub-067,sub-078,FPRT,0.24634457836266666
sub-067,sub-046,FPRT,0.26624765643175585
sub-067,sub-097,FPRT,0.2806600669167491
sub-067,sub-079,FPRT,0.3231518051554369
sub-067,sub-028,FPRT,0.2964335149698931
sub-067,sub-089,FPRT,0.305510207000999
sub-067,sub-109,FPRT,0.34918414284643456
sub-067,sub-070,FPRT,0.19903054542071166
sub-067,sub-111,FPRT,0.24303372288119932
sub-067,sub-073,FPRT,0.19074269370095512
sub-067,sub-001,FPRT,0.2406046662793758
sub-067,sub-095,FPRT,0.3428156642593162
sub-067,sub-012,FPRT,0.15965673588401272
sub-067,sub-052,FPRT,0.2517952225802403
sub-067,sub-094,FPRT,0.23287153026451526
sub-067,sub-088,FPRT,0.10824870940183957
sub-067,sub-044,FPRT,0.2536851101543275
sub-067,sub-009,FPRT,0.16183782786541093
sub-067,sub-041,FPRT,0.3402569236723816
sub-067,sub-024,FPRT,0.14611323435823936
sub-067,sub-016,FPRT,0.21563442913923256
sub-067,sub-112,FPRT,0.27334523000467226
sub-067,sub-058,FPRT,0.2284526151380384
sub-067,sub-018,FPRT,0.20091064685971358
sub-067,sub-048,FPRT,0.23535372190447798
sub-067,sub-087,FPRT,0.20606246926695487
sub-067,sub-091,FPRT,0.2969307625165224
sub-067,sub-083,FPRT,0.38262316221354215
sub-067,sub-065,FPRT,0.31023510275683924
sub-067,sub-077,FPRT,0.19729349285004671
sub-067,sub-039,FPRT,0.2364871981298816
sub-067,sub-053,FPRT,0.23027246342134494
sub-067,sub-075,FPRT,0.23403649579219785
sub-067,sub-060,FPRT,0.2428433851950977
sub-067,sub-103,FPRT,0.23685932401916138
sub-067,sub-105,FPRT,0.1686889258180383
sub-067,sub-064,FPRT,0.25902900162878273
sub-067,sub-010,FPRT,0.06626858081106064
sub-067,sub-034,FPRT,0.3184874284014602
sub-067,sub-002,FPRT,0.25690792333781454
sub-067,sub-085,FPRT,0.22678401719284746
sub-067,sub-021,FPRT,0.10120107382438816
sub-067,sub-096,FPRT,0.2808376696803686
sub-067,sub-027,FPRT,0.2389584277593011
sub-067,sub-006,FPRT,0.24142459000846334
sub-067,sub-066,FPRT,0.25265494501371
sub-067,sub-101,FPRT,0.24272024998785952
sub-067,sub-042,FPRT,0.21001202856366546
sub-067,sub-003,FPRT,0.31448556492977225
sub-067,sub-107,FPRT,0.2707807961943048
sub-067,sub-098,FPRT,0.2335987743121115
sub-067,sub-086,FPRT,0.14578766778759925
sub-067,sub-013,FPRT,0.2618080124875989
sub-067,sub-068,FPRT,0.3022966391447806
sub-054,sub-078,FPRT,0.2519587843130388
sub-054,sub-046,FPRT,0.23654187840987242
sub-054,sub-097,FPRT,0.24070118721006944
sub-054,sub-079,FPRT,0.27775221953839313
sub-054,sub-028,FPRT,0.3537613780179323
sub-054,sub-089,FPRT,0.2753756596531464
sub-054,sub-109,FPRT,0.28946508119618286
sub-054,sub-070,FPRT,0.20713895091407755
sub-054,sub-111,FPRT,0.172217348531679
sub-054,sub-073,FPRT,0.16100865364381514
sub-054,sub-001,FPRT,0.19795455528141964
sub-054,sub-095,FPRT,0.27320268449653967
sub-054,sub-012,FPRT,0.1560951982957908
sub-054,sub-052,FPRT,0.277343703635794
sub-054,sub-094,FPRT,0.23380023193757812
sub-054,sub-088,FPRT,-0.0064606529253642695
sub-054,sub-044,FPRT,0.2725333644198316
sub-054,sub-009,FPRT,0.17160124447459296
sub-054,sub-041,FPRT,0.3060864643328581
sub-054,sub-024,FPRT,0.1638105866027649
sub-054,sub-016,FPRT,0.26550928891494885
sub-054,sub-112,FPRT,0.26564109054462526
sub-054,sub-058,FPRT,0.23338424348213963
sub-054,sub-018,FPRT,0.15583585080598758
sub-054,sub-048,FPRT,0.21090704534753674
sub-054,sub-087,FPRT,0.21954152198374263
sub-054,sub-091,FPRT,0.26106091481529614
sub-054,sub-083,FPRT,0.24401465621097113
sub-054,sub-065,FPRT,0.2294600328659593
sub-054,sub-077,FPRT,0.11239545292156723
sub-054,sub-039,FPRT,0.25438261833899484
sub-054,sub-053,FPRT,0.23665745475372849
sub-054,sub-075,FPRT,0.1902628691436091
sub-054,sub-060,FPRT,0.2207462921044522
sub-054,sub-103,FPRT,0.2238491447307883
sub-054,sub-105,FPRT,0.1675042651170874
sub-054,sub-064,FPRT,0.23219087830621793
sub-054,sub-010,FPRT,0.11807566882573887
sub-054,sub-034,FPRT,0.3322301810462971
sub-054,sub-002,FPRT,0.23846014797482598
sub-054,sub-085,FPRT,0.2374489195384103
sub-054,sub-021,FPRT,0.261728421364094
sub-054,sub-096,FPRT,0.23485942333482956
sub-054,sub-027,FPRT,0.16690385762703241
sub-054,sub-006,FPRT,0.23909529048020403
sub-054,sub-066,FPRT,0.25452503712581925
sub-054,sub-101,FPRT,0.27570499256933395
sub-054,sub-042,FPRT,0.24488727625969303
sub-054,sub-003,FPRT,0.28019421766836516
sub-054,sub-107,FPRT,0.23675449968920245
sub-054,sub-098,FPRT,0.2995980455408371
sub-054,sub-086,FPRT,0.14717590858188795
sub-054,sub-013,FPRT,0.1633743106121757
sub-054,sub-068,FPRT,0.25665900981043144
sub-078,sub-046,FPRT,0.2736832689574784
sub-078,sub-097,FPRT,0.3141595775784116
sub-078,sub-079,FPRT,0.31257746021033783
sub-078,sub-028,FPRT,0.2750211622881463
sub-078,sub-089,FPRT,0.33092707563268214
sub-078,sub-109,FPRT,0.35719679637469137
sub-078,sub-070,FPRT,0.21999716115121148
sub-078,sub-111,FPRT,0.30149636317278455
sub-078,sub-073,FPRT,0.25038307372720797
sub-078,sub-001,FPRT,0.28733814024762855
sub-078,sub-095,FPRT,0.36439309288966404
sub-078,sub-012,FPRT,0.101563993155258
sub-078,sub-052,FPRT,0.32086270629949576
sub-078,sub-094,FPRT,0.3318257862125616
sub-078,sub-088,FPRT,0.03931632019949217
sub-078,sub-044,FPRT,0.26882094059762857
sub-078,sub-009,FPRT,0.27823681742764284
sub-078,sub-041,FPRT,0.34662204782592904
sub-078,sub-024,FPRT,0.15831146592319828
sub-078,sub-016,FPRT,0.24888187422782512
sub-078,sub-112,FPRT,0.28178812348238347
sub-078,sub-058,FPRT,0.22365793848504126
sub-078,sub-018,FPRT,0.25620202792311864
sub-078,sub-048,FPRT,0.28722826393011386
sub-078,sub-087,FPRT,0.29991116346478225
sub-078,sub-091,FPRT,0.32450148723248107
sub-078,sub-083,FPRT,0.3880611174580912
sub-078,sub-065,FPRT,0.310234746104036
sub-078,sub-077,FPRT,0.16427608209311548
sub-078,sub-039,FPRT,0.2242734605960003
sub-078,sub-053,FPRT,0.28339158473394
sub-078,sub-075,FPRT,0.2991619652558827
sub-078,sub-060,FPRT,0.3205032446879244
sub-078,sub-103,FPRT,0.2781164844985325
sub-078,sub-105,FPRT,0.20533702491680383
sub-078,sub-064,FPRT,0.2375729493793712
sub-078,sub-010,FPRT,0.13159124392174482
sub-078,sub-034,FPRT,0.2978218913371749
sub-078,sub-002,FPRT,0.25994407659244706
sub-078,sub-085,FPRT,0.2867061909545323
sub-078,sub-021,FPRT,0.125024512295364
sub-078,sub-096,FPRT,0.3574189525470201
sub-078,sub-027,FPRT,0.18539310652232813
sub-078,sub-006,FPRT,0.24721316111193067
sub-078,sub-066,FPRT,0.26864434780576024
sub-078,sub-101,FPRT,0.26556807410594824
sub-078,sub-042,FPRT,0.22774677210457978
sub-078,sub-003,FPRT,0.3567664316331014
sub-078,sub-107,FPRT,0.25633226579904217
sub-078,sub-098,FPRT,0.2878376674173098
sub-078,sub-086,FPRT,0.1998155329216668
sub-078,sub-013,FPRT,0.24072622016919565
sub-078,sub-068,FPRT,0.33459264900493785
sub-046,sub-097,FPRT,0.3420017318822832
sub-046,sub-079,FPRT,0.35677304485720457
sub-046,sub-028,FPRT,0.31056111785368545
sub-046,sub-089,FPRT,0.38832693272255275
sub-046,sub-109,FPRT,0.3969570748490192
sub-046,sub-070,FPRT,0.175780693311782
sub-046,sub-111,FPRT,0.283969046309407
sub-046,sub-073,FPRT,0.27470492783440187
sub-046,sub-001,FPRT,0.36934729844840253
sub-046,sub-095,FPRT,0.35361530215905584
sub-046,sub-012,FPRT,0.11650415294172597
sub-046,sub-052,FPRT,0.22901690268142777
sub-046,sub-094,FPRT,0.20244214985619913
sub-046,sub-088,FPRT,0.18164859295414862
sub-046,sub-044,FPRT,0.42029680671059105
sub-046,sub-009,FPRT,0.3667537824263463
sub-046,sub-041,FPRT,0.307054156403311
sub-046,sub-024,FPRT,0.06261804857618661
sub-046,sub-016,FPRT,0.1759988210883526
sub-046,sub-112,FPRT,0.43658987002180755
sub-046,sub-058,FPRT,0.2758716583974234
sub-046,sub-018,FPRT,0.19853762192142063
sub-046,sub-048,FPRT,0.18443231924062164
sub-046,sub-087,FPRT,0.3289371667659341
sub-046,sub-091,FPRT,0.33532969129672496
sub-046,sub-083,FPRT,0.32516636297580975
sub-046,sub-065,FPRT,0.29966387887043433
sub-046,sub-077,FPRT,0.1617091981633411
sub-046,sub-039,FPRT,0.34579449412223556
sub-046,sub-053,FPRT,0.14659866069295013
sub-046,sub-075,FPRT,0.2500735705729097
sub-046,sub-060,FPRT,0.3108916093655205
sub-046,sub-103,FPRT,0.2876983865910346
sub-046,sub-105,FPRT,0.1357542338838789
sub-046,sub-064,FPRT,0.22038879161798677
sub-046,sub-010,FPRT,0.02907392867061769
sub-046,sub-034,FPRT,0.17754019382132827
sub-046,sub-002,FPRT,0.28820774700879037
sub-046,sub-085,FPRT,0.35608350417840545
sub-046,sub-021,FPRT,0.34627181818418307
sub-046,sub-096,FPRT,0.334292022072712
sub-046,sub-027,FPRT,0.34709630774823363
sub-046,sub-006,FPRT,0.3931840133845934
sub-046,sub-066,FPRT,0.31923535542583675
sub-046,sub-101,FPRT,0.21486977048688843
sub-046,sub-042,FPRT,0.38912268660575183
sub-046,sub-003,FPRT,0.3946679469718614
sub-046,sub-107,FPRT,0.3395134261437254
sub-046,sub-098,FPRT,0.24441734013892186
sub-046,sub-086,FPRT,0.11157681522408086
sub-046,sub-013,FPRT,0.24491000491507126
sub-046,sub-068,FPRT,0.26124276598419477
sub-097,sub-079,FPRT,0.42315930365678034
sub-097,sub-028,FPRT,0.3409423296429834
sub-097,sub-089,FPRT,0.43558801098193556
sub-097,sub-109,FPRT,0.48849634392119895
sub-097,sub-070,FPRT,0.18096244473928588
sub-097,sub-111,FPRT,0.31694020381489235
sub-097,sub-073,FPRT,0.3217955926101672
sub-097,sub-001,FPRT,0.4275157661513012
sub-097,sub-095,FPRT,0.41300724092167584
sub-097,sub-012,FPRT,0.14576320479662955
sub-097,sub-052,FPRT,0.273172259311656
sub-097,sub-094,FPRT,0.28095753103997617
sub-097,sub-088,FPRT,0.11505316855969834
sub-097,sub-044,FPRT,0.41116629580936476
sub-097,sub-009,FPRT,0.2809407737031869
sub-097,sub-041,FPRT,0.3671151559699078
sub-097,sub-024,FPRT,0.21039147647694553
sub-097,sub-016,FPRT,0.2074931680401055
sub-097,sub-112,FPRT,0.36708566834347106
sub-097,sub-058,FPRT,0.3786268940779697
sub-097,sub-018,FPRT,0.22890380993893644
sub-097,sub-048,FPRT,0.2695668800008176
sub-097,sub-087,FPRT,0.3807116560658387
sub-097,sub-091,FPRT,0.40307440168764036
sub-097,sub-083,FPRT,0.4500920808618344
sub-097,sub-065,FPRT,0.392985405834916
sub-097,sub-077,FPRT,0.17975478223916602
sub-097,sub-039,FPRT,0.330519236631889
sub-097,sub-053,FPRT,0.2303137775349854
sub-097,sub-075,FPRT,0.25507577037114193
sub-097,sub-060,FPRT,0.367965644558189
sub-097,sub-103,FPRT,0.36105700131772284
sub-097,sub-105,FPRT,0.2301278777873561
sub-097,sub-064,FPRT,0.18906791581548948
sub-097,sub-010,FPRT,0.09191308569982608
sub-097,sub-034,FPRT,0.33692718152227064
sub-097,sub-002,FPRT,0.2875221298514353
sub-097,sub-085,FPRT,0.3224797466249198
sub-097,sub-021,FPRT,0.2654439047951226
sub-097,sub-096,FPRT,0.4060564193086888
sub-097,sub-027,FPRT,0.3311256048551613
sub-097,sub-006,FPRT,0.36892312151937884
sub-097,sub-066,FPRT,0.39443538140223505
sub-097,sub-101,FPRT,0.25394403402050714
sub-097,sub-042,FPRT,0.40673115432374113
sub-097,sub-003,FPRT,0.38772165759571653
sub-097,sub-107,FPRT,0.30988593262703623
sub-097,sub-098,FPRT,0.3586850069049797
sub-097,sub-086,FPRT,0.12215711632987705
sub-097,sub-013,FPRT,0.3108158371911451
sub-097,sub-068,FPRT,0.36735862009103243
sub-079,sub-028,FPRT,0.34253805640232726
sub-079,sub-089,FPRT,0.35211285531081243
sub-079,sub-109,FPRT,0.510467246136755
sub-079,sub-070,FPRT,0.13646459249147005
sub-079,sub-111,FPRT,0.2978746027181264
sub-079,sub-073,FPRT,0.3132503902295496
sub-079,sub-001,FPRT,0.4440585662551706
sub-079,sub-095,FPRT,0.5015266932781662
sub-079,sub-012,FPRT,0.2108183977883454
sub-079,sub-052,FPRT,0.28845091112390386
sub-079,sub-094,FPRT,0.3171834928413925
sub-079,sub-088,FPRT,0.2024420996204402
sub-079,sub-044,FPRT,0.4499965857807354
sub-079,sub-009,FPRT,0.3193545052748976
sub-079,sub-041,FPRT,0.388416834276712
sub-079,sub-024,FPRT,0.18953788855617718
sub-079,sub-016,FPRT,0.2531205108807503
sub-079,sub-112,FPRT,0.34602987169593835
sub-079,sub-058,FPRT,0.4189021457855752
sub-079,sub-018,FPRT,0.23930401956599837
sub-079,sub-048,FPRT,0.2601278513088056
sub-079,sub-087,FPRT,0.3407528524665655
sub-079,sub-091,FPRT,0.38933815278428663
sub-079,sub-083,FPRT,0.4504057229492405
sub-079,sub-065,FPRT,0.38986466128390973
sub-079,sub-077,FPRT,0.30854473503809027
sub-079,sub-039,FPRT,0.30793170391490404
sub-079,sub-053,FPRT,0.25205799760468783
sub-079,sub-075,FPRT,0.2729292377215464
sub-079,sub-060,FPRT,0.358692999756177
sub-079,sub-103,FPRT,0.3843475329846357
sub-079,sub-105,FPRT,0.2099693037960252
sub-079,sub-064,FPRT,0.26968656294503196
sub-079,sub-010,FPRT,0.08466235039291795
sub-079,sub-034,FPRT,0.3311503546379994
sub-079,sub-002,FPRT,0.33868118566509614
sub-079,sub-085,FPRT,0.3273314956526654
sub-079,sub-021,FPRT,0.331184219894013
sub-079,sub-096,FPRT,0.46248473863241923
sub-079,sub-027,FPRT,0.41153004488361633
sub-079,sub-006,FPRT,0.3765609785438171
sub-079,sub-066,FPRT,0.3355626721946623
sub-079,sub-101,FPRT,0.2814850094747724
sub-079,sub-042,FPRT,0.42346685170728854
sub-079,sub-003,FPRT,0.47590417957070585
sub-079,sub-107,FPRT,0.311179808144766
sub-079,sub-098,FPRT,0.34092938460013633
sub-079,sub-086,FPRT,0.13898102438204474
sub-079,sub-013,FPRT,0.29241417710495193
sub-079,sub-068,FPRT,0.38525495763500206
sub-028,sub-089,FPRT,0.3463165668027178
sub-028,sub-109,FPRT,0.3801042227673655
sub-028,sub-070,FPRT,0.2068255868352409
sub-028,sub-111,FPRT,0.21328949331144795
sub-028,sub-073,FPRT,0.21678806279648727
sub-028,sub-001,FPRT,0.3744539565890377
sub-028,sub-095,FPRT,0.4193668834155298
sub-028,sub-012,FPRT,0.1469846496010668
sub-028,sub-052,FPRT,0.31419810810562776
sub-028,sub-094,FPRT,0.27412222057032
sub-028,sub-088,FPRT,0.20194464551361685
sub-028,sub-044,FPRT,0.3586984396351422
sub-028,sub-009,FPRT,0.19252048450821804
sub-028,sub-041,FPRT,0.3709052309094723
sub-028,sub-024,FPRT,0.1452202916842305
sub-028,sub-016,FPRT,0.26413960364870387
sub-028,sub-112,FPRT,0.36163562638871116
sub-028,sub-058,FPRT,0.3550531797454541
sub-028,sub-018,FPRT,0.2718636018986454
sub-028,sub-048,FPRT,0.27150299075407863
sub-028,sub-087,FPRT,0.29730995333963
sub-028,sub-091,FPRT,0.3713448667582626
sub-028,sub-083,FPRT,0.39019408738955286
sub-028,sub-065,FPRT,0.339148474508971
sub-028,sub-077,FPRT,0.17615714682918016
sub-028,sub-039,FPRT,0.2583792997998641
sub-028,sub-053,FPRT,0.23969055291725944
sub-028,sub-075,FPRT,0.25921124930752637
sub-028,sub-060,FPRT,0.4143136191508586
sub-028,sub-103,FPRT,0.3674717530071652
sub-028,sub-105,FPRT,0.2569686113269846
sub-028,sub-064,FPRT,0.27688220061154045
sub-028,sub-010,FPRT,0.12849755614828418
sub-028,sub-034,FPRT,0.3574978191404751
sub-028,sub-002,FPRT,0.27745104323313513
sub-028,sub-085,FPRT,0.2840400759093371
sub-028,sub-021,FPRT,0.24479088938980254
sub-028,sub-096,FPRT,0.37136305574391726
sub-028,sub-027,FPRT,0.29966629833434083
sub-028,sub-006,FPRT,0.3809261035930428
sub-028,sub-066,FPRT,0.3568011248839748
sub-028,sub-101,FPRT,0.28315624733943684
sub-028,sub-042,FPRT,0.3175478948324342
sub-028,sub-003,FPRT,0.3902157148439683
sub-028,sub-107,FPRT,0.30797166409627513
sub-028,sub-098,FPRT,0.33756387447100294
sub-028,sub-086,FPRT,0.11279079759428474
sub-028,sub-013,FPRT,0.2696284748848792
sub-028,sub-068,FPRT,0.32212931713293735
sub-089,sub-109,FPRT,0.47925469474632
sub-089,sub-070,FPRT,0.17526930841179011
sub-089,sub-111,FPRT,0.34094000415669684
sub-089,sub-073,FPRT,0.29296401348778967
sub-089,sub-001,FPRT,0.4435028408530509
sub-089,sub-095,FPRT,0.4467985195757726
sub-089,sub-012,FPRT,0.1061697506864137
sub-089,sub-052,FPRT,0.24249540313157947
sub-089,sub-094,FPRT,0.2271969752087724
sub-089,sub-088,FPRT,0.123400438007801
sub-089,sub-044,FPRT,0.393382439010602
sub-089,sub-009,FPRT,0.39052488121980794
sub-089,sub-041,FPRT,0.3341505936674394
sub-089,sub-024,FPRT,0.11665192330998378
sub-089,sub-016,FPRT,0.16549662147591304
sub-089,sub-112,FPRT,0.4584970030823681
sub-089,sub-058,FPRT,0.3648048747211632
sub-089,sub-018,FPRT,0.29941294580346806
sub-089,sub-048,FPRT,0.24722592059758958
sub-089,sub-087,FPRT,0.3905312098424523
sub-089,sub-091,FPRT,0.3583492937569296
sub-089,sub-083,FPRT,0.3824504860119736
sub-089,sub-065,FPRT,0.3618976226973975
sub-089,sub-077,FPRT,0.15775852954717606
sub-089,sub-039,FPRT,0.3231678142619803
sub-089,sub-053,FPRT,0.22112176157210675
sub-089,sub-075,FPRT,0.20592051034859088
sub-089,sub-060,FPRT,0.33885100185247513
sub-089,sub-103,FPRT,0.40572828096627556
sub-089,sub-105,FPRT,0.18073162870595194
sub-089,sub-064,FPRT,0.26371964957155175
sub-089,sub-010,FPRT,0.03284134672331063
sub-089,sub-034,FPRT,0.25844750894739826
sub-089,sub-002,FPRT,0.3565514081745447
sub-089,sub-085,FPRT,0.3756672214064738
sub-089,sub-021,FPRT,0.24596632921762918
sub-089,sub-096,FPRT,0.3813483108944458
sub-089,sub-027,FPRT,0.29773489190888663
sub-089,sub-006,FPRT,0.3707562190097327
sub-089,sub-066,FPRT,0.2846473012041084
sub-089,sub-101,FPRT,0.21601348183348573
sub-089,sub-042,FPRT,0.398342582766425
sub-089,sub-003,FPRT,0.3946236452499317
sub-089,sub-107,FPRT,0.3109176398021537
sub-089,sub-098,FPRT,0.3389818302656808
sub-089,sub-086,FPRT,0.16708069762546487
sub-089,sub-013,FPRT,0.24095759512121379
sub-089,sub-068,FPRT,0.3582992570070919
sub-109,sub-070,FPRT,0.2511843210613233
sub-109,sub-111,FPRT,0.3523226027738937
sub-109,sub-073,FPRT,0.28381401389358407
sub-109,sub-001,FPRT,0.5387690655468054
sub-109,sub-095,FPRT,0.5136690104617331
sub-109,sub-012,FPRT,0.19597533984556773
sub-109,sub-052,FPRT,0.34547910802434345
sub-109,sub-094,FPRT,0.31328050529038765
sub-109,sub-088,FPRT,0.2321434013792728
sub-109,sub-044,FPRT,0.5435474822978514
sub-109,sub-009,FPRT,0.3466733822120357
sub-109,sub-041,FPRT,0.43079664865623246
sub-109,sub-024,FPRT,0.14193738828272143
sub-109,sub-016,FPRT,0.2776610768670622
sub-109,sub-112,FPRT,0.49562381252111104
sub-109,sub-058,FPRT,0.4702806113475791
sub-109,sub-018,FPRT,0.3194643826812284
sub-109,sub-048,FPRT,0.35439621714111785
sub-109,sub-087,FPRT,0.41557479653333856
sub-109,sub-091,FPRT,0.45552366832836766
sub-109,sub-083,FPRT,0.49391400418583664
sub-109,sub-065,FPRT,0.480476448299088
sub-109,sub-077,FPRT,0.2651551077854408
sub-109,sub-039,FPRT,0.39876364733766617
sub-109,sub-053,FPRT,0.300742388209538
sub-109,sub-075,FPRT,0.29129384414963977
sub-109,sub-060,FPRT,0.41331396584435104
sub-109,sub-103,FPRT,0.4220618537577448
sub-109,sub-105,FPRT,0.30955957447454063
sub-109,sub-064,FPRT,0.32249610543470064
sub-109,sub-010,FPRT,0.10210109690783746
sub-109,sub-034,FPRT,0.38503229079704104
sub-109,sub-002,FPRT,0.4135649261366992
sub-109,sub-085,FPRT,0.3761926076741144
sub-109,sub-021,FPRT,0.3329242960639316
sub-109,sub-096,FPRT,0.5114830590383687
sub-109,sub-027,FPRT,0.3701646977038958
sub-109,sub-006,FPRT,0.4694908944041958
sub-109,sub-066,FPRT,0.3795223722399059
sub-109,sub-101,FPRT,0.2902602733307872
sub-109,sub-042,FPRT,0.42185026638505635
sub-109,sub-003,FPRT,0.5603182639584097
sub-109,sub-107,FPRT,0.3634258276504563
sub-109,sub-098,FPRT,0.4189459777847034
sub-109,sub-086,FPRT,0.14460186506681666
sub-109,sub-013,FPRT,0.37898193304141975
sub-109,sub-068,FPRT,0.45543575470172404
sub-070,sub-111,FPRT,0.15967035508388647
sub-070,sub-073,FPRT,0.18668150620386476
sub-070,sub-001,FPRT,0.19372516663502654
sub-070,sub-095,FPRT,0.21310716122607123
sub-070,sub-012,FPRT,0.045293411323314034
sub-070,sub-052,FPRT,0.24415385801809672
sub-070,sub-094,FPRT,0.25915678162827355
sub-070,sub-088,FPRT,0.02543174928921788
sub-070,sub-044,FPRT,0.2157590923778181
sub-070,sub-009,FPRT,0.0842191569056238
sub-070,sub-041,FPRT,0.2147361619988366
sub-070,sub-024,FPRT,0.18462746285714798
sub-070,sub-016,FPRT,0.19868985416406373
sub-070,sub-112,FPRT,0.1887807415655587
sub-070,sub-058,FPRT,0.1901477870636869
sub-070,sub-018,FPRT,0.15733939104499692
sub-070,sub-048,FPRT,0.14866627261653292
sub-070,sub-087,FPRT,0.23493899673241597
sub-070,sub-091,FPRT,0.18786007856689804
sub-070,sub-083,FPRT,0.19691639842895634
sub-070,sub-065,FPRT,0.2173587815811913
sub-070,sub-077,FPRT,0.11888055057149789
sub-070,sub-039,FPRT,0.09220950334389105
sub-070,sub-053,FPRT,0.23093230068648593
sub-070,sub-075,FPRT,0.228101161497335
sub-070,sub-060,FPRT,0.17008370938184986
sub-070,sub-103,FPRT,0.20110635973743612
sub-070,sub-105,FPRT,0.15287577942130706
sub-070,sub-064,FPRT,0.17821694265099072
sub-070,sub-010,FPRT,0.17402756807143674
sub-070,sub-034,FPRT,0.27506307769374033
sub-070,sub-002,FPRT,0.12021848800049584
sub-070,sub-085,FPRT,0.11237521076985366
sub-070,sub-021,FPRT,0.1367428464968595
sub-070,sub-096,FPRT,0.20656455797200274
sub-070,sub-027,FPRT,0.09581267199990365
sub-070,sub-006,FPRT,0.13717620469407274
sub-070,sub-066,FPRT,0.17428999822354238
sub-070,sub-101,FPRT,0.23433615668279692
sub-070,sub-042,FPRT,0.13946264103869715
sub-070,sub-003,FPRT,0.16197010288404684
sub-070,sub-107,FPRT,0.12035066691382935
sub-070,sub-098,FPRT,0.17304234107925068
sub-070,sub-086,FPRT,0.23639770834147486
sub-070,sub-013,FPRT,0.2122371618417325
sub-070,sub-068,FPRT,0.3039590891944872
sub-111,sub-073,FPRT,0.272613473106329
sub-111,sub-001,FPRT,0.4011104419766252
sub-111,sub-095,FPRT,0.3376103683111911
sub-111,sub-012,FPRT,0.08312579116285716
sub-111,sub-052,FPRT,0.298961505341845
sub-111,sub-094,FPRT,0.174177394646783
sub-111,sub-088,FPRT,0.06471237081857786
sub-111,sub-044,FPRT,0.3002437352864887
sub-111,sub-009,FPRT,0.254013948762794
sub-111,sub-041,FPRT,0.3507470158597445
sub-111,sub-024,FPRT,0.11471573144474109
sub-111,sub-016,FPRT,0.1294264449569836
sub-111,sub-112,FPRT,0.28353164610955955
sub-111,sub-058,FPRT,0.17563617724813999
sub-111,sub-018,FPRT,0.2592698856735158
sub-111,sub-048,FPRT,0.29575687075572715
sub-111,sub-087,FPRT,0.30966949850958086
sub-111,sub-091,FPRT,0.3000890069796697
sub-111,sub-083,FPRT,0.27553491281263853
sub-111,sub-065,FPRT,0.29682551071068475
sub-111,sub-077,FPRT,0.09367860791582522
sub-111,sub-039,FPRT,0.22093973088091132
sub-111,sub-053,FPRT,0.2186533869342626
sub-111,sub-075,FPRT,0.23923809399788748
sub-111,sub-060,FPRT,0.25596429502132495
sub-111,sub-103,FPRT,0.32012245850113535
sub-111,sub-105,FPRT,0.11550617375033848
sub-111,sub-064,FPRT,0.254628305201316
sub-111,sub-010,FPRT,0.13937976599634078
sub-111,sub-034,FPRT,0.16728637301264665
sub-111,sub-002,FPRT,0.2825644488613474
sub-111,sub-085,FPRT,0.2734007375406663
sub-111,sub-021,FPRT,0.09838152774041327
sub-111,sub-096,FPRT,0.36360115227472534
sub-111,sub-027,FPRT,0.24762842604735052
sub-111,sub-006,FPRT,0.260855077715901
sub-111,sub-066,FPRT,0.29049585783315013
sub-111,sub-101,FPRT,0.2422620725782938
sub-111,sub-042,FPRT,0.2095749007951667
sub-111,sub-003,FPRT,0.3215053408012965
sub-111,sub-107,FPRT,0.17566902455972289
sub-111,sub-098,FPRT,0.2517143554012796
sub-111,sub-086,FPRT,0.14443065524396556
sub-111,sub-013,FPRT,0.2476625810906027
sub-111,sub-068,FPRT,0.31227425556839244
sub-073,sub-001,FPRT,0.324821610049537
sub-073,sub-095,FPRT,0.312021749703225
sub-073,sub-012,FPRT,0.08142271296704597
sub-073,sub-052,FPRT,0.2505368439480073
sub-073,sub-094,FPRT,0.2068383657189903
sub-073,sub-088,FPRT,0.0746860415945705
sub-073,sub-044,FPRT,0.3179851622715899
sub-073,sub-009,FPRT,0.25482600082834267
sub-073,sub-041,FPRT,0.29212577381037813
sub-073,sub-024,FPRT,0.1626937140847354
sub-073,sub-016,FPRT,0.16542238528360778
sub-073,sub-112,FPRT,0.2298495129909893
sub-073,sub-058,FPRT,0.28537094585565803
sub-073,sub-018,FPRT,0.23937032879675837
sub-073,sub-048,FPRT,0.19475539531136524
sub-073,sub-087,FPRT,0.31298462703933594
sub-073,sub-091,FPRT,0.2097669234362843
sub-073,sub-083,FPRT,0.2976104187139093
sub-073,sub-065,FPRT,0.28831647854421305
sub-073,sub-077,FPRT,0.1760571564793624
sub-073,sub-039,FPRT,0.15781069456348648
sub-073,sub-053,FPRT,0.16922334520528232
sub-073,sub-075,FPRT,0.25636641386500325
sub-073,sub-060,FPRT,0.31180353194793115
sub-073,sub-103,FPRT,0.2829086041428971
sub-073,sub-105,FPRT,0.13793682189666914
sub-073,sub-064,FPRT,0.17249229652558884
sub-073,sub-010,FPRT,0.10721517672126794
sub-073,sub-034,FPRT,0.23233209400457602
sub-073,sub-002,FPRT,0.1873185921567267
sub-073,sub-085,FPRT,0.2732151075305052
sub-073,sub-021,FPRT,0.12734712758995542
sub-073,sub-096,FPRT,0.25481760336946707
sub-073,sub-027,FPRT,0.19231438254341673
sub-073,sub-006,FPRT,0.28184214013963954
sub-073,sub-066,FPRT,0.3485353866929127
sub-073,sub-101,FPRT,0.23376835537868768
sub-073,sub-042,FPRT,0.294901791330797
sub-073,sub-003,FPRT,0.28706582762914856
sub-073,sub-107,FPRT,0.20565952127016968
sub-073,sub-098,FPRT,0.24483616461175078
sub-073,sub-086,FPRT,0.12571162735215266
sub-073,sub-013,FPRT,0.18940453078785854
sub-073,sub-068,FPRT,0.3179572045226991
sub-001,sub-095,FPRT,0.45864426989606427
sub-001,sub-012,FPRT,0.15233520930445163
sub-001,sub-052,FPRT,0.31380342607326106
sub-001,sub-094,FPRT,0.28245314392470205
sub-001,sub-088,FPRT,0.23582069774076891
sub-001,sub-044,FPRT,0.4861426794943386
sub-001,sub-009,FPRT,0.3799254086022125
sub-001,sub-041,FPRT,0.43821708511672863
sub-001,sub-024,FPRT,0.08706575683963412
sub-001,sub-016,FPRT,0.2643607186063932
sub-001,sub-112,FPRT,0.45864545241875615
sub-001,sub-058,FPRT,0.435046765614153
sub-001,sub-018,FPRT,0.3030678705927025
sub-001,sub-048,FPRT,0.2577779300137715
sub-001,sub-087,FPRT,0.3763192161906021
sub-001,sub-091,FPRT,0.3614158866532087
sub-001,sub-083,FPRT,0.44014369976669143
sub-001,sub-065,FPRT,0.38413805785514504
sub-001,sub-077,FPRT,0.23946458414324476
sub-001,sub-039,FPRT,0.3689427469456175
sub-001,sub-053,FPRT,0.23042865551281708
sub-001,sub-075,FPRT,0.2318340256032798
sub-001,sub-060,FPRT,0.37954997472375407
sub-001,sub-103,FPRT,0.381106684495239
sub-001,sub-105,FPRT,0.21168708521632243
sub-001,sub-064,FPRT,0.34267635021778126
sub-001,sub-010,FPRT,0.09683512764874624
sub-001,sub-034,FPRT,0.25400727775334153
sub-001,sub-002,FPRT,0.3504903024039016
sub-001,sub-085,FPRT,0.3546436846976382
sub-001,sub-021,FPRT,0.280882120651768
sub-001,sub-096,FPRT,0.45178102980444307
sub-001,sub-027,FPRT,0.34346247996854656
sub-001,sub-006,FPRT,0.43440548898219206
sub-001,sub-066,FPRT,0.3387811073460673
sub-001,sub-101,FPRT,0.23612524882530697
sub-001,sub-042,FPRT,0.4838220723299543
sub-001,sub-003,FPRT,0.4592938632381802
sub-001,sub-107,FPRT,0.33735320149372516
sub-001,sub-098,FPRT,0.3312439322270551
sub-001,sub-086,FPRT,0.11594599098767255
sub-001,sub-013,FPRT,0.2904785177110812
sub-001,sub-068,FPRT,0.3993296850818623
sub-095,sub-012,FPRT,0.17839800838910883
sub-095,sub-052,FPRT,0.39544514704229883
sub-095,sub-094,FPRT,0.3118734047234304
sub-095,sub-088,FPRT,0.16067416529285644
sub-095,sub-044,FPRT,0.39922305309554695
sub-095,sub-009,FPRT,0.3409899602111744
sub-095,sub-041,FPRT,0.4035088160100966
sub-095,sub-024,FPRT,0.15598283762743792
sub-095,sub-016,FPRT,0.2805973740331424
sub-095,sub-112,FPRT,0.3995543418293808
sub-095,sub-058,FPRT,0.36875627579526005
sub-095,sub-018,FPRT,0.3114575869882379
sub-095,sub-048,FPRT,0.3573274423109714
sub-095,sub-087,FPRT,0.38425146450206676
sub-095,sub-091,FPRT,0.40949800977546896
sub-095,sub-083,FPRT,0.44439400617348707
sub-095,sub-065,FPRT,0.45353588033451764
sub-095,sub-077,FPRT,0.22510652232624512
sub-095,sub-039,FPRT,0.34043248542522947
sub-095,sub-053,FPRT,0.29540355133071894
sub-095,sub-075,FPRT,0.2623604831824551
sub-095,sub-060,FPRT,0.4240500032261691
sub-095,sub-103,FPRT,0.4533683722259929
sub-095,sub-105,FPRT,0.23614530424319044
sub-095,sub-064,FPRT,0.34410425131339784
sub-095,sub-010,FPRT,0.12423809230924177
sub-095,sub-034,FPRT,0.34497822291363905
sub-095,sub-002,FPRT,0.35303561361224517
sub-095,sub-085,FPRT,0.332191129165683
sub-095,sub-021,FPRT,0.30265473345455124
sub-095,sub-096,FPRT,0.4624247955761409
sub-095,sub-027,FPRT,0.3131577764736403
sub-095,sub-006,FPRT,0.43543346637931707
sub-095,sub-066,FPRT,0.3882109543875467
sub-095,sub-101,FPRT,0.35333900650164946
sub-095,sub-042,FPRT,0.3901715996208347
sub-095,sub-003,FPRT,0.4682894278079929
sub-095,sub-107,FPRT,0.3357370760762516
sub-095,sub-098,FPRT,0.38691263905235557
sub-095,sub-086,FPRT,0.12477044095057971
sub-095,sub-013,FPRT,0.27589248247942644
sub-095,sub-068,FPRT,0.42507916331443957
sub-012,sub-052,FPRT,0.06762270839032225
sub-012,sub-094,FPRT,0.14288615117080689
sub-012,sub-088,FPRT,0.16218323471562335
sub-012,sub-044,FPRT,0.1769663824376861
sub-012,sub-009,FPRT,0.09721182788262757
sub-012,sub-041,FPRT,0.08025607207875186
sub-012,sub-024,FPRT,0.05806948187881105
sub-012,sub-016,FPRT,0.12840850463071635
sub-012,sub-112,FPRT,0.1563524791697203
sub-012,sub-058,FPRT,0.13526046783306367
sub-012,sub-018,FPRT,0.11902660940259255
sub-012,sub-048,FPRT,0.05621520496019263
sub-012,sub-087,FPRT,0.1334812109789557
sub-012,sub-091,FPRT,0.14524129531373478
sub-012,sub-083,FPRT,0.22475690181234562
sub-012,sub-065,FPRT,0.17211277832044447
sub-012,sub-077,FPRT,0.11859005719150277
sub-012,sub-039,FPRT,0.17611483041653053
sub-012,sub-053,FPRT,0.17664529923667938
sub-012,sub-075,FPRT,0.060093808338292705
sub-012,sub-060,FPRT,0.19722058311673626
sub-012,sub-103,FPRT,0.14123396478027422
sub-012,sub-105,FPRT,0.05515815345615197
sub-012,sub-064,FPRT,0.13898741853623095
sub-012,sub-010,FPRT,0.05451092807172931
sub-012,sub-034,FPRT,0.1161652681910164
sub-012,sub-002,FPRT,0.1382900047409886
sub-012,sub-085,FPRT,0.1082630766360511
sub-012,sub-021,FPRT,0.20368917476554774
sub-012,sub-096,FPRT,0.17241610105294308
sub-012,sub-027,FPRT,0.21898657818163292
sub-012,sub-006,FPRT,0.2187177558637637
sub-012,sub-066,FPRT,0.10241300500226151
sub-012,sub-101,FPRT,0.11168203115063453
sub-012,sub-042,FPRT,0.18088180225232442
sub-012,sub-003,FPRT,0.14359416803599717
sub-012,sub-107,FPRT,0.18517426826743671
sub-012,sub-098,FPRT,0.15300669864475108
sub-012,sub-086,FPRT,0.07374951087324162
sub-012,sub-013,FPRT,0.07958033827273643
sub-012,sub-068,FPRT,0.09651356707109349
sub-052,sub-094,FPRT,0.33311201724053274
sub-052,sub-088,FPRT,0.09844725080924524
sub-052,sub-044,FPRT,0.28820779580332345
sub-052,sub-009,FPRT,0.18948186272537376
sub-052,sub-041,FPRT,0.37790294313340095
sub-052,sub-024,FPRT,0.23383802938039347
sub-052,sub-016,FPRT,0.3029414525175889
sub-052,sub-112,FPRT,0.2735888955140517
sub-052,sub-058,FPRT,0.31277573952618815
sub-052,sub-018,FPRT,0.22322709646035888
sub-052,sub-048,FPRT,0.3147799972504759
sub-052,sub-087,FPRT,0.3037268990808198
sub-052,sub-091,FPRT,0.29487316645688094
sub-052,sub-083,FPRT,0.3472102653115872
sub-052,sub-065,FPRT,0.2611080848458883
sub-052,sub-077,FPRT,0.1570428944842518
sub-052,sub-039,FPRT,0.10831756319272623
sub-052,sub-053,FPRT,0.30237622349535703
sub-052,sub-075,FPRT,0.268677134007476
sub-052,sub-060,FPRT,0.29891371705069886
sub-052,sub-103,FPRT,0.2718970548128225
sub-052,sub-105,FPRT,0.18535276117486343
sub-052,sub-064,FPRT,0.3019000515594786
sub-052,sub-010,FPRT,0.2033875410007603
sub-052,sub-034,FPRT,0.33458778658611843
sub-052,sub-002,FPRT,0.3304622398201764
sub-052,sub-085,FPRT,0.26908881214962543
sub-052,sub-021,FPRT,0.13337476191462752
sub-052,sub-096,FPRT,0.37473690799511017
sub-052,sub-027,FPRT,0.17390179260373573
sub-052,sub-006,FPRT,0.25316458139005965
sub-052,sub-066,FPRT,0.348288296429963
sub-052,sub-101,FPRT,0.29537591601911023
sub-052,sub-042,FPRT,0.2215756234278794
sub-052,sub-003,FPRT,0.32781657412258886
sub-052,sub-107,FPRT,0.20044436874280888
sub-052,sub-098,FPRT,0.40019428187936273
sub-052,sub-086,FPRT,0.2584476883959442
sub-052,sub-013,FPRT,0.30369712057854625
sub-052,sub-068,FPRT,0.34381354380189016
sub-094,sub-088,FPRT,0.055167343854603895
sub-094,sub-044,FPRT,0.24484889867027268
sub-094,sub-009,FPRT,0.21278518618868564
sub-094,sub-041,FPRT,0.283597924292043
sub-094,sub-024,FPRT,0.151947304823493
sub-094,sub-016,FPRT,0.3387359987931217
sub-094,sub-112,FPRT,0.2408484942380999
sub-094,sub-058,FPRT,0.2217584636461718
sub-094,sub-018,FPRT,0.2335928589062221
sub-094,sub-048,FPRT,0.28292357208417185
sub-094,sub-087,FPRT,0.2562921420230724
sub-094,sub-091,FPRT,0.25729461773905093
sub-094,sub-083,FPRT,0.311863778508747
sub-094,sub-065,FPRT,0.20712197402289037
sub-094,sub-077,FPRT,0.16617823152343583
sub-094,sub-039,FPRT,0.16188052561912603
sub-094,sub-053,FPRT,0.32243647100601297
sub-094,sub-075,FPRT,0.29402776539724684
sub-094,sub-060,FPRT,0.24086147156228535
sub-094,sub-103,FPRT,0.3121082939443084
sub-094,sub-105,FPRT,0.2506270375279571
sub-094,sub-064,FPRT,0.33037354891493714
sub-094,sub-010,FPRT,0.2588700749755695
sub-094,sub-034,FPRT,0.3813610907007996
sub-094,sub-002,FPRT,0.20964671274721305
sub-094,sub-085,FPRT,0.21193239106108244
sub-094,sub-021,FPRT,0.17415392411134575
sub-094,sub-096,FPRT,0.35474522325599744
sub-094,sub-027,FPRT,0.18828732537146045
sub-094,sub-006,FPRT,0.1954826497577172
sub-094,sub-066,FPRT,0.2727789198497236
sub-094,sub-101,FPRT,0.3333804056995906
sub-094,sub-042,FPRT,0.228316505634478
sub-094,sub-003,FPRT,0.26250117273069523
sub-094,sub-107,FPRT,0.19906252786945539
sub-094,sub-098,FPRT,0.3361978378640129
sub-094,sub-086,FPRT,0.2458669551195523
sub-094,sub-013,FPRT,0.3015957593515175
sub-094,sub-068,FPRT,0.3541091954828755
sub-088,sub-044,FPRT,0.2059298586018212
sub-088,sub-009,FPRT,0.055258490978511314
sub-088,sub-041,FPRT,0.14673517709500314
sub-088,sub-024,FPRT,0.013684967403575379
sub-088,sub-016,FPRT,0.11807604226360027
sub-088,sub-112,FPRT,0.11827309473500121
sub-088,sub-058,FPRT,0.16168511112613657
sub-088,sub-018,FPRT,0.07335727990419826
sub-088,sub-048,FPRT,-0.03772360456292841
sub-088,sub-087,FPRT,0.11843306887167174
sub-088,sub-091,FPRT,0.09241028839225834
sub-088,sub-083,FPRT,0.18928503118393217
sub-088,sub-065,FPRT,0.18869855130996763
sub-088,sub-077,FPRT,0.13181966823141716
sub-088,sub-039,FPRT,0.09558989286988787
sub-088,sub-053,FPRT,0.08638246544761137
sub-088,sub-075,FPRT,0.08604817749057855
sub-088,sub-060,FPRT,0.1981761545949282
sub-088,sub-103,FPRT,0.09982191298151952
sub-088,sub-105,FPRT,0.1608574226979471
sub-088,sub-064,FPRT,0.10412771193609628
sub-088,sub-010,FPRT,0.0257800194441376
sub-088,sub-034,FPRT,0.09169316969687666
sub-088,sub-002,FPRT,0.18399596315149683
sub-088,sub-085,FPRT,0.013262878923259972
sub-088,sub-021,FPRT,0.15672525939008064
sub-088,sub-096,FPRT,0.18533025181791427
sub-088,sub-027,FPRT,0.23678713780881522
sub-088,sub-006,FPRT,0.16583915023373902
sub-088,sub-066,FPRT,0.054764901861369654
sub-088,sub-101,FPRT,0.03809342673794009
sub-088,sub-042,FPRT,0.11699258456860807
sub-088,sub-003,FPRT,0.16852485262834097
sub-088,sub-107,FPRT,0.0864464184338901
sub-088,sub-098,FPRT,0.141485242711691
sub-088,sub-086,FPRT,0.03625868823187355
sub-088,sub-013,FPRT,0.08365438341163701
sub-088,sub-068,FPRT,0.1509479272358807
sub-044,sub-009,FPRT,0.3337085873390375
sub-044,sub-041,FPRT,0.353343479771275
sub-044,sub-024,FPRT,0.15927114867192937
sub-044,sub-016,FPRT,0.2256828922519227
sub-044,sub-112,FPRT,0.39274975759515174
sub-044,sub-058,FPRT,0.3499063227313731
sub-044,sub-018,FPRT,0.2645423938084285
sub-044,sub-048,FPRT,0.23946023907460692
sub-044,sub-087,FPRT,0.40036272131901435
sub-044,sub-091,FPRT,0.3542651717903953
sub-044,sub-083,FPRT,0.38988534918941165
sub-044,sub-065,FPRT,0.4537710422537432
sub-044,sub-077,FPRT,0.2222443001950401
sub-044,sub-039,FPRT,0.39878541068198853
sub-044,sub-053,FPRT,0.23035452951140406
sub-044,sub-075,FPRT,0.21727566983917074
sub-044,sub-060,FPRT,0.41639457611710046
sub-044,sub-103,FPRT,0.3806370295829764
sub-044,sub-105,FPRT,0.2595766167148446
sub-044,sub-064,FPRT,0.2772417726463582
sub-044,sub-010,FPRT,0.10331249917876056
sub-044,sub-034,FPRT,0.2784329022447324
sub-044,sub-002,FPRT,0.3391034459456382
sub-044,sub-085,FPRT,0.36543924230316366
sub-044,sub-021,FPRT,0.39395920724778494
sub-044,sub-096,FPRT,0.4370609377069799
sub-044,sub-027,FPRT,0.40465572934873256
sub-044,sub-006,FPRT,0.442165836261346
sub-044,sub-066,FPRT,0.3589152889303824
sub-044,sub-101,FPRT,0.28236945251081474
sub-044,sub-042,FPRT,0.5034515001931413
sub-044,sub-003,FPRT,0.4894674726684315
sub-044,sub-107,FPRT,0.2987617036291653
sub-044,sub-098,FPRT,0.28211416402844375
sub-044,sub-086,FPRT,0.0897165304395725
sub-044,sub-013,FPRT,0.2816159077273703
sub-044,sub-068,FPRT,0.42199836120663037
sub-009,sub-041,FPRT,0.2564644637258894
sub-009,sub-024,FPRT,0.07013993328339926
sub-009,sub-016,FPRT,0.22368326069760125
sub-009,sub-112,FPRT,0.3964538134059464
sub-009,sub-058,FPRT,0.3148837275071763
sub-009,sub-018,FPRT,0.16741003626297438
sub-009,sub-048,FPRT,0.22424322674830074
sub-009,sub-087,FPRT,0.3007977002642026
sub-009,sub-091,FPRT,0.31231764739373885
sub-009,sub-083,FPRT,0.3117638149273576
sub-009,sub-065,FPRT,0.26692071175868454
sub-009,sub-077,FPRT,0.1621004447938795
sub-009,sub-039,FPRT,0.33531939088422114
sub-009,sub-053,FPRT,0.15973426003619526
sub-009,sub-075,FPRT,0.18718076010064588
sub-009,sub-060,FPRT,0.2971332294400621
sub-009,sub-103,FPRT,0.26106037016491673
sub-009,sub-105,FPRT,0.07075485625311805
sub-009,sub-064,FPRT,0.1983575250495902
sub-009,sub-010,FPRT,0.12149005075547098
sub-009,sub-034,FPRT,0.19441586297274757
sub-009,sub-002,FPRT,0.23500002253379293
sub-009,sub-085,FPRT,0.39975525997496975
sub-009,sub-021,FPRT,0.2512783088886659
sub-009,sub-096,FPRT,0.26052665307982537
sub-009,sub-027,FPRT,0.2930121342025045
sub-009,sub-006,FPRT,0.3930711413603209
sub-009,sub-066,FPRT,0.31070477706625665
sub-009,sub-101,FPRT,0.16359491955820848
sub-009,sub-042,FPRT,0.3815506114116091
sub-009,sub-003,FPRT,0.3595187042534956
sub-009,sub-107,FPRT,0.2755320062446228
sub-009,sub-098,FPRT,0.19603711596872841
sub-009,sub-086,FPRT,0.09004858036400658
sub-009,sub-013,FPRT,0.20283053884815722
sub-009,sub-068,FPRT,0.20451305311882315
sub-041,sub-024,FPRT,0.17554331210668078
sub-041,sub-016,FPRT,0.21814932385684577
sub-041,sub-112,FPRT,0.38922465652332355
sub-041,sub-058,FPRT,0.359551999604268
sub-041,sub-018,FPRT,0.3462558327640532
sub-041,sub-048,FPRT,0.3901330645008349
sub-041,sub-087,FPRT,0.3238733572474187
sub-041,sub-091,FPRT,0.35104539092688036
sub-041,sub-083,FPRT,0.3996273501286814
sub-041,sub-065,FPRT,0.34420816893683204
sub-041,sub-077,FPRT,0.15244874973683917
sub-041,sub-039,FPRT,0.29714702082365607
sub-041,sub-053,FPRT,0.261033068039456
sub-041,sub-075,FPRT,0.3242665476967755
sub-041,sub-060,FPRT,0.33229469353648855
sub-041,sub-103,FPRT,0.33246221970465567
sub-041,sub-105,FPRT,0.258541605361926
sub-041,sub-064,FPRT,0.29560101304321557
sub-041,sub-010,FPRT,0.12911969543275645
sub-041,sub-034,FPRT,0.34798845713045845
sub-041,sub-002,FPRT,0.3089213206698365
sub-041,sub-085,FPRT,0.2953580304410431
sub-041,sub-021,FPRT,0.21501994827058876
sub-041,sub-096,FPRT,0.39906758594025676
sub-041,sub-027,FPRT,0.26920819480287456
sub-041,sub-006,FPRT,0.3626623479588621
sub-041,sub-066,FPRT,0.38979050365716855
sub-041,sub-101,FPRT,0.2723464878531357
sub-041,sub-042,FPRT,0.2818830763392565
sub-041,sub-003,FPRT,0.4028445515610122
sub-041,sub-107,FPRT,0.22657134615850136
sub-041,sub-098,FPRT,0.3692589090810372
sub-041,sub-086,FPRT,0.19063475697363166
sub-041,sub-013,FPRT,0.35289191659463304
sub-041,sub-068,FPRT,0.3909179910130648
sub-024,sub-016,FPRT,0.1645638755174531
sub-024,sub-112,FPRT,0.09895693775938609
sub-024,sub-058,FPRT,0.13980680971991905
sub-024,sub-018,FPRT,0.12672812205552642
sub-024,sub-048,FPRT,0.2386630465048536
sub-024,sub-087,FPRT,0.14169681227046535
sub-024,sub-091,FPRT,0.10148462458345861
sub-024,sub-083,FPRT,0.1618997827618577
sub-024,sub-065,FPRT,0.11991462332507492
sub-024,sub-077,FPRT,0.09620947645754244
sub-024,sub-039,FPRT,0.04644416839095065
sub-024,sub-053,FPRT,0.16568564619370538
sub-024,sub-075,FPRT,0.2333960251268201
sub-024,sub-060,FPRT,0.06524711739800876
sub-024,sub-103,FPRT,0.17053694408008463
sub-024,sub-105,FPRT,0.1705992506678035
sub-024,sub-064,FPRT,0.18757455943135842
sub-024,sub-010,FPRT,0.13631215109465677
sub-024,sub-034,FPRT,0.27574972277473003
sub-024,sub-002,FPRT,0.14975217108303085
sub-024,sub-085,FPRT,0.19329740039719565
sub-024,sub-021,FPRT,0.010945177171485703
sub-024,sub-096,FPRT,0.1803536206538906
sub-024,sub-027,FPRT,0.11409013339318558
sub-024,sub-006,FPRT,0.11834740229821171
sub-024,sub-066,FPRT,0.19725504892244625
sub-024,sub-101,FPRT,0.2493626042076179
sub-024,sub-042,FPRT,0.08564862313123685
sub-024,sub-003,FPRT,0.1832669979224769
sub-024,sub-107,FPRT,0.13815532681030013
sub-024,sub-098,FPRT,0.21902157608902545
sub-024,sub-086,FPRT,0.11960829787372242
sub-024,sub-013,FPRT,0.24902844127931556
sub-024,sub-068,FPRT,0.1433648955174874
sub-016,sub-112,FPRT,0.20323175703745985
sub-016,sub-058,FPRT,0.2611548319986666
sub-016,sub-018,FPRT,0.18674782062152348
sub-016,sub-048,FPRT,0.2080503255367632
sub-016,sub-087,FPRT,0.21922497633100982
sub-016,sub-091,FPRT,0.2577827292544551
sub-016,sub-083,FPRT,0.26769458102480337
sub-016,sub-065,FPRT,0.23524677972616445
sub-016,sub-077,FPRT,0.15625754089704927
sub-016,sub-039,FPRT,0.14835378556926523
sub-016,sub-053,FPRT,0.2883376512264838
sub-016,sub-075,FPRT,0.1958338099148689
sub-016,sub-060,FPRT,0.1820457035313784
sub-016,sub-103,FPRT,0.2646420702081085
sub-016,sub-105,FPRT,0.17918028504324945
sub-016,sub-064,FPRT,0.2529710742629089
sub-016,sub-010,FPRT,0.1896808266458389
sub-016,sub-034,FPRT,0.3311903456565214
sub-016,sub-002,FPRT,0.19278736513925698
sub-016,sub-085,FPRT,0.19850169037887813
sub-016,sub-021,FPRT,0.18041687495635533
sub-016,sub-096,FPRT,0.2388182488870244
sub-016,sub-027,FPRT,0.19671296701240515
sub-016,sub-006,FPRT,0.17207341557069675
sub-016,sub-066,FPRT,0.1717835420006987
sub-016,sub-101,FPRT,0.2649620073829152
sub-016,sub-042,FPRT,0.24860819907701664
sub-016,sub-003,FPRT,0.2296854686895501
sub-016,sub-107,FPRT,0.16380110826430178
sub-016,sub-098,FPRT,0.2915814643819129
sub-016,sub-086,FPRT,0.18846900088325422
sub-016,sub-013,FPRT,0.19426830266788356
sub-016,sub-068,FPRT,0.31716456155045264
sub-112,sub-058,FPRT,0.3523193369575896
sub-112,sub-018,FPRT,0.2164371775550545
sub-112,sub-048,FPRT,0.2306058976420225
sub-112,sub-087,FPRT,0.40996388736418954
sub-112,sub-091,FPRT,0.3548391732478217
sub-112,sub-083,FPRT,0.3358014849504296
sub-112,sub-065,FPRT,0.36051498091003487
sub-112,sub-077,FPRT,0.22835672925951978
sub-112,sub-039,FPRT,0.3344291712596917
sub-112,sub-053,FPRT,0.18578888030195456
sub-112,sub-075,FPRT,0.2514487100395335
sub-112,sub-060,FPRT,0.34203785396452535
sub-112,sub-103,FPRT,0.3271902445424955
sub-112,sub-105,FPRT,0.1936031135906316
sub-112,sub-064,FPRT,0.2151263608081155
sub-112,sub-010,FPRT,0.03882182186994583
sub-112,sub-034,FPRT,0.22822730908946456
sub-112,sub-002,FPRT,0.31599641786401517
sub-112,sub-085,FPRT,0.38429635151305647
sub-112,sub-021,FPRT,0.24333026515861975
sub-112,sub-096,FPRT,0.38649534704767247
sub-112,sub-027,FPRT,0.2859884685061117
sub-112,sub-006,FPRT,0.3811047814554939
sub-112,sub-066,FPRT,0.26104693484414293
sub-112,sub-101,FPRT,0.17619302312318907
sub-112,sub-042,FPRT,0.4049788355578651
sub-112,sub-003,FPRT,0.4333729726762634
sub-112,sub-107,FPRT,0.3055524418720601
sub-112,sub-098,FPRT,0.2941687590536875
sub-112,sub-086,FPRT,0.12809039393621302
sub-112,sub-013,FPRT,0.30344815968485994
sub-112,sub-068,FPRT,0.3178320117325441
sub-058,sub-018,FPRT,0.26000512424065203
sub-058,sub-048,FPRT,0.26361858353101436
sub-058,sub-087,FPRT,0.34123866557661636
sub-058,sub-091,FPRT,0.3820128054108718
sub-058,sub-083,FPRT,0.3164680802906627
sub-058,sub-065,FPRT,0.30056431670034733
sub-058,sub-077,FPRT,0.18976896663571954
sub-058,sub-039,FPRT,0.2913241803572352
sub-058,sub-053,FPRT,0.23599302249612458
sub-058,sub-075,FPRT,0.20674261843237726
sub-058,sub-060,FPRT,0.34763532999131247
sub-058,sub-103,FPRT,0.30605872255038985
sub-058,sub-105,FPRT,0.21907583237857342
sub-058,sub-064,FPRT,0.20527102278504772
sub-058,sub-010,FPRT,0.04522773046983944
sub-058,sub-034,FPRT,0.3261007155577403
sub-058,sub-002,FPRT,0.3202458796703881
sub-058,sub-085,FPRT,0.3034003141196497
sub-058,sub-021,FPRT,0.22924904655311748
sub-058,sub-096,FPRT,0.44187104815393075
sub-058,sub-027,FPRT,0.3147540301910894
sub-058,sub-006,FPRT,0.31678706047347
sub-058,sub-066,FPRT,0.29433629234458253
sub-058,sub-101,FPRT,0.21392456711208346
sub-058,sub-042,FPRT,0.3782982416382027
sub-058,sub-003,FPRT,0.404147792494855
sub-058,sub-107,FPRT,0.26609801642167347
sub-058,sub-098,FPRT,0.3098883322545483
sub-058,sub-086,FPRT,0.15431603736156904
sub-058,sub-013,FPRT,0.20828427217343748
sub-058,sub-068,FPRT,0.33414168870949823
sub-018,sub-048,FPRT,0.3032122651684772
sub-018,sub-087,FPRT,0.23712952455101724
sub-018,sub-091,FPRT,0.32186645873439695
sub-018,sub-083,FPRT,0.24705606155908005
sub-018,sub-065,FPRT,0.25263068012550377
sub-018,sub-077,FPRT,0.14295087852497296
sub-018,sub-039,FPRT,0.1763535067351879
sub-018,sub-053,FPRT,0.24806564039056647
sub-018,sub-075,FPRT,0.29211840972696956
sub-018,sub-060,FPRT,0.20635633613601356
sub-018,sub-103,FPRT,0.30070570550617987
sub-018,sub-105,FPRT,0.21160230812864247
sub-018,sub-064,FPRT,0.198043514158732
sub-018,sub-010,FPRT,0.16590487914050903
sub-018,sub-034,FPRT,0.22950488325794638
sub-018,sub-002,FPRT,0.2409929358003767
sub-018,sub-085,FPRT,0.187460211910893
sub-018,sub-021,FPRT,0.10627931699067987
sub-018,sub-096,FPRT,0.3523981780230805
sub-018,sub-027,FPRT,0.22115626289703785
sub-018,sub-006,FPRT,0.26874444198893593
sub-018,sub-066,FPRT,0.21699173567226837
sub-018,sub-101,FPRT,0.27054424282067013
sub-018,sub-042,FPRT,0.22023141195508728
sub-018,sub-003,FPRT,0.3411861951562104
sub-018,sub-107,FPRT,0.2649163870862025
sub-018,sub-098,FPRT,0.21755193418234806
sub-018,sub-086,FPRT,0.21497473298553574
sub-018,sub-013,FPRT,0.27864000022382707
sub-018,sub-068,FPRT,0.32637608609848096
sub-048,sub-087,FPRT,0.1849398379206785
sub-048,sub-091,FPRT,0.31092066100336696
sub-048,sub-083,FPRT,0.2961767080042409
sub-048,sub-065,FPRT,0.23693850136964426
sub-048,sub-077,FPRT,0.15624664567623908
sub-048,sub-039,FPRT,0.19712513838246923
sub-048,sub-053,FPRT,0.2530708953761384
sub-048,sub-075,FPRT,0.2843538769189104
sub-048,sub-060,FPRT,0.224678084312518
sub-048,sub-103,FPRT,0.2636562415937742
sub-048,sub-105,FPRT,0.23466277572127966
sub-048,sub-064,FPRT,0.3081817070339909
sub-048,sub-010,FPRT,0.11281601558492049
sub-048,sub-034,FPRT,0.33399407640061074
sub-048,sub-002,FPRT,0.2378353328177505
sub-048,sub-085,FPRT,0.2814577241065464
sub-048,sub-021,FPRT,0.1078790216775294
sub-048,sub-096,FPRT,0.34479701527145096
sub-048,sub-027,FPRT,0.14109310897456484
sub-048,sub-006,FPRT,0.250471952565402
sub-048,sub-066,FPRT,0.2737434716632202
sub-048,sub-101,FPRT,0.2659466061848016
sub-048,sub-042,FPRT,0.23077918590512364
sub-048,sub-003,FPRT,0.2703345138510817
sub-048,sub-107,FPRT,0.22992817319398914
sub-048,sub-098,FPRT,0.28138807269329547
sub-048,sub-086,FPRT,0.17817192784615
sub-048,sub-013,FPRT,0.29379853684659785
sub-048,sub-068,FPRT,0.28540090526463713
sub-087,sub-091,FPRT,0.31912697650068444
sub-087,sub-083,FPRT,0.376520254381848
sub-087,sub-065,FPRT,0.35070730699479113
sub-087,sub-077,FPRT,0.14620686935086627
sub-087,sub-039,FPRT,0.21417257091088368
sub-087,sub-053,FPRT,0.22703940587364974
sub-087,sub-075,FPRT,0.2520868345036815
sub-087,sub-060,FPRT,0.3407849040388011
sub-087,sub-103,FPRT,0.2629738718939073
sub-087,sub-105,FPRT,0.1620031606231583
sub-087,sub-064,FPRT,0.27481633920877996
sub-087,sub-010,FPRT,0.12981351220163637
sub-087,sub-034,FPRT,0.269616747187633
sub-087,sub-002,FPRT,0.3367799133828694
sub-087,sub-085,FPRT,0.3731923388074632
sub-087,sub-021,FPRT,0.20800298341542234
sub-087,sub-096,FPRT,0.3441798388565934
sub-087,sub-027,FPRT,0.2918927697025581
sub-087,sub-006,FPRT,0.28776265531430695
sub-087,sub-066,FPRT,0.23803617272074135
sub-087,sub-101,FPRT,0.2571741732973918
sub-087,sub-042,FPRT,0.32733525785788314
sub-087,sub-003,FPRT,0.4206225365158485
sub-087,sub-107,FPRT,0.2779741050960145
sub-087,sub-098,FPRT,0.3100396517427993
sub-087,sub-086,FPRT,0.183204257412478
sub-087,sub-013,FPRT,0.27329103404324734
sub-087,sub-068,FPRT,0.3939339490934536
sub-091,sub-083,FPRT,0.38183986162200984
sub-091,sub-065,FPRT,0.3722108627905483
sub-091,sub-077,FPRT,0.19933347519941458
sub-091,sub-039,FPRT,0.29623687630764023
sub-091,sub-053,FPRT,0.2624501465769734
sub-091,sub-075,FPRT,0.22721070022392448
sub-091,sub-060,FPRT,0.33117878778565774
sub-091,sub-103,FPRT,0.3111540056100519
sub-091,sub-105,FPRT,0.30173519734806653
sub-091,sub-064,FPRT,0.24843064290540567
sub-091,sub-010,FPRT,0.12992575314354438
sub-091,sub-034,FPRT,0.30260714780863657
sub-091,sub-002,FPRT,0.3164639911508302
sub-091,sub-085,FPRT,0.2999692610249944
sub-091,sub-021,FPRT,0.23874534496833139
sub-091,sub-096,FPRT,0.4514889895650253
sub-091,sub-027,FPRT,0.2793524066123962
sub-091,sub-006,FPRT,0.33152271160093477
sub-091,sub-066,FPRT,0.34573148441997503
sub-091,sub-101,FPRT,0.25729504139309617
sub-091,sub-042,FPRT,0.3517627430645564
sub-091,sub-003,FPRT,0.4082570340000436
sub-091,sub-107,FPRT,0.34910038563264845
sub-091,sub-098,FPRT,0.35806746608522744
sub-091,sub-086,FPRT,0.13269025085839461
sub-091,sub-013,FPRT,0.26985130054924367
sub-091,sub-068,FPRT,0.3977206105554127
sub-083,sub-065,FPRT,0.3995631034749686
sub-083,sub-077,FPRT,0.22420065385244292
sub-083,sub-039,FPRT,0.2997711022014733
sub-083,sub-053,FPRT,0.2358150397450269
sub-083,sub-075,FPRT,0.26258065485475546
sub-083,sub-060,FPRT,0.3676082866439501
sub-083,sub-103,FPRT,0.37206689598500853
sub-083,sub-105,FPRT,0.2177000844515118
sub-083,sub-064,FPRT,0.29803958560258753
sub-083,sub-010,FPRT,0.051017878934625616
sub-083,sub-034,FPRT,0.30940879300787094
sub-083,sub-002,FPRT,0.31819273723347474
sub-083,sub-085,FPRT,0.2923998826945705
sub-083,sub-021,FPRT,0.2613476143616853
sub-083,sub-096,FPRT,0.45110080775852296
sub-083,sub-027,FPRT,0.2997632880604943
sub-083,sub-006,FPRT,0.3456827365982106
sub-083,sub-066,FPRT,0.3716265431312837
sub-083,sub-101,FPRT,0.24775507922567452
sub-083,sub-042,FPRT,0.3123034333814473
sub-083,sub-003,FPRT,0.44186690667156253
sub-083,sub-107,FPRT,0.3194248623908544
sub-083,sub-098,FPRT,0.3924276394888076
sub-083,sub-086,FPRT,0.11296397977551391
sub-083,sub-013,FPRT,0.29691458271035187
sub-083,sub-068,FPRT,0.4188615808746875
sub-065,sub-077,FPRT,0.21589173696946878
sub-065,sub-039,FPRT,0.3468774765354818
sub-065,sub-053,FPRT,0.2598731473100369
sub-065,sub-075,FPRT,0.24676237429963266
sub-065,sub-060,FPRT,0.36352073565098475
sub-065,sub-103,FPRT,0.3763854742570274
sub-065,sub-105,FPRT,0.16067934565150238
sub-065,sub-064,FPRT,0.23531974062521968
sub-065,sub-010,FPRT,0.10493770289931674
sub-065,sub-034,FPRT,0.27748198765114185
sub-065,sub-002,FPRT,0.37883428917637724
sub-065,sub-085,FPRT,0.29854133920843356
sub-065,sub-021,FPRT,0.2768846735546348
sub-065,sub-096,FPRT,0.43683181523585446
sub-065,sub-027,FPRT,0.3733824377279732
sub-065,sub-006,FPRT,0.37403566330806837
sub-065,sub-066,FPRT,0.2872420949348067
sub-065,sub-101,FPRT,0.2743120432600132
sub-065,sub-042,FPRT,0.3693757109766919
sub-065,sub-003,FPRT,0.41470194791810777
sub-065,sub-107,FPRT,0.29609161593481975
sub-065,sub-098,FPRT,0.32273168329295293
sub-065,sub-086,FPRT,0.13452212703681227
sub-065,sub-013,FPRT,0.25965608519850725
sub-065,sub-068,FPRT,0.39074112986505033
sub-077,sub-039,FPRT,0.13970985976139308
sub-077,sub-053,FPRT,0.10037541452367493
sub-077,sub-075,FPRT,0.15828561461914867
sub-077,sub-060,FPRT,0.21055277168374845
sub-077,sub-103,FPRT,0.15046899018024243
sub-077,sub-105,FPRT,0.1937619943104826
sub-077,sub-064,FPRT,0.0961537893486395
sub-077,sub-010,FPRT,0.02163916031159772
sub-077,sub-034,FPRT,0.2007905403446665
sub-077,sub-002,FPRT,0.11011898554334933
sub-077,sub-085,FPRT,0.15596101237066784
sub-077,sub-021,FPRT,0.17253163284041237
sub-077,sub-096,FPRT,0.2601375701808388
sub-077,sub-027,FPRT,0.2137157243952769
sub-077,sub-006,FPRT,0.21350449251478212
sub-077,sub-066,FPRT,0.17472780927044795
sub-077,sub-101,FPRT,0.16023244695039493
sub-077,sub-042,FPRT,0.2187461131362154
sub-077,sub-003,FPRT,0.25131645803764663
sub-077,sub-107,FPRT,0.19499182094497972
sub-077,sub-098,FPRT,0.1747819339388936
sub-077,sub-086,FPRT,0.08311572528192479
sub-077,sub-013,FPRT,0.1638396744558986
sub-077,sub-068,FPRT,0.16243273537683792
sub-039,sub-053,FPRT,0.10965269982812818
sub-039,sub-075,FPRT,0.10350053412556963
sub-039,sub-060,FPRT,0.2652366816451077
sub-039,sub-103,FPRT,0.32146122867133353
sub-039,sub-105,FPRT,0.14588026893929074
sub-039,sub-064,FPRT,0.17646060418631485
sub-039,sub-010,FPRT,0.029576266808313226
sub-039,sub-034,FPRT,0.1782974301730941
sub-039,sub-002,FPRT,0.3035018509866855
sub-039,sub-085,FPRT,0.3099894884580491
sub-039,sub-021,FPRT,0.43258143013306033
sub-039,sub-096,FPRT,0.388504415744562
sub-039,sub-027,FPRT,0.35657864022309316
sub-039,sub-006,FPRT,0.33669024167668915
sub-039,sub-066,FPRT,0.2627019659027725
sub-039,sub-101,FPRT,0.11749302791314982
sub-039,sub-042,FPRT,0.4190956706487827
sub-039,sub-003,FPRT,0.36528415045661766
sub-039,sub-107,FPRT,0.3065618081246248
sub-039,sub-098,FPRT,0.20776315289072864
sub-039,sub-086,FPRT,0.05353994924633211
sub-039,sub-013,FPRT,0.12063856708199103
sub-039,sub-068,FPRT,0.2716945783087251
sub-053,sub-075,FPRT,0.27470481243056916
sub-053,sub-060,FPRT,0.267201582238817
sub-053,sub-103,FPRT,0.29981090720041037
sub-053,sub-105,FPRT,0.2836861811938402
sub-053,sub-064,FPRT,0.3203883436996765
sub-053,sub-010,FPRT,0.27714978139247254
sub-053,sub-034,FPRT,0.3091574875315866
sub-053,sub-002,FPRT,0.1731098174690431
sub-053,sub-085,FPRT,0.14097918331556036
sub-053,sub-021,FPRT,0.12711374160970992
sub-053,sub-096,FPRT,0.29085119178854224
sub-053,sub-027,FPRT,0.1752422707038811
sub-053,sub-006,FPRT,0.20112256703446174
sub-053,sub-066,FPRT,0.20122954687681321
sub-053,sub-101,FPRT,0.31523302447228796
sub-053,sub-042,FPRT,0.18936967888255438
sub-053,sub-003,FPRT,0.28808659192710584
sub-053,sub-107,FPRT,0.2305172411921932
sub-053,sub-098,FPRT,0.35537737194368035
sub-053,sub-086,FPRT,0.23604282301561016
sub-053,sub-013,FPRT,0.2960452644536705
sub-053,sub-068,FPRT,0.314728575876893
sub-075,sub-060,FPRT,0.3051843959193662
sub-075,sub-103,FPRT,0.2809279593039674
sub-075,sub-105,FPRT,0.16454080657923287
sub-075,sub-064,FPRT,0.28680456049823494
sub-075,sub-010,FPRT,0.18376237023165465
sub-075,sub-034,FPRT,0.35250417911426535
sub-075,sub-002,FPRT,0.1511287496972955
sub-075,sub-085,FPRT,0.21865750876348
sub-075,sub-021,FPRT,0.0649492661188283
sub-075,sub-096,FPRT,0.2972369816507098
sub-075,sub-027,FPRT,0.16302159010093642
sub-075,sub-006,FPRT,0.22365747641698006
sub-075,sub-066,FPRT,0.22460204083373103
sub-075,sub-101,FPRT,0.3294922078339801
sub-075,sub-042,FPRT,0.16737175837879512
sub-075,sub-003,FPRT,0.2861573824040928
sub-075,sub-107,FPRT,0.20178920308813253
sub-075,sub-098,FPRT,0.2681668293321308
sub-075,sub-086,FPRT,0.1693857613991481
sub-075,sub-013,FPRT,0.3687321026485606
sub-075,sub-068,FPRT,0.3343628468059585
sub-060,sub-103,FPRT,0.3225377593083094
sub-060,sub-105,FPRT,0.2384284221839213
sub-060,sub-064,FPRT,0.2621405639160533
sub-060,sub-010,FPRT,0.12028451151484924
sub-060,sub-034,FPRT,0.3056448208693932
sub-060,sub-002,FPRT,0.27841800392085747
sub-060,sub-085,FPRT,0.3365040133318629
sub-060,sub-021,FPRT,0.26009638074030705
sub-060,sub-096,FPRT,0.3620859892994403
sub-060,sub-027,FPRT,0.29687618200520627
sub-060,sub-006,FPRT,0.34960295947861175
sub-060,sub-066,FPRT,0.3185127275341016
sub-060,sub-101,FPRT,0.24491891724261075
sub-060,sub-042,FPRT,0.29966261036318664
sub-060,sub-003,FPRT,0.42017749113632813
sub-060,sub-107,FPRT,0.33653130165436496
sub-060,sub-098,FPRT,0.28213011963249757
sub-060,sub-086,FPRT,0.14655369050068598
sub-060,sub-013,FPRT,0.25685805491756486
sub-060,sub-068,FPRT,0.36453462787266017
sub-103,sub-105,FPRT,0.25295278064634535
sub-103,sub-064,FPRT,0.26241284349233934
sub-103,sub-010,FPRT,0.1618001998299652
sub-103,sub-034,FPRT,0.32337534782729904
sub-103,sub-002,FPRT,0.26504236773946027
sub-103,sub-085,FPRT,0.31910587508929494
sub-103,sub-021,FPRT,0.27154922214241745
sub-103,sub-096,FPRT,0.40252825584219104
sub-103,sub-027,FPRT,0.28099977631019746
sub-103,sub-006,FPRT,0.2898542823848974
sub-103,sub-066,FPRT,0.36777043091206063
sub-103,sub-101,FPRT,0.2844196820859636
sub-103,sub-042,FPRT,0.3572759874617062
sub-103,sub-003,FPRT,0.4111927996618046
sub-103,sub-107,FPRT,0.2639560407054322
sub-103,sub-098,FPRT,0.3169867575055281
sub-103,sub-086,FPRT,0.16444436995584702
sub-103,sub-013,FPRT,0.3524623697874273
sub-103,sub-068,FPRT,0.3597527569650987
sub-105,sub-064,FPRT,0.18113844254370348
sub-105,sub-010,FPRT,0.06411510599857087
sub-105,sub-034,FPRT,0.3044871417578595
sub-105,sub-002,FPRT,0.15668642217029366
sub-105,sub-085,FPRT,0.1474929486148868
sub-105,sub-021,FPRT,0.11395486631964838
sub-105,sub-096,FPRT,0.2643421521718947
sub-105,sub-027,FPRT,0.14014439967276857
sub-105,sub-006,FPRT,0.14572275283073186
sub-105,sub-066,FPRT,0.16342454909147502
sub-105,sub-101,FPRT,0.2245760851410943
sub-105,sub-042,FPRT,0.18177994506924586
sub-105,sub-003,FPRT,0.2524099183070007
sub-105,sub-107,FPRT,0.10428623676783626
sub-105,sub-098,FPRT,0.1955687167235614
sub-105,sub-086,FPRT,0.15076583987329376
sub-105,sub-013,FPRT,0.16855660217678403
sub-105,sub-068,FPRT,0.2706095069014604
sub-064,sub-010,FPRT,0.17157964159718414
sub-064,sub-034,FPRT,0.3267445170159028
sub-064,sub-002,FPRT,0.25296241226716076
sub-064,sub-085,FPRT,0.20981175200143434
sub-064,sub-021,FPRT,0.19966004351553826
sub-064,sub-096,FPRT,0.30770207672606725
sub-064,sub-027,FPRT,0.22060750961753453
sub-064,sub-006,FPRT,0.24186498880656104
sub-064,sub-066,FPRT,0.25581029999082544
sub-064,sub-101,FPRT,0.325605808239537
sub-064,sub-042,FPRT,0.2218794314272056
sub-064,sub-003,FPRT,0.2581316967766074
sub-064,sub-107,FPRT,0.19932420724646718
sub-064,sub-098,FPRT,0.3825579729750966
sub-064,sub-086,FPRT,0.20799220361337978
sub-064,sub-013,FPRT,0.30673366767851207
sub-064,sub-068,FPRT,0.2938967426975883
sub-010,sub-034,FPRT,0.2001338365456633
sub-010,sub-002,FPRT,0.031017014557420865
sub-010,sub-085,FPRT,0.11478681028801511
sub-010,sub-021,FPRT,0.051565689139472515
sub-010,sub-096,FPRT,0.16898228736143558
sub-010,sub-027,FPRT,0.07748881284052322
sub-010,sub-006,FPRT,0.08811525459120181
sub-010,sub-066,FPRT,0.0653151092599723
sub-010,sub-101,FPRT,0.16103439438551767
sub-010,sub-042,FPRT,0.06713849619984434
sub-010,sub-003,FPRT,0.11682186173121199
sub-010,sub-107,FPRT,0.06803945504129467
sub-010,sub-098,FPRT,0.10933456176687974
sub-010,sub-086,FPRT,0.21610547206307726
sub-010,sub-013,FPRT,0.2138381682304217
sub-010,sub-068,FPRT,0.12031283927943802
sub-034,sub-002,FPRT,0.25444300624945143
sub-034,sub-085,FPRT,0.25234192034452485
sub-034,sub-021,FPRT,0.1628963328625321
sub-034,sub-096,FPRT,0.38495449054167696
sub-034,sub-027,FPRT,0.18242271705143007
sub-034,sub-006,FPRT,0.23729806450892668
sub-034,sub-066,FPRT,0.28774995763919625
sub-034,sub-101,FPRT,0.38097461728679666
sub-034,sub-042,FPRT,0.2357977734584634
sub-034,sub-003,FPRT,0.3406336103041514
sub-034,sub-107,FPRT,0.25289542128395875
sub-034,sub-098,FPRT,0.35897850761566175
sub-034,sub-086,FPRT,0.20647497477570367
sub-034,sub-013,FPRT,0.3187764035657199
sub-034,sub-068,FPRT,0.3572552901545005
sub-002,sub-085,FPRT,0.23418144283869613
sub-002,sub-021,FPRT,0.16599859484875185
sub-002,sub-096,FPRT,0.37968177189471397
sub-002,sub-027,FPRT,0.34048641239727606
sub-002,sub-006,FPRT,0.34987086633385417
sub-002,sub-066,FPRT,0.27551663218410727
sub-002,sub-101,FPRT,0.19721990924190505
sub-002,sub-042,FPRT,0.31035546570644446
sub-002,sub-003,FPRT,0.3766274199923923
sub-002,sub-107,FPRT,0.303523020620979
sub-002,sub-098,FPRT,0.3464035556265851
sub-002,sub-086,FPRT,0.10723940457213142
sub-002,sub-013,FPRT,0.18802420650083815
sub-002,sub-068,FPRT,0.3719095170416216
sub-085,sub-021,FPRT,0.2505306588306104
sub-085,sub-096,FPRT,0.28178113306801894
sub-085,sub-027,FPRT,0.1996112889879994
sub-085,sub-006,FPRT,0.33638369065807056
sub-085,sub-066,FPRT,0.33278353503324354
sub-085,sub-101,FPRT,0.23549399924397355
sub-085,sub-042,FPRT,0.3584606830537335
sub-085,sub-003,FPRT,0.36070152586736154
sub-085,sub-107,FPRT,0.2553045314376009
sub-085,sub-098,FPRT,0.2547715551456247
sub-085,sub-086,FPRT,0.12765247818009137
sub-085,sub-013,FPRT,0.21338906681572212
sub-085,sub-068,FPRT,0.3318284386681428
sub-021,sub-096,FPRT,0.2581745894633961
sub-021,sub-027,FPRT,0.30655878167689093
sub-021,sub-006,FPRT,0.2999771784455925
sub-021,sub-066,FPRT,0.22689887363272626
sub-021,sub-101,FPRT,0.16736669985651295
sub-021,sub-042,FPRT,0.3499766001934273
sub-021,sub-003,FPRT,0.33647894094817554
sub-021,sub-107,FPRT,0.2800439550461623
sub-021,sub-098,FPRT,0.18908113461847703
sub-021,sub-086,FPRT,0.06766273660779343
sub-021,sub-013,FPRT,0.08156456029678913
sub-021,sub-068,FPRT,0.20722419099532022
sub-096,sub-027,FPRT,0.39022634467873724
sub-096,sub-006,FPRT,0.40191100773412763
sub-096,sub-066,FPRT,0.40076773774546753
sub-096,sub-101,FPRT,0.3060121736346069
sub-096,sub-042,FPRT,0.38391258803667877
sub-096,sub-003,FPRT,0.428991177818606
sub-096,sub-107,FPRT,0.3637928860978826
sub-096,sub-098,FPRT,0.3769271530039505
sub-096,sub-086,FPRT,0.1681917830423274
sub-096,sub-013,FPRT,0.320376695604896
sub-096,sub-068,FPRT,0.453210611117071
sub-027,sub-006,FPRT,0.3176950833335078
sub-027,sub-066,FPRT,0.20892671578688113
sub-027,sub-101,FPRT,0.13427077956691744
sub-027,sub-042,FPRT,0.36030210405791824
sub-027,sub-003,FPRT,0.40527283100642214
sub-027,sub-107,FPRT,0.28307615366406697
sub-027,sub-098,FPRT,0.2758403976530464
sub-027,sub-086,FPRT,0.10383076714848104
sub-027,sub-013,FPRT,0.21055319038779102
sub-027,sub-068,FPRT,0.28712365049069466
sub-006,sub-066,FPRT,0.3816113528861521
sub-006,sub-101,FPRT,0.22642451735926072
sub-006,sub-042,FPRT,0.39440848065305734
sub-006,sub-003,FPRT,0.4256772753254144
sub-006,sub-107,FPRT,0.4227113142561515
sub-006,sub-098,FPRT,0.26871326207180724
sub-006,sub-086,FPRT,0.12680093486781854
sub-006,sub-013,FPRT,0.27774701824204384
sub-006,sub-068,FPRT,0.3519405299291291
sub-066,sub-101,FPRT,0.23886569730008209
sub-066,sub-042,FPRT,0.30808710738056755
sub-066,sub-003,FPRT,0.3133854826022306
sub-066,sub-107,FPRT,0.27927985525029875
sub-066,sub-098,FPRT,0.34606378427084256
sub-066,sub-086,FPRT,0.09973755845942427
sub-066,sub-013,FPRT,0.3096652157070529
sub-066,sub-068,FPRT,0.31951350213243884
sub-101,sub-042,FPRT,0.2100496179378828
sub-101,sub-003,FPRT,0.3078676726769128
sub-101,sub-107,FPRT,0.2467678127543814
sub-101,sub-098,FPRT,0.3156038905834193
sub-101,sub-086,FPRT,0.23351560855910977
sub-101,sub-013,FPRT,0.31204123925269545
sub-101,sub-068,FPRT,0.27756155271279587
sub-042,sub-003,FPRT,0.4037461940029963
sub-042,sub-107,FPRT,0.36085447226877704
sub-042,sub-098,FPRT,0.26573551403788265
sub-042,sub-086,FPRT,0.09432638838567721
sub-042,sub-013,FPRT,0.19870414675927273
sub-042,sub-068,FPRT,0.34758152000810655
sub-003,sub-107,FPRT,0.3453890761442299
sub-003,sub-098,FPRT,0.3612550501255956
sub-003,sub-086,FPRT,0.13231887269976755
sub-003,sub-013,FPRT,0.29774044407135547
sub-003,sub-068,FPRT,0.38813899130223906
sub-107,sub-098,FPRT,0.2722335277511076
sub-107,sub-086,FPRT,0.09314674854633115
sub-107,sub-013,FPRT,0.2789832883611101
sub-107,sub-068,FPRT,0.313943786398273
sub-098,sub-086,FPRT,0.14506196656570886
sub-098,sub-013,FPRT,0.3568005642309083
sub-098,sub-068,FPRT,0.34552532731914576
sub-086,sub-013,FPRT,0.1836816381506434
sub-086,sub-068,FPRT,0.19156382490953067
sub-013,sub-068,FPRT,0.2977817096643001
sub-067,sub-054,TFD,0.31972376601140423
sub-067,sub-078,TFD,0.23026537844575465
sub-067,sub-046,TFD,0.21003644713149852
sub-067,sub-097,TFD,0.31635183547277007
sub-067,sub-079,TFD,0.308193381198454
sub-067,sub-028,TFD,0.28260508625508474
sub-067,sub-089,TFD,0.2933675661729462
sub-067,sub-109,TFD,0.32407175309064
sub-067,sub-070,TFD,0.25561696921765414
sub-067,sub-111,TFD,0.2616387504930385
sub-067,sub-073,TFD,0.2653442045067789
sub-067,sub-001,TFD,0.2727720554044823
sub-067,sub-095,TFD,0.33744444228657655
sub-067,sub-012,TFD,0.12806811579331545
sub-067,sub-052,TFD,0.2691530267590854
sub-067,sub-094,TFD,0.24493397336928469
sub-067,sub-088,TFD,0.2541322066743639
sub-067,sub-044,TFD,0.24675591818176645
sub-067,sub-009,TFD,0.21976821089135465
sub-067,sub-041,TFD,0.3168219317766875
sub-067,sub-024,TFD,0.14763807142529503
sub-067,sub-016,TFD,0.19517741363512675
sub-067,sub-112,TFD,0.2432394379394892
sub-067,sub-058,TFD,0.25562076066017686
sub-067,sub-018,TFD,0.20458413944821918
sub-067,sub-048,TFD,0.2584833403569267
sub-067,sub-087,TFD,0.2528039854796563
sub-067,sub-091,TFD,0.2751963153843444
sub-067,sub-083,TFD,0.344946296891129
sub-067,sub-065,TFD,0.29971866923258683
sub-067,sub-077,TFD,0.23372365493365205
sub-067,sub-039,TFD,0.20850350938081919
sub-067,sub-053,TFD,0.25452124744638865
sub-067,sub-075,TFD,0.2561511354819789
sub-067,sub-060,TFD,0.29905407826699676
sub-067,sub-103,TFD,0.27864618624554943
sub-067,sub-105,TFD,0.17597413989380237
sub-067,sub-064,TFD,0.24538468634528462
sub-067,sub-010,TFD,0.11487939925239954
sub-067,sub-034,TFD,0.3048646213057823
sub-067,sub-002,TFD,0.2407817557041464
sub-067,sub-085,TFD,0.2974763841603866
sub-067,sub-021,TFD,0.10228815468837772
sub-067,sub-096,TFD,0.30845691538075654
sub-067,sub-027,TFD,0.1726632763374936
sub-067,sub-006,TFD,0.2359817683512877
sub-067,sub-066,TFD,0.26227572619415407
sub-067,sub-101,TFD,0.2518166402483587
sub-067,sub-042,TFD,0.22636546029088192
sub-067,sub-003,TFD,0.30707938461133655
sub-067,sub-107,TFD,0.2796076116703274
sub-067,sub-098,TFD,0.23842129151735258
sub-067,sub-086,TFD,0.2286035411493749
sub-067,sub-013,TFD,0.25213901522049187
sub-067,sub-068,TFD,0.37272229180926725
sub-054,sub-078,TFD,0.24920800068026192
sub-054,sub-046,TFD,0.23749434495117644
sub-054,sub-097,TFD,0.2877875431805349
sub-054,sub-079,TFD,0.2935052648705918
sub-054,sub-028,TFD,0.35124206259490504
sub-054,sub-089,TFD,0.28783226209355417
sub-054,sub-109,TFD,0.36098266139044705
sub-054,sub-070,TFD,0.2953513922128395
sub-054,sub-111,TFD,0.22893212686632483
sub-054,sub-073,TFD,0.22771462639324783
sub-054,sub-001,TFD,0.24204080828000635
sub-054,sub-095,TFD,0.30899969257071536
sub-054,sub-012,TFD,0.19873146240890507
sub-054,sub-052,TFD,0.2332036523411738
sub-054,sub-094,TFD,0.2748937198401952
sub-054,sub-088,TFD,0.20619340880045578
sub-054,sub-044,TFD,0.2879042239174314
sub-054,sub-009,TFD,0.24482266157327828
sub-054,sub-041,TFD,0.224047176838853
sub-054,sub-024,TFD,0.22553201671007012
sub-054,sub-016,TFD,0.22358930454667947
sub-054,sub-112,TFD,0.2898203753357029
sub-054,sub-058,TFD,0.32923968623823
sub-054,sub-018,TFD,0.21096529372941086
sub-054,sub-048,TFD,0.2018596467977142
sub-054,sub-087,TFD,0.18174375408935495
sub-054,sub-091,TFD,0.2435856870319029
sub-054,sub-083,TFD,0.23064912608732205
sub-054,sub-065,TFD,0.2651802824273883
sub-054,sub-077,TFD,0.2239026327315485
sub-054,sub-039,TFD,0.2806483782521923
sub-054,sub-053,TFD,0.2384067924949719
sub-054,sub-075,TFD,0.21199681072445198
sub-054,sub-060,TFD,0.2791759592125295
sub-054,sub-103,TFD,0.2983618606487528
sub-054,sub-105,TFD,0.18996705939861605
sub-054,sub-064,TFD,0.2744449240746881
sub-054,sub-010,TFD,0.17309821787019905
sub-054,sub-034,TFD,0.31223720812126504
sub-054,sub-002,TFD,0.26588278935830084
sub-054,sub-085,TFD,0.2109562248442053
sub-054,sub-021,TFD,0.22009066331785843
sub-054,sub-096,TFD,0.32784032329215407
sub-054,sub-027,TFD,0.16481813229163458
sub-054,sub-006,TFD,0.2653987926172761
sub-054,sub-066,TFD,0.23854636798869
sub-054,sub-101,TFD,0.2954824002524551
sub-054,sub-042,TFD,0.25244107616241745
sub-054,sub-003,TFD,0.3009484042403188
sub-054,sub-107,TFD,0.3069103686432397
sub-054,sub-098,TFD,0.27021364890217986
sub-054,sub-086,TFD,0.16133934151133927
sub-054,sub-013,TFD,0.25889103747389014
sub-054,sub-068,TFD,0.3029759105012523
sub-078,sub-046,TFD,0.23084651030299125
sub-078,sub-097,TFD,0.24511299012642226
sub-078,sub-079,TFD,0.25257088420644835
sub-078,sub-028,TFD,0.2713874390449849
sub-078,sub-089,TFD,0.2651119929463479
sub-078,sub-109,TFD,0.2978341379045547
sub-078,sub-070,TFD,0.23732773152074027
sub-078,sub-111,TFD,0.2866504567466314
sub-078,sub-073,TFD,0.24715419354935889
sub-078,sub-001,TFD,0.31487170801370457
sub-078,sub-095,TFD,0.3220265592537917
sub-078,sub-012,TFD,0.119336004159039
sub-078,sub-052,TFD,0.2826765609325329
sub-078,sub-094,TFD,0.36407008680147296
sub-078,sub-088,TFD,0.14103460625583003
sub-078,sub-044,TFD,0.2139992964821407
sub-078,sub-009,TFD,0.24303412550114661
sub-078,sub-041,TFD,0.28283022774907696
sub-078,sub-024,TFD,0.17408938057128162
sub-078,sub-016,TFD,0.2008496567564319
sub-078,sub-112,TFD,0.25860342990444135
sub-078,sub-058,TFD,0.25116551141410626
sub-078,sub-018,TFD,0.22212885568191168
sub-078,sub-048,TFD,0.21925167873159113
sub-078,sub-087,TFD,0.32626650317025047
sub-078,sub-091,TFD,0.32785255411773395
sub-078,sub-083,TFD,0.2865760507436544
sub-078,sub-065,TFD,0.31886655685675
sub-078,sub-077,TFD,0.17793141542951435
sub-078,sub-039,TFD,0.13650197641460327
sub-078,sub-053,TFD,0.2963221994223193
sub-078,sub-075,TFD,0.3031910928512387
sub-078,sub-060,TFD,0.29793306902893285
sub-078,sub-103,TFD,0.2725376468289212
sub-078,sub-105,TFD,0.22299374121419333
sub-078,sub-064,TFD,0.2743693875700405
sub-078,sub-010,TFD,0.24293082543285874
sub-078,sub-034,TFD,0.32112627892627893
sub-078,sub-002,TFD,0.25811624097712327
sub-078,sub-085,TFD,0.2517404403025079
sub-078,sub-021,TFD,0.07346809951757478
sub-078,sub-096,TFD,0.3327733248866971
sub-078,sub-027,TFD,0.13683368476535676
sub-078,sub-006,TFD,0.26387735628449743
sub-078,sub-066,TFD,0.220341041170863
sub-078,sub-101,TFD,0.236923214883819
sub-078,sub-042,TFD,0.1708608627813842
sub-078,sub-003,TFD,0.29073255065969866
sub-078,sub-107,TFD,0.24077931246660234
sub-078,sub-098,TFD,0.26547397681294155
sub-078,sub-086,TFD,0.2556197838625932
sub-078,sub-013,TFD,0.29432682243086555
sub-078,sub-068,TFD,0.3052440210476754
sub-046,sub-097,TFD,0.327094564492227
sub-046,sub-079,TFD,0.38557408843493196
sub-046,sub-028,TFD,0.3127065184404874
sub-046,sub-089,TFD,0.3704810962256469
sub-046,sub-109,TFD,0.4066514285952731
sub-046,sub-070,TFD,0.15214951139876814
sub-046,sub-111,TFD,0.27551005830327474
sub-046,sub-073,TFD,0.2674096391766229
sub-046,sub-001,TFD,0.42650998297211745
sub-046,sub-095,TFD,0.33408590201537397
sub-046,sub-012,TFD,0.12774449031208707
sub-046,sub-052,TFD,0.1820040581373818
sub-046,sub-094,TFD,0.2096646367055166
sub-046,sub-088,TFD,0.23417903799065232
sub-046,sub-044,TFD,0.4268229609059016
sub-046,sub-009,TFD,0.3300682988710655
sub-046,sub-041,TFD,0.2711283856645026
sub-046,sub-024,TFD,0.1322395377177439
sub-046,sub-016,TFD,0.14664310111619527
sub-046,sub-112,TFD,0.41927781055233837
sub-046,sub-058,TFD,0.24957892796699405
sub-046,sub-018,TFD,0.21760567859725632
sub-046,sub-048,TFD,0.18761416394501207
sub-046,sub-087,TFD,0.34732901405484656
sub-046,sub-091,TFD,0.3670403520163583
sub-046,sub-083,TFD,0.3306406153190342
sub-046,sub-065,TFD,0.3044172758732397
sub-046,sub-077,TFD,0.2427981616060048
sub-046,sub-039,TFD,0.38793694818163893
sub-046,sub-053,TFD,0.16367331478738828
sub-046,sub-075,TFD,0.18589865567704736
sub-046,sub-060,TFD,0.3369018880597816
sub-046,sub-103,TFD,0.2658798211184582
sub-046,sub-105,TFD,0.17355381154163066
sub-046,sub-064,TFD,0.21687205251794775
sub-046,sub-010,TFD,0.06567221771006904
sub-046,sub-034,TFD,0.16649640588653378
sub-046,sub-002,TFD,0.2815059068913393
sub-046,sub-085,TFD,0.29848614242779326
sub-046,sub-021,TFD,0.382325522454818
sub-046,sub-096,TFD,0.3231613734988219
sub-046,sub-027,TFD,0.3221461470409524
sub-046,sub-006,TFD,0.37325521102923126
sub-046,sub-066,TFD,0.34919339647156855
sub-046,sub-101,TFD,0.2045824331099169
sub-046,sub-042,TFD,0.41534571780800617
sub-046,sub-003,TFD,0.3525803887701924
sub-046,sub-107,TFD,0.3268684726230385
sub-046,sub-098,TFD,0.22394005041946868
sub-046,sub-086,TFD,0.11616168919147185
sub-046,sub-013,TFD,0.22597223345812043
sub-046,sub-068,TFD,0.24310787420912203
sub-097,sub-079,TFD,0.4394690855443001
sub-097,sub-028,TFD,0.40201867390706236
sub-097,sub-089,TFD,0.38525407447483406
sub-097,sub-109,TFD,0.5017124163434363
sub-097,sub-070,TFD,0.2192431921132884
sub-097,sub-111,TFD,0.2987178823420006
sub-097,sub-073,TFD,0.33331582689350187
sub-097,sub-001,TFD,0.4385031437977768
sub-097,sub-095,TFD,0.4420527017211667
sub-097,sub-012,TFD,0.14515710670770868
sub-097,sub-052,TFD,0.30987347070571863
sub-097,sub-094,TFD,0.2736306186641411
sub-097,sub-088,TFD,0.29028736204087935
sub-097,sub-044,TFD,0.3979636758312265
sub-097,sub-009,TFD,0.30803052121765306
sub-097,sub-041,TFD,0.3340312382735363
sub-097,sub-024,TFD,0.2918615287565535
sub-097,sub-016,TFD,0.21175315603950695
sub-097,sub-112,TFD,0.3690528916508842
sub-097,sub-058,TFD,0.33142249006743135
sub-097,sub-018,TFD,0.22189604581521438
sub-097,sub-048,TFD,0.29731301849060177
sub-097,sub-087,TFD,0.395245756505386
sub-097,sub-091,TFD,0.4062371320306756
sub-097,sub-083,TFD,0.4517035182290771
sub-097,sub-065,TFD,0.4271128617072595
sub-097,sub-077,TFD,0.26446298593349793
sub-097,sub-039,TFD,0.35032239800931525
sub-097,sub-053,TFD,0.2607557660212772
sub-097,sub-075,TFD,0.2933934507944335
sub-097,sub-060,TFD,0.4020003756059452
sub-097,sub-103,TFD,0.31864995956028325
sub-097,sub-105,TFD,0.2676272870811278
sub-097,sub-064,TFD,0.21198932996072123
sub-097,sub-010,TFD,0.14137084555016885
sub-097,sub-034,TFD,0.2820772503525619
sub-097,sub-002,TFD,0.3315075161672436
sub-097,sub-085,TFD,0.3109723358316417
sub-097,sub-021,TFD,0.2814130595890902
sub-097,sub-096,TFD,0.42583712538801255
sub-097,sub-027,TFD,0.30005288039494604
sub-097,sub-006,TFD,0.4213809840005919
sub-097,sub-066,TFD,0.3670650387888511
sub-097,sub-101,TFD,0.28396196754103903
sub-097,sub-042,TFD,0.4083130500534999
sub-097,sub-003,TFD,0.43605272364790737
sub-097,sub-107,TFD,0.3607680333177615
sub-097,sub-098,TFD,0.3545170872885708
sub-097,sub-086,TFD,0.15997065042978428
sub-097,sub-013,TFD,0.33364597302995236
sub-097,sub-068,TFD,0.3847908816901408
sub-079,sub-028,TFD,0.3916120836741788
sub-079,sub-089,TFD,0.4027773536539514
sub-079,sub-109,TFD,0.5584156684202851
sub-079,sub-070,TFD,0.1873685700534983
sub-079,sub-111,TFD,0.3351127421719656
sub-079,sub-073,TFD,0.3385180132440676
sub-079,sub-001,TFD,0.5161566468441944
sub-079,sub-095,TFD,0.42452225587654013
sub-079,sub-012,TFD,0.2614303507078751
sub-079,sub-052,TFD,0.297370601600666
sub-079,sub-094,TFD,0.33907117887919136
sub-079,sub-088,TFD,0.2826998367510085
sub-079,sub-044,TFD,0.45444571036246023
sub-079,sub-009,TFD,0.3144738306000961
sub-079,sub-041,TFD,0.3239108652569033
sub-079,sub-024,TFD,0.21704469673442195
sub-079,sub-016,TFD,0.2533141264571319
sub-079,sub-112,TFD,0.3571712202867421
sub-079,sub-058,TFD,0.4173393780808527
sub-079,sub-018,TFD,0.28363347033787323
sub-079,sub-048,TFD,0.2514110978603492
sub-079,sub-087,TFD,0.37055072189443616
sub-079,sub-091,TFD,0.44543175611959146
sub-079,sub-083,TFD,0.4551973088028338
sub-079,sub-065,TFD,0.3906964492181756
sub-079,sub-077,TFD,0.3553128989043661
sub-079,sub-039,TFD,0.3719909006263243
sub-079,sub-053,TFD,0.30514160116347533
sub-079,sub-075,TFD,0.26335829195413696
sub-079,sub-060,TFD,0.4189773380237871
sub-079,sub-103,TFD,0.4003054330917827
sub-079,sub-105,TFD,0.2534799215801988
sub-079,sub-064,TFD,0.2934003760384366
sub-079,sub-010,TFD,0.1141904143503774
sub-079,sub-034,TFD,0.31293995819353954
sub-079,sub-002,TFD,0.40301990847982505
sub-079,sub-085,TFD,0.39651292712642666
sub-079,sub-021,TFD,0.37227175575032373
sub-079,sub-096,TFD,0.4954628421397367
sub-079,sub-027,TFD,0.3898189216717166
sub-079,sub-006,TFD,0.4087404286868371
sub-079,sub-066,TFD,0.3576282646814075
sub-079,sub-101,TFD,0.30147301432627377
sub-079,sub-042,TFD,0.45433721608194555
sub-079,sub-003,TFD,0.4718917351085953
sub-079,sub-107,TFD,0.37769955800598626
sub-079,sub-098,TFD,0.38292601945100035
sub-079,sub-086,TFD,0.1484589665369273
sub-079,sub-013,TFD,0.2757582508563389
sub-079,sub-068,TFD,0.3904067463191777
sub-028,sub-089,TFD,0.3266139509190441
sub-028,sub-109,TFD,0.4195697640682571
sub-028,sub-070,TFD,0.22733021729719327
sub-028,sub-111,TFD,0.24499116833824008
sub-028,sub-073,TFD,0.2677411783503599
sub-028,sub-001,TFD,0.4117478122232171
sub-028,sub-095,TFD,0.4149728306821682
sub-028,sub-012,TFD,0.13761336348989214
sub-028,sub-052,TFD,0.351290603335441
sub-028,sub-094,TFD,0.31160207951820196
sub-028,sub-088,TFD,0.23713384146634722
sub-028,sub-044,TFD,0.3784094480908732
sub-028,sub-009,TFD,0.23294741329158747
sub-028,sub-041,TFD,0.3147707145241166
sub-028,sub-024,TFD,0.18877467635616366
sub-028,sub-016,TFD,0.2245396675121551
sub-028,sub-112,TFD,0.35213635055543746
sub-028,sub-058,TFD,0.38433347898995424
sub-028,sub-018,TFD,0.23232681551992362
sub-028,sub-048,TFD,0.2925418197873713
sub-028,sub-087,TFD,0.34342062212284535
sub-028,sub-091,TFD,0.32441456906246746
sub-028,sub-083,TFD,0.393270415348903
sub-028,sub-065,TFD,0.36930805050324755
sub-028,sub-077,TFD,0.26662789162176953
sub-028,sub-039,TFD,0.27507728616832416
sub-028,sub-053,TFD,0.25634239279606164
sub-028,sub-075,TFD,0.31763603256092765
sub-028,sub-060,TFD,0.4857783696733338
sub-028,sub-103,TFD,0.362767562965631
sub-028,sub-105,TFD,0.25424241704776973
sub-028,sub-064,TFD,0.24824631854013407
sub-028,sub-010,TFD,0.16317995923525083
sub-028,sub-034,TFD,0.32871730352745665
sub-028,sub-002,TFD,0.2958193189762108
sub-028,sub-085,TFD,0.31491761969394755
sub-028,sub-021,TFD,0.24591138657246558
sub-028,sub-096,TFD,0.38477520331835047
sub-028,sub-027,TFD,0.2711744907996608
sub-028,sub-006,TFD,0.370389555766922
sub-028,sub-066,TFD,0.3880658864757273
sub-028,sub-101,TFD,0.27312428374632947
sub-028,sub-042,TFD,0.29597348708152893
sub-028,sub-003,TFD,0.4057588463277775
sub-028,sub-107,TFD,0.3159544008940681
sub-028,sub-098,TFD,0.3545415440557819
sub-028,sub-086,TFD,0.14161927463503093
sub-028,sub-013,TFD,0.2948292854481704
sub-028,sub-068,TFD,0.3605868802279045
sub-089,sub-109,TFD,0.530379228640585
sub-089,sub-070,TFD,0.15982825786501498
sub-089,sub-111,TFD,0.38877324108377975
sub-089,sub-073,TFD,0.28373037304008397
sub-089,sub-001,TFD,0.4719519652229307
sub-089,sub-095,TFD,0.35394265809769093
sub-089,sub-012,TFD,0.11355874738595245
sub-089,sub-052,TFD,0.20087688847128474
sub-089,sub-094,TFD,0.22602626894572567
sub-089,sub-088,TFD,0.22328202019662574
sub-089,sub-044,TFD,0.4174853392066484
sub-089,sub-009,TFD,0.37808913783582915
sub-089,sub-041,TFD,0.2814646609610646
sub-089,sub-024,TFD,0.15310228544582247
sub-089,sub-016,TFD,0.13670403127901168
sub-089,sub-112,TFD,0.44761865167125964
sub-089,sub-058,TFD,0.3015651095307598
sub-089,sub-018,TFD,0.31940425147525264
sub-089,sub-048,TFD,0.23699885675933252
sub-089,sub-087,TFD,0.41726954881337236
sub-089,sub-091,TFD,0.35359359401124896
sub-089,sub-083,TFD,0.37877402572621577
sub-089,sub-065,TFD,0.392096613113199
sub-089,sub-077,TFD,0.2967492343472037
sub-089,sub-039,TFD,0.3698842628949986
sub-089,sub-053,TFD,0.24069020540409414
sub-089,sub-075,TFD,0.23929662682185124
sub-089,sub-060,TFD,0.35689211506218343
sub-089,sub-103,TFD,0.36681025104511333
sub-089,sub-105,TFD,0.1994888764660067
sub-089,sub-064,TFD,0.25693444583759234
sub-089,sub-010,TFD,0.03574572089732097
sub-089,sub-034,TFD,0.20990840260163035
sub-089,sub-002,TFD,0.3596275279509019
sub-089,sub-085,TFD,0.37065048698775194
sub-089,sub-021,TFD,0.2746416539592259
sub-089,sub-096,TFD,0.3893219515240189
sub-089,sub-027,TFD,0.317782261556936
sub-089,sub-006,TFD,0.4122948871422404
sub-089,sub-066,TFD,0.29097453409863855
sub-089,sub-101,TFD,0.2277287532092051
sub-089,sub-042,TFD,0.4320649398092768
sub-089,sub-003,TFD,0.46211852703763634
sub-089,sub-107,TFD,0.37324417882858885
sub-089,sub-098,TFD,0.3293053207169525
sub-089,sub-086,TFD,0.18375471569904364
sub-089,sub-013,TFD,0.24388254901509882
sub-089,sub-068,TFD,0.38527440574946364
sub-109,sub-070,TFD,0.23998697609918945
sub-109,sub-111,TFD,0.3936383256116723
sub-109,sub-073,TFD,0.35083676564877053
sub-109,sub-001,TFD,0.5611703317367814
sub-109,sub-095,TFD,0.49133675624199635
sub-109,sub-012,TFD,0.21573497534726693
sub-109,sub-052,TFD,0.3162547289019185
sub-109,sub-094,TFD,0.3051572165903739
sub-109,sub-088,TFD,0.3369735884285732
sub-109,sub-044,TFD,0.5568747276331478
sub-109,sub-009,TFD,0.375486389658399
sub-109,sub-041,TFD,0.35367529472939574
sub-109,sub-024,TFD,0.22348601687550385
sub-109,sub-016,TFD,0.2378194185194376
sub-109,sub-112,TFD,0.5172307236130549
sub-109,sub-058,TFD,0.46322139759890163
sub-109,sub-018,TFD,0.3562958253314299
sub-109,sub-048,TFD,0.35020284685144004
sub-109,sub-087,TFD,0.44571938464923744
sub-109,sub-091,TFD,0.482728520032427
sub-109,sub-083,TFD,0.49077040722950055
sub-109,sub-065,TFD,0.4970488216469296
sub-109,sub-077,TFD,0.3552477492661491
sub-109,sub-039,TFD,0.4680858184955244
sub-109,sub-053,TFD,0.33170422176937586
sub-109,sub-075,TFD,0.3240458907157487
sub-109,sub-060,TFD,0.4545418286483501
sub-109,sub-103,TFD,0.42209430719089014
sub-109,sub-105,TFD,0.33534857204811125
sub-109,sub-064,TFD,0.35218126808089817
sub-109,sub-010,TFD,0.10674466012834245
sub-109,sub-034,TFD,0.374194065234576
sub-109,sub-002,TFD,0.4562555359478705
sub-109,sub-085,TFD,0.42002464438253284
sub-109,sub-021,TFD,0.3791875747300756
sub-109,sub-096,TFD,0.5401362862589879
sub-109,sub-027,TFD,0.3672740150369885
sub-109,sub-006,TFD,0.46840770701190865
sub-109,sub-066,TFD,0.4165802027525666
sub-109,sub-101,TFD,0.308159749419407
sub-109,sub-042,TFD,0.4625504280608461
sub-109,sub-003,TFD,0.5919129916165841
sub-109,sub-107,TFD,0.41913913806987035
sub-109,sub-098,TFD,0.4287993579468108
sub-109,sub-086,TFD,0.16675011773171639
sub-109,sub-013,TFD,0.3377397286683972
sub-109,sub-068,TFD,0.45569614367752215
sub-070,sub-111,TFD,0.19880821943756477
sub-070,sub-073,TFD,0.1962082161132601
sub-070,sub-001,TFD,0.2479960750261066
sub-070,sub-095,TFD,0.29966775239336857
sub-070,sub-012,TFD,0.054871106724815155
sub-070,sub-052,TFD,0.2616700805075733
sub-070,sub-094,TFD,0.3321776067140132
sub-070,sub-088,TFD,0.11211562145266757
sub-070,sub-044,TFD,0.22354892873423227
sub-070,sub-009,TFD,0.111847907385186
sub-070,sub-041,TFD,0.2047890059168248
sub-070,sub-024,TFD,0.1408345603987123
sub-070,sub-016,TFD,0.2327124458578362
sub-070,sub-112,TFD,0.1759531363865537
sub-070,sub-058,TFD,0.20016501791408345
sub-070,sub-018,TFD,0.13065644277964922
sub-070,sub-048,TFD,0.14451223369950303
sub-070,sub-087,TFD,0.2161019778034384
sub-070,sub-091,TFD,0.16414401270808446
sub-070,sub-083,TFD,0.16014804561738769
sub-070,sub-065,TFD,0.2387462854164385
sub-070,sub-077,TFD,0.13559199018129184
sub-070,sub-039,TFD,0.1215852803815635
sub-070,sub-053,TFD,0.332919321646779
sub-070,sub-075,TFD,0.20981681938083288
sub-070,sub-060,TFD,0.21326264687474725
sub-070,sub-103,TFD,0.24480710556218402
sub-070,sub-105,TFD,0.15197557406441659
sub-070,sub-064,TFD,0.2315722238816626
sub-070,sub-010,TFD,0.2162245220844745
sub-070,sub-034,TFD,0.30698958180118463
sub-070,sub-002,TFD,0.18764017806866748
sub-070,sub-085,TFD,0.15784397643692852
sub-070,sub-021,TFD,0.17300284989616208
sub-070,sub-096,TFD,0.21873390260820202
sub-070,sub-027,TFD,0.11281713935329159
sub-070,sub-006,TFD,0.12531477363898272
sub-070,sub-066,TFD,0.18336175345457223
sub-070,sub-101,TFD,0.25978444212445245
sub-070,sub-042,TFD,0.1486149285277552
sub-070,sub-003,TFD,0.17296149715724385
sub-070,sub-107,TFD,0.16407007554852174
sub-070,sub-098,TFD,0.16758763447861866
sub-070,sub-086,TFD,0.2563480564013501
sub-070,sub-013,TFD,0.21446603862506616
sub-070,sub-068,TFD,0.3222980219393909
sub-111,sub-073,TFD,0.32252127932903973
sub-111,sub-001,TFD,0.41222048240286063
sub-111,sub-095,TFD,0.34065840987570456
sub-111,sub-012,TFD,0.059501165343197195
sub-111,sub-052,TFD,0.24231571632538704
sub-111,sub-094,TFD,0.2589358539159505
sub-111,sub-088,TFD,0.19820650406831006
sub-111,sub-044,TFD,0.2915709036519413
sub-111,sub-009,TFD,0.32542351361634136
sub-111,sub-041,TFD,0.33454457896936046
sub-111,sub-024,TFD,0.09964462624015237
sub-111,sub-016,TFD,0.15229347569772614
sub-111,sub-112,TFD,0.3442325860584251
sub-111,sub-058,TFD,0.25175734116438514
sub-111,sub-018,TFD,0.292209071889215
sub-111,sub-048,TFD,0.2808858538799471
sub-111,sub-087,TFD,0.3777057224034019
sub-111,sub-091,TFD,0.34940013824476474
sub-111,sub-083,TFD,0.32129195430038654
sub-111,sub-065,TFD,0.3633463316882821
sub-111,sub-077,TFD,0.18615709045875228
sub-111,sub-039,TFD,0.22275510204790255
sub-111,sub-053,TFD,0.2756188117605804
sub-111,sub-075,TFD,0.2507028191361769
sub-111,sub-060,TFD,0.3278113987831922
sub-111,sub-103,TFD,0.2901565739796578
sub-111,sub-105,TFD,0.1531234605801807
sub-111,sub-064,TFD,0.23452121850585483
sub-111,sub-010,TFD,0.16690169060357885
sub-111,sub-034,TFD,0.21588612659789333
sub-111,sub-002,TFD,0.3527950567552114
sub-111,sub-085,TFD,0.3331265226960942
sub-111,sub-021,TFD,0.11673668495420149
sub-111,sub-096,TFD,0.3784733062944911
sub-111,sub-027,TFD,0.27311187574739315
sub-111,sub-006,TFD,0.3059067764388169
sub-111,sub-066,TFD,0.320141877771601
sub-111,sub-101,TFD,0.24398155203637173
sub-111,sub-042,TFD,0.24384061864756335
sub-111,sub-003,TFD,0.2966753146532479
sub-111,sub-107,TFD,0.23461443512244778
sub-111,sub-098,TFD,0.282620113927851
sub-111,sub-086,TFD,0.15195507521329604
sub-111,sub-013,TFD,0.26069842987190595
sub-111,sub-068,TFD,0.36623217739361696
sub-073,sub-001,TFD,0.31832943845756156
sub-073,sub-095,TFD,0.34279068804886575
sub-073,sub-012,TFD,0.07911131120605451
sub-073,sub-052,TFD,0.256757976294084
sub-073,sub-094,TFD,0.25640323789760094
sub-073,sub-088,TFD,0.14750513999963202
sub-073,sub-044,TFD,0.3247214104846599
sub-073,sub-009,TFD,0.2750434429608528
sub-073,sub-041,TFD,0.27184951270704494
sub-073,sub-024,TFD,0.2246122289725079
sub-073,sub-016,TFD,0.2220334563930602
sub-073,sub-112,TFD,0.23600165801950707
sub-073,sub-058,TFD,0.3088125157726541
sub-073,sub-018,TFD,0.28629849765350873
sub-073,sub-048,TFD,0.2175815654362444
sub-073,sub-087,TFD,0.31125712437693465
sub-073,sub-091,TFD,0.27566109836345465
sub-073,sub-083,TFD,0.28614625023891016
sub-073,sub-065,TFD,0.37073376286377474
sub-073,sub-077,TFD,0.1939702282356564
sub-073,sub-039,TFD,0.21816373310927606
sub-073,sub-053,TFD,0.21679762658116655
sub-073,sub-075,TFD,0.2966660068689893
sub-073,sub-060,TFD,0.322021335187469
sub-073,sub-103,TFD,0.2793708873181574
sub-073,sub-105,TFD,0.2387619166355749
sub-073,sub-064,TFD,0.23649355839368222
sub-073,sub-010,TFD,0.12550935895312365
sub-073,sub-034,TFD,0.31858265451401546
sub-073,sub-002,TFD,0.24591978875106382
sub-073,sub-085,TFD,0.29736888238919446
sub-073,sub-021,TFD,0.12086573368448533
sub-073,sub-096,TFD,0.33620533824301824
sub-073,sub-027,TFD,0.138711827224458
sub-073,sub-006,TFD,0.27053050644790827
sub-073,sub-066,TFD,0.3489483790311077
sub-073,sub-101,TFD,0.23934610972702777
sub-073,sub-042,TFD,0.25089897614470125
sub-073,sub-003,TFD,0.30283099582059686
sub-073,sub-107,TFD,0.2955935267550471
sub-073,sub-098,TFD,0.220797250825039
sub-073,sub-086,TFD,0.17768641530142007
sub-073,sub-013,TFD,0.28104447276747624
sub-073,sub-068,TFD,0.34980690678166904
sub-001,sub-095,TFD,0.4625014483600858
sub-001,sub-012,TFD,0.15901745481988488
sub-001,sub-052,TFD,0.2833773059526081
sub-001,sub-094,TFD,0.347779549535471
sub-001,sub-088,TFD,0.30808701608492617
sub-001,sub-044,TFD,0.500925126788481
sub-001,sub-009,TFD,0.3660886887978807
sub-001,sub-041,TFD,0.4078195434025599
sub-001,sub-024,TFD,0.17242083868275948
sub-001,sub-016,TFD,0.2415065655585561
sub-001,sub-112,TFD,0.4502430192186505
sub-001,sub-058,TFD,0.38744345269860464
sub-001,sub-018,TFD,0.3496626681434823
sub-001,sub-048,TFD,0.2934677911860758
sub-001,sub-087,TFD,0.4121849433844916
sub-001,sub-091,TFD,0.4237841714877774
sub-001,sub-083,TFD,0.41155005762234265
sub-001,sub-065,TFD,0.4428688713024589
sub-001,sub-077,TFD,0.332715347449848
sub-001,sub-039,TFD,0.4639357901272623
sub-001,sub-053,TFD,0.33326241125208467
sub-001,sub-075,TFD,0.2754912619166323
sub-001,sub-060,TFD,0.4358229473805349
sub-001,sub-103,TFD,0.42591872138581344
sub-001,sub-105,TFD,0.2673815485609437
sub-001,sub-064,TFD,0.32092743092891945
sub-001,sub-010,TFD,0.1522188989961505
sub-001,sub-034,TFD,0.2831372740675923
sub-001,sub-002,TFD,0.4408872886139608
sub-001,sub-085,TFD,0.39559678383902536
sub-001,sub-021,TFD,0.3828149505678519
sub-001,sub-096,TFD,0.48321343827190266
sub-001,sub-027,TFD,0.3919281275638794
sub-001,sub-006,TFD,0.4300505388158474
sub-001,sub-066,TFD,0.39938913774918205
sub-001,sub-101,TFD,0.3077049159767763
sub-001,sub-042,TFD,0.5295878745839847
sub-001,sub-003,TFD,0.46776915949478065
sub-001,sub-107,TFD,0.3650255188687756
sub-001,sub-098,TFD,0.34433532336233297
sub-001,sub-086,TFD,0.17328947133040978
sub-001,sub-013,TFD,0.2904245799417653
sub-001,sub-068,TFD,0.4341765265286114
sub-095,sub-012,TFD,0.1788602447692592
sub-095,sub-052,TFD,0.3569740602691562
sub-095,sub-094,TFD,0.37479578800784663
sub-095,sub-088,TFD,0.28506085920124197
sub-095,sub-044,TFD,0.3826498167754706
sub-095,sub-009,TFD,0.3479833689248388
sub-095,sub-041,TFD,0.3481814802266665
sub-095,sub-024,TFD,0.2521615753346258
sub-095,sub-016,TFD,0.3202348989432828
sub-095,sub-112,TFD,0.3523100333772638
sub-095,sub-058,TFD,0.31178261640129723
sub-095,sub-018,TFD,0.2654535221318666
sub-095,sub-048,TFD,0.312894225625805
sub-095,sub-087,TFD,0.40132543553347166
sub-095,sub-091,TFD,0.3843050069979199
sub-095,sub-083,TFD,0.35373878038034345
sub-095,sub-065,TFD,0.4335108169051219
sub-095,sub-077,TFD,0.2820159148830722
sub-095,sub-039,TFD,0.34678738744664495
sub-095,sub-053,TFD,0.30448780896048894
sub-095,sub-075,TFD,0.2837792072326426
sub-095,sub-060,TFD,0.482541018849597
sub-095,sub-103,TFD,0.41568530041555235
sub-095,sub-105,TFD,0.26711072048039636
sub-095,sub-064,TFD,0.36262191964375895
sub-095,sub-010,TFD,0.1647925517125818
sub-095,sub-034,TFD,0.37779584511975933
sub-095,sub-002,TFD,0.33311214559015856
sub-095,sub-085,TFD,0.3470220877641278
sub-095,sub-021,TFD,0.27211405163936
sub-095,sub-096,TFD,0.46410737226129317
sub-095,sub-027,TFD,0.29168422108828346
sub-095,sub-006,TFD,0.427045136001936
sub-095,sub-066,TFD,0.3501623395670845
sub-095,sub-101,TFD,0.31445998186218815
sub-095,sub-042,TFD,0.3493271264249156
sub-095,sub-003,TFD,0.43125957763100603
sub-095,sub-107,TFD,0.35304550891045805
sub-095,sub-098,TFD,0.3513569063790959
sub-095,sub-086,TFD,0.22817468466465743
sub-095,sub-013,TFD,0.3491106374500244
sub-095,sub-068,TFD,0.4303680412245354
sub-012,sub-052,TFD,0.06268164809773244
sub-012,sub-094,TFD,0.1671812085575145
sub-012,sub-088,TFD,0.20339596853545733
sub-012,sub-044,TFD,0.19465723181423294
sub-012,sub-009,TFD,0.08065552598799954
sub-012,sub-041,TFD,0.08041077746865195
sub-012,sub-024,TFD,0.10317072560058942
sub-012,sub-016,TFD,0.1460618823455861
sub-012,sub-112,TFD,0.20859313726096762
sub-012,sub-058,TFD,0.16603320968958613
sub-012,sub-018,TFD,0.12225760932569633
sub-012,sub-048,TFD,0.12151445092238013
sub-012,sub-087,TFD,0.1404493556779936
sub-012,sub-091,TFD,0.18985847579379245
sub-012,sub-083,TFD,0.18764923093057334
sub-012,sub-065,TFD,0.16025896795771416
sub-012,sub-077,TFD,0.14895299709489002
sub-012,sub-039,TFD,0.20691539167734596
sub-012,sub-053,TFD,0.18677090314724337
sub-012,sub-075,TFD,0.1344671817566411
sub-012,sub-060,TFD,0.2065221079954238
sub-012,sub-103,TFD,0.22301240389964214
sub-012,sub-105,TFD,0.07278586966021115
sub-012,sub-064,TFD,0.13747580771068368
sub-012,sub-010,TFD,0.06074947070571157
sub-012,sub-034,TFD,0.09797758866401828
sub-012,sub-002,TFD,0.17141363378421
sub-012,sub-085,TFD,0.11308309340576839
sub-012,sub-021,TFD,0.2219769723193358
sub-012,sub-096,TFD,0.18085701394515316
sub-012,sub-027,TFD,0.21478415657877478
sub-012,sub-006,TFD,0.1981088371150781
sub-012,sub-066,TFD,0.14788313683810578
sub-012,sub-101,TFD,0.15481841438618862
sub-012,sub-042,TFD,0.18723221719018066
sub-012,sub-003,TFD,0.16358954426499864
sub-012,sub-107,TFD,0.2233997210979472
sub-012,sub-098,TFD,0.1745700207802229
sub-012,sub-086,TFD,0.08436429459826786
sub-012,sub-013,TFD,0.11351200198385047
sub-012,sub-068,TFD,0.08869448801563111
sub-052,sub-094,TFD,0.3758817028647696
sub-052,sub-088,TFD,0.16846916613960453
sub-052,sub-044,TFD,0.23929223622260948
sub-052,sub-009,TFD,0.2251531208664222
sub-052,sub-041,TFD,0.31665928744899247
sub-052,sub-024,TFD,0.2022358095744861
sub-052,sub-016,TFD,0.29806037648629186
sub-052,sub-112,TFD,0.23196372718879688
sub-052,sub-058,TFD,0.31243891801351337
sub-052,sub-018,TFD,0.20700022418306516
sub-052,sub-048,TFD,0.30188552583785305
sub-052,sub-087,TFD,0.32122305418416514
sub-052,sub-091,TFD,0.26510741559712103
sub-052,sub-083,TFD,0.3231653324244419
sub-052,sub-065,TFD,0.2960263071971511
sub-052,sub-077,TFD,0.1837685590116022
sub-052,sub-039,TFD,0.07678381549320225
sub-052,sub-053,TFD,0.2789939043695835
sub-052,sub-075,TFD,0.2739159634126917
sub-052,sub-060,TFD,0.3367176150849757
sub-052,sub-103,TFD,0.3054140243580324
sub-052,sub-105,TFD,0.2144296237928425
sub-052,sub-064,TFD,0.30385732956069034
sub-052,sub-010,TFD,0.20305250167327885
sub-052,sub-034,TFD,0.34646289378620765
sub-052,sub-002,TFD,0.29606336002340455
sub-052,sub-085,TFD,0.31629178961845084
sub-052,sub-021,TFD,0.0955971524721629
sub-052,sub-096,TFD,0.3803157174282703
sub-052,sub-027,TFD,0.13750376316934457
sub-052,sub-006,TFD,0.23224648305189222
sub-052,sub-066,TFD,0.3065708267312379
sub-052,sub-101,TFD,0.26857126879756127
sub-052,sub-042,TFD,0.18254215936464907
sub-052,sub-003,TFD,0.29372612392272834
sub-052,sub-107,TFD,0.256582422925063
sub-052,sub-098,TFD,0.34629287092365524
sub-052,sub-086,TFD,0.28539275688017607
sub-052,sub-013,TFD,0.32232773021590533
sub-052,sub-068,TFD,0.3202816934940186
sub-094,sub-088,TFD,0.16509830909428863
sub-094,sub-044,TFD,0.21935107857890468
sub-094,sub-009,TFD,0.23447478197791005
sub-094,sub-041,TFD,0.25789845293663777
sub-094,sub-024,TFD,0.13393080675592908
sub-094,sub-016,TFD,0.33349425553633655
sub-094,sub-112,TFD,0.2717125588751291
sub-094,sub-058,TFD,0.28090907406394816
sub-094,sub-018,TFD,0.25532339614835364
sub-094,sub-048,TFD,0.2859419905076155
sub-094,sub-087,TFD,0.28343202379459626
sub-094,sub-091,TFD,0.27778702300340175
sub-094,sub-083,TFD,0.2572599690105891
sub-094,sub-065,TFD,0.2667076465516637
sub-094,sub-077,TFD,0.22780433580894435
sub-094,sub-039,TFD,0.17451364470930214
sub-094,sub-053,TFD,0.35968158419505136
sub-094,sub-075,TFD,0.31146130236719044
sub-094,sub-060,TFD,0.31387928648929647
sub-094,sub-103,TFD,0.35821408706026575
sub-094,sub-105,TFD,0.24779225622451265
sub-094,sub-064,TFD,0.29402086877845934
sub-094,sub-010,TFD,0.227926820416756
sub-094,sub-034,TFD,0.3401027504793289
sub-094,sub-002,TFD,0.21070014330125944
sub-094,sub-085,TFD,0.22394621907731968
sub-094,sub-021,TFD,0.1899577659099972
sub-094,sub-096,TFD,0.369881951827485
sub-094,sub-027,TFD,0.18739465421637952
sub-094,sub-006,TFD,0.24223172797134734
sub-094,sub-066,TFD,0.24665127445329865
sub-094,sub-101,TFD,0.3237295767062371
sub-094,sub-042,TFD,0.2203449627415074
sub-094,sub-003,TFD,0.2570111910943875
sub-094,sub-107,TFD,0.2608132028890725
sub-094,sub-098,TFD,0.2877141954051808
sub-094,sub-086,TFD,0.2767504395365546
sub-094,sub-013,TFD,0.31619818077584416
sub-094,sub-068,TFD,0.36365926187834546
sub-088,sub-044,TFD,0.29908960000168516
sub-088,sub-009,TFD,0.14082686168349853
sub-088,sub-041,TFD,0.2829134579432376
sub-088,sub-024,TFD,0.13995142698463622
sub-088,sub-016,TFD,0.15312252194316348
sub-088,sub-112,TFD,0.1929094792793457
sub-088,sub-058,TFD,0.24865095848378865
sub-088,sub-018,TFD,0.10877496536265652
sub-088,sub-048,TFD,0.12803366732751276
sub-088,sub-087,TFD,0.2203935726785606
sub-088,sub-091,TFD,0.26846814656481816
sub-088,sub-083,TFD,0.231436199036407
sub-088,sub-065,TFD,0.2633508793114206
sub-088,sub-077,TFD,0.2671094146635055
sub-088,sub-039,TFD,0.30165897046302814
sub-088,sub-053,TFD,0.1497016005680604
sub-088,sub-075,TFD,0.15753950549470985
sub-088,sub-060,TFD,0.2616368274166101
sub-088,sub-103,TFD,0.267698057156082
sub-088,sub-105,TFD,0.24388115557720244
sub-088,sub-064,TFD,0.15072459848785205
sub-088,sub-010,TFD,0.0897596806349761
sub-088,sub-034,TFD,0.20244442898832074
sub-088,sub-002,TFD,0.29049516126069364
sub-088,sub-085,TFD,0.14120115576315798
sub-088,sub-021,TFD,0.2816717444567167
sub-088,sub-096,TFD,0.27556096887523435
sub-088,sub-027,TFD,0.3492981322289166
sub-088,sub-006,TFD,0.23585391891257002
sub-088,sub-066,TFD,0.23307390091296076
sub-088,sub-101,TFD,0.18535122636866616
sub-088,sub-042,TFD,0.20458460534598963
sub-088,sub-003,TFD,0.2711071643607962
sub-088,sub-107,TFD,0.21407389305243146
sub-088,sub-098,TFD,0.2737402082444505
sub-088,sub-086,TFD,0.11400117979402158
sub-088,sub-013,TFD,0.17883890247060252
sub-088,sub-068,TFD,0.23118368451725219
sub-044,sub-009,TFD,0.3259868511615902
sub-044,sub-041,TFD,0.32263687681864345
sub-044,sub-024,TFD,0.17583501570016108
sub-044,sub-016,TFD,0.19919381079674223
sub-044,sub-112,TFD,0.3809418306627452
sub-044,sub-058,TFD,0.3528925066185323
sub-044,sub-018,TFD,0.2773848390334343
sub-044,sub-048,TFD,0.27586131221203203
sub-044,sub-087,TFD,0.3851309947377379
sub-044,sub-091,TFD,0.40502548730479254
sub-044,sub-083,TFD,0.35829425259444253
sub-044,sub-065,TFD,0.4544812435998471
sub-044,sub-077,TFD,0.29715255075545105
sub-044,sub-039,TFD,0.42918770120531236
sub-044,sub-053,TFD,0.2542423780442844
sub-044,sub-075,TFD,0.19134204977078492
sub-044,sub-060,TFD,0.3921727735892338
sub-044,sub-103,TFD,0.38585373258880434
sub-044,sub-105,TFD,0.2852846305890469
sub-044,sub-064,TFD,0.2799149658141835
sub-044,sub-010,TFD,0.08091290319919499
sub-044,sub-034,TFD,0.2603893049810628
sub-044,sub-002,TFD,0.3998740064461143
sub-044,sub-085,TFD,0.3266115213367773
sub-044,sub-021,TFD,0.41715778619092597
sub-044,sub-096,TFD,0.46438156909325246
sub-044,sub-027,TFD,0.36664963869743766
sub-044,sub-006,TFD,0.42264444792119776
sub-044,sub-066,TFD,0.37039362815034077
sub-044,sub-101,TFD,0.2603463126287846
sub-044,sub-042,TFD,0.47472672888990025
sub-044,sub-003,TFD,0.47826738430151916
sub-044,sub-107,TFD,0.3306839038783737
sub-044,sub-098,TFD,0.26707530139642344
sub-044,sub-086,TFD,0.10874676096030475
sub-044,sub-013,TFD,0.28324308677770393
sub-044,sub-068,TFD,0.413412938082318
sub-009,sub-041,TFD,0.27385977515206256
sub-009,sub-024,TFD,0.1147661187158504
sub-009,sub-016,TFD,0.232241985309634
sub-009,sub-112,TFD,0.4028803680212298
sub-009,sub-058,TFD,0.2792863952786096
sub-009,sub-018,TFD,0.22683304164667334
sub-009,sub-048,TFD,0.22527995759842157
sub-009,sub-087,TFD,0.3788009698651858
sub-009,sub-091,TFD,0.3392912880497107
sub-009,sub-083,TFD,0.30165326944146076
sub-009,sub-065,TFD,0.3231973262266815
sub-009,sub-077,TFD,0.16950728345622554
sub-009,sub-039,TFD,0.33004326084697916
sub-009,sub-053,TFD,0.21788314667212177
sub-009,sub-075,TFD,0.23058016919797794
sub-009,sub-060,TFD,0.3114526254753479
sub-009,sub-103,TFD,0.2653675729856923
sub-009,sub-105,TFD,0.11471265282989833
sub-009,sub-064,TFD,0.24349127913536833
sub-009,sub-010,TFD,0.1517763556223322
sub-009,sub-034,TFD,0.23507886078368848
sub-009,sub-002,TFD,0.2524922907851658
sub-009,sub-085,TFD,0.3398512364823551
sub-009,sub-021,TFD,0.2119946986292683
sub-009,sub-096,TFD,0.30062606984944334
sub-009,sub-027,TFD,0.23291817025251885
sub-009,sub-006,TFD,0.3798624105188879
sub-009,sub-066,TFD,0.33823243511130385
sub-009,sub-101,TFD,0.16977791246238833
sub-009,sub-042,TFD,0.3554018115694072
sub-009,sub-003,TFD,0.34439523664696686
sub-009,sub-107,TFD,0.2820121144937823
sub-009,sub-098,TFD,0.22509127960260608
sub-009,sub-086,TFD,0.17479454685879284
sub-009,sub-013,TFD,0.23019310525293554
sub-009,sub-068,TFD,0.26401079462340465
sub-041,sub-024,TFD,0.15325076564042914
sub-041,sub-016,TFD,0.1954763732517605
sub-041,sub-112,TFD,0.3309248657534207
sub-041,sub-058,TFD,0.31456584199096377
sub-041,sub-018,TFD,0.3102118168295879
sub-041,sub-048,TFD,0.3278950880320695
sub-041,sub-087,TFD,0.32850569020019565
sub-041,sub-091,TFD,0.3502099427382101
sub-041,sub-083,TFD,0.3260368000121873
sub-041,sub-065,TFD,0.29977670331114376
sub-041,sub-077,TFD,0.23109880103348762
sub-041,sub-039,TFD,0.2557583524876863
sub-041,sub-053,TFD,0.22127773104367643
sub-041,sub-075,TFD,0.26473418230396034
sub-041,sub-060,TFD,0.3070775574571589
sub-041,sub-103,TFD,0.28797792043743825
sub-041,sub-105,TFD,0.26332509471343035
sub-041,sub-064,TFD,0.2570200705366849
sub-041,sub-010,TFD,0.13196922003272835
sub-041,sub-034,TFD,0.32638903531123065
sub-041,sub-002,TFD,0.31105597081058006
sub-041,sub-085,TFD,0.3002191019604025
sub-041,sub-021,TFD,0.14460356380657408
sub-041,sub-096,TFD,0.3859396018567639
sub-041,sub-027,TFD,0.23985820305916025
sub-041,sub-006,TFD,0.3367380156786868
sub-041,sub-066,TFD,0.3370765276714051
sub-041,sub-101,TFD,0.2402321348493106
sub-041,sub-042,TFD,0.23993200447939342
sub-041,sub-003,TFD,0.32915885699680697
sub-041,sub-107,TFD,0.24200633558055262
sub-041,sub-098,TFD,0.32053968523819293
sub-041,sub-086,TFD,0.2047983943599982
sub-041,sub-013,TFD,0.3164092124467767
sub-041,sub-068,TFD,0.32890781493765314
sub-024,sub-016,TFD,0.20741661914569198
sub-024,sub-112,TFD,0.11169955442838779
sub-024,sub-058,TFD,0.17645748759118404
sub-024,sub-018,TFD,0.08653120318265563
sub-024,sub-048,TFD,0.2213963017833309
sub-024,sub-087,TFD,0.15247454242027805
sub-024,sub-091,TFD,0.12005511997155717
sub-024,sub-083,TFD,0.18905395642053635
sub-024,sub-065,TFD,0.1941198821009404
sub-024,sub-077,TFD,0.1733172953208133
sub-024,sub-039,TFD,0.08758414417092206
sub-024,sub-053,TFD,0.186801978496178
sub-024,sub-075,TFD,0.18926107799148292
sub-024,sub-060,TFD,0.11970665297845079
sub-024,sub-103,TFD,0.21975919206177166
sub-024,sub-105,TFD,0.1725518942066128
sub-024,sub-064,TFD,0.2138736942535951
sub-024,sub-010,TFD,0.12666963144003765
sub-024,sub-034,TFD,0.22803245180826082
sub-024,sub-002,TFD,0.10426039908735978
sub-024,sub-085,TFD,0.15243904245204346
sub-024,sub-021,TFD,0.017403505507569004
sub-024,sub-096,TFD,0.18835699627237049
sub-024,sub-027,TFD,0.14648467678234747
sub-024,sub-006,TFD,0.16939203967169
sub-024,sub-066,TFD,0.21126684915276014
sub-024,sub-101,TFD,0.24058913260209802
sub-024,sub-042,TFD,0.15780024058629818
sub-024,sub-003,TFD,0.20963593946394213
sub-024,sub-107,TFD,0.23197560503292158
sub-024,sub-098,TFD,0.259264814938628
sub-024,sub-086,TFD,0.11741153079165229
sub-024,sub-013,TFD,0.28373674472708443
sub-024,sub-068,TFD,0.18509910517934583
sub-016,sub-112,TFD,0.19094346197581732
sub-016,sub-058,TFD,0.28036753059107156
sub-016,sub-018,TFD,0.2157542845505886
sub-016,sub-048,TFD,0.13157061303276285
sub-016,sub-087,TFD,0.17614625316006524
sub-016,sub-091,TFD,0.2499727232032081
sub-016,sub-083,TFD,0.17822469429455048
sub-016,sub-065,TFD,0.21695610713262237
sub-016,sub-077,TFD,0.15731983776092123
sub-016,sub-039,TFD,0.13993561786272588
sub-016,sub-053,TFD,0.29326503975808804
sub-016,sub-075,TFD,0.20290786842830236
sub-016,sub-060,TFD,0.27114317841074603
sub-016,sub-103,TFD,0.22790215752045442
sub-016,sub-105,TFD,0.18897884992691297
sub-016,sub-064,TFD,0.23719265883096158
sub-016,sub-010,TFD,0.19567561047551735
sub-016,sub-034,TFD,0.2995705451066775
sub-016,sub-002,TFD,0.13986490768322132
sub-016,sub-085,TFD,0.17609922035952338
sub-016,sub-021,TFD,0.16067280533317255
sub-016,sub-096,TFD,0.2339029478441479
sub-016,sub-027,TFD,0.17622712127666634
sub-016,sub-006,TFD,0.2298667563408526
sub-016,sub-066,TFD,0.1761196838960377
sub-016,sub-101,TFD,0.2441882107170779
sub-016,sub-042,TFD,0.20947506907614444
sub-016,sub-003,TFD,0.16780964675968563
sub-016,sub-107,TFD,0.23116679537318185
sub-016,sub-098,TFD,0.25355647871993636
sub-016,sub-086,TFD,0.18205332310733763
sub-016,sub-013,TFD,0.194342113372203
sub-016,sub-068,TFD,0.3183216816619785
sub-112,sub-058,TFD,0.3104835267510714
sub-112,sub-018,TFD,0.22030828993513982
sub-112,sub-048,TFD,0.23999269950974772
sub-112,sub-087,TFD,0.3875096870576828
sub-112,sub-091,TFD,0.346061212191419
sub-112,sub-083,TFD,0.33431995464310915
sub-112,sub-065,TFD,0.3540598377749983
sub-112,sub-077,TFD,0.2760638047467695
sub-112,sub-039,TFD,0.35874573677761235
sub-112,sub-053,TFD,0.22169513284590991
sub-112,sub-075,TFD,0.2638396000422461
sub-112,sub-060,TFD,0.4069540898899466
sub-112,sub-103,TFD,0.29303106428941406
sub-112,sub-105,TFD,0.21340763978006974
sub-112,sub-064,TFD,0.24279928750679858
sub-112,sub-010,TFD,0.07746006190146434
sub-112,sub-034,TFD,0.23477933552063415
sub-112,sub-002,TFD,0.33524917091468215
sub-112,sub-085,TFD,0.3398195763428841
sub-112,sub-021,TFD,0.24962510411168345
sub-112,sub-096,TFD,0.37064459645584086
sub-112,sub-027,TFD,0.2670256491010699
sub-112,sub-006,TFD,0.39903624815849426
sub-112,sub-066,TFD,0.2815751870915189
sub-112,sub-101,TFD,0.2175684901546588
sub-112,sub-042,TFD,0.41637125473292463
sub-112,sub-003,TFD,0.42647565109235713
sub-112,sub-107,TFD,0.32023715633160005
sub-112,sub-098,TFD,0.29678387009489776
sub-112,sub-086,TFD,0.14514570678020683
sub-112,sub-013,TFD,0.2946000078540243
sub-112,sub-068,TFD,0.3078706655702829
sub-058,sub-018,TFD,0.2515121177812636
sub-058,sub-048,TFD,0.31576871480494806
sub-058,sub-087,TFD,0.32996745748749035
sub-058,sub-091,TFD,0.3742105797874146
sub-058,sub-083,TFD,0.35497322782664115
sub-058,sub-065,TFD,0.3103129423269028
sub-058,sub-077,TFD,0.25870681722368916
sub-058,sub-039,TFD,0.27211202677780405
sub-058,sub-053,TFD,0.24539650401099308
sub-058,sub-075,TFD,0.26138326711996523
sub-058,sub-060,TFD,0.3547303169088404
sub-058,sub-103,TFD,0.3076992059684128
sub-058,sub-105,TFD,0.2672841859046009
sub-058,sub-064,TFD,0.23259108575297355
sub-058,sub-010,TFD,0.08982191104509499
sub-058,sub-034,TFD,0.2758618478412288
sub-058,sub-002,TFD,0.3635977043622718
sub-058,sub-085,TFD,0.3108585149844609
sub-058,sub-021,TFD,0.2102652162324041
sub-058,sub-096,TFD,0.43345044602289606
sub-058,sub-027,TFD,0.1949600539138244
sub-058,sub-006,TFD,0.330583010223756
sub-058,sub-066,TFD,0.31630703982559777
sub-058,sub-101,TFD,0.2355787731214961
sub-058,sub-042,TFD,0.3226124354337157
sub-058,sub-003,TFD,0.33553731282522076
sub-058,sub-107,TFD,0.3347541912643783
sub-058,sub-098,TFD,0.3006960059488225
sub-058,sub-086,TFD,0.16721239000706772
sub-058,sub-013,TFD,0.21859578012410663
sub-058,sub-068,TFD,0.31847897949480886
sub-018,sub-048,TFD,0.253304038412434
sub-018,sub-087,TFD,0.3026387368618037
sub-018,sub-091,TFD,0.32823774378882536
sub-018,sub-083,TFD,0.25847756046360126
sub-018,sub-065,TFD,0.2815543511289734
sub-018,sub-077,TFD,0.26526858251943675
sub-018,sub-039,TFD,0.19008153937364733
sub-018,sub-053,TFD,0.2721289888826425
sub-018,sub-075,TFD,0.2525349855654578
sub-018,sub-060,TFD,0.20535673771903595
sub-018,sub-103,TFD,0.33018768024683626
sub-018,sub-105,TFD,0.21441461840843026
sub-018,sub-064,TFD,0.22204698518081445
sub-018,sub-010,TFD,0.17894468980972672
sub-018,sub-034,TFD,0.21979299052996382
sub-018,sub-002,TFD,0.22355341376002796
sub-018,sub-085,TFD,0.28318284151538176
sub-018,sub-021,TFD,0.12874822435617794
sub-018,sub-096,TFD,0.35614032707320814
sub-018,sub-027,TFD,0.18529896481823113
sub-018,sub-006,TFD,0.29563907179604154
sub-018,sub-066,TFD,0.2347908126787902
sub-018,sub-101,TFD,0.2245836009450793
sub-018,sub-042,TFD,0.2233589293575599
sub-018,sub-003,TFD,0.3109232001587451
sub-018,sub-107,TFD,0.24102180045464167
sub-018,sub-098,TFD,0.23928896153303272
sub-018,sub-086,TFD,0.21286700538885506
sub-018,sub-013,TFD,0.29849597892862345
sub-018,sub-068,TFD,0.349356583010548
sub-048,sub-087,TFD,0.25331954945212243
sub-048,sub-091,TFD,0.23397718653741087
sub-048,sub-083,TFD,0.3014254186061975
sub-048,sub-065,TFD,0.2502327949300754
sub-048,sub-077,TFD,0.1705913155703988
sub-048,sub-039,TFD,0.17517244395662715
sub-048,sub-053,TFD,0.3090918976108725
sub-048,sub-075,TFD,0.2944729400248964
sub-048,sub-060,TFD,0.2961623778340086
sub-048,sub-103,TFD,0.25363461498127576
sub-048,sub-105,TFD,0.24295479328337133
sub-048,sub-064,TFD,0.2802030206923146
sub-048,sub-010,TFD,0.10031232897293471
sub-048,sub-034,TFD,0.27971801975843824
sub-048,sub-002,TFD,0.22394931583929936
sub-048,sub-085,TFD,0.27232735692260707
sub-048,sub-021,TFD,0.11963513659263186
sub-048,sub-096,TFD,0.3271982631349727
sub-048,sub-027,TFD,0.07404872325037763
sub-048,sub-006,TFD,0.2737464002030035
sub-048,sub-066,TFD,0.2638136424211696
sub-048,sub-101,TFD,0.22365858602086539
sub-048,sub-042,TFD,0.21532544789729197
sub-048,sub-003,TFD,0.2833429625540806
sub-048,sub-107,TFD,0.2494871108145446
sub-048,sub-098,TFD,0.25880257454186417
sub-048,sub-086,TFD,0.17893236077762079
sub-048,sub-013,TFD,0.32158314609668553
sub-048,sub-068,TFD,0.30967541778696495
sub-087,sub-091,TFD,0.3496676038009307
sub-087,sub-083,TFD,0.4158536908587
sub-087,sub-065,TFD,0.36361129635059397
sub-087,sub-077,TFD,0.1951263962174668
sub-087,sub-039,TFD,0.24155952186155513
sub-087,sub-053,TFD,0.26623329148846747
sub-087,sub-075,TFD,0.28339835341939845
sub-087,sub-060,TFD,0.41274941848525853
sub-087,sub-103,TFD,0.3072057172535584
sub-087,sub-105,TFD,0.20456852325002495
sub-087,sub-064,TFD,0.3108632107348214
sub-087,sub-010,TFD,0.13870991119401763
sub-087,sub-034,TFD,0.28580627222661076
sub-087,sub-002,TFD,0.3695088644419802
sub-087,sub-085,TFD,0.41962417435761673
sub-087,sub-021,TFD,0.2311825193097883
sub-087,sub-096,TFD,0.3804367366034758
sub-087,sub-027,TFD,0.25706419144299614
sub-087,sub-006,TFD,0.34639156883126765
sub-087,sub-066,TFD,0.28634845851448143
sub-087,sub-101,TFD,0.26416023039405684
sub-087,sub-042,TFD,0.32793817412119297
sub-087,sub-003,TFD,0.44414416960822656
sub-087,sub-107,TFD,0.3393708561300894
sub-087,sub-098,TFD,0.3500121398058397
sub-087,sub-086,TFD,0.247124764815518
sub-087,sub-013,TFD,0.3413752533560491
sub-087,sub-068,TFD,0.3707135197680103
sub-091,sub-083,TFD,0.3546454267192486
sub-091,sub-065,TFD,0.42526906860443825
sub-091,sub-077,TFD,0.2593687438162051
sub-091,sub-039,TFD,0.3324197885643339
sub-091,sub-053,TFD,0.2937719524716841
sub-091,sub-075,TFD,0.23948126309374695
sub-091,sub-060,TFD,0.3653810149958495
sub-091,sub-103,TFD,0.3161658938938907
sub-091,sub-105,TFD,0.2643882577967118
sub-091,sub-064,TFD,0.2629323183959447
sub-091,sub-010,TFD,0.16002379145347073
sub-091,sub-034,TFD,0.28305455735868756
sub-091,sub-002,TFD,0.3086557950628631
sub-091,sub-085,TFD,0.3562982557517857
sub-091,sub-021,TFD,0.2612779176964337
sub-091,sub-096,TFD,0.4358568493383546
sub-091,sub-027,TFD,0.26250849854595837
sub-091,sub-006,TFD,0.37390727342133756
sub-091,sub-066,TFD,0.3530675727911403
sub-091,sub-101,TFD,0.2744698530930637
sub-091,sub-042,TFD,0.35821749863180546
sub-091,sub-003,TFD,0.4147793116296429
sub-091,sub-107,TFD,0.3376245236015335
sub-091,sub-098,TFD,0.3358901515495861
sub-091,sub-086,TFD,0.17573182924485314
sub-091,sub-013,TFD,0.2970127088336484
sub-091,sub-068,TFD,0.40169275012210115
sub-083,sub-065,TFD,0.38738907412314544
sub-083,sub-077,TFD,0.2624276337439947
sub-083,sub-039,TFD,0.2729828253213511
sub-083,sub-053,TFD,0.25542286559140437
sub-083,sub-075,TFD,0.20530516808473906
sub-083,sub-060,TFD,0.3738444935061525
sub-083,sub-103,TFD,0.3488218743122739
sub-083,sub-105,TFD,0.23679031241704898
sub-083,sub-064,TFD,0.29028580188359965
sub-083,sub-010,TFD,0.05794293913337076
sub-083,sub-034,TFD,0.24314707030998323
sub-083,sub-002,TFD,0.3612579344238151
sub-083,sub-085,TFD,0.32864480232240506
sub-083,sub-021,TFD,0.23182366406689192
sub-083,sub-096,TFD,0.4309973858409404
sub-083,sub-027,TFD,0.2640301081908996
sub-083,sub-006,TFD,0.36182376690151796
sub-083,sub-066,TFD,0.35964906154927473
sub-083,sub-101,TFD,0.21794298273807264
sub-083,sub-042,TFD,0.30219844300875204
sub-083,sub-003,TFD,0.4223175797888204
sub-083,sub-107,TFD,0.33546654663024156
sub-083,sub-098,TFD,0.34827333810790884
sub-083,sub-086,TFD,0.13878587777596152
sub-083,sub-013,TFD,0.2296214806214232
sub-083,sub-068,TFD,0.35620789793724267
sub-065,sub-077,TFD,0.2932879080245097
sub-065,sub-039,TFD,0.3440707357662615
sub-065,sub-053,TFD,0.291573073609557
sub-065,sub-075,TFD,0.28152552307326456
sub-065,sub-060,TFD,0.4112906341559087
sub-065,sub-103,TFD,0.3525080898133652
sub-065,sub-105,TFD,0.20574790057232079
sub-065,sub-064,TFD,0.3173823421771622
sub-065,sub-010,TFD,0.15049817964232878
sub-065,sub-034,TFD,0.28035037111550676
sub-065,sub-002,TFD,0.40745267466306695
sub-065,sub-085,TFD,0.30039134158289893
sub-065,sub-021,TFD,0.26130408929226456
sub-065,sub-096,TFD,0.4413112988134451
sub-065,sub-027,TFD,0.301427876418466
sub-065,sub-006,TFD,0.38265752482436877
sub-065,sub-066,TFD,0.3224669667405316
sub-065,sub-101,TFD,0.2752958470846382
sub-065,sub-042,TFD,0.38768287198662715
sub-065,sub-003,TFD,0.39265965281501736
sub-065,sub-107,TFD,0.3479735948718398
sub-065,sub-098,TFD,0.32975592668547044
sub-065,sub-086,TFD,0.1959191147962278
sub-065,sub-013,TFD,0.2837065899047465
sub-065,sub-068,TFD,0.4533918528913791
sub-077,sub-039,TFD,0.24940564756857256
sub-077,sub-053,TFD,0.2096519742952414
sub-077,sub-075,TFD,0.2044252232295003
sub-077,sub-060,TFD,0.3145589047389377
sub-077,sub-103,TFD,0.2903241167420115
sub-077,sub-105,TFD,0.24879645982345377
sub-077,sub-064,TFD,0.23510799710934296
sub-077,sub-010,TFD,0.11551095079671587
sub-077,sub-034,TFD,0.2695442051175118
sub-077,sub-002,TFD,0.21769968666538397
sub-077,sub-085,TFD,0.2096669543323487
sub-077,sub-021,TFD,0.2420861883962582
sub-077,sub-096,TFD,0.33119802498126694
sub-077,sub-027,TFD,0.2091035058287396
sub-077,sub-006,TFD,0.29603438538713167
sub-077,sub-066,TFD,0.25081130504696253
sub-077,sub-101,TFD,0.2490452295971264
sub-077,sub-042,TFD,0.23494691274876944
sub-077,sub-003,TFD,0.336474639726658
sub-077,sub-107,TFD,0.27220698212151195
sub-077,sub-098,TFD,0.28239984871405827
sub-077,sub-086,TFD,0.16773941738412956
sub-077,sub-013,TFD,0.20199245082392672
sub-077,sub-068,TFD,0.2475940575502201
sub-039,sub-053,TFD,0.13222542605367027
sub-039,sub-075,TFD,0.1108099372453806
sub-039,sub-060,TFD,0.30182221783529845
sub-039,sub-103,TFD,0.28962093683635265
sub-039,sub-105,TFD,0.1493963773878118
sub-039,sub-064,TFD,0.17913004818134365
sub-039,sub-010,TFD,0.04200811390699324
sub-039,sub-034,TFD,0.13922179343555133
sub-039,sub-002,TFD,0.36696752857212445
sub-039,sub-085,TFD,0.2513325013749471
sub-039,sub-021,TFD,0.4535941677451791
sub-039,sub-096,TFD,0.3714902831783546
sub-039,sub-027,TFD,0.3445419401338895
sub-039,sub-006,TFD,0.38790326628589505
sub-039,sub-066,TFD,0.3268942490885709
sub-039,sub-101,TFD,0.1772486896324695
sub-039,sub-042,TFD,0.4161425522243703
sub-039,sub-003,TFD,0.36976631855635006
sub-039,sub-107,TFD,0.3153322377295805
sub-039,sub-098,TFD,0.2139971395682914
sub-039,sub-086,TFD,0.06292453123908821
sub-039,sub-013,TFD,0.17222770925774775
sub-039,sub-068,TFD,0.26457572575215066
sub-053,sub-075,TFD,0.2932897232389995
sub-053,sub-060,TFD,0.2804634365129309
sub-053,sub-103,TFD,0.3062320556931526
sub-053,sub-105,TFD,0.28382577026350725
sub-053,sub-064,TFD,0.3512164137648872
sub-053,sub-010,TFD,0.27076114105913934
sub-053,sub-034,TFD,0.33232060410960296
sub-053,sub-002,TFD,0.22122289588679997
sub-053,sub-085,TFD,0.1991148746798971
sub-053,sub-021,TFD,0.14028338364312476
sub-053,sub-096,TFD,0.3249148608351035
sub-053,sub-027,TFD,0.16634940048773833
sub-053,sub-006,TFD,0.23423410600756156
sub-053,sub-066,TFD,0.22187816481263464
sub-053,sub-101,TFD,0.34265226287368855
sub-053,sub-042,TFD,0.23806133155891052
sub-053,sub-003,TFD,0.28211826362657316
sub-053,sub-107,TFD,0.28405302936802646
sub-053,sub-098,TFD,0.37006504849710853
sub-053,sub-086,TFD,0.2550164410506459
sub-053,sub-013,TFD,0.2985152758047101
sub-053,sub-068,TFD,0.3247334569258101
sub-075,sub-060,TFD,0.3332563492868409
sub-075,sub-103,TFD,0.3178177530152416
sub-075,sub-105,TFD,0.18956035684564737
sub-075,sub-064,TFD,0.3058745670099049
sub-075,sub-010,TFD,0.1944463381011879
sub-075,sub-034,TFD,0.3292880122228179
sub-075,sub-002,TFD,0.19717662275905518
sub-075,sub-085,TFD,0.2893136184284253
sub-075,sub-021,TFD,0.09774608693437571
sub-075,sub-096,TFD,0.3030928885122843
sub-075,sub-027,TFD,0.17133568633133367
sub-075,sub-006,TFD,0.23873654722582635
sub-075,sub-066,TFD,0.1964107470490524
sub-075,sub-101,TFD,0.28297611513174553
sub-075,sub-042,TFD,0.1876549515183684
sub-075,sub-003,TFD,0.2666496742669227
sub-075,sub-107,TFD,0.24036178900634755
sub-075,sub-098,TFD,0.2934863132785299
sub-075,sub-086,TFD,0.1825759316233982
sub-075,sub-013,TFD,0.31311211281493617
sub-075,sub-068,TFD,0.34919735901414617
sub-060,sub-103,TFD,0.39674459856060906
sub-060,sub-105,TFD,0.22855943004276386
sub-060,sub-064,TFD,0.3359144861220366
sub-060,sub-010,TFD,0.11942924624979784
sub-060,sub-034,TFD,0.3396883331502376
sub-060,sub-002,TFD,0.3487046888537979
sub-060,sub-085,TFD,0.3507938427030541
sub-060,sub-021,TFD,0.2801750013912143
sub-060,sub-096,TFD,0.4032430110557537
sub-060,sub-027,TFD,0.3062711280745324
sub-060,sub-006,TFD,0.387418089390865
sub-060,sub-066,TFD,0.35032850845006414
sub-060,sub-101,TFD,0.280735189822562
sub-060,sub-042,TFD,0.3189827639118783
sub-060,sub-003,TFD,0.42377819430359653
sub-060,sub-107,TFD,0.36572940349140165
sub-060,sub-098,TFD,0.37972938210174506
sub-060,sub-086,TFD,0.16984376411857544
sub-060,sub-013,TFD,0.299807637112821
sub-060,sub-068,TFD,0.40029701090845626
sub-103,sub-105,TFD,0.2850391555473904
sub-103,sub-064,TFD,0.3264378308489243
sub-103,sub-010,TFD,0.19122323508761818
sub-103,sub-034,TFD,0.3210767200867732
sub-103,sub-002,TFD,0.32048104575351344
sub-103,sub-085,TFD,0.3184376282208382
sub-103,sub-021,TFD,0.24305176755670435
sub-103,sub-096,TFD,0.4191763093862761
sub-103,sub-027,TFD,0.3055215984735439
sub-103,sub-006,TFD,0.3345522026912186
sub-103,sub-066,TFD,0.3548784833600331
sub-103,sub-101,TFD,0.2935174302746717
sub-103,sub-042,TFD,0.3306558939419052
sub-103,sub-003,TFD,0.3898910793983136
sub-103,sub-107,TFD,0.32852348679285204
sub-103,sub-098,TFD,0.3517565152682255
sub-103,sub-086,TFD,0.23865273269962312
sub-103,sub-013,TFD,0.3666738519437554
sub-103,sub-068,TFD,0.34173747344484984
sub-105,sub-064,TFD,0.20873125563444367
sub-105,sub-010,TFD,0.07636863343887225
sub-105,sub-034,TFD,0.2736192309108762
sub-105,sub-002,TFD,0.16103448802543724
sub-105,sub-085,TFD,0.20874698272886652
sub-105,sub-021,TFD,0.1561811874841734
sub-105,sub-096,TFD,0.3053295985975673
sub-105,sub-027,TFD,0.12710861602795892
sub-105,sub-006,TFD,0.17724810436807853
sub-105,sub-066,TFD,0.15948102129165337
sub-105,sub-101,TFD,0.16749156919631403
sub-105,sub-042,TFD,0.20281050601492143
sub-105,sub-003,TFD,0.24844239660529352
sub-105,sub-107,TFD,0.16130371887261247
sub-105,sub-098,TFD,0.2232924932525242
sub-105,sub-086,TFD,0.1646667584615961
sub-105,sub-013,TFD,0.20771108973807603
sub-105,sub-068,TFD,0.25010094923031095
sub-064,sub-010,TFD,0.18217539973347147
sub-064,sub-034,TFD,0.38524953892579905
sub-064,sub-002,TFD,0.22895341634267313
sub-064,sub-085,TFD,0.30814218789762227
sub-064,sub-021,TFD,0.17208476976868692
sub-064,sub-096,TFD,0.35562951023555633
sub-064,sub-027,TFD,0.19135684197223665
sub-064,sub-006,TFD,0.2420541484492082
sub-064,sub-066,TFD,0.24638635589339158
sub-064,sub-101,TFD,0.3789257884074979
sub-064,sub-042,TFD,0.253380759901274
sub-064,sub-003,TFD,0.32692745656884054
sub-064,sub-107,TFD,0.252752152835636
sub-064,sub-098,TFD,0.36480830625896715
sub-064,sub-086,TFD,0.2357696335929471
sub-064,sub-013,TFD,0.3278908645372066
sub-064,sub-068,TFD,0.2858772813026206
sub-010,sub-034,TFD,0.20590955614555487
sub-010,sub-002,TFD,0.026365360516587347
sub-010,sub-085,TFD,0.17608119571662517
sub-010,sub-021,TFD,0.07708264691134056
sub-010,sub-096,TFD,0.19800681831915154
sub-010,sub-027,TFD,0.06352309250357466
sub-010,sub-006,TFD,0.10739573111828571
sub-010,sub-066,TFD,0.07229671856551755
sub-010,sub-101,TFD,0.19633439153757332
sub-010,sub-042,TFD,0.05453992870790463
sub-010,sub-003,TFD,0.11826789016872137
sub-010,sub-107,TFD,0.12445702115548657
sub-010,sub-098,TFD,0.11511838184769177
sub-010,sub-086,TFD,0.24868093908234132
sub-010,sub-013,TFD,0.21785753475527259
sub-010,sub-068,TFD,0.14907399039166527
sub-034,sub-002,TFD,0.2369682529866442
sub-034,sub-085,TFD,0.2750676013210614
sub-034,sub-021,TFD,0.17266293289871096
sub-034,sub-096,TFD,0.3609860377675358
sub-034,sub-027,TFD,0.18213549397602513
sub-034,sub-006,TFD,0.2455794585972629
sub-034,sub-066,TFD,0.2570387354506469
sub-034,sub-101,TFD,0.3662073102091775
sub-034,sub-042,TFD,0.19299431482530305
sub-034,sub-003,TFD,0.30631362709966176
sub-034,sub-107,TFD,0.22486197728903312
sub-034,sub-098,TFD,0.34559321950880645
sub-034,sub-086,TFD,0.18680456126265338
sub-034,sub-013,TFD,0.29558421322767076
sub-034,sub-068,TFD,0.3308470549505042
sub-002,sub-085,TFD,0.2565277950247881
sub-002,sub-021,TFD,0.2575111127349257
sub-002,sub-096,TFD,0.3936015287658622
sub-002,sub-027,TFD,0.314890495288584
sub-002,sub-006,TFD,0.3782755202593565
sub-002,sub-066,TFD,0.3209046890052109
sub-002,sub-101,TFD,0.19786009929551934
sub-002,sub-042,TFD,0.3582488945125712
sub-002,sub-003,TFD,0.39224193258854423
sub-002,sub-107,TFD,0.339269984389939
sub-002,sub-098,TFD,0.3229489675541047
sub-002,sub-086,TFD,0.11160255821193639
sub-002,sub-013,TFD,0.21397296216874592
sub-002,sub-068,TFD,0.38223287599085515
sub-085,sub-021,TFD,0.20163351393299994
sub-085,sub-096,TFD,0.3383651427864803
sub-085,sub-027,TFD,0.14810688320770704
sub-085,sub-006,TFD,0.3752783312463516
sub-085,sub-066,TFD,0.3169100556324433
sub-085,sub-101,TFD,0.2993340286101948
sub-085,sub-042,TFD,0.33053315759850327
sub-085,sub-003,TFD,0.3718098661967915
sub-085,sub-107,TFD,0.3623234246794461
sub-085,sub-098,TFD,0.2768766227583591
sub-085,sub-086,TFD,0.2460246378378961
sub-085,sub-013,TFD,0.2404161035435619
sub-085,sub-068,TFD,0.33014804917669127
sub-021,sub-096,TFD,0.24106520599223374
sub-021,sub-027,TFD,0.30504924603875566
sub-021,sub-006,TFD,0.2967403061436709
sub-021,sub-066,TFD,0.24024672681047232
sub-021,sub-101,TFD,0.20766766099592485
sub-021,sub-042,TFD,0.37245663297827086
sub-021,sub-003,TFD,0.3337078642250426
sub-021,sub-107,TFD,0.29120502852730695
sub-021,sub-098,TFD,0.17344660313837068
sub-021,sub-086,TFD,0.04618913070141197
sub-021,sub-013,TFD,0.1183843200615026
sub-021,sub-068,TFD,0.22448617444762298
sub-096,sub-027,TFD,0.3268442599496151
sub-096,sub-006,TFD,0.4074500253766071
sub-096,sub-066,TFD,0.38862543795557736
sub-096,sub-101,TFD,0.3303832189611224
sub-096,sub-042,TFD,0.36122939385441205
sub-096,sub-003,TFD,0.4032807582448563
sub-096,sub-107,TFD,0.3837157873077819
sub-096,sub-098,TFD,0.3791810422938127
sub-096,sub-086,TFD,0.22530503219751985
sub-096,sub-013,TFD,0.34242789746145813
sub-096,sub-068,TFD,0.43886943673725365
sub-027,sub-006,TFD,0.2798961274472495
sub-027,sub-066,TFD,0.23752859010854585
sub-027,sub-101,TFD,0.19927330922668765
sub-027,sub-042,TFD,0.3550126866240221
sub-027,sub-003,TFD,0.3396216354852618
sub-027,sub-107,TFD,0.23415066827362613
sub-027,sub-098,TFD,0.26578255496701253
sub-027,sub-086,TFD,0.08093761730205748
sub-027,sub-013,TFD,0.1844277785944353
sub-027,sub-068,TFD,0.2820902422839284
sub-006,sub-066,TFD,0.3913147231707387
sub-006,sub-101,TFD,0.2455286997398263
sub-006,sub-042,TFD,0.3644485292871057
sub-006,sub-003,TFD,0.434251908044834
sub-006,sub-107,TFD,0.4319001308598941
sub-006,sub-098,TFD,0.2689042636506811
sub-006,sub-086,TFD,0.15434517332659253
sub-006,sub-013,TFD,0.2889734645373903
sub-006,sub-068,TFD,0.3749245939567758
sub-066,sub-101,TFD,0.23800500088157195
sub-066,sub-042,TFD,0.329282310380515
sub-066,sub-003,TFD,0.3150721905742629
sub-066,sub-107,TFD,0.3251340420500332
sub-066,sub-098,TFD,0.32532749201438993
sub-066,sub-086,TFD,0.10701805828684124
sub-066,sub-013,TFD,0.2715957367429548
sub-066,sub-068,TFD,0.3549628084866543
sub-101,sub-042,TFD,0.2146043543247854
sub-101,sub-003,TFD,0.30321128718984414
sub-101,sub-107,TFD,0.3057350527332355
sub-101,sub-098,TFD,0.3165220403695458
sub-101,sub-086,TFD,0.2705935799504538
sub-101,sub-013,TFD,0.30802561033936665
sub-101,sub-068,TFD,0.30092417100416025
sub-042,sub-003,TFD,0.4143787213342115
sub-042,sub-107,TFD,0.3821783395950348
sub-042,sub-098,TFD,0.27918370116048463
sub-042,sub-086,TFD,0.10307208811335962
sub-042,sub-013,TFD,0.19418712900994134
sub-042,sub-068,TFD,0.345202355266464
sub-003,sub-107,TFD,0.39625577249042276
sub-003,sub-098,TFD,0.38476868517771734
sub-003,sub-086,TFD,0.16911511171652385
sub-003,sub-013,TFD,0.30804400716833447
sub-003,sub-068,TFD,0.39014358280191336
sub-107,sub-098,TFD,0.2978121470779215
sub-107,sub-086,TFD,0.18104297912334075
sub-107,sub-013,TFD,0.30502775772895996
sub-107,sub-068,TFD,0.32939308160631703
sub-098,sub-086,TFD,0.15394119064762352
sub-098,sub-013,TFD,0.3357303057980492
sub-098,sub-068,TFD,0.35803504792179625
sub-086,sub-013,TFD,0.21599334730395836
sub-086,sub-068,TFD,0.23377672284736886
sub-013,sub-068,TFD,0.2985676520264703
sub-067,sub-054,SFD,0.02633291698118928
sub-067,sub-078,SFD,0.05855588371911155
sub-067,sub-046,SFD,0.13961883389063495
sub-067,sub-097,SFD,0.035391520900045055
sub-067,sub-079,SFD,0.19109887870548975
sub-067,sub-028,SFD,0.05024084106577974
sub-067,sub-089,SFD,0.1598437658157285
sub-067,sub-109,SFD,0.21349898413827334
sub-067,sub-070,SFD,0.03198290760802678
sub-067,sub-111,SFD,0.10636935704376728
sub-067,sub-073,SFD,0.10359524203406645
sub-067,sub-001,SFD,0.09248474139906603
sub-067,sub-095,SFD,0.019554136006140147
sub-067,sub-012,SFD,0.10513144667835582
sub-067,sub-052,SFD,0.09397700523829
sub-067,sub-094,SFD,0.042832517085607626
sub-067,sub-088,SFD,0.03201629502566377
sub-067,sub-044,SFD,0.11833222621925134
sub-067,sub-009,SFD,0.08960468622724085
sub-067,sub-041,SFD,0.11792825979267155
sub-067,sub-024,SFD,0.02011325087665443
sub-067,sub-016,SFD,0.07389050185725836
sub-067,sub-112,SFD,0.16892865761757955
sub-067,sub-058,SFD,0.12015400654201686
sub-067,sub-018,SFD,0.16160389355282892
sub-067,sub-048,SFD,0.04373631347275151
sub-067,sub-087,SFD,0.03645400369796666
sub-067,sub-091,SFD,0.12847261824108908
sub-067,sub-083,SFD,0.21693680673284163
sub-067,sub-065,SFD,0.16840539362199725
sub-067,sub-077,SFD,0.08001746107179818
sub-067,sub-039,SFD,0.06851680288933698
sub-067,sub-053,SFD,0.004317317914642701
sub-067,sub-075,SFD,0.12872772963792276
sub-067,sub-060,SFD,0.10563804618424466
sub-067,sub-103,SFD,0.0301276919669858
sub-067,sub-105,SFD,0.10998487338920693
sub-067,sub-064,SFD,0.12028782722162862
sub-067,sub-010,SFD,-0.06710134366587832
sub-067,sub-034,SFD,0.1358711031179977
sub-067,sub-002,SFD,0.1637619165911717
sub-067,sub-085,SFD,0.09748248498725315
sub-067,sub-021,SFD,-0.010998495891094286
sub-067,sub-096,SFD,0.1566240856841362
sub-067,sub-027,SFD,0.10872957246008012
sub-067,sub-006,SFD,0.09194016747318702
sub-067,sub-066,SFD,0.1007102238426935
sub-067,sub-101,SFD,0.045767986456759314
sub-067,sub-042,SFD,0.14991332909582392
sub-067,sub-003,SFD,0.15329028229119002
sub-067,sub-107,SFD,0.10392891427385498
sub-067,sub-098,SFD,0.0772773452146814
sub-067,sub-086,SFD,0.0011977764700866398
sub-067,sub-013,SFD,0.09515547219580472
sub-067,sub-068,SFD,0.16356690505554372
sub-054,sub-078,SFD,0.07207984287180236
sub-054,sub-046,SFD,0.08048619627880174
sub-054,sub-097,SFD,0.04948235266953124
sub-054,sub-079,SFD,0.013280623178999838
sub-054,sub-028,SFD,0.03606664263259076
sub-054,sub-089,SFD,0.0319978750005994
sub-054,sub-109,SFD,0.0583432316324267
sub-054,sub-070,SFD,0.06187967701244867
sub-054,sub-111,SFD,0.028267927858020694
sub-054,sub-073,SFD,-0.002341900172887749
sub-054,sub-001,SFD,-0.06396104125700011
sub-054,sub-095,SFD,0.02943853222187601
sub-054,sub-012,SFD,-0.025252386563397147
sub-054,sub-052,SFD,0.14710223068039335
sub-054,sub-094,SFD,0.08117239511374297
sub-054,sub-088,SFD,-0.05756443101707644
sub-054,sub-044,SFD,0.024196257697791802
sub-054,sub-009,SFD,0.0388151647845669
sub-054,sub-041,SFD,0.07902446591165004
sub-054,sub-024,SFD,0.023493421549506423
sub-054,sub-016,SFD,0.08150270971291619
sub-054,sub-112,SFD,-0.009528969951569292
sub-054,sub-058,SFD,0.07076920551066714
sub-054,sub-018,SFD,0.019473315677706916
sub-054,sub-048,SFD,-0.007726940277530853
sub-054,sub-087,SFD,0.000699483858146204
sub-054,sub-091,SFD,-0.0005478131403840622
sub-054,sub-083,SFD,-0.01840966173450293
sub-054,sub-065,SFD,0.07623980514060247
sub-054,sub-077,SFD,0.0171522791055872
sub-054,sub-039,SFD,0.0342496909998163
sub-054,sub-053,SFD,0.07261733062511912
sub-054,sub-075,SFD,0.03718805862278881
sub-054,sub-060,SFD,0.06584639790493867
sub-054,sub-103,SFD,-0.023114661669848317
sub-054,sub-105,SFD,0.058839665623432
sub-054,sub-064,SFD,0.06802157494955112
sub-054,sub-010,SFD,0.03955177281962817
sub-054,sub-034,SFD,0.13587691063239468
sub-054,sub-002,SFD,-0.01641520669315838
sub-054,sub-085,SFD,0.004084902222252232
sub-054,sub-021,SFD,-0.0004829396350552002
sub-054,sub-096,SFD,0.029018378740125333
sub-054,sub-027,SFD,-0.027411981145842746
sub-054,sub-006,SFD,0.02252285772017264
sub-054,sub-066,SFD,0.05751547615634647
sub-054,sub-101,SFD,0.13771371456362932
sub-054,sub-042,SFD,0.007755563698762978
sub-054,sub-003,SFD,0.08916479798252859
sub-054,sub-107,SFD,0.0353350941754912
sub-054,sub-098,SFD,0.10314562813446503
sub-054,sub-086,SFD,-0.018585503523230937
sub-054,sub-013,SFD,0.04793622789030156
sub-054,sub-068,SFD,0.01497302428951593
sub-078,sub-046,SFD,0.17143723228510033
sub-078,sub-097,SFD,0.0825562790915974
sub-078,sub-079,SFD,0.10560055582746061
sub-078,sub-028,SFD,0.11991832665042683
sub-078,sub-089,SFD,0.25998338019312883
sub-078,sub-109,SFD,0.17105524447381262
sub-078,sub-070,SFD,0.03437642214542359
sub-078,sub-111,SFD,0.14674196286247687
sub-078,sub-073,SFD,0.13886234775851886
sub-078,sub-001,SFD,0.06603147222574461
sub-078,sub-095,SFD,0.07068562262252197
sub-078,sub-012,SFD,0.026512609197285
sub-078,sub-052,SFD,0.14344296150253974
sub-078,sub-094,SFD,0.14228945975965115
sub-078,sub-088,SFD,-0.03056090327730318
sub-078,sub-044,SFD,0.12488138798113764
sub-078,sub-009,SFD,0.222425749486956
sub-078,sub-041,SFD,0.18610448138706107
sub-078,sub-024,SFD,-0.004271187273427764
sub-078,sub-016,SFD,0.10198401656156286
sub-078,sub-112,SFD,0.18134163513111806
sub-078,sub-058,SFD,0.12040880171210866
sub-078,sub-018,SFD,0.11569527686101104
sub-078,sub-048,SFD,0.14681969820072485
sub-078,sub-087,SFD,0.0993162040046779
sub-078,sub-091,SFD,0.09234604972011666
sub-078,sub-083,SFD,0.13456131834721233
sub-078,sub-065,SFD,0.12363530398787324
sub-078,sub-077,SFD,0.07985443485164158
sub-078,sub-039,SFD,0.11526494207110768
sub-078,sub-053,SFD,-0.01150322022873331
sub-078,sub-075,SFD,0.12784330065084004
sub-078,sub-060,SFD,0.1885690692782321
sub-078,sub-103,SFD,0.14400362746598058
sub-078,sub-105,SFD,0.07092686462978767
sub-078,sub-064,SFD,0.11008772348860407
sub-078,sub-010,SFD,0.061047587203869665
sub-078,sub-034,SFD,0.14527875550221556
sub-078,sub-002,SFD,0.0734629729958115
sub-078,sub-085,SFD,0.18659440745751799
sub-078,sub-021,SFD,-0.016551965563790835
sub-078,sub-096,SFD,0.1439554635318421
sub-078,sub-027,SFD,0.04456344698494151
sub-078,sub-006,SFD,0.08780071290641386
sub-078,sub-066,SFD,0.11148959212971311
sub-078,sub-101,SFD,0.16170226720682826
sub-078,sub-042,SFD,0.10575670994848946
sub-078,sub-003,SFD,0.12725239507378366
sub-078,sub-107,SFD,0.07013884693969394
sub-078,sub-098,SFD,0.09344583208511864
sub-078,sub-086,SFD,0.059890179437117136
sub-078,sub-013,SFD,0.09768293070258835
sub-078,sub-068,SFD,0.22786540882526113
sub-046,sub-097,SFD,0.08192991272654433
sub-046,sub-079,SFD,0.17277716380656352
sub-046,sub-028,SFD,0.1157516983035042
sub-046,sub-089,SFD,0.24247182393157327
sub-046,sub-109,SFD,0.183616420317158
sub-046,sub-070,SFD,0.007481224742318086
sub-046,sub-111,SFD,0.09327415792532029
sub-046,sub-073,SFD,0.1544272880653325
sub-046,sub-001,SFD,0.06350052471573096
sub-046,sub-095,SFD,0.08595870531511672
sub-046,sub-012,SFD,0.04075712839026479
sub-046,sub-052,SFD,0.12521033641599985
sub-046,sub-094,SFD,0.023134430503481858
sub-046,sub-088,SFD,0.051173349695116874
sub-046,sub-044,SFD,0.2509591428901051
sub-046,sub-009,SFD,0.22829387850984414
sub-046,sub-041,SFD,0.1918682498388188
sub-046,sub-024,SFD,-0.0060463620075638805
sub-046,sub-016,SFD,0.023888470735894177
sub-046,sub-112,SFD,0.2550378389149899
sub-046,sub-058,SFD,0.1320252928429849
sub-046,sub-018,SFD,0.03846038184977362
sub-046,sub-048,SFD,0.08189454028182931
sub-046,sub-087,SFD,0.18984909630185612
sub-046,sub-091,SFD,0.20620262972668915
sub-046,sub-083,SFD,0.14425123656610866
sub-046,sub-065,SFD,0.11446083002439844
sub-046,sub-077,SFD,0.029245286881908104
sub-046,sub-039,SFD,0.1236173600982894
sub-046,sub-053,SFD,-0.03222347743762091
sub-046,sub-075,SFD,0.11499034945676165
sub-046,sub-060,SFD,0.13034453391964546
sub-046,sub-103,SFD,0.05508072434422865
sub-046,sub-105,SFD,-0.0024529662209475753
sub-046,sub-064,SFD,0.08239914073142693
sub-046,sub-010,SFD,0.0349623101257754
sub-046,sub-034,SFD,0.08488903501282494
sub-046,sub-002,SFD,0.10275166491817732
sub-046,sub-085,SFD,0.23980460026753694
sub-046,sub-021,SFD,0.11073059793289418
sub-046,sub-096,SFD,0.11520742865225006
sub-046,sub-027,SFD,0.061320752703614256
sub-046,sub-006,SFD,0.16838140879701277
sub-046,sub-066,SFD,0.13247379729937406
sub-046,sub-101,SFD,0.04293239197433877
sub-046,sub-042,SFD,0.19458440827338833
sub-046,sub-003,SFD,0.18372670033372637
sub-046,sub-107,SFD,0.20668735340518024
sub-046,sub-098,SFD,0.07735372198039765
sub-046,sub-086,SFD,-0.0201937111990565
sub-046,sub-013,SFD,0.078229172625317
sub-046,sub-068,SFD,0.15288821497116098
sub-097,sub-079,SFD,0.12887283289999793
sub-097,sub-028,SFD,0.13719289789022573
sub-097,sub-089,SFD,0.20974137837139142
sub-097,sub-109,SFD,0.16030100874514935
sub-097,sub-070,SFD,-0.004799802357994546
sub-097,sub-111,SFD,0.1461725519808144
sub-097,sub-073,SFD,0.09481468417681621
sub-097,sub-001,SFD,0.07881400533199304
sub-097,sub-095,SFD,0.11786287088567687
sub-097,sub-012,SFD,0.0320925831539029
sub-097,sub-052,SFD,0.13950969710697705
sub-097,sub-094,SFD,0.10673252103684054
sub-097,sub-088,SFD,0.004364340752606479
sub-097,sub-044,SFD,0.1341141399891438
sub-097,sub-009,SFD,0.08610211304112342
sub-097,sub-041,SFD,0.10283962630132328
sub-097,sub-024,SFD,0.012674514745653644
sub-097,sub-016,SFD,0.11305525842886824
sub-097,sub-112,SFD,0.1199758168281407
sub-097,sub-058,SFD,0.11855088060269156
sub-097,sub-018,SFD,0.09394172274519244
sub-097,sub-048,SFD,0.09383912034680905
sub-097,sub-087,SFD,0.03176494768230158
sub-097,sub-091,SFD,0.11624047862118395
sub-097,sub-083,SFD,0.13782567617171929
sub-097,sub-065,SFD,0.11890967421540602
sub-097,sub-077,SFD,0.07396919460222551
sub-097,sub-039,SFD,0.07956643323276834
sub-097,sub-053,SFD,-0.009924697123047591
sub-097,sub-075,SFD,0.03632802516774546
sub-097,sub-060,SFD,0.08268115999552399
sub-097,sub-103,SFD,0.03328772679937273
sub-097,sub-105,SFD,0.024815797536892656
sub-097,sub-064,SFD,0.03070304888489392
sub-097,sub-010,SFD,-0.024189529238751038
sub-097,sub-034,SFD,0.07921159485163735
sub-097,sub-002,SFD,0.08484635082989045
sub-097,sub-085,SFD,0.13220724225444275
sub-097,sub-021,SFD,0.0825105265184464
sub-097,sub-096,SFD,0.1013429355491156
sub-097,sub-027,SFD,0.030057956289505482
sub-097,sub-006,SFD,0.1136396336232111
sub-097,sub-066,SFD,0.18567569693723865
sub-097,sub-101,SFD,0.08585558735349433
sub-097,sub-042,SFD,0.22280631841101547
sub-097,sub-003,SFD,0.0950274322898572
sub-097,sub-107,SFD,0.1022925951277421
sub-097,sub-098,SFD,0.17492033462669823
sub-097,sub-086,SFD,0.04481631533441253
sub-097,sub-013,SFD,0.0841194212812455
sub-097,sub-068,SFD,0.18293078707243904
sub-079,sub-028,SFD,0.08219162678335022
sub-079,sub-089,SFD,0.16159047747645527
sub-079,sub-109,SFD,0.20606508104230156
sub-079,sub-070,SFD,0.015972629968936863
sub-079,sub-111,SFD,0.12993057976928246
sub-079,sub-073,SFD,0.06361533615809067
sub-079,sub-001,SFD,0.028648778040869304
sub-079,sub-095,SFD,0.10267931488881422
sub-079,sub-012,SFD,0.021200557071921217
sub-079,sub-052,SFD,0.06857525737743825
sub-079,sub-094,SFD,0.06884227926248285
sub-079,sub-088,SFD,0.08250191656772894
sub-079,sub-044,SFD,0.16264280543528095
sub-079,sub-009,SFD,0.2095179719124515
sub-079,sub-041,SFD,0.15059790560226974
sub-079,sub-024,SFD,-0.02115404990257124
sub-079,sub-016,SFD,0.10398085359970961
sub-079,sub-112,SFD,0.18343892828354094
sub-079,sub-058,SFD,0.23131416994085088
sub-079,sub-018,SFD,0.06157415196704909
sub-079,sub-048,SFD,0.07479147116518643
sub-079,sub-087,SFD,0.12344617687041948
sub-079,sub-091,SFD,0.15340175325330782
sub-079,sub-083,SFD,0.19706678875252642
sub-079,sub-065,SFD,0.1679459935963523
sub-079,sub-077,SFD,0.18172946556162245
sub-079,sub-039,SFD,0.11826269995248519
sub-079,sub-053,SFD,0.021175841310003322
sub-079,sub-075,SFD,0.054317675495527996
sub-079,sub-060,SFD,0.17054127838366423
sub-079,sub-103,SFD,0.12086644161694553
sub-079,sub-105,SFD,0.08266520140010085
sub-079,sub-064,SFD,0.0602288518860971
sub-079,sub-010,SFD,-0.016321126248315714
sub-079,sub-034,SFD,0.06748696474216494
sub-079,sub-002,SFD,0.1511136604234459
sub-079,sub-085,SFD,0.1481954342470618
sub-079,sub-021,SFD,0.13047122621713425
sub-079,sub-096,SFD,0.15088254335945867
sub-079,sub-027,SFD,0.16714063571530474
sub-079,sub-006,SFD,0.16828024755721974
sub-079,sub-066,SFD,0.1013360746417416
sub-079,sub-101,SFD,0.02027200264770999
sub-079,sub-042,SFD,0.18968455868883913
sub-079,sub-003,SFD,0.12306607717278284
sub-079,sub-107,SFD,0.14782562522930656
sub-079,sub-098,SFD,0.08828871554694805
sub-079,sub-086,SFD,0.05679540354649397
sub-079,sub-013,SFD,0.09123079808644635
sub-079,sub-068,SFD,0.20058144605698783
sub-028,sub-089,SFD,0.18854444049762645
sub-028,sub-109,SFD,0.15418246518740417
sub-028,sub-070,SFD,0.12634756783014417
sub-028,sub-111,SFD,0.036490480042629385
sub-028,sub-073,SFD,0.07775041181165154
sub-028,sub-001,SFD,0.10729904236754699
sub-028,sub-095,SFD,0.09652287449953274
sub-028,sub-012,SFD,0.02370210578664911
sub-028,sub-052,SFD,0.15838218529336323
sub-028,sub-094,SFD,0.09398186842065266
sub-028,sub-088,SFD,0.10259893920718281
sub-028,sub-044,SFD,0.17206405141299944
sub-028,sub-009,SFD,0.05135030439889606
sub-028,sub-041,SFD,0.12233326166308195
sub-028,sub-024,SFD,0.059588350072051786
sub-028,sub-016,SFD,0.14192413125156877
sub-028,sub-112,SFD,0.19837878000414239
sub-028,sub-058,SFD,0.11769609629921542
sub-028,sub-018,SFD,0.09215327335192343
sub-028,sub-048,SFD,0.08745870388671903
sub-028,sub-087,SFD,0.05369638240655134
sub-028,sub-091,SFD,0.1522137783090149
sub-028,sub-083,SFD,0.12880304677101428
sub-028,sub-065,SFD,0.10092960570442583
sub-028,sub-077,SFD,0.056838629415245964
sub-028,sub-039,SFD,0.07624586260940919
sub-028,sub-053,SFD,0.0222894433587193
sub-028,sub-075,SFD,0.061140622059902304
sub-028,sub-060,SFD,0.19224027864156557
sub-028,sub-103,SFD,0.09292251422494104
sub-028,sub-105,SFD,0.023619902891029446
sub-028,sub-064,SFD,0.08357412868787105
sub-028,sub-010,SFD,0.04027778266975046
sub-028,sub-034,SFD,0.11608388789469748
sub-028,sub-002,SFD,0.04895122281064594
sub-028,sub-085,SFD,0.11125494822474238
sub-028,sub-021,SFD,0.17094435435552205
sub-028,sub-096,SFD,0.16370121270109558
sub-028,sub-027,SFD,0.12412713817850059
sub-028,sub-006,SFD,0.16555122334950367
sub-028,sub-066,SFD,0.14397511709239416
sub-028,sub-101,SFD,0.08418511491130928
sub-028,sub-042,SFD,0.15301017746866444
sub-028,sub-003,SFD,0.12057535026521618
sub-028,sub-107,SFD,0.18563342941244765
sub-028,sub-098,SFD,0.13019887040208042
sub-028,sub-086,SFD,0.024457821199985897
sub-028,sub-013,SFD,0.05989510172286742
sub-028,sub-068,SFD,0.08449310811861094
sub-089,sub-109,SFD,0.30634346752324304
sub-089,sub-070,SFD,0.05475019169395684
sub-089,sub-111,SFD,0.21565582145253606
sub-089,sub-073,SFD,0.2264679880422495
sub-089,sub-001,SFD,0.16462634728296088
sub-089,sub-095,SFD,0.10712577203248651
sub-089,sub-012,SFD,0.04983307671456281
sub-089,sub-052,SFD,0.20256347647875317
sub-089,sub-094,SFD,0.08454423323745747
sub-089,sub-088,SFD,0.012399862441134061
sub-089,sub-044,SFD,0.28616919925401946
sub-089,sub-009,SFD,0.3172544090799693
sub-089,sub-041,SFD,0.2566694208604401
sub-089,sub-024,SFD,-0.009114050974547459
sub-089,sub-016,SFD,0.05315248527939092
sub-089,sub-112,SFD,0.3436939745327886
sub-089,sub-058,SFD,0.254445342912354
sub-089,sub-018,SFD,0.18106932451307112
sub-089,sub-048,SFD,0.12029548881817093
sub-089,sub-087,SFD,0.19353389255149672
sub-089,sub-091,SFD,0.289007696345797
sub-089,sub-083,SFD,0.181655435260963
sub-089,sub-065,SFD,0.19644339874387612
sub-089,sub-077,SFD,0.08503239007329522
sub-089,sub-039,SFD,0.18563303556591204
sub-089,sub-053,SFD,-0.011850628530811837
sub-089,sub-075,SFD,0.08978711140727509
sub-089,sub-060,SFD,0.18577232130372173
sub-089,sub-103,SFD,0.206932926889807
sub-089,sub-105,SFD,0.09946645734258869
sub-089,sub-064,SFD,0.09526591701323914
sub-089,sub-010,SFD,0.015239119320507562
sub-089,sub-034,SFD,0.14123746167305984
sub-089,sub-002,SFD,0.20700564610793143
sub-089,sub-085,SFD,0.2406452551628385
sub-089,sub-021,SFD,0.11058310026235943
sub-089,sub-096,SFD,0.266457746540361
sub-089,sub-027,SFD,0.13898909350031569
sub-089,sub-006,SFD,0.24380981933280865
sub-089,sub-066,SFD,0.1913851230046597
sub-089,sub-101,SFD,0.11556992153541623
sub-089,sub-042,SFD,0.2898929262494652
sub-089,sub-003,SFD,0.2098596522853345
sub-089,sub-107,SFD,0.20266783781928466
sub-089,sub-098,SFD,0.20532155754978215
sub-089,sub-086,SFD,0.08473109358486489
sub-089,sub-013,SFD,0.15667151047204245
sub-089,sub-068,SFD,0.2610876683560004
sub-109,sub-070,SFD,0.06455958448514157
sub-109,sub-111,SFD,0.20345788365345086
sub-109,sub-073,SFD,0.14997459303968413
sub-109,sub-001,SFD,0.15203049788580592
sub-109,sub-095,SFD,0.20326513587217962
sub-109,sub-012,SFD,0.06499173816502174
sub-109,sub-052,SFD,0.17623267347503743
sub-109,sub-094,SFD,0.17118455495944745
sub-109,sub-088,SFD,0.06223933188539819
sub-109,sub-044,SFD,0.29975246065069094
sub-109,sub-009,SFD,0.22627907153335988
sub-109,sub-041,SFD,0.2620075350273889
sub-109,sub-024,SFD,-0.023857704074829386
sub-109,sub-016,SFD,0.07100715417162684
sub-109,sub-112,SFD,0.33726593279641365
sub-109,sub-058,SFD,0.33634517045695106
sub-109,sub-018,SFD,0.19231663586137568
sub-109,sub-048,SFD,0.23204015936166092
sub-109,sub-087,SFD,0.18594761060346884
sub-109,sub-091,SFD,0.24525217991510911
sub-109,sub-083,SFD,0.29602819103489975
sub-109,sub-065,SFD,0.27467417215547835
sub-109,sub-077,SFD,0.09295053694208029
sub-109,sub-039,SFD,0.13686892597036393
sub-109,sub-053,SFD,0.01784450936625197
sub-109,sub-075,SFD,0.10645449618964294
sub-109,sub-060,SFD,0.2188159663644401
sub-109,sub-103,SFD,0.17238230840449723
sub-109,sub-105,SFD,0.21519382903593648
sub-109,sub-064,SFD,0.12060929716156232
sub-109,sub-010,SFD,0.05444967738977329
sub-109,sub-034,SFD,0.25161597247067025
sub-109,sub-002,SFD,0.21409160186326243
sub-109,sub-085,SFD,0.1951948243715674
sub-109,sub-021,SFD,0.07991888302714006
sub-109,sub-096,SFD,0.3536644505647224
sub-109,sub-027,SFD,0.18701254202589793
sub-109,sub-006,SFD,0.2507244512852641
sub-109,sub-066,SFD,0.26962718097422983
sub-109,sub-101,SFD,0.05110273971635238
sub-109,sub-042,SFD,0.23494061634665292
sub-109,sub-003,SFD,0.3317022585893789
sub-109,sub-107,SFD,0.17356169572294966
sub-109,sub-098,SFD,0.19589694275904085
sub-109,sub-086,SFD,0.10496883662582797
sub-109,sub-013,SFD,0.17202864410761803
sub-109,sub-068,SFD,0.39969904915522075
sub-070,sub-111,SFD,0.028480703959328994
sub-070,sub-073,SFD,0.06347685559232515
sub-070,sub-001,SFD,0.09696911547039196
sub-070,sub-095,SFD,0.05117348204732625
sub-070,sub-012,SFD,-0.02074790647857038
sub-070,sub-052,SFD,0.007348983272410565
sub-070,sub-094,SFD,0.05734940380380404
sub-070,sub-088,SFD,-0.032180530667946135
sub-070,sub-044,SFD,0.061994425005714456
sub-070,sub-009,SFD,0.04048038189803546
sub-070,sub-041,SFD,-0.0035363391598186287
sub-070,sub-024,SFD,0.09258323817400906
sub-070,sub-016,SFD,0.12465136269843428
sub-070,sub-112,SFD,0.061515167798725644
sub-070,sub-058,SFD,0.07050741148093934
sub-070,sub-018,SFD,0.04370427829825623
sub-070,sub-048,SFD,0.05288295279421509
sub-070,sub-087,SFD,0.06078182918701802
sub-070,sub-091,SFD,-0.009776818156539812
sub-070,sub-083,SFD,0.06843715775635612
sub-070,sub-065,SFD,-0.0015937101837859918
sub-070,sub-077,SFD,0.01383510950567914
sub-070,sub-039,SFD,-0.014275599691784976
sub-070,sub-053,SFD,0.08244780380173668
sub-070,sub-075,SFD,0.1278475783428459
sub-070,sub-060,SFD,-0.0197340196766076
sub-070,sub-103,SFD,0.1037402593046292
sub-070,sub-105,SFD,0.005385173967524735
sub-070,sub-064,SFD,0.044523164925763456
sub-070,sub-010,SFD,-0.011232471175131046
sub-070,sub-034,SFD,0.03827173244585253
sub-070,sub-002,SFD,0.06184111470240412
sub-070,sub-085,SFD,0.029011826437390288
sub-070,sub-021,SFD,0.023348612118457047
sub-070,sub-096,SFD,0.040557796214275965
sub-070,sub-027,SFD,0.021424961398744072
sub-070,sub-006,SFD,-0.0102002159282447
sub-070,sub-066,SFD,-0.007755868039951565
sub-070,sub-101,SFD,0.03260826252832794
sub-070,sub-042,SFD,0.06398904742119547
sub-070,sub-003,SFD,-0.020885714932346918
sub-070,sub-107,SFD,0.029413605551859307
sub-070,sub-098,SFD,0.07538231525477576
sub-070,sub-086,SFD,0.10720405522505173
sub-070,sub-013,SFD,0.12059915655821901
sub-070,sub-068,SFD,0.07181078116277942
sub-111,sub-073,SFD,0.07726427322505088
sub-111,sub-001,SFD,0.13271512848061856
sub-111,sub-095,SFD,0.04979195609487054
sub-111,sub-012,SFD,0.06561734733843268
sub-111,sub-052,SFD,0.17105961615650417
sub-111,sub-094,SFD,0.09540764722522764
sub-111,sub-088,SFD,-0.07220091554614817
sub-111,sub-044,SFD,0.12107868662577753
sub-111,sub-009,SFD,0.15194955003130173
sub-111,sub-041,SFD,0.10995026275966105
sub-111,sub-024,SFD,0.03282728309896351
sub-111,sub-016,SFD,0.024119287129349087
sub-111,sub-112,SFD,0.1173028264397452
sub-111,sub-058,SFD,0.03811902749972898
sub-111,sub-018,SFD,0.19418893763350284
sub-111,sub-048,SFD,0.2340116947250034
sub-111,sub-087,SFD,0.13072086902197627
sub-111,sub-091,SFD,0.14516510279680964
sub-111,sub-083,SFD,0.09980140506445576
sub-111,sub-065,SFD,0.11215365741002603
sub-111,sub-077,SFD,0.0020145705242060855
sub-111,sub-039,SFD,0.13997585174608343
sub-111,sub-053,SFD,0.05930693459522079
sub-111,sub-075,SFD,0.1184741264867082
sub-111,sub-060,SFD,0.11301199694278946
sub-111,sub-103,SFD,0.1638469883271472
sub-111,sub-105,SFD,0.04583404122839357
sub-111,sub-064,SFD,0.06960300625407588
sub-111,sub-010,SFD,0.10188095008747804
sub-111,sub-034,SFD,0.05179294295856885
sub-111,sub-002,SFD,0.1177524005057055
sub-111,sub-085,SFD,0.16721028817406072
sub-111,sub-021,SFD,0.034478696125526766
sub-111,sub-096,SFD,0.14007298830055445
sub-111,sub-027,SFD,0.1448983662118752
sub-111,sub-006,SFD,0.08018462156580268
sub-111,sub-066,SFD,0.15326137270041093
sub-111,sub-101,SFD,0.1231189274611999
sub-111,sub-042,SFD,0.18609798615377932
sub-111,sub-003,SFD,0.18608940315348974
sub-111,sub-107,SFD,0.018071973097597317
sub-111,sub-098,SFD,0.10860248413060297
sub-111,sub-086,SFD,0.0942325739747046
sub-111,sub-013,SFD,0.0930118214911372
sub-111,sub-068,SFD,0.21347178207362794
sub-073,sub-001,SFD,0.06388231639631714
sub-073,sub-095,SFD,0.06206854531533013
sub-073,sub-012,SFD,0.026976732052561556
sub-073,sub-052,SFD,0.10376712906547407
sub-073,sub-094,SFD,0.022808052685706442
sub-073,sub-088,SFD,0.010149470529924489
sub-073,sub-044,SFD,0.12542910416590158
sub-073,sub-009,SFD,0.1365227694966264
sub-073,sub-041,SFD,0.16220503467171146
sub-073,sub-024,SFD,0.04746708765576307
sub-073,sub-016,SFD,0.04620115309943711
sub-073,sub-112,SFD,0.12412102330261557
sub-073,sub-058,SFD,0.13166922596276948
sub-073,sub-018,SFD,0.07501508345305921
sub-073,sub-048,SFD,0.07977237561497956
sub-073,sub-087,SFD,0.11421803016250248
sub-073,sub-091,SFD,0.07629066452804643
sub-073,sub-083,SFD,0.09850106630811732
sub-073,sub-065,SFD,0.08700596757990305
sub-073,sub-077,SFD,0.05274426201124742
sub-073,sub-039,SFD,0.019855891871137045
sub-073,sub-053,SFD,-0.06910582800016855
sub-073,sub-075,SFD,0.07473587101245165
sub-073,sub-060,SFD,0.1545994149943712
sub-073,sub-103,SFD,0.058324541921221704
sub-073,sub-105,SFD,0.06428316114754196
sub-073,sub-064,SFD,0.023615489041881446
sub-073,sub-010,SFD,0.03257969760975813
sub-073,sub-034,SFD,0.07685084266687166
sub-073,sub-002,SFD,0.10195146682586666
sub-073,sub-085,SFD,0.12049409439402789
sub-073,sub-021,SFD,-0.0050829577034036755
sub-073,sub-096,SFD,0.10762246337690988
sub-073,sub-027,SFD,0.04313976326838974
sub-073,sub-006,SFD,0.16330134506513608
sub-073,sub-066,SFD,0.22993684581214138
sub-073,sub-101,SFD,0.06558921579427676
sub-073,sub-042,SFD,0.11298248577423671
sub-073,sub-003,SFD,0.04231494164828131
sub-073,sub-107,SFD,0.08088569093211526
sub-073,sub-098,SFD,0.05849095266615149
sub-073,sub-086,SFD,-0.006365411698007056
sub-073,sub-013,SFD,0.12888247421496324
sub-073,sub-068,SFD,0.1654655674485433
sub-001,sub-095,SFD,0.0763610971744537
sub-001,sub-012,SFD,0.029430570246540586
sub-001,sub-052,SFD,0.1503420781484016
sub-001,sub-094,SFD,0.07026902945426215
sub-001,sub-088,SFD,0.042548219352521746
sub-001,sub-044,SFD,0.1339430181698864
sub-001,sub-009,SFD,0.13620679623901533
sub-001,sub-041,SFD,0.06164366098595698
sub-001,sub-024,SFD,0.019637279603617778
sub-001,sub-016,SFD,0.0257088449484381
sub-001,sub-112,SFD,0.12706078475951155
sub-001,sub-058,SFD,0.07917792017815635
sub-001,sub-018,SFD,0.0981144695201787
sub-001,sub-048,SFD,0.07888208396362817
sub-001,sub-087,SFD,0.15034348104902331
sub-001,sub-091,SFD,0.06402679502653569
sub-001,sub-083,SFD,0.13395877050359192
sub-001,sub-065,SFD,0.10190062071256631
sub-001,sub-077,SFD,-0.015358315937995737
sub-001,sub-039,SFD,0.04380079955247162
sub-001,sub-053,SFD,0.001892808809863055
sub-001,sub-075,SFD,0.053578704616997305
sub-001,sub-060,SFD,0.04992263032027322
sub-001,sub-103,SFD,0.09658442366961374
sub-001,sub-105,SFD,0.04063745221498313
sub-001,sub-064,SFD,0.05567466131762204
sub-001,sub-010,SFD,0.010792093566596958
sub-001,sub-034,SFD,0.05598714381430337
sub-001,sub-002,SFD,0.16006364568628906
sub-001,sub-085,SFD,0.08508260810202997
sub-001,sub-021,SFD,0.07461690665823115
sub-001,sub-096,SFD,0.15071001069274467
sub-001,sub-027,SFD,0.0243051822608528
sub-001,sub-006,SFD,0.1940756206480754
sub-001,sub-066,SFD,0.05910453938198223
sub-001,sub-101,SFD,0.06754452964120568
sub-001,sub-042,SFD,0.13750189732437415
sub-001,sub-003,SFD,0.11038434470623257
sub-001,sub-107,SFD,0.08235297760642259
sub-001,sub-098,SFD,0.05887277558780021
sub-001,sub-086,SFD,0.05604436181300861
sub-001,sub-013,SFD,0.062387814861529736
sub-001,sub-068,SFD,0.1630229807832204
sub-095,sub-012,SFD,-0.009845072758846593
sub-095,sub-052,SFD,0.08747153918700717
sub-095,sub-094,SFD,0.09681527161804569
sub-095,sub-088,SFD,0.026104536611118966
sub-095,sub-044,SFD,0.05695673871501919
sub-095,sub-009,SFD,0.11467051783068609
sub-095,sub-041,SFD,0.06903076699355497
sub-095,sub-024,SFD,0.008179317128657935
sub-095,sub-016,SFD,0.05593934915919018
sub-095,sub-112,SFD,0.1073422572809847
sub-095,sub-058,SFD,0.1658624771891952
sub-095,sub-018,SFD,0.0996898236188159
sub-095,sub-048,SFD,0.1227221069367625
sub-095,sub-087,SFD,0.08998242947040812
sub-095,sub-091,SFD,0.11280461152307586
sub-095,sub-083,SFD,0.0706373223420468
sub-095,sub-065,SFD,0.12358192767147337
sub-095,sub-077,SFD,0.06329971081646263
sub-095,sub-039,SFD,0.015547624032084517
sub-095,sub-053,SFD,0.03727303306213051
sub-095,sub-075,SFD,0.033476911050443384
sub-095,sub-060,SFD,0.14424768092946924
sub-095,sub-103,SFD,0.12937874720283596
sub-095,sub-105,SFD,0.0564445443944756
sub-095,sub-064,SFD,0.07913252575338874
sub-095,sub-010,SFD,0.015293140710798228
sub-095,sub-034,SFD,0.08340708105387026
sub-095,sub-002,SFD,0.10400524406976244
sub-095,sub-085,SFD,0.021106390563765353
sub-095,sub-021,SFD,0.07969960162488335
sub-095,sub-096,SFD,0.11229829748464737
sub-095,sub-027,SFD,0.02983911056115014
sub-095,sub-006,SFD,0.1656838860343759
sub-095,sub-066,SFD,0.15402014029376065
sub-095,sub-101,SFD,0.045804068915017045
sub-095,sub-042,SFD,0.14518286448061243
sub-095,sub-003,SFD,0.10748749465406995
sub-095,sub-107,SFD,0.08482654644678222
sub-095,sub-098,SFD,0.12688206454201467
sub-095,sub-086,SFD,-0.0016869553357107023
sub-095,sub-013,SFD,0.10671738283809554
sub-095,sub-068,SFD,0.15006222767468885
sub-012,sub-052,SFD,0.03623497829096264
sub-012,sub-094,SFD,0.10210803284270709
sub-012,sub-088,SFD,0.08168837588979018
sub-012,sub-044,SFD,0.06559577140135944
sub-012,sub-009,SFD,0.04563350393664938
sub-012,sub-041,SFD,0.035770720913480165
sub-012,sub-024,SFD,0.0010748065890071818
sub-012,sub-016,SFD,0.0009256437569952068
sub-012,sub-112,SFD,0.05087917412561081
sub-012,sub-058,SFD,0.09242277948193538
sub-012,sub-018,SFD,0.07133297485990375
sub-012,sub-048,SFD,-0.03791080780326532
sub-012,sub-087,SFD,0.0795449144699849
sub-012,sub-091,SFD,0.0454264773251039
sub-012,sub-083,SFD,0.11046180952397038
sub-012,sub-065,SFD,0.04577533465177182
sub-012,sub-077,SFD,0.05426471585476805
sub-012,sub-039,SFD,0.09710645110834695
sub-012,sub-053,SFD,0.002596040012424804
sub-012,sub-075,SFD,0.019931420949399387
sub-012,sub-060,SFD,0.08894399709244444
sub-012,sub-103,SFD,0.055921341943576376
sub-012,sub-105,SFD,0.02541177271241712
sub-012,sub-064,SFD,0.05622188402451826
sub-012,sub-010,SFD,0.03231347035630758
sub-012,sub-034,SFD,0.0013443779216420581
sub-012,sub-002,SFD,0.028780316264714202
sub-012,sub-085,SFD,0.06050509340283555
sub-012,sub-021,SFD,0.07716128461340949
sub-012,sub-096,SFD,0.06406842769127817
sub-012,sub-027,SFD,0.08114234035314546
sub-012,sub-006,SFD,0.08180204744292482
sub-012,sub-066,SFD,-0.0004889145428747828
sub-012,sub-101,SFD,0.0686844469972541
sub-012,sub-042,SFD,0.10909289773475109
sub-012,sub-003,SFD,0.007775036704063409
sub-012,sub-107,SFD,0.013759062952117889
sub-012,sub-098,SFD,0.043702518107263784
sub-012,sub-086,SFD,0.0827365649678825
sub-012,sub-013,SFD,0.012206042569058734
sub-012,sub-068,SFD,0.0888542459523522
sub-052,sub-094,SFD,0.13465731126238428
sub-052,sub-088,SFD,-0.024718589134373182
sub-052,sub-044,SFD,0.15631457580084135
sub-052,sub-009,SFD,0.14016333894449737
sub-052,sub-041,SFD,0.236310014409806
sub-052,sub-024,SFD,0.049635555834378
sub-052,sub-016,SFD,0.08619489870581828
sub-052,sub-112,SFD,0.18269493225813632
sub-052,sub-058,SFD,0.18480782773125906
sub-052,sub-018,SFD,0.1527200716358012
sub-052,sub-048,SFD,0.20003096548167035
sub-052,sub-087,SFD,0.04443609539194298
sub-052,sub-091,SFD,0.12019761405692458
sub-052,sub-083,SFD,0.1549204530175803
sub-052,sub-065,SFD,0.09539640914840736
sub-052,sub-077,SFD,0.07854627235705415
sub-052,sub-039,SFD,0.049048712724465746
sub-052,sub-053,SFD,-0.01801833369426092
sub-052,sub-075,SFD,0.13166786268365505
sub-052,sub-060,SFD,0.14490420586493638
sub-052,sub-103,SFD,0.11439462616757147
sub-052,sub-105,SFD,0.0713220011504744
sub-052,sub-064,SFD,0.051411392846773415
sub-052,sub-010,SFD,0.12348065620039933
sub-052,sub-034,SFD,0.12002046142877752
sub-052,sub-002,SFD,0.13177293483466837
sub-052,sub-085,SFD,0.1099543814025451
sub-052,sub-021,SFD,0.012933396698876713
sub-052,sub-096,SFD,0.2570937070473885
sub-052,sub-027,SFD,0.0178112177341313
sub-052,sub-006,SFD,0.13862346052312294
sub-052,sub-066,SFD,0.14059168792245252
sub-052,sub-101,SFD,0.09544235945860445
sub-052,sub-042,SFD,0.1991425615399933
sub-052,sub-003,SFD,0.10325831686248542
sub-052,sub-107,SFD,0.08749404546375218
sub-052,sub-098,SFD,0.21444326791067858
sub-052,sub-086,SFD,0.11485265523023684
sub-052,sub-013,SFD,0.11166866290324372
sub-052,sub-068,SFD,0.2138190453860563
sub-094,sub-088,SFD,-0.04676171904717928
sub-094,sub-044,SFD,0.1059447454683304
sub-094,sub-009,SFD,0.13233280716231438
sub-094,sub-041,SFD,0.04678893046619701
sub-094,sub-024,SFD,0.012974074747612065
sub-094,sub-016,SFD,0.06870355509670724
sub-094,sub-112,SFD,0.08231506771718655
sub-094,sub-058,SFD,0.13798526792871232
sub-094,sub-018,SFD,0.1078971375830718
sub-094,sub-048,SFD,0.13995915511634371
sub-094,sub-087,SFD,0.03004040260861538
sub-094,sub-091,SFD,0.10547238698996415
sub-094,sub-083,SFD,0.12057352320161518
sub-094,sub-065,SFD,0.0714889556384151
sub-094,sub-077,SFD,0.08543801829041953
sub-094,sub-039,SFD,0.030828958935623863
sub-094,sub-053,SFD,0.06625382772813485
sub-094,sub-075,SFD,0.07735975995208626
sub-094,sub-060,SFD,0.12552640641386623
sub-094,sub-103,SFD,0.1496516378584652
sub-094,sub-105,SFD,0.03997655363083234
sub-094,sub-064,SFD,0.14333760877799226
sub-094,sub-010,SFD,0.1200907178809813
sub-094,sub-034,SFD,0.12830246803404283
sub-094,sub-002,SFD,0.10382464248401539
sub-094,sub-085,SFD,0.09357054622505671
sub-094,sub-021,SFD,0.005725472718153221
sub-094,sub-096,SFD,0.17795762939651122
sub-094,sub-027,SFD,0.0636017998961425
sub-094,sub-006,SFD,0.05367844925145831
sub-094,sub-066,SFD,0.12905945956014156
sub-094,sub-101,SFD,0.10736729065440671
sub-094,sub-042,SFD,0.1565189862585928
sub-094,sub-003,SFD,0.09748977237688683
sub-094,sub-107,SFD,0.07445253211827275
sub-094,sub-098,SFD,0.13375251467066337
sub-094,sub-086,SFD,0.10917216117249079
sub-094,sub-013,SFD,0.07689426033157226
sub-094,sub-068,SFD,0.14160590847661333
sub-088,sub-044,SFD,0.09580521031188076
sub-088,sub-009,SFD,-0.012761448512830117
sub-088,sub-041,SFD,0.055222045874682546
sub-088,sub-024,SFD,0.06052690428940071
sub-088,sub-016,SFD,0.007585518939551743
sub-088,sub-112,SFD,0.039317915969888706
sub-088,sub-058,SFD,0.08948109211759127
sub-088,sub-018,SFD,-0.01684030085200839
sub-088,sub-048,SFD,-0.0509776798964281
sub-088,sub-087,SFD,0.03288469870094226
sub-088,sub-091,SFD,-0.013408110379821842
sub-088,sub-083,SFD,0.014176611634682893
sub-088,sub-065,SFD,0.04526906400999247
sub-088,sub-077,SFD,0.001591752962544849
sub-088,sub-039,SFD,0.04216037670321766
sub-088,sub-053,SFD,-0.04798057763977233
sub-088,sub-075,SFD,-0.026360031076957186
sub-088,sub-060,SFD,0.10406491903102386
sub-088,sub-103,SFD,-0.04458171590075007
sub-088,sub-105,SFD,0.030204169454461655
sub-088,sub-064,SFD,-0.005641320485797844
sub-088,sub-010,SFD,0.012096915623745472
sub-088,sub-034,SFD,0.02364973922356173
sub-088,sub-002,SFD,0.037355711078757674
sub-088,sub-085,SFD,-0.00593738955320139
sub-088,sub-021,SFD,0.022761502445478022
sub-088,sub-096,SFD,0.02353204950128415
sub-088,sub-027,SFD,0.07638072295597492
sub-088,sub-006,SFD,0.019540127572689667
sub-088,sub-066,SFD,-0.021199075540869555
sub-088,sub-101,SFD,-0.03650963813354604
sub-088,sub-042,SFD,0.011151135425096598
sub-088,sub-003,SFD,0.007021310141937674
sub-088,sub-107,SFD,0.030393179105528308
sub-088,sub-098,SFD,0.02959169129063579
sub-088,sub-086,SFD,-0.027121943699356724
sub-088,sub-013,SFD,-0.007043308836134787
sub-088,sub-068,SFD,0.04558029396078722
sub-044,sub-009,SFD,0.2196534202039561
sub-044,sub-041,SFD,0.18730957004966572
sub-044,sub-024,SFD,0.011644935988013758
sub-044,sub-016,SFD,0.0792947785503131
sub-044,sub-112,SFD,0.23900962470537274
sub-044,sub-058,SFD,0.23346222557308155
sub-044,sub-018,SFD,0.18589605535259943
sub-044,sub-048,SFD,0.1508805383654165
sub-044,sub-087,SFD,0.16303620672212776
sub-044,sub-091,SFD,0.2480046431920122
sub-044,sub-083,SFD,0.15531993562642954
sub-044,sub-065,SFD,0.30631075385508777
sub-044,sub-077,SFD,0.10996348892441153
sub-044,sub-039,SFD,0.2456170892481863
sub-044,sub-053,SFD,-0.018343749114539645
sub-044,sub-075,SFD,0.1534362255544465
sub-044,sub-060,SFD,0.23004651185347494
sub-044,sub-103,SFD,0.20120766433210896
sub-044,sub-105,SFD,0.1419866518445476
sub-044,sub-064,SFD,0.13464583193229082
sub-044,sub-010,SFD,0.05540269438780515
sub-044,sub-034,SFD,0.12855078366932482
sub-044,sub-002,SFD,0.19920261168038703
sub-044,sub-085,SFD,0.22531728969344728
sub-044,sub-021,SFD,0.1425999972748385
sub-044,sub-096,SFD,0.25145338727918554
sub-044,sub-027,SFD,0.22318061305105713
sub-044,sub-006,SFD,0.19514698815977044
sub-044,sub-066,SFD,0.2188362035499424
sub-044,sub-101,SFD,0.10190989221216312
sub-044,sub-042,SFD,0.33407651614891476
sub-044,sub-003,SFD,0.27914056280432337
sub-044,sub-107,SFD,0.17427340729504928
sub-044,sub-098,SFD,0.05195955756790846
sub-044,sub-086,SFD,-0.038345697555656956
sub-044,sub-013,SFD,0.08899324995208475
sub-044,sub-068,SFD,0.29599583703482857
sub-009,sub-041,SFD,0.2042100361456656
sub-009,sub-024,SFD,-0.020462684153624917
sub-009,sub-016,SFD,0.060430709299585585
sub-009,sub-112,SFD,0.2993624551807881
sub-009,sub-058,SFD,0.21511469283179838
sub-009,sub-018,SFD,0.0729021359883677
sub-009,sub-048,SFD,0.12761490505948278
sub-009,sub-087,SFD,0.09390172443733658
sub-009,sub-091,SFD,0.19020019850534173
sub-009,sub-083,SFD,0.10151799460798212
sub-009,sub-065,SFD,0.11527376740415378
sub-009,sub-077,SFD,0.02428138187279057
sub-009,sub-039,SFD,0.16863173459636305
sub-009,sub-053,SFD,-0.03177870798717811
sub-009,sub-075,SFD,0.09984264818662474
sub-009,sub-060,SFD,0.15464340373998642
sub-009,sub-103,SFD,0.1272248201902548
sub-009,sub-105,SFD,0.040759285824375525
sub-009,sub-064,SFD,0.09591730282305656
sub-009,sub-010,SFD,0.12602161457437047
sub-009,sub-034,SFD,0.12354665335302646
sub-009,sub-002,SFD,0.142984306274823
sub-009,sub-085,SFD,0.2952672115868824
sub-009,sub-021,SFD,0.1559071776294547
sub-009,sub-096,SFD,0.17914260727101164
sub-009,sub-027,SFD,0.17227355971183805
sub-009,sub-006,SFD,0.22672066142468075
sub-009,sub-066,SFD,0.17268260465897586
sub-009,sub-101,SFD,0.11755893526980081
sub-009,sub-042,SFD,0.2800587934864883
sub-009,sub-003,SFD,0.17375068918492695
sub-009,sub-107,SFD,0.1646833606010607
sub-009,sub-098,SFD,0.09145591477196562
sub-009,sub-086,SFD,-0.02102862162128359
sub-009,sub-013,SFD,0.13176048334900775
sub-009,sub-068,SFD,0.16979091035457702
sub-041,sub-024,SFD,0.06729886572517645
sub-041,sub-016,SFD,0.05621109063350791
sub-041,sub-112,SFD,0.25937682646597254
sub-041,sub-058,SFD,0.22352500708748185
sub-041,sub-018,SFD,0.12222769123398196
sub-041,sub-048,SFD,0.18389896524395336
sub-041,sub-087,SFD,0.15408268330353111
sub-041,sub-091,SFD,0.14082460277200837
sub-041,sub-083,SFD,0.15202293524596455
sub-041,sub-065,SFD,0.1956839188425556
sub-041,sub-077,SFD,0.06705528245134895
sub-041,sub-039,SFD,0.10130580459321213
sub-041,sub-053,SFD,0.00017834401684274442
sub-041,sub-075,SFD,0.08172620394422818
sub-041,sub-060,SFD,0.19276600835148472
sub-041,sub-103,SFD,0.1331817085275975
sub-041,sub-105,SFD,0.05013115690938241
sub-041,sub-064,SFD,0.05441678280596787
sub-041,sub-010,SFD,0.0870741569748102
sub-041,sub-034,SFD,0.1572118105378809
sub-041,sub-002,SFD,0.14820903356612714
sub-041,sub-085,SFD,0.1731368604615018
sub-041,sub-021,SFD,0.06316192498905768
sub-041,sub-096,SFD,0.21274270679378288
sub-041,sub-027,SFD,0.11861858942147742
sub-041,sub-006,SFD,0.13713983988552703
sub-041,sub-066,SFD,0.2145541992005286
sub-041,sub-101,SFD,0.10325707078240906
sub-041,sub-042,SFD,0.18162305719685812
sub-041,sub-003,SFD,0.20915367418390812
sub-041,sub-107,SFD,0.12727566315056793
sub-041,sub-098,SFD,0.1484158331935481
sub-041,sub-086,SFD,0.00655628789537794
sub-041,sub-013,SFD,0.11969243023524001
sub-041,sub-068,SFD,0.26929510270451895
sub-024,sub-016,SFD,0.07154955016822176
sub-024,sub-112,SFD,-0.010669244807509925
sub-024,sub-058,SFD,0.026420619765376723
sub-024,sub-018,SFD,0.08963049724346946
sub-024,sub-048,SFD,0.10471500498626177
sub-024,sub-087,SFD,-0.009487442436577828
sub-024,sub-091,SFD,0.0045312530214452655
sub-024,sub-083,SFD,-0.040650869500358004
sub-024,sub-065,SFD,0.04900526793858984
sub-024,sub-077,SFD,0.029261487559783035
sub-024,sub-039,SFD,-0.02161203160685484
sub-024,sub-053,SFD,0.11201869250431988
sub-024,sub-075,SFD,0.07576285620705765
sub-024,sub-060,SFD,0.00524762227493587
sub-024,sub-103,SFD,0.06532535660768633
sub-024,sub-105,SFD,0.04401517973895922
sub-024,sub-064,SFD,0.06559646501856647
sub-024,sub-010,SFD,0.10614305577050366
sub-024,sub-034,SFD,0.05921797743909102
sub-024,sub-002,SFD,0.046103289767165
sub-024,sub-085,SFD,0.04580404323219086
sub-024,sub-021,SFD,-0.04465197135012561
sub-024,sub-096,SFD,0.0188557573210096
sub-024,sub-027,SFD,0.023624572992787907
sub-024,sub-006,SFD,0.010123104343605598
sub-024,sub-066,SFD,0.06318690499439848
sub-024,sub-101,SFD,0.1079982707103947
sub-024,sub-042,SFD,-0.05074951152086644
sub-024,sub-003,SFD,-0.003560951255306029
sub-024,sub-107,SFD,0.010802168553089587
sub-024,sub-098,SFD,0.07250293242676337
sub-024,sub-086,SFD,0.03101710533237608
sub-024,sub-013,SFD,0.09787898181814453
sub-024,sub-068,SFD,0.021866215097059466
sub-016,sub-112,SFD,0.06295357297061788
sub-016,sub-058,SFD,0.09661882113858201
sub-016,sub-018,SFD,0.018307599289124017
sub-016,sub-048,SFD,0.10108583896644421
sub-016,sub-087,SFD,-0.014161802318513113
sub-016,sub-091,SFD,0.11613846837694682
sub-016,sub-083,SFD,0.06815702135578619
sub-016,sub-065,SFD,0.10267906842001615
sub-016,sub-077,SFD,0.06162420111747041
sub-016,sub-039,SFD,-0.03407199973996826
sub-016,sub-053,SFD,0.08790997465945781
sub-016,sub-075,SFD,0.05352756258704352
sub-016,sub-060,SFD,0.010508634988907526
sub-016,sub-103,SFD,0.045825220059734495
sub-016,sub-105,SFD,0.008830923467681804
sub-016,sub-064,SFD,0.02694667902778872
sub-016,sub-010,SFD,0.01182691574868418
sub-016,sub-034,SFD,0.10304937346393486
sub-016,sub-002,SFD,0.03912605590069049
sub-016,sub-085,SFD,0.025871600189501045
sub-016,sub-021,SFD,0.002031537331605007
sub-016,sub-096,SFD,-0.01466322604560144
sub-016,sub-027,SFD,0.043072582129307604
sub-016,sub-006,SFD,0.061646243281146165
sub-016,sub-066,SFD,0.05810566077707048
sub-016,sub-101,SFD,0.11002432455714899
sub-016,sub-042,SFD,0.05541697129163022
sub-016,sub-003,SFD,0.032815631145849775
sub-016,sub-107,SFD,-0.03057132081550762
sub-016,sub-098,SFD,0.11502345486816717
sub-016,sub-086,SFD,0.05465635526893451
sub-016,sub-013,SFD,0.05257954916049598
sub-016,sub-068,SFD,0.10444074912132836
sub-112,sub-058,SFD,0.23773764377237727
sub-112,sub-018,SFD,0.12817201815375642
sub-112,sub-048,SFD,0.13040728460463258
sub-112,sub-087,SFD,0.18398667242742128
sub-112,sub-091,SFD,0.25197077968555553
sub-112,sub-083,SFD,0.17771469000281734
sub-112,sub-065,SFD,0.17099510919497438
sub-112,sub-077,SFD,0.11719302472872375
sub-112,sub-039,SFD,0.15491838547531414
sub-112,sub-053,SFD,-0.04992002485908445
sub-112,sub-075,SFD,0.09784216481954133
sub-112,sub-060,SFD,0.20895269878553155
sub-112,sub-103,SFD,0.15419919496168877
sub-112,sub-105,SFD,0.17094018829970484
sub-112,sub-064,SFD,0.011607278977449408
sub-112,sub-010,SFD,0.014335075200777942
sub-112,sub-034,SFD,0.08465253249011476
sub-112,sub-002,SFD,0.17089360363033906
sub-112,sub-085,SFD,0.24539760236680677
sub-112,sub-021,SFD,0.1122310986053966
sub-112,sub-096,SFD,0.16255071492783335
sub-112,sub-027,SFD,0.11074175932839878
sub-112,sub-006,SFD,0.1790787268191434
sub-112,sub-066,SFD,0.12533641809348833
sub-112,sub-101,SFD,0.035255226819429726
sub-112,sub-042,SFD,0.2901410499314125
sub-112,sub-003,SFD,0.27947957854179195
sub-112,sub-107,SFD,0.19780180629372923
sub-112,sub-098,SFD,0.15011304466611708
sub-112,sub-086,SFD,0.04835080069875281
sub-112,sub-013,SFD,0.16029483453371324
sub-112,sub-068,SFD,0.22625768755865747
sub-058,sub-018,SFD,0.09505987222159773
sub-058,sub-048,SFD,0.1409644247204373
sub-058,sub-087,SFD,0.15863033724885545
sub-058,sub-091,SFD,0.21563156636782
sub-058,sub-083,SFD,0.1994764001217208
sub-058,sub-065,SFD,0.1589577534221761
sub-058,sub-077,SFD,0.08469046096686472
sub-058,sub-039,SFD,0.07762122482004685
sub-058,sub-053,SFD,0.012520863212560048
sub-058,sub-075,SFD,0.013406367098596427
sub-058,sub-060,SFD,0.2146523267915458
sub-058,sub-103,SFD,0.1664213323451387
sub-058,sub-105,SFD,0.14376427936641498
sub-058,sub-064,SFD,0.11237801206291688
sub-058,sub-010,SFD,0.011400222487866913
sub-058,sub-034,SFD,0.15058970869958918
sub-058,sub-002,SFD,0.22423020845429778
sub-058,sub-085,SFD,0.18202437314870185
sub-058,sub-021,SFD,0.0905126731512768
sub-058,sub-096,SFD,0.2446415780105264
sub-058,sub-027,SFD,0.17349501957366562
sub-058,sub-006,SFD,0.1620584001363687
sub-058,sub-066,SFD,0.18994190928240814
sub-058,sub-101,SFD,0.03166567823869507
sub-058,sub-042,SFD,0.2122428846524891
sub-058,sub-003,SFD,0.18706400822833005
sub-058,sub-107,SFD,0.15581016784267673
sub-058,sub-098,SFD,0.1735940484627206
sub-058,sub-086,SFD,0.058447526804898106
sub-058,sub-013,SFD,0.13865752382366048
sub-058,sub-068,SFD,0.25050841844351496
sub-018,sub-048,SFD,0.1968385587905455
sub-018,sub-087,SFD,0.06532759791560372
sub-018,sub-091,SFD,0.2217517579471924
sub-018,sub-083,SFD,0.056074749780397434
sub-018,sub-065,SFD,0.09785116132558418
sub-018,sub-077,SFD,0.05249956362032943
sub-018,sub-039,SFD,0.0816653021770712
sub-018,sub-053,SFD,0.029019542684264557
sub-018,sub-075,SFD,0.21162502610143685
sub-018,sub-060,SFD,0.08237821312837508
sub-018,sub-103,SFD,0.13363019942811055
sub-018,sub-105,SFD,0.10889611245675304
sub-018,sub-064,SFD,0.08185077343711605
sub-018,sub-010,SFD,0.05156302765131212
sub-018,sub-034,SFD,0.10330228998526166
sub-018,sub-002,SFD,0.17103029350023247
sub-018,sub-085,SFD,0.05140464142476742
sub-018,sub-021,SFD,0.013090562505793343
sub-018,sub-096,SFD,0.20414906718180664
sub-018,sub-027,SFD,0.12144625407521868
sub-018,sub-006,SFD,0.1057992057577676
sub-018,sub-066,SFD,0.13485193239403837
sub-018,sub-101,SFD,0.09345915664365272
sub-018,sub-042,SFD,0.15378841460514364
sub-018,sub-003,SFD,0.20348536007747492
sub-018,sub-107,SFD,0.09905467787459883
sub-018,sub-098,SFD,0.08095089307792988
sub-018,sub-086,SFD,0.15030300962556772
sub-018,sub-013,SFD,0.1068198775481735
sub-018,sub-068,SFD,0.19204358371562194
sub-048,sub-087,SFD,0.029642384240428178
sub-048,sub-091,SFD,0.10083140341923559
sub-048,sub-083,SFD,0.084688093007366
sub-048,sub-065,SFD,0.1136922234938897
sub-048,sub-077,SFD,0.07779786771822932
sub-048,sub-039,SFD,0.07291016501300313
sub-048,sub-053,SFD,0.08400460184069582
sub-048,sub-075,SFD,0.24567665905672256
sub-048,sub-060,SFD,0.08328311229705151
sub-048,sub-103,SFD,0.16693965014219253
sub-048,sub-105,SFD,0.1503511354356851
sub-048,sub-064,SFD,0.1476850601946244
sub-048,sub-010,SFD,0.06542840956757578
sub-048,sub-034,SFD,0.16812994281193583
sub-048,sub-002,SFD,0.15522793412739275
sub-048,sub-085,SFD,0.11867626120572733
sub-048,sub-021,SFD,0.03155299854078973
sub-048,sub-096,SFD,0.1466245454031564
sub-048,sub-027,SFD,0.11111683737980817
sub-048,sub-006,SFD,0.11750045190541704
sub-048,sub-066,SFD,0.14505705349743317
sub-048,sub-101,SFD,0.06261372860797657
sub-048,sub-042,SFD,0.16514190809376422
sub-048,sub-003,SFD,0.17143899621858727
sub-048,sub-107,SFD,0.08354788950238563
sub-048,sub-098,SFD,0.09128251100174138
sub-048,sub-086,SFD,0.11392818347516499
sub-048,sub-013,SFD,0.1459351804370559
sub-048,sub-068,SFD,0.1885903649525285
sub-087,sub-091,SFD,0.10973558719656604
sub-087,sub-083,SFD,0.1441164283438956
sub-087,sub-065,SFD,0.16364381565130165
sub-087,sub-077,SFD,0.037616512985307375
sub-087,sub-039,SFD,0.02716773758231044
sub-087,sub-053,SFD,-0.008410961985764742
sub-087,sub-075,SFD,0.007394696181909587
sub-087,sub-060,SFD,0.14203111592282616
sub-087,sub-103,SFD,0.05930968500509448
sub-087,sub-105,SFD,0.05255245950063088
sub-087,sub-064,SFD,0.048009320304615716
sub-087,sub-010,SFD,0.05369632059099091
sub-087,sub-034,SFD,0.11898615497770144
sub-087,sub-002,SFD,0.14739156439309598
sub-087,sub-085,SFD,0.17079300200232453
sub-087,sub-021,SFD,0.019458813163684734
sub-087,sub-096,SFD,0.15805268508045417
sub-087,sub-027,SFD,0.07459860782545726
sub-087,sub-006,SFD,0.10056133941617773
sub-087,sub-066,SFD,0.023671445995103915
sub-087,sub-101,SFD,0.04071990590419788
sub-087,sub-042,SFD,0.09348783168989677
sub-087,sub-003,SFD,0.1063141684270383
sub-087,sub-107,SFD,0.12123900571398341
sub-087,sub-098,SFD,0.12343581956312911
sub-087,sub-086,SFD,0.026426993681305855
sub-087,sub-013,SFD,0.1210194838249139
sub-087,sub-068,SFD,0.19407732378120052
sub-091,sub-083,SFD,0.13014377141912684
sub-091,sub-065,SFD,0.16743538093717977
sub-091,sub-077,SFD,0.07804094531629026
sub-091,sub-039,SFD,0.13400725138795752
sub-091,sub-053,SFD,-0.005945943638811912
sub-091,sub-075,SFD,0.08676686435243644
sub-091,sub-060,SFD,0.2410223095827311
sub-091,sub-103,SFD,0.10448143832171769
sub-091,sub-105,SFD,0.16988663191077524
sub-091,sub-064,SFD,0.12926673730812113
sub-091,sub-010,SFD,0.029108219906317283
sub-091,sub-034,SFD,0.11625106783803293
sub-091,sub-002,SFD,0.16521417264736468
sub-091,sub-085,SFD,0.15428850786863602
sub-091,sub-021,SFD,0.04474453888227517
sub-091,sub-096,SFD,0.24485385904714493
sub-091,sub-027,SFD,0.1272418730882674
sub-091,sub-006,SFD,0.2036837833466232
sub-091,sub-066,SFD,0.24369665862119855
sub-091,sub-101,SFD,0.0819068713004852
sub-091,sub-042,SFD,0.18913861863917034
sub-091,sub-003,SFD,0.200813488052014
sub-091,sub-107,SFD,0.21643825247183746
sub-091,sub-098,SFD,0.14361360222759226
sub-091,sub-086,SFD,0.02297042613649037
sub-091,sub-013,SFD,0.12542330105953284
sub-091,sub-068,SFD,0.2526989982835277
sub-083,sub-065,SFD,0.09676059891525843
sub-083,sub-077,SFD,0.12373070168532173
sub-083,sub-039,SFD,0.09575089643035234
sub-083,sub-053,SFD,0.0018800937025824525
sub-083,sub-075,SFD,0.024239868239095196
sub-083,sub-060,SFD,0.18547018395719614
sub-083,sub-103,SFD,0.1589392323903941
sub-083,sub-105,SFD,0.12659546261691193
sub-083,sub-064,SFD,0.16330813617148232
sub-083,sub-010,SFD,0.004220230650175618
sub-083,sub-034,SFD,0.11040371467860947
sub-083,sub-002,SFD,0.09231278750471505
sub-083,sub-085,SFD,0.16384094706262134
sub-083,sub-021,SFD,0.034593189829995694
sub-083,sub-096,SFD,0.24222042129605664
sub-083,sub-027,SFD,0.08323971700029921
sub-083,sub-006,SFD,0.08292996790768728
sub-083,sub-066,SFD,0.13034036060264495
sub-083,sub-101,SFD,0.011154210642808011
sub-083,sub-042,SFD,0.17267909761693845
sub-083,sub-003,SFD,0.19747230894774068
sub-083,sub-107,SFD,0.132374793757104
sub-083,sub-098,SFD,0.16065717711150412
sub-083,sub-086,SFD,0.07109351813043292
sub-083,sub-013,SFD,0.08374599679917888
sub-083,sub-068,SFD,0.2314679831777348
sub-065,sub-077,SFD,0.11796770258586221
sub-065,sub-039,SFD,0.18887332742217164
sub-065,sub-053,SFD,-0.016142381864670853
sub-065,sub-075,SFD,0.09239407392880356
sub-065,sub-060,SFD,0.15780237048125656
sub-065,sub-103,SFD,0.0982697268505439
sub-065,sub-105,SFD,0.07554701511232452
sub-065,sub-064,SFD,0.04987857344371727
sub-065,sub-010,SFD,0.02670209343914844
sub-065,sub-034,SFD,0.13349753349609372
sub-065,sub-002,SFD,0.1946963214972472
sub-065,sub-085,SFD,0.08064759669058467
sub-065,sub-021,SFD,0.04347235406602063
sub-065,sub-096,SFD,0.22586965228881734
sub-065,sub-027,SFD,0.16556794526995702
sub-065,sub-006,SFD,0.11858879188226817
sub-065,sub-066,SFD,0.14089062124206547
sub-065,sub-101,SFD,0.13069681452644255
sub-065,sub-042,SFD,0.21807822200647053
sub-065,sub-003,SFD,0.21522175810049646
sub-065,sub-107,SFD,0.1276812106093613
sub-065,sub-098,SFD,0.10963123839310186
sub-065,sub-086,SFD,0.022614543240263813
sub-065,sub-013,SFD,0.12048846109981777
sub-065,sub-068,SFD,0.2195940291517196
sub-077,sub-039,SFD,0.010381260043705574
sub-077,sub-053,SFD,-0.061575256987615457
sub-077,sub-075,SFD,0.028370254345402256
sub-077,sub-060,SFD,0.14178696979738364
sub-077,sub-103,SFD,-0.06346923362550946
sub-077,sub-105,SFD,0.12308528630079321
sub-077,sub-064,SFD,-0.02114607989764647
sub-077,sub-010,SFD,-0.04861298200536145
sub-077,sub-034,SFD,0.05535881172211546
sub-077,sub-002,SFD,-0.0611740650008233
sub-077,sub-085,SFD,0.037356686186587794
sub-077,sub-021,SFD,0.01789885520124202
sub-077,sub-096,SFD,0.11127248079435134
sub-077,sub-027,SFD,0.040228803481606165
sub-077,sub-006,SFD,0.0628577788334989
sub-077,sub-066,SFD,0.019200256678359822
sub-077,sub-101,SFD,0.038478957079027265
sub-077,sub-042,SFD,0.0625474565217054
sub-077,sub-003,SFD,0.03642335647721983
sub-077,sub-107,SFD,0.039647149636067
sub-077,sub-098,SFD,0.07654369473296982
sub-077,sub-086,SFD,0.01853961799559632
sub-077,sub-013,SFD,0.05885211019755817
sub-077,sub-068,SFD,0.03904742664341835
sub-039,sub-053,SFD,-0.06831183354895562
sub-039,sub-075,SFD,-0.017044659023515027
sub-039,sub-060,SFD,0.10522111491932093
sub-039,sub-103,SFD,0.1420497522772104
sub-039,sub-105,SFD,0.04194518228443993
sub-039,sub-064,SFD,0.0011310064630794207
sub-039,sub-010,SFD,-0.014424543610731503
sub-039,sub-034,SFD,0.03447925616345841
sub-039,sub-002,SFD,0.12695950940050882
sub-039,sub-085,SFD,0.09746060636517716
sub-039,sub-021,SFD,0.17210203174632427
sub-039,sub-096,SFD,0.17197492375739032
sub-039,sub-027,SFD,0.20674493764915883
sub-039,sub-006,SFD,0.05317865801617592
sub-039,sub-066,SFD,0.10541390112545018
sub-039,sub-101,SFD,0.013427575864756174
sub-039,sub-042,SFD,0.15987443137851937
sub-039,sub-003,SFD,0.13382959785261858
sub-039,sub-107,SFD,0.13588887246681744
sub-039,sub-098,SFD,-0.019758816048169776
sub-039,sub-086,SFD,0.022117833039953218
sub-039,sub-013,SFD,-0.039877991138283234
sub-039,sub-068,SFD,0.13861559237101684
sub-053,sub-075,SFD,0.11140544518477531
sub-053,sub-060,SFD,-0.024398851129593408
sub-053,sub-103,SFD,0.07138898429232886
sub-053,sub-105,SFD,0.09925099502354881
sub-053,sub-064,SFD,0.12094868357367893
sub-053,sub-010,SFD,0.053832817090570625
sub-053,sub-034,SFD,0.08966909351077405
sub-053,sub-002,SFD,0.026145814865358597
sub-053,sub-085,SFD,-0.04062910411841832
sub-053,sub-021,SFD,-0.004113370178011461
sub-053,sub-096,SFD,0.0125993673678891
sub-053,sub-027,SFD,0.0011281492977846994
sub-053,sub-006,SFD,-0.04813162252923792
sub-053,sub-066,SFD,-0.01916235411551454
sub-053,sub-101,SFD,0.07366058726312422
sub-053,sub-042,SFD,-0.03837329498571391
sub-053,sub-003,SFD,-0.0195338013314268
sub-053,sub-107,SFD,0.04456839935210066
sub-053,sub-098,SFD,0.09476424810460246
sub-053,sub-086,SFD,0.1416207191016607
sub-053,sub-013,SFD,0.02651149631070302
sub-053,sub-068,SFD,0.055269377464350566
sub-075,sub-060,SFD,0.11090100199467731
sub-075,sub-103,SFD,0.1124812837807638
sub-075,sub-105,SFD,0.062243262673695295
sub-075,sub-064,SFD,0.045043769556164535
sub-075,sub-010,SFD,0.06842578206599038
sub-075,sub-034,SFD,0.08622464065669971
sub-075,sub-002,SFD,0.09328579753139328
sub-075,sub-085,SFD,0.057608771362513765
sub-075,sub-021,SFD,0.0348406557550901
sub-075,sub-096,SFD,0.07920525608499712
sub-075,sub-027,SFD,0.05665985220648858
sub-075,sub-006,SFD,0.05999490007552755
sub-075,sub-066,SFD,0.05235535569131664
sub-075,sub-101,SFD,0.09494516210371157
sub-075,sub-042,SFD,0.09640596919251546
sub-075,sub-003,SFD,0.12481592094686406
sub-075,sub-107,SFD,0.07162996253631379
sub-075,sub-098,SFD,0.043763122952858544
sub-075,sub-086,SFD,0.03724171728253572
sub-075,sub-013,SFD,0.1844135622391975
sub-075,sub-068,SFD,0.15770715710974623
sub-060,sub-103,SFD,0.12690365575710466
sub-060,sub-105,SFD,0.08613102035317313
sub-060,sub-064,SFD,0.0819980820932674
sub-060,sub-010,SFD,0.1155602205643085
sub-060,sub-034,SFD,0.1453988169959549
sub-060,sub-002,SFD,0.0905735867684689
sub-060,sub-085,SFD,0.1791936961425576
sub-060,sub-021,SFD,0.048046234480387154
sub-060,sub-096,SFD,0.1933986608268083
sub-060,sub-027,SFD,0.09774072934970325
sub-060,sub-006,SFD,0.20557378468084778
sub-060,sub-066,SFD,0.21489285584382678
sub-060,sub-101,SFD,0.12819188422704966
sub-060,sub-042,SFD,0.17515371944270952
sub-060,sub-003,SFD,0.18638326822418408
sub-060,sub-107,SFD,0.1597551631490991
sub-060,sub-098,SFD,0.12474463730503799
sub-060,sub-086,SFD,0.06275880456619029
sub-060,sub-013,SFD,0.11458951670253793
sub-060,sub-068,SFD,0.16451548568629537
sub-103,sub-105,SFD,0.08501183094722607
sub-103,sub-064,SFD,0.1071847337061278
sub-103,sub-010,SFD,0.07026077536028104
sub-103,sub-034,SFD,0.09507819564680738
sub-103,sub-002,SFD,0.1259444763877605
sub-103,sub-085,SFD,0.06951271708402644
sub-103,sub-021,SFD,0.1085023493688281
sub-103,sub-096,SFD,0.18262499657614353
sub-103,sub-027,SFD,0.14499606068222537
sub-103,sub-006,SFD,0.0757574619601218
sub-103,sub-066,SFD,0.10452213465066354
sub-103,sub-101,SFD,0.06404737144602488
sub-103,sub-042,SFD,0.15640526585409292
sub-103,sub-003,SFD,0.1217875450445262
sub-103,sub-107,SFD,0.0860284061263759
sub-103,sub-098,SFD,0.0775037766690536
sub-103,sub-086,SFD,0.044085206930440074
sub-103,sub-013,SFD,0.16941848526988043
sub-103,sub-068,SFD,0.17901704398250498
sub-105,sub-064,SFD,0.13057308914736032
sub-105,sub-010,SFD,-0.019191443532620308
sub-105,sub-034,SFD,0.1440606058055989
sub-105,sub-002,SFD,0.10572647415367481
sub-105,sub-085,SFD,0.08881438529894103
sub-105,sub-021,SFD,0.026020728284218173
sub-105,sub-096,SFD,0.06282244682795997
sub-105,sub-027,SFD,0.03837253727970068
sub-105,sub-006,SFD,0.05459023125426733
sub-105,sub-066,SFD,0.07376830047510487
sub-105,sub-101,SFD,0.04721981681228579
sub-105,sub-042,SFD,0.06626407271521224
sub-105,sub-003,SFD,0.1362504814866074
sub-105,sub-107,SFD,0.03917591991261102
sub-105,sub-098,SFD,0.10493891334328065
sub-105,sub-086,SFD,0.018344045502759816
sub-105,sub-013,SFD,0.09018822142713262
sub-105,sub-068,SFD,0.1984147572369842
sub-064,sub-010,SFD,0.10759992108995503
sub-064,sub-034,SFD,0.2062921453105131
sub-064,sub-002,SFD,0.05960734207261172
sub-064,sub-085,SFD,0.06433461263902747
sub-064,sub-021,SFD,0.06524612463111949
sub-064,sub-096,SFD,0.12746466510568813
sub-064,sub-027,SFD,0.07176913287634142
sub-064,sub-006,SFD,0.060973922833752026
sub-064,sub-066,SFD,0.12097094566162926
sub-064,sub-101,SFD,0.0814543724951462
sub-064,sub-042,SFD,0.10881449257828997
sub-064,sub-003,SFD,0.06770211653372878
sub-064,sub-107,SFD,0.07731828297376568
sub-064,sub-098,SFD,0.17922002015837235
sub-064,sub-086,SFD,0.047559334643044515
sub-064,sub-013,SFD,0.1484821203986839
sub-064,sub-068,SFD,0.11961358983643236
sub-010,sub-034,SFD,0.11770277455437005
sub-010,sub-002,SFD,-0.023606517046288234
sub-010,sub-085,SFD,0.14383277586178958
sub-010,sub-021,SFD,-0.020713656450721863
sub-010,sub-096,SFD,0.046461265529284576
sub-010,sub-027,SFD,0.03038398863420778
sub-010,sub-006,SFD,-0.01863468571723653
sub-010,sub-066,SFD,0.01897616381371337
sub-010,sub-101,SFD,0.04600532331036571
sub-010,sub-042,SFD,0.06716841767230476
sub-010,sub-003,SFD,0.09897866017945232
sub-010,sub-107,SFD,-0.032579898164854314
sub-010,sub-098,SFD,0.04256663177721551
sub-010,sub-086,SFD,0.1227217844163528
sub-010,sub-013,SFD,0.08410594657150022
sub-010,sub-068,SFD,0.04877484942001544
sub-034,sub-002,SFD,0.09556804452770022
sub-034,sub-085,SFD,0.11401250894777408
sub-034,sub-021,SFD,0.04932071596676311
sub-034,sub-096,SFD,0.22898822239963745
sub-034,sub-027,SFD,0.01783324407742617
sub-034,sub-006,SFD,0.15568660624033864
sub-034,sub-066,SFD,0.10301243135755414
sub-034,sub-101,SFD,0.16116787417546483
sub-034,sub-042,SFD,0.12417351180338539
sub-034,sub-003,SFD,0.16963585071714923
sub-034,sub-107,SFD,0.13521303118017022
sub-034,sub-098,SFD,0.21152603628014346
sub-034,sub-086,SFD,0.03251953344922589
sub-034,sub-013,SFD,0.1394724708624726
sub-034,sub-068,SFD,0.19853738688532638
sub-002,sub-085,SFD,0.05263403172861087
sub-002,sub-021,SFD,0.024853562520039334
sub-002,sub-096,SFD,0.19345023064623745
sub-002,sub-027,SFD,0.1676169233540839
sub-002,sub-006,SFD,0.18225260956829942
sub-002,sub-066,SFD,0.15104683539927813
sub-002,sub-101,SFD,-0.050134544475425154
sub-002,sub-042,SFD,0.17400148063032758
sub-002,sub-003,SFD,0.2146789056980416
sub-002,sub-107,SFD,0.153819795971474
sub-002,sub-098,SFD,0.19349015945214507
sub-002,sub-086,SFD,0.011329046247373898
sub-002,sub-013,SFD,0.08746999147082922
sub-002,sub-068,SFD,0.26102589029581197
sub-085,sub-021,SFD,0.10380391201435499
sub-085,sub-096,SFD,0.16313895136755213
sub-085,sub-027,SFD,0.035024980019910376
sub-085,sub-006,SFD,0.14989609947738158
sub-085,sub-066,SFD,0.16880745598370178
sub-085,sub-101,SFD,0.10015147962662053
sub-085,sub-042,SFD,0.243960967808926
sub-085,sub-003,SFD,0.16957925677587374
sub-085,sub-107,SFD,0.15880733974099195
sub-085,sub-098,SFD,0.04836539639327618
sub-085,sub-086,SFD,0.0015961095203182922
sub-085,sub-013,SFD,0.12523410156379017
sub-085,sub-068,SFD,0.21104286880395787
sub-021,sub-096,SFD,0.04955460757288538
sub-021,sub-027,SFD,0.11303223365560444
sub-021,sub-006,SFD,0.08689713545084225
sub-021,sub-066,SFD,0.039370240022022884
sub-021,sub-101,SFD,-0.0025840425474372448
sub-021,sub-042,SFD,0.16125873004276028
sub-021,sub-003,SFD,0.06989407548363011
sub-021,sub-107,SFD,0.1404359021181353
sub-021,sub-098,SFD,0.021642264802226443
sub-021,sub-086,SFD,0.009146784762545384
sub-021,sub-013,SFD,-0.05221920587109678
sub-021,sub-068,SFD,0.057191348668210504
sub-096,sub-027,SFD,0.1949967967464515
sub-096,sub-006,SFD,0.21380321969826027
sub-096,sub-066,SFD,0.20646674220151115
sub-096,sub-101,SFD,0.07164359639296643
sub-096,sub-042,SFD,0.20447191302624707
sub-096,sub-003,SFD,0.2453466424187882
sub-096,sub-107,SFD,0.20771731393048407
sub-096,sub-098,SFD,0.17627194265962287
sub-096,sub-086,SFD,0.11194901370523651
sub-096,sub-013,SFD,0.1437986640449997
sub-096,sub-068,SFD,0.2634684938604074
sub-027,sub-006,SFD,0.16724671337328895
sub-027,sub-066,SFD,0.1114167545913791
sub-027,sub-101,SFD,-0.021562048545761554
sub-027,sub-042,SFD,0.17992299482039933
sub-027,sub-003,SFD,0.23375325704505973
sub-027,sub-107,SFD,0.11033878096953335
sub-027,sub-098,SFD,0.10740054587093364
sub-027,sub-086,SFD,0.036449008541466835
sub-027,sub-013,SFD,0.06761143719813695
sub-027,sub-068,SFD,0.15422963594031705
sub-006,sub-066,SFD,0.1958176694629995
sub-006,sub-101,SFD,0.03963963026879728
sub-006,sub-042,SFD,0.158499874587192
sub-006,sub-003,SFD,0.22838625325333428
sub-006,sub-107,SFD,0.16328042105221977
sub-006,sub-098,SFD,0.17248542813565404
sub-006,sub-086,SFD,0.02984926606956754
sub-006,sub-013,SFD,0.13209944142815266
sub-006,sub-068,SFD,0.19115178125201623
sub-066,sub-101,SFD,0.10091735942126916
sub-066,sub-042,SFD,0.12570666845500916
sub-066,sub-003,SFD,0.22366162757988514
sub-066,sub-107,SFD,0.1740203901457681
sub-066,sub-098,SFD,0.16943737344434306
sub-066,sub-086,SFD,0.01459957237928231
sub-066,sub-013,SFD,0.1879663848164612
sub-066,sub-068,SFD,0.2045889396174192
sub-101,sub-042,SFD,0.09888496709321357
sub-101,sub-003,SFD,0.11046772735129214
sub-101,sub-107,SFD,0.06017178906073341
sub-101,sub-098,SFD,0.07258737325797089
sub-101,sub-086,SFD,0.058027834744628276
sub-101,sub-013,SFD,0.15523623412386178
sub-101,sub-068,SFD,0.15693587159826036
sub-042,sub-003,SFD,0.23162670844177985
sub-042,sub-107,SFD,0.16775948792287532
sub-042,sub-098,SFD,0.1153766515939366
sub-042,sub-086,SFD,0.014531125096309102
sub-042,sub-013,SFD,0.10328093936633147
sub-042,sub-068,SFD,0.266626770215628
sub-003,sub-107,SFD,0.165107517294484
sub-003,sub-098,SFD,0.08553562563379373
sub-003,sub-086,SFD,-0.009518217078326206
sub-003,sub-013,SFD,0.08138737516584661
sub-003,sub-068,SFD,0.2084431324853994
sub-107,sub-098,SFD,0.11129787707919377
sub-107,sub-086,SFD,-0.00760504731364638
sub-107,sub-013,SFD,0.09395188071521623
sub-107,sub-068,SFD,0.1565682180611863
sub-098,sub-086,SFD,0.0670784605346529
sub-098,sub-013,SFD,0.1726885864528283
sub-098,sub-068,SFD,0.20029524181317823
sub-086,sub-013,SFD,0.02844025681002235
sub-086,sub-068,SFD,0.037567108569676606
sub-013,sub-068,SFD,0.1623184829941382
sub-067,sub-054,SPRT,0.09256602670902755
sub-067,sub-078,SPRT,0.08894108572971055
sub-067,sub-046,SPRT,0.06518629448268705
sub-067,sub-097,SPRT,0.1518635980114514
sub-067,sub-079,SPRT,0.07453938456131856
sub-067,sub-028,SPRT,0.004914643969211702
sub-067,sub-089,SPRT,0.02635593408012435
sub-067,sub-109,SPRT,0.004743830861729872
sub-067,sub-070,SPRT,0.060415310708924606
sub-067,sub-111,SPRT,0.06514370896607377
sub-067,sub-073,SPRT,0.05674212015808091
sub-067,sub-001,SPRT,0.0012045306787477363
sub-067,sub-095,SPRT,0.1518907082618668
sub-067,sub-012,SPRT,0.005262757017919334
sub-067,sub-052,SPRT,0.12296268563949604
sub-067,sub-094,SPRT,0.05001273268071079
sub-067,sub-088,SPRT,0.036393899689505356
sub-067,sub-044,SPRT,-0.004334610962379823
sub-067,sub-009,SPRT,0.09757289466295609
sub-067,sub-041,SPRT,0.0980908125365117
sub-067,sub-024,SPRT,-0.049545305488595884
sub-067,sub-016,SPRT,0.037819132500343515
sub-067,sub-112,SPRT,0.009244380095208596
sub-067,sub-058,SPRT,0.02550062929106263
sub-067,sub-018,SPRT,-0.005178879521419658
sub-067,sub-048,SPRT,0.0058665313381860195
sub-067,sub-087,SPRT,0.03943936185096453
sub-067,sub-091,SPRT,-0.049504722224263525
sub-067,sub-083,SPRT,0.11437016957162066
sub-067,sub-065,SPRT,0.08089893344957536
sub-067,sub-077,SPRT,0.11616626535229196
sub-067,sub-039,SPRT,-0.05011386072378464
sub-067,sub-053,SPRT,0.04092878154292829
sub-067,sub-075,SPRT,0.05518854142489889
sub-067,sub-060,SPRT,0.08127208051984842
sub-067,sub-103,SPRT,0.10770630181007199
sub-067,sub-105,SPRT,0.03640708373253653
sub-067,sub-064,SPRT,0.10660066631096027
sub-067,sub-010,SPRT,-0.0074410945749398575
sub-067,sub-034,SPRT,0.08543518143595669
sub-067,sub-002,SPRT,0.02201755986490205
sub-067,sub-085,SPRT,0.01963897026836821
sub-067,sub-021,SPRT,-0.040222453634143805
sub-067,sub-096,SPRT,0.0849576395372879
sub-067,sub-027,SPRT,-0.06172676433220493
sub-067,sub-006,SPRT,-0.06148884912686479
sub-067,sub-066,SPRT,-0.03803657417890907
sub-067,sub-101,SPRT,-0.004756153382018875
sub-067,sub-042,SPRT,0.11905870254178093
sub-067,sub-003,SPRT,0.05100974905400471
sub-067,sub-107,SPRT,0.11975881834342945
sub-067,sub-098,SPRT,0.025041534623796546
sub-067,sub-086,SPRT,0.04101253677256308
sub-067,sub-013,SPRT,0.03988452722426057
sub-067,sub-068,SPRT,0.11628704904782458
sub-054,sub-078,SPRT,0.13006218099173025
sub-054,sub-046,SPRT,0.1079843703138828
sub-054,sub-097,SPRT,0.1306568493897026
sub-054,sub-079,SPRT,0.1288126407282495
sub-054,sub-028,SPRT,0.061460492784860446
sub-054,sub-089,SPRT,0.10013136224849081
sub-054,sub-109,SPRT,0.005783820049214911
sub-054,sub-070,SPRT,0.09920711864309774
sub-054,sub-111,SPRT,0.10175820800932021
sub-054,sub-073,SPRT,0.053231149470223824
sub-054,sub-001,SPRT,-0.07040161437004668
sub-054,sub-095,SPRT,0.06603109686105356
sub-054,sub-012,SPRT,-0.02805151478999078
sub-054,sub-052,SPRT,0.1340235994463123
sub-054,sub-094,SPRT,0.16513270736033647
sub-054,sub-088,SPRT,0.0824095587139697
sub-054,sub-044,SPRT,0.11572578099710965
sub-054,sub-009,SPRT,0.08447982542098313
sub-054,sub-041,SPRT,-0.02161987658330764
sub-054,sub-024,SPRT,0.11513246637017949
sub-054,sub-016,SPRT,0.034006884800498884
sub-054,sub-112,SPRT,0.008028494278146869
sub-054,sub-058,SPRT,0.09611510224096742
sub-054,sub-018,SPRT,0.07899092653088341
sub-054,sub-048,SPRT,-0.0013996554405003017
sub-054,sub-087,SPRT,0.02603121255570776
sub-054,sub-091,SPRT,-0.0160043061063237
sub-054,sub-083,SPRT,0.02100288500754845
sub-054,sub-065,SPRT,0.01955254351247765
sub-054,sub-077,SPRT,0.12420728812005567
sub-054,sub-039,SPRT,0.05979495572352116
sub-054,sub-053,SPRT,-0.018160655924559198
sub-054,sub-075,SPRT,0.09864196256578703
sub-054,sub-060,SPRT,0.01715513338472999
sub-054,sub-103,SPRT,0.121687740304906
sub-054,sub-105,SPRT,0.0725994079915534
sub-054,sub-064,SPRT,0.12781403763926666
sub-054,sub-010,SPRT,0.018034418080106633
sub-054,sub-034,SPRT,0.0809755974079785
sub-054,sub-002,SPRT,0.025159318530663922
sub-054,sub-085,SPRT,0.10184935225943029
sub-054,sub-021,SPRT,-0.0053559569490093965
sub-054,sub-096,SPRT,0.01264786543373431
sub-054,sub-027,SPRT,0.013588752591612912
sub-054,sub-006,SPRT,0.00288822914034333
sub-054,sub-066,SPRT,-0.06423025460785342
sub-054,sub-101,SPRT,0.12942148726766237
sub-054,sub-042,SPRT,0.060838183490482645
sub-054,sub-003,SPRT,0.05394634444253706
sub-054,sub-107,SPRT,0.06608065810981162
sub-054,sub-098,SPRT,0.02045276450008321
sub-054,sub-086,SPRT,0.0019488712199662026
sub-054,sub-013,SPRT,0.1659345326239211
sub-054,sub-068,SPRT,0.056480356040541385
sub-078,sub-046,SPRT,0.1247736349171543
sub-078,sub-097,SPRT,0.06801293190469199
sub-078,sub-079,SPRT,0.06667229392305533
sub-078,sub-028,SPRT,0.11842161224687857
sub-078,sub-089,SPRT,0.04073330004053751
sub-078,sub-109,SPRT,-0.010261577981590385
sub-078,sub-070,SPRT,0.03253316613288886
sub-078,sub-111,SPRT,0.04762684126252683
sub-078,sub-073,SPRT,0.14482265827084226
sub-078,sub-001,SPRT,0.009879709977226986
sub-078,sub-095,SPRT,0.17809965829382698
sub-078,sub-012,SPRT,0.043580340180904883
sub-078,sub-052,SPRT,0.12219391824673258
sub-078,sub-094,SPRT,0.1469161565424195
sub-078,sub-088,SPRT,0.007708669554828888
sub-078,sub-044,SPRT,0.05205310240600701
sub-078,sub-009,SPRT,0.11538222321705449
sub-078,sub-041,SPRT,0.10319775220071518
sub-078,sub-024,SPRT,0.031365337581073
sub-078,sub-016,SPRT,0.11307970737391873
sub-078,sub-112,SPRT,0.114604807996965
sub-078,sub-058,SPRT,0.13660209325798506
sub-078,sub-018,SPRT,-0.02820392827513574
sub-078,sub-048,SPRT,0.07607274116139826
sub-078,sub-087,SPRT,0.11050940660730815
sub-078,sub-091,SPRT,0.08814125741346211
sub-078,sub-083,SPRT,0.0996990428125575
sub-078,sub-065,SPRT,0.1297361374383118
sub-078,sub-077,SPRT,0.06940429714553398
sub-078,sub-039,SPRT,-0.019529233209895736
sub-078,sub-053,SPRT,0.05771254822986013
sub-078,sub-075,SPRT,0.05572910339774386
sub-078,sub-060,SPRT,0.1476197810916987
sub-078,sub-103,SPRT,0.07908670271257572
sub-078,sub-105,SPRT,0.14421060549262535
sub-078,sub-064,SPRT,0.13454528812736208
sub-078,sub-010,SPRT,0.12979764895361248
sub-078,sub-034,SPRT,0.11129593953263325
sub-078,sub-002,SPRT,0.029453358987015416
sub-078,sub-085,SPRT,0.14198928373530129
sub-078,sub-021,SPRT,-0.060210848145323126
sub-078,sub-096,SPRT,0.09221265741990552
sub-078,sub-027,SPRT,0.009831476688720146
sub-078,sub-006,SPRT,0.14239966501751494
sub-078,sub-066,SPRT,0.08658687584787535
sub-078,sub-101,SPRT,0.12495421990539107
sub-078,sub-042,SPRT,0.012658266552757107
sub-078,sub-003,SPRT,0.04777539658803476
sub-078,sub-107,SPRT,0.020137239392662386
sub-078,sub-098,SPRT,0.05145178888802773
sub-078,sub-086,SPRT,-0.008062766255429852
sub-078,sub-013,SPRT,0.14959941526363935
sub-078,sub-068,SPRT,0.09037355482739996
sub-046,sub-097,SPRT,0.09301573201548541
sub-046,sub-079,SPRT,0.08757953295265614
sub-046,sub-028,SPRT,0.10897549673744339
sub-046,sub-089,SPRT,0.09648456141701874
sub-046,sub-109,SPRT,0.05891416250439406
sub-046,sub-070,SPRT,-0.004222420402904864
sub-046,sub-111,SPRT,0.09678501577062743
sub-046,sub-073,SPRT,0.10411695807139282
sub-046,sub-001,SPRT,0.1122004819069037
sub-046,sub-095,SPRT,0.05792684210442706
sub-046,sub-012,SPRT,0.0336435808963881
sub-046,sub-052,SPRT,0.037350956350559086
sub-046,sub-094,SPRT,0.07765060972945477
sub-046,sub-088,SPRT,0.05831642703637556
sub-046,sub-044,SPRT,0.12802688103431298
sub-046,sub-009,SPRT,0.022645724780466815
sub-046,sub-041,SPRT,0.10479371615144437
sub-046,sub-024,SPRT,0.10066942979646426
sub-046,sub-016,SPRT,0.035332062821767665
sub-046,sub-112,SPRT,0.1764778943308683
sub-046,sub-058,SPRT,0.08488844643671159
sub-046,sub-018,SPRT,0.03917457036977789
sub-046,sub-048,SPRT,0.1101798782028573
sub-046,sub-087,SPRT,0.2053245860676503
sub-046,sub-091,SPRT,0.1466687142508211
sub-046,sub-083,SPRT,0.13766282940958083
sub-046,sub-065,SPRT,0.13734413157910483
sub-046,sub-077,SPRT,0.1254539452291674
sub-046,sub-039,SPRT,0.05325674915756428
sub-046,sub-053,SPRT,0.02982924847998938
sub-046,sub-075,SPRT,0.022453476651066194
sub-046,sub-060,SPRT,0.12027618051131103
sub-046,sub-103,SPRT,0.04323094790430239
sub-046,sub-105,SPRT,0.0672452388403295
sub-046,sub-064,SPRT,0.08800483206852658
sub-046,sub-010,SPRT,0.049470274556665035
sub-046,sub-034,SPRT,0.0752083969695028
sub-046,sub-002,SPRT,0.10254815016515276
sub-046,sub-085,SPRT,0.1686831448386655
sub-046,sub-021,SPRT,0.0962240731882558
sub-046,sub-096,SPRT,-0.01400243492936896
sub-046,sub-027,SPRT,-0.03494947308585474
sub-046,sub-006,SPRT,0.07726161506804448
sub-046,sub-066,SPRT,0.04895613624084434
sub-046,sub-101,SPRT,0.04651482762333887
sub-046,sub-042,SPRT,0.08572547744936787
sub-046,sub-003,SPRT,-0.0020260195295985495
sub-046,sub-107,SPRT,0.11395167196590879
sub-046,sub-098,SPRT,0.12389775481673145
sub-046,sub-086,SPRT,-0.03524628782740523
sub-046,sub-013,SPRT,0.1132873555282231
sub-046,sub-068,SPRT,0.032598575161864735
sub-097,sub-079,SPRT,0.1118916793013241
sub-097,sub-028,SPRT,0.2081562958085312
sub-097,sub-089,SPRT,0.0506445314275394
sub-097,sub-109,SPRT,0.08412137735714748
sub-097,sub-070,SPRT,0.10419916478335682
sub-097,sub-111,SPRT,0.045151684032984335
sub-097,sub-073,SPRT,0.13080979034330245
sub-097,sub-001,SPRT,0.17150128748975316
sub-097,sub-095,SPRT,0.24058645351269078
sub-097,sub-012,SPRT,0.032974480584683497
sub-097,sub-052,SPRT,0.21146121220775643
sub-097,sub-094,SPRT,0.07637474855165713
sub-097,sub-088,SPRT,0.16167068234771095
sub-097,sub-044,SPRT,0.09736536342806429
sub-097,sub-009,SPRT,0.1099575061538071
sub-097,sub-041,SPRT,0.06041930506648727
sub-097,sub-024,SPRT,0.2189613576836466
sub-097,sub-016,SPRT,0.1382851549801211
sub-097,sub-112,SPRT,0.1102303916299863
sub-097,sub-058,SPRT,0.03656212797110213
sub-097,sub-018,SPRT,0.06555323944155035
sub-097,sub-048,SPRT,0.20220971616251657
sub-097,sub-087,SPRT,-0.009228785681714312
sub-097,sub-091,SPRT,0.05443416796133617
sub-097,sub-083,SPRT,0.09738546825811485
sub-097,sub-065,SPRT,0.16490536624917682
sub-097,sub-077,SPRT,0.1250354867666965
sub-097,sub-039,SPRT,0.05901690339941363
sub-097,sub-053,SPRT,0.16752778366601895
sub-097,sub-075,SPRT,0.13361949457765712
sub-097,sub-060,SPRT,0.1293930782336389
sub-097,sub-103,SPRT,0.02908117464804958
sub-097,sub-105,SPRT,0.06880756028254201
sub-097,sub-064,SPRT,0.061007297371128866
sub-097,sub-010,SPRT,0.0803838597552005
sub-097,sub-034,SPRT,0.011468696005602588
sub-097,sub-002,SPRT,0.038278013079172814
sub-097,sub-085,SPRT,0.11783821648072641
sub-097,sub-021,SPRT,0.1415917909925309
sub-097,sub-096,SPRT,0.10194157101548407
sub-097,sub-027,SPRT,-0.01736634631179945
sub-097,sub-006,SPRT,0.07124057548389114
sub-097,sub-066,SPRT,0.05922196034610727
sub-097,sub-101,SPRT,0.13232003044575982
sub-097,sub-042,SPRT,0.15680376403666302
sub-097,sub-003,SPRT,0.08067337922233077
sub-097,sub-107,SPRT,0.1711868612668988
sub-097,sub-098,SPRT,0.11960714220249752
sub-097,sub-086,SPRT,0.16026351025823862
sub-097,sub-013,SPRT,0.11911645548846127
sub-097,sub-068,SPRT,0.196312862150763
sub-079,sub-028,SPRT,0.002722326473704882
sub-079,sub-089,SPRT,0.0578344399883791
sub-079,sub-109,SPRT,0.051287641601726545
sub-079,sub-070,SPRT,0.005916095196546861
sub-079,sub-111,SPRT,0.12317705266381705
sub-079,sub-073,SPRT,0.11419638979179268
sub-079,sub-001,SPRT,0.10176191172833521
sub-079,sub-095,SPRT,0.01384534341421049
sub-079,sub-012,SPRT,0.06201432923210202
sub-079,sub-052,SPRT,0.1160045005346959
sub-079,sub-094,SPRT,0.007827503898531141
sub-079,sub-088,SPRT,0.09610016564149008
sub-079,sub-044,SPRT,0.16862249651514988
sub-079,sub-009,SPRT,0.03573631143701326
sub-079,sub-041,SPRT,0.008089321200236902
sub-079,sub-024,SPRT,0.025050956231790197
sub-079,sub-016,SPRT,0.06477864608173901
sub-079,sub-112,SPRT,0.02756815071040289
sub-079,sub-058,SPRT,0.16392961585027005
sub-079,sub-018,SPRT,0.10683740538812647
sub-079,sub-048,SPRT,-0.054242797966519166
sub-079,sub-087,SPRT,0.1550392533417876
sub-079,sub-091,SPRT,0.07864361707733813
sub-079,sub-083,SPRT,0.10527911034887934
sub-079,sub-065,SPRT,0.09956418717073166
sub-079,sub-077,SPRT,0.19001250636094424
sub-079,sub-039,SPRT,0.01352137764808775
sub-079,sub-053,SPRT,0.03596692381842487
sub-079,sub-075,SPRT,0.0362099958455172
sub-079,sub-060,SPRT,0.1768558978924212
sub-079,sub-103,SPRT,0.050306603835192566
sub-079,sub-105,SPRT,0.036200740082282315
sub-079,sub-064,SPRT,0.08601747443524455
sub-079,sub-010,SPRT,-0.01386319797425233
sub-079,sub-034,SPRT,-0.02528052806203427
sub-079,sub-002,SPRT,0.1465965228302155
sub-079,sub-085,SPRT,0.16123017076558865
sub-079,sub-021,SPRT,-0.036766440824243685
sub-079,sub-096,SPRT,0.07397370583118862
sub-079,sub-027,SPRT,0.026380347313899252
sub-079,sub-006,SPRT,0.0751308030074023
sub-079,sub-066,SPRT,0.06323418413078924
sub-079,sub-101,SPRT,0.015334676569760567
sub-079,sub-042,SPRT,0.10898629816331167
sub-079,sub-003,SPRT,0.0006871130116541727
sub-079,sub-107,SPRT,0.10529473275513833
sub-079,sub-098,SPRT,0.08718084699014253
sub-079,sub-086,SPRT,0.02025234679173314
sub-079,sub-013,SPRT,0.0874780747184127
sub-079,sub-068,SPRT,0.021906277592606296
sub-028,sub-089,SPRT,0.007687376563223791
sub-028,sub-109,SPRT,-0.056119968523697855
sub-028,sub-070,SPRT,0.11033624898574551
sub-028,sub-111,SPRT,0.06284566357451751
sub-028,sub-073,SPRT,0.08060193405826391
sub-028,sub-001,SPRT,0.1708161004395537
sub-028,sub-095,SPRT,0.09760539472160906
sub-028,sub-012,SPRT,0.04846125946535257
sub-028,sub-052,SPRT,0.13036057992675915
sub-028,sub-094,SPRT,-0.012330037767153215
sub-028,sub-088,SPRT,0.08392154006953052
sub-028,sub-044,SPRT,0.015768638812766186
sub-028,sub-009,SPRT,0.027766145287447034
sub-028,sub-041,SPRT,-0.030749170305303997
sub-028,sub-024,SPRT,0.06419379320127235
sub-028,sub-016,SPRT,0.0333660952823484
sub-028,sub-112,SPRT,0.07542546283595748
sub-028,sub-058,SPRT,0.07614878896120444
sub-028,sub-018,SPRT,0.07457388867790993
sub-028,sub-048,SPRT,0.13467337003704996
sub-028,sub-087,SPRT,0.08011294036687444
sub-028,sub-091,SPRT,-0.011888358836409455
sub-028,sub-083,SPRT,0.0911986208217092
sub-028,sub-065,SPRT,0.08464459217390717
sub-028,sub-077,SPRT,-0.010143986383483497
sub-028,sub-039,SPRT,-0.06531061139490885
sub-028,sub-053,SPRT,0.09564396350810798
sub-028,sub-075,SPRT,0.11116491049003073
sub-028,sub-060,SPRT,0.15912043576495322
sub-028,sub-103,SPRT,0.08155972238322212
sub-028,sub-105,SPRT,0.029538679273789753
sub-028,sub-064,SPRT,0.0324011972828644
sub-028,sub-010,SPRT,0.1129173717441425
sub-028,sub-034,SPRT,0.020735972323185463
sub-028,sub-002,SPRT,0.07002690064329226
sub-028,sub-085,SPRT,0.04957695157978257
sub-028,sub-021,SPRT,0.09964313418958766
sub-028,sub-096,SPRT,0.09191944139162952
sub-028,sub-027,SPRT,-0.00358245155831155
sub-028,sub-006,SPRT,0.02881160441356245
sub-028,sub-066,SPRT,0.1128255783196491
sub-028,sub-101,SPRT,0.07402611794408964
sub-028,sub-042,SPRT,0.007154029691348082
sub-028,sub-003,SPRT,0.06744623418933655
sub-028,sub-107,SPRT,0.1346147579918779
sub-028,sub-098,SPRT,-0.013610321119502925
sub-028,sub-086,SPRT,0.08405208011256939
sub-028,sub-013,SPRT,0.022200602011116437
sub-028,sub-068,SPRT,-0.00610462305913309
sub-089,sub-109,SPRT,0.0106660268675742
sub-089,sub-070,SPRT,-0.09088947510614728
sub-089,sub-111,SPRT,0.005420768456835956
sub-089,sub-073,SPRT,0.12059500932851526
sub-089,sub-001,SPRT,0.06841669838471932
sub-089,sub-095,SPRT,-0.045042464171735665
sub-089,sub-012,SPRT,-0.046572149955877114
sub-089,sub-052,SPRT,0.07414764757963785
sub-089,sub-094,SPRT,0.052163405714522965
sub-089,sub-088,SPRT,0.08030729191265465
sub-089,sub-044,SPRT,0.11243538983929592
sub-089,sub-009,SPRT,0.09721639533975804
sub-089,sub-041,SPRT,0.09727255979823173
sub-089,sub-024,SPRT,-0.016068669128060844
sub-089,sub-016,SPRT,0.035859744904987306
sub-089,sub-112,SPRT,0.04450117642576578
sub-089,sub-058,SPRT,0.012631682652783303
sub-089,sub-018,SPRT,-0.03959770401047753
sub-089,sub-048,SPRT,0.0339728744643992
sub-089,sub-087,SPRT,0.07614057684750819
sub-089,sub-091,SPRT,0.1467304156970175
sub-089,sub-083,SPRT,0.05897360414023759
sub-089,sub-065,SPRT,0.0820573153130543
sub-089,sub-077,SPRT,0.10268630457550455
sub-089,sub-039,SPRT,0.06044483562346422
sub-089,sub-053,SPRT,-0.04191365074752179
sub-089,sub-075,SPRT,-0.015681753663937398
sub-089,sub-060,SPRT,0.18567081085048712
sub-089,sub-103,SPRT,0.09532755903196814
sub-089,sub-105,SPRT,0.04105618421791055
sub-089,sub-064,SPRT,0.03943702961632097
sub-089,sub-010,SPRT,0.11492644090821624
sub-089,sub-034,SPRT,0.014335507198746527
sub-089,sub-002,SPRT,0.03305593307383803
sub-089,sub-085,SPRT,0.11962485850530429
sub-089,sub-021,SPRT,0.005061213530066001
sub-089,sub-096,SPRT,0.054664634507807494
sub-089,sub-027,SPRT,0.00943292498074138
sub-089,sub-006,SPRT,0.09758963611821146
sub-089,sub-066,SPRT,0.0036803613252231844
sub-089,sub-101,SPRT,-0.019130917652234996
sub-089,sub-042,SPRT,0.011446407840463208
sub-089,sub-003,SPRT,0.04869768815230909
sub-089,sub-107,SPRT,0.07126519891549019
sub-089,sub-098,SPRT,0.16697955228755149
sub-089,sub-086,SPRT,0.0824855847692303
sub-089,sub-013,SPRT,0.0025714703338499427
sub-089,sub-068,SPRT,0.12416853611547386
sub-109,sub-070,SPRT,0.01775135239685935
sub-109,sub-111,SPRT,0.06603856544314711
sub-109,sub-073,SPRT,0.02708979651349466
sub-109,sub-001,SPRT,0.11372384325651572
sub-109,sub-095,SPRT,0.025225966074012316
sub-109,sub-012,SPRT,-0.04343098146269128
sub-109,sub-052,SPRT,0.04530499679222451
sub-109,sub-094,SPRT,0.08454019136972755
sub-109,sub-088,SPRT,-0.004337068342965501
sub-109,sub-044,SPRT,0.004568565262950181
sub-109,sub-009,SPRT,0.04305582956848134
sub-109,sub-041,SPRT,0.01454981311797336
sub-109,sub-024,SPRT,0.02055176930885362
sub-109,sub-016,SPRT,0.007680499793487595
sub-109,sub-112,SPRT,0.12607585954058126
sub-109,sub-058,SPRT,0.0893292959367645
sub-109,sub-018,SPRT,0.02966007270513445
sub-109,sub-048,SPRT,-0.008622934270906614
sub-109,sub-087,SPRT,0.002028268307131175
sub-109,sub-091,SPRT,-0.022799393214324747
sub-109,sub-083,SPRT,0.09109018833637654
sub-109,sub-065,SPRT,0.051541657964129226
sub-109,sub-077,SPRT,0.11681659894318938
sub-109,sub-039,SPRT,0.007750061638232593
sub-109,sub-053,SPRT,0.0720218999415858
sub-109,sub-075,SPRT,0.024922903647691036
sub-109,sub-060,SPRT,0.030368212164340564
sub-109,sub-103,SPRT,0.07952827963178045
sub-109,sub-105,SPRT,0.023773240774234837
sub-109,sub-064,SPRT,0.13146521088665536
sub-109,sub-010,SPRT,0.02216340979273739
sub-109,sub-034,SPRT,-0.016419418256661475
sub-109,sub-002,SPRT,-0.007326012450754819
sub-109,sub-085,SPRT,0.00946550949104779
sub-109,sub-021,SPRT,-0.050045800801290154
sub-109,sub-096,SPRT,0.0029410836863533003
sub-109,sub-027,SPRT,0.10242078911059116
sub-109,sub-006,SPRT,0.1254542577212245
sub-109,sub-066,SPRT,0.21375907360982396
sub-109,sub-101,SPRT,0.03379107894138335
sub-109,sub-042,SPRT,0.1336662403605652
sub-109,sub-003,SPRT,-0.03134123457626291
sub-109,sub-107,SPRT,0.05498220108493396
sub-109,sub-098,SPRT,0.15877462216373606
sub-109,sub-086,SPRT,0.08340481542151697
sub-109,sub-013,SPRT,0.06239811017475979
sub-109,sub-068,SPRT,0.17395727167318437
sub-070,sub-111,SPRT,-0.010619957789426046
sub-070,sub-073,SPRT,0.047898938236557824
sub-070,sub-001,SPRT,0.09758118552609386
sub-070,sub-095,SPRT,0.09439287311948316
sub-070,sub-012,SPRT,-0.03018382923979148
sub-070,sub-052,SPRT,-0.015613485110523649
sub-070,sub-094,SPRT,0.07834836395186252
sub-070,sub-088,SPRT,-0.004391731099769655
sub-070,sub-044,SPRT,-0.007193720540250984
sub-070,sub-009,SPRT,0.08346336381604415
sub-070,sub-041,SPRT,0.0794573414588628
sub-070,sub-024,SPRT,0.09755713167426663
sub-070,sub-016,SPRT,0.020266306307071602
sub-070,sub-112,SPRT,0.03709463233572796
sub-070,sub-058,SPRT,0.06344393586421364
sub-070,sub-018,SPRT,0.026501090869060856
sub-070,sub-048,SPRT,0.030387942930559058
sub-070,sub-087,SPRT,0.002450764620513805
sub-070,sub-091,SPRT,-0.020501238506825035
sub-070,sub-083,SPRT,0.013776137961670194
sub-070,sub-065,SPRT,0.006815757311466755
sub-070,sub-077,SPRT,-0.10331477804911751
sub-070,sub-039,SPRT,-0.03866104363893345
sub-070,sub-053,SPRT,0.10961400264639742
sub-070,sub-075,SPRT,0.09507580138553834
sub-070,sub-060,SPRT,-0.04397160288757144
sub-070,sub-103,SPRT,-0.00874259054254094
sub-070,sub-105,SPRT,0.014865631140393737
sub-070,sub-064,SPRT,0.053080752282431115
sub-070,sub-010,SPRT,0.0391242831452806
sub-070,sub-034,SPRT,0.06124206766489529
sub-070,sub-002,SPRT,0.06669311057447357
sub-070,sub-085,SPRT,0.08522085360178455
sub-070,sub-021,SPRT,0.01438572390143907
sub-070,sub-096,SPRT,0.007807259459660073
sub-070,sub-027,SPRT,0.03851602076176617
sub-070,sub-006,SPRT,-0.04971625756097829
sub-070,sub-066,SPRT,-0.0194410643122988
sub-070,sub-101,SPRT,0.07786083666095073
sub-070,sub-042,SPRT,0.14477843796477533
sub-070,sub-003,SPRT,-0.04298479044183441
sub-070,sub-107,SPRT,0.02488226149316742
sub-070,sub-098,SPRT,-0.0016134898278736855
sub-070,sub-086,SPRT,0.008859025936022636
sub-070,sub-013,SPRT,0.14063441799951948
sub-070,sub-068,SPRT,0.012933845117795429
sub-111,sub-073,SPRT,0.05096970339528006
sub-111,sub-001,SPRT,0.12207841010213621
sub-111,sub-095,SPRT,0.04533157801496401
sub-111,sub-012,SPRT,-0.03104271414356743
sub-111,sub-052,SPRT,0.029478369144203292
sub-111,sub-094,SPRT,0.05415619839190561
sub-111,sub-088,SPRT,0.04062600544908008
sub-111,sub-044,SPRT,0.02399090049237303
sub-111,sub-009,SPRT,0.1058480289133609
sub-111,sub-041,SPRT,-0.018081603479478615
sub-111,sub-024,SPRT,-0.04371979126223101
sub-111,sub-016,SPRT,0.01110671061531386
sub-111,sub-112,SPRT,0.06254330573943262
sub-111,sub-058,SPRT,0.032937339333054046
sub-111,sub-018,SPRT,0.1055333321310281
sub-111,sub-048,SPRT,0.03288355174311617
sub-111,sub-087,SPRT,0.13017874214750141
sub-111,sub-091,SPRT,-0.025469444207723062
sub-111,sub-083,SPRT,0.11852083748846073
sub-111,sub-065,SPRT,0.0645894028722111
sub-111,sub-077,SPRT,0.028605226937161967
sub-111,sub-039,SPRT,0.06500485090776786
sub-111,sub-053,SPRT,0.09709859108145712
sub-111,sub-075,SPRT,0.02311818753396803
sub-111,sub-060,SPRT,0.12698056101813426
sub-111,sub-103,SPRT,0.09861944213806426
sub-111,sub-105,SPRT,0.08815253314634043
sub-111,sub-064,SPRT,0.05628009463100246
sub-111,sub-010,SPRT,0.1051756388108041
sub-111,sub-034,SPRT,0.04679693382840668
sub-111,sub-002,SPRT,0.09984511276804366
sub-111,sub-085,SPRT,0.1841817331473783
sub-111,sub-021,SPRT,-0.003367498314471868
sub-111,sub-096,SPRT,-0.022605258268111335
sub-111,sub-027,SPRT,0.06653133635328318
sub-111,sub-006,SPRT,0.08109456032624394
sub-111,sub-066,SPRT,0.13900077456187696
sub-111,sub-101,SPRT,0.0800138063529405
sub-111,sub-042,SPRT,0.10278641667655136
sub-111,sub-003,SPRT,0.020722543660021277
sub-111,sub-107,SPRT,0.020200675623945667
sub-111,sub-098,SPRT,0.054035692017102836
sub-111,sub-086,SPRT,0.051061089242474246
sub-111,sub-013,SPRT,0.0005810218301113079
sub-111,sub-068,SPRT,0.07948223374723642
sub-073,sub-001,SPRT,0.09399730807942674
sub-073,sub-095,SPRT,0.14687450612499675
sub-073,sub-012,SPRT,-0.0029766577222734344
sub-073,sub-052,SPRT,0.08477112046165867
sub-073,sub-094,SPRT,0.05549965825884275
sub-073,sub-088,SPRT,0.06592794504243457
sub-073,sub-044,SPRT,0.09428252103545944
sub-073,sub-009,SPRT,0.19444999460436682
sub-073,sub-041,SPRT,0.05645444470839123
sub-073,sub-024,SPRT,0.06602007649447762
sub-073,sub-016,SPRT,0.2071429728765616
sub-073,sub-112,SPRT,0.0676704393738383
sub-073,sub-058,SPRT,0.11705114181191162
sub-073,sub-018,SPRT,0.027791101488066287
sub-073,sub-048,SPRT,0.04590755761462763
sub-073,sub-087,SPRT,0.1823292215987722
sub-073,sub-091,SPRT,0.14671702089240674
sub-073,sub-083,SPRT,0.014708117488917925
sub-073,sub-065,SPRT,0.13380103611166802
sub-073,sub-077,SPRT,0.10891728464492184
sub-073,sub-039,SPRT,-0.032523112440459495
sub-073,sub-053,SPRT,-0.0386624727266651
sub-073,sub-075,SPRT,0.090753459983941
sub-073,sub-060,SPRT,0.1646468873268974
sub-073,sub-103,SPRT,0.07237558131757092
sub-073,sub-105,SPRT,0.09089842371887219
sub-073,sub-064,SPRT,0.031074418672815168
sub-073,sub-010,SPRT,0.04791392277507734
sub-073,sub-034,SPRT,0.04724472899265614
sub-073,sub-002,SPRT,0.07606338514027637
sub-073,sub-085,SPRT,0.1464489826648505
sub-073,sub-021,SPRT,-0.008182437397996211
sub-073,sub-096,SPRT,0.0841469898464727
sub-073,sub-027,SPRT,-0.07696282105311365
sub-073,sub-006,SPRT,0.16302810338305598
sub-073,sub-066,SPRT,0.1001260966892865
sub-073,sub-101,SPRT,0.06134625014465997
sub-073,sub-042,SPRT,0.04148063765976587
sub-073,sub-003,SPRT,0.05332876034934254
sub-073,sub-107,SPRT,0.1380669791931029
sub-073,sub-098,SPRT,0.025839182512647288
sub-073,sub-086,SPRT,0.040418424483140036
sub-073,sub-013,SPRT,0.0996551500970435
sub-073,sub-068,SPRT,0.03939631337319039
sub-001,sub-095,SPRT,0.07223947989403791
sub-001,sub-012,SPRT,0.018252882744497732
sub-001,sub-052,SPRT,0.01556671031405531
sub-001,sub-094,SPRT,0.033389811553847806
sub-001,sub-088,SPRT,0.10146311406189194
sub-001,sub-044,SPRT,0.040254973619689376
sub-001,sub-009,SPRT,0.08054386185221686
sub-001,sub-041,SPRT,-0.0031527896160091357
sub-001,sub-024,SPRT,0.035495459370293095
sub-001,sub-016,SPRT,0.019941533475502815
sub-001,sub-112,SPRT,0.0840414088465459
sub-001,sub-058,SPRT,0.054354315297742005
sub-001,sub-018,SPRT,0.0548504931037902
sub-001,sub-048,SPRT,0.09228265275620362
sub-001,sub-087,SPRT,0.08801137952010682
sub-001,sub-091,SPRT,0.06757548224388528
sub-001,sub-083,SPRT,0.10103862604572494
sub-001,sub-065,SPRT,0.1059768076955198
sub-001,sub-077,SPRT,0.07768837717720734
sub-001,sub-039,SPRT,0.09126381235475345
sub-001,sub-053,SPRT,0.06239286870216117
sub-001,sub-075,SPRT,0.09287152472451088
sub-001,sub-060,SPRT,0.04145981447755196
sub-001,sub-103,SPRT,0.0353468558641358
sub-001,sub-105,SPRT,0.041085017994105334
sub-001,sub-064,SPRT,0.09399562311999624
sub-001,sub-010,SPRT,0.05310132253622382
sub-001,sub-034,SPRT,-0.02230380914387068
sub-001,sub-002,SPRT,0.12719223704948115
sub-001,sub-085,SPRT,0.12963678260968833
sub-001,sub-021,SPRT,0.08289945377445687
sub-001,sub-096,SPRT,0.013346746162612954
sub-001,sub-027,SPRT,0.06765425920498395
sub-001,sub-006,SPRT,0.07333346594704614
sub-001,sub-066,SPRT,0.06729159591840782
sub-001,sub-101,SPRT,0.07843271947277389
sub-001,sub-042,SPRT,0.14738775487694145
sub-001,sub-003,SPRT,0.045992569282595555
sub-001,sub-107,SPRT,0.05567770692581478
sub-001,sub-098,SPRT,0.05815356235610624
sub-001,sub-086,SPRT,0.038160941992245616
sub-001,sub-013,SPRT,0.04317133766530606
sub-001,sub-068,SPRT,0.09831958216693638
sub-095,sub-012,SPRT,0.0378273338199528
sub-095,sub-052,SPRT,0.12213608948146387
sub-095,sub-094,SPRT,0.1807946767105362
sub-095,sub-088,SPRT,0.1736023021898036
sub-095,sub-044,SPRT,0.050220857858977
sub-095,sub-009,SPRT,0.1713853903984543
sub-095,sub-041,SPRT,0.10619289388355423
sub-095,sub-024,SPRT,0.2211748558481454
sub-095,sub-016,SPRT,0.15477805336951944
sub-095,sub-112,SPRT,0.046935136409236126
sub-095,sub-058,SPRT,0.1038563677500456
sub-095,sub-018,SPRT,0.0326346241617993
sub-095,sub-048,SPRT,0.08727219004958138
sub-095,sub-087,SPRT,0.044736581867780546
sub-095,sub-091,SPRT,0.08145732123383999
sub-095,sub-083,SPRT,0.05003762667383397
sub-095,sub-065,SPRT,0.15875436514200655
sub-095,sub-077,SPRT,0.07661542622855436
sub-095,sub-039,SPRT,0.04584475234634357
sub-095,sub-053,SPRT,0.04561310564500302
sub-095,sub-075,SPRT,0.1094682387430029
sub-095,sub-060,SPRT,0.20399780178404445
sub-095,sub-103,SPRT,0.1482984355366357
sub-095,sub-105,SPRT,0.08083126316427851
sub-095,sub-064,SPRT,0.062272560391601575
sub-095,sub-010,SPRT,0.15612974049264444
sub-095,sub-034,SPRT,0.11075425078795276
sub-095,sub-002,SPRT,0.04171008271488562
sub-095,sub-085,SPRT,0.08595110975452995
sub-095,sub-021,SPRT,0.1507793244487736
sub-095,sub-096,SPRT,0.03948818711982385
sub-095,sub-027,SPRT,-0.033169837528018574
sub-095,sub-006,SPRT,0.10523931926214061
sub-095,sub-066,SPRT,0.09285268860173074
sub-095,sub-101,SPRT,0.019985090397625204
sub-095,sub-042,SPRT,0.0901975077220733
sub-095,sub-003,SPRT,0.1385237396392558
sub-095,sub-107,SPRT,0.05031047999067868
sub-095,sub-098,SPRT,0.07582552892918476
sub-095,sub-086,SPRT,0.06163448016658369
sub-095,sub-013,SPRT,0.14289230469652006
sub-095,sub-068,SPRT,0.19539615586667394
sub-012,sub-052,SPRT,-0.037292755843015175
sub-012,sub-094,SPRT,0.043170352551876935
sub-012,sub-088,SPRT,0.03741704483840828
sub-012,sub-044,SPRT,0.058209386172686194
sub-012,sub-009,SPRT,-0.019145119715485236
sub-012,sub-041,SPRT,0.051733558521436435
sub-012,sub-024,SPRT,0.026864593384793304
sub-012,sub-016,SPRT,-0.004917663367215542
sub-012,sub-112,SPRT,-0.029759238256536397
sub-012,sub-058,SPRT,0.08364529078829011
sub-012,sub-018,SPRT,0.0971365786835797
sub-012,sub-048,SPRT,0.04889454507081581
sub-012,sub-087,SPRT,0.027838354046960563
sub-012,sub-091,SPRT,0.08399037467955048
sub-012,sub-083,SPRT,-0.027157062407633895
sub-012,sub-065,SPRT,-0.015473193675457521
sub-012,sub-077,SPRT,-0.0572931392535661
sub-012,sub-039,SPRT,0.12322683523727945
sub-012,sub-053,SPRT,0.03116467635212817
sub-012,sub-075,SPRT,0.08900484633169088
sub-012,sub-060,SPRT,0.15707907806028756
sub-012,sub-103,SPRT,0.03202637238819879
sub-012,sub-105,SPRT,0.03519724122672398
sub-012,sub-064,SPRT,-0.013654088129097294
sub-012,sub-010,SPRT,-0.05292504775233443
sub-012,sub-034,SPRT,-0.08898699215842543
sub-012,sub-002,SPRT,-0.01827516139254893
sub-012,sub-085,SPRT,-0.007484316444989899
sub-012,sub-021,SPRT,-0.03648487434215037
sub-012,sub-096,SPRT,-0.0007103896265889813
sub-012,sub-027,SPRT,-0.035130066706408995
sub-012,sub-006,SPRT,0.07535096266956419
sub-012,sub-066,SPRT,0.03747537911722988
sub-012,sub-101,SPRT,0.01319539221071672
sub-012,sub-042,SPRT,0.11376649290242477
sub-012,sub-003,SPRT,-0.024934939598728157
sub-012,sub-107,SPRT,0.01918772096312562
sub-012,sub-098,SPRT,0.04295387970886206
sub-012,sub-086,SPRT,0.02795101723920954
sub-012,sub-013,SPRT,-0.03300999102790638
sub-012,sub-068,SPRT,0.013055900220855477
sub-052,sub-094,SPRT,0.14714801359304047
sub-052,sub-088,SPRT,0.026860131242092543
sub-052,sub-044,SPRT,-0.07648358255121589
sub-052,sub-009,SPRT,0.03495777219585923
sub-052,sub-041,SPRT,0.0806346121642308
sub-052,sub-024,SPRT,0.009620866359218104
sub-052,sub-016,SPRT,0.029670122134764096
sub-052,sub-112,SPRT,0.09722542523019193
sub-052,sub-058,SPRT,0.12494090662489728
sub-052,sub-018,SPRT,0.0753003185557161
sub-052,sub-048,SPRT,0.14504255082139483
sub-052,sub-087,SPRT,-0.018221664531239433
sub-052,sub-091,SPRT,-0.001766327238969723
sub-052,sub-083,SPRT,0.07150684185823247
sub-052,sub-065,SPRT,0.1010255811412338
sub-052,sub-077,SPRT,0.05003405921393286
sub-052,sub-039,SPRT,-0.00588848933408354
sub-052,sub-053,SPRT,0.07971077284039921
sub-052,sub-075,SPRT,0.11851526436957824
sub-052,sub-060,SPRT,0.08841877691313406
sub-052,sub-103,SPRT,0.12075683202012376
sub-052,sub-105,SPRT,0.12507175699575188
sub-052,sub-064,SPRT,-0.002623178361171845
sub-052,sub-010,SPRT,0.08042491979255716
sub-052,sub-034,SPRT,0.06309645247750724
sub-052,sub-002,SPRT,0.03332284622358675
sub-052,sub-085,SPRT,0.1353245471325377
sub-052,sub-021,SPRT,0.041079613003630076
sub-052,sub-096,SPRT,0.1758623740809386
sub-052,sub-027,SPRT,0.008095113984081023
sub-052,sub-006,SPRT,0.013162408337007703
sub-052,sub-066,SPRT,0.06668369985680113
sub-052,sub-101,SPRT,0.045977940261673754
sub-052,sub-042,SPRT,0.09672075634285056
sub-052,sub-003,SPRT,0.05867305758621461
sub-052,sub-107,SPRT,0.17319360122452643
sub-052,sub-098,SPRT,0.09040364178141383
sub-052,sub-086,SPRT,0.043756477276273124
sub-052,sub-013,SPRT,0.024246730247837352
sub-052,sub-068,SPRT,0.11407718318629834
sub-094,sub-088,SPRT,0.011392958877030769
sub-094,sub-044,SPRT,0.05887866598072856
sub-094,sub-009,SPRT,0.07558762766338574
sub-094,sub-041,SPRT,0.06798095359214013
sub-094,sub-024,SPRT,-0.005605959216341404
sub-094,sub-016,SPRT,0.09478889843760648
sub-094,sub-112,SPRT,0.04174806371981014
sub-094,sub-058,SPRT,0.07939596712620667
sub-094,sub-018,SPRT,0.05036629778525745
sub-094,sub-048,SPRT,0.21229677198283153
sub-094,sub-087,SPRT,0.05640647737539794
sub-094,sub-091,SPRT,0.08144714210332239
sub-094,sub-083,SPRT,0.062124185025167505
sub-094,sub-065,SPRT,0.024260851880399812
sub-094,sub-077,SPRT,0.08626591460241946
sub-094,sub-039,SPRT,0.046942078759432654
sub-094,sub-053,SPRT,0.11187624259238603
sub-094,sub-075,SPRT,0.16006765466993247
sub-094,sub-060,SPRT,0.07801868393968163
sub-094,sub-103,SPRT,0.14851613209736603
sub-094,sub-105,SPRT,0.03718502024599239
sub-094,sub-064,SPRT,0.05778808462266566
sub-094,sub-010,SPRT,0.09462182959319651
sub-094,sub-034,SPRT,0.015374791323178455
sub-094,sub-002,SPRT,0.06345037555720967
sub-094,sub-085,SPRT,0.0885471859249716
sub-094,sub-021,SPRT,0.010619519849416507
sub-094,sub-096,SPRT,0.0744900585436722
sub-094,sub-027,SPRT,-0.04070128469738287
sub-094,sub-006,SPRT,-0.001959035642804436
sub-094,sub-066,SPRT,0.09835838885170768
sub-094,sub-101,SPRT,0.11052025828350813
sub-094,sub-042,SPRT,0.13875832426951992
sub-094,sub-003,SPRT,0.111888562432191
sub-094,sub-107,SPRT,0.08006568040737001
sub-094,sub-098,SPRT,0.024148324970677235
sub-094,sub-086,SPRT,0.08693291465990857
sub-094,sub-013,SPRT,0.04854126352269464
sub-094,sub-068,SPRT,0.14715404358983725
sub-088,sub-044,SPRT,0.13508077674774538
sub-088,sub-009,SPRT,0.04489117579019184
sub-088,sub-041,SPRT,0.0798047539197342
sub-088,sub-024,SPRT,0.17671066970289817
sub-088,sub-016,SPRT,0.04732190383977483
sub-088,sub-112,SPRT,0.048360365164028266
sub-088,sub-058,SPRT,0.11905320267463977
sub-088,sub-018,SPRT,0.08997825304439752
sub-088,sub-048,SPRT,0.01055975409668493
sub-088,sub-087,SPRT,0.08355363278376485
sub-088,sub-091,SPRT,0.14363457226369103
sub-088,sub-083,SPRT,0.0007917676206172676
sub-088,sub-065,SPRT,0.11309597763390282
sub-088,sub-077,SPRT,0.1579845399981181
sub-088,sub-039,SPRT,0.01507899016784328
sub-088,sub-053,SPRT,-0.04482809220209237
sub-088,sub-075,SPRT,-0.00283653479230281
sub-088,sub-060,SPRT,0.17634702461887777
sub-088,sub-103,SPRT,0.05047704127145835
sub-088,sub-105,SPRT,0.031150529969980315
sub-088,sub-064,SPRT,0.06399653951227129
sub-088,sub-010,SPRT,0.1680822338247719
sub-088,sub-034,SPRT,0.07437863829818822
sub-088,sub-002,SPRT,0.017123264086240472
sub-088,sub-085,SPRT,0.08271203728061284
sub-088,sub-021,SPRT,0.05665686521079651
sub-088,sub-096,SPRT,0.12241036574608118
sub-088,sub-027,SPRT,-0.04393952055105251
sub-088,sub-006,SPRT,0.03391915961479667
sub-088,sub-066,SPRT,0.08555313921038343
sub-088,sub-101,SPRT,0.10433026319415252
sub-088,sub-042,SPRT,0.000229864389402618
sub-088,sub-003,SPRT,0.020291485629401394
sub-088,sub-107,SPRT,0.09470296672496438
sub-088,sub-098,SPRT,0.13792429955732144
sub-088,sub-086,SPRT,-0.036965023264030825
sub-088,sub-013,SPRT,0.12117055891027582
sub-088,sub-068,SPRT,0.09738207635517575
sub-044,sub-009,SPRT,0.11167724612591474
sub-044,sub-041,SPRT,0.06621562911418824
sub-044,sub-024,SPRT,0.08919625858009293
sub-044,sub-016,SPRT,0.11913223931505285
sub-044,sub-112,SPRT,0.05669595224419238
sub-044,sub-058,SPRT,0.1466777510982361
sub-044,sub-018,SPRT,7.139978060385011e-05
sub-044,sub-048,SPRT,0.05003346312311912
sub-044,sub-087,SPRT,0.08593718429301425
sub-044,sub-091,SPRT,0.1111687653589378
sub-044,sub-083,SPRT,-0.008370468337602176
sub-044,sub-065,SPRT,0.16920826316835919
sub-044,sub-077,SPRT,0.09755286068260689
sub-044,sub-039,SPRT,0.08871080068364733
sub-044,sub-053,SPRT,-0.02352688056789318
sub-044,sub-075,SPRT,-0.03246476884186604
sub-044,sub-060,SPRT,0.12048748877248834
sub-044,sub-103,SPRT,0.1008449947593808
sub-044,sub-105,SPRT,0.04718513716798036
sub-044,sub-064,SPRT,0.054555487458515683
sub-044,sub-010,SPRT,0.1232743115910098
sub-044,sub-034,SPRT,-0.00490397158110229
sub-044,sub-002,SPRT,0.10670328685759992
sub-044,sub-085,SPRT,0.12505841563820858
sub-044,sub-021,SPRT,0.13968681148106307
sub-044,sub-096,SPRT,0.1087490035144073
sub-044,sub-027,SPRT,-0.024834368050580178
sub-044,sub-006,SPRT,0.09238995956412614
sub-044,sub-066,SPRT,0.11405533845135726
sub-044,sub-101,SPRT,0.0871928270705105
sub-044,sub-042,SPRT,0.05203589445586534
sub-044,sub-003,SPRT,0.005442882478284963
sub-044,sub-107,SPRT,-0.01612154560049029
sub-044,sub-098,SPRT,0.05305071234001733
sub-044,sub-086,SPRT,0.0661952851187771
sub-044,sub-013,SPRT,0.04503127606999115
sub-044,sub-068,SPRT,0.13272410173618918
sub-009,sub-041,SPRT,0.1497605044306681
sub-009,sub-024,SPRT,0.06273575891816825
sub-009,sub-016,SPRT,0.10858355928754183
sub-009,sub-112,SPRT,0.1255937843982411
sub-009,sub-058,SPRT,0.10622072939754902
sub-009,sub-018,SPRT,0.037644105486896395
sub-009,sub-048,SPRT,0.0283034647873208
sub-009,sub-087,SPRT,0.09882277504238772
sub-009,sub-091,SPRT,0.07839428449116737
sub-009,sub-083,SPRT,0.050043391190451654
sub-009,sub-065,SPRT,0.08843645707007317
sub-009,sub-077,SPRT,0.033358945948264
sub-009,sub-039,SPRT,0.10474496713869279
sub-009,sub-053,SPRT,-0.03569627720311712
sub-009,sub-075,SPRT,0.06453499537975063
sub-009,sub-060,SPRT,0.09082229250182154
sub-009,sub-103,SPRT,0.08773541150972088
sub-009,sub-105,SPRT,-0.00317690379109513
sub-009,sub-064,SPRT,0.12952681723526585
sub-009,sub-010,SPRT,0.07299162979304506
sub-009,sub-034,SPRT,0.0991271250887121
sub-009,sub-002,SPRT,0.1508147468894671
sub-009,sub-085,SPRT,0.1780243417997959
sub-009,sub-021,SPRT,-0.011274258230627091
sub-009,sub-096,SPRT,0.09499997732456811
sub-009,sub-027,SPRT,0.00997884224995062
sub-009,sub-006,SPRT,0.1346167898185148
sub-009,sub-066,SPRT,0.06102807389423658
sub-009,sub-101,SPRT,0.04266770925821786
sub-009,sub-042,SPRT,0.08904089323467015
sub-009,sub-003,SPRT,0.07062795176651375
sub-009,sub-107,SPRT,0.1100792192570402
sub-009,sub-098,SPRT,0.043140737961060195
sub-009,sub-086,SPRT,0.0668318829030519
sub-009,sub-013,SPRT,0.10964781015385788
sub-009,sub-068,SPRT,0.16598500179953612
sub-041,sub-024,SPRT,0.11840495487315246
sub-041,sub-016,SPRT,0.09210777924159685
sub-041,sub-112,SPRT,0.09570024228244066
sub-041,sub-058,SPRT,0.13153626126829834
sub-041,sub-018,SPRT,0.014911742495368552
sub-041,sub-048,SPRT,0.06531342399973335
sub-041,sub-087,SPRT,0.04804694963422434
sub-041,sub-091,SPRT,0.0934051487957128
sub-041,sub-083,SPRT,0.12310956625688899
sub-041,sub-065,SPRT,0.028989867287057047
sub-041,sub-077,SPRT,0.09108617472058908
sub-041,sub-039,SPRT,0.006560800234068875
sub-041,sub-053,SPRT,0.03485195571265542
sub-041,sub-075,SPRT,-0.0014973272222627823
sub-041,sub-060,SPRT,0.045301813560811525
sub-041,sub-103,SPRT,0.13947829420754804
sub-041,sub-105,SPRT,0.0111951578174633
sub-041,sub-064,SPRT,-0.004385698080991025
sub-041,sub-010,SPRT,0.023015252229024695
sub-041,sub-034,SPRT,0.06477619221612067
sub-041,sub-002,SPRT,0.019798553318180423
sub-041,sub-085,SPRT,0.10949487845420734
sub-041,sub-021,SPRT,0.006869708329348929
sub-041,sub-096,SPRT,0.15999901332048994
sub-041,sub-027,SPRT,0.0014123685773190934
sub-041,sub-006,SPRT,0.043242830344355075
sub-041,sub-066,SPRT,0.06147364640826056
sub-041,sub-101,SPRT,0.004019535758886587
sub-041,sub-042,SPRT,0.0728518407107354
sub-041,sub-003,SPRT,-0.00023602253054377667
sub-041,sub-107,SPRT,0.05851640473084133
sub-041,sub-098,SPRT,0.0662519270740697
sub-041,sub-086,SPRT,-0.07894051115928293
sub-041,sub-013,SPRT,0.0994615314255563
sub-041,sub-068,SPRT,0.13149003730295458
sub-024,sub-016,SPRT,0.10240988493820166
sub-024,sub-112,SPRT,0.042183685618986076
sub-024,sub-058,SPRT,0.09491275971081195
sub-024,sub-018,SPRT,-0.08454396705620697
sub-024,sub-048,SPRT,0.10217162425945504
sub-024,sub-087,SPRT,-0.05849201111401447
sub-024,sub-091,SPRT,0.05292037466967036
sub-024,sub-083,SPRT,-0.062012092561025446
sub-024,sub-065,SPRT,0.1435810314485852
sub-024,sub-077,SPRT,0.1391276008212195
sub-024,sub-039,SPRT,0.015680608249491707
sub-024,sub-053,SPRT,0.028392546264902157
sub-024,sub-075,SPRT,0.04875288823916137
sub-024,sub-060,SPRT,0.05770157422295814
sub-024,sub-103,SPRT,0.020162879360448156
sub-024,sub-105,SPRT,-0.01063317765550586
sub-024,sub-064,SPRT,-0.033408541568204594
sub-024,sub-010,SPRT,0.09775526776116181
sub-024,sub-034,SPRT,-0.0007684332841471095
sub-024,sub-002,SPRT,-0.013707533570301418
sub-024,sub-085,SPRT,-0.002893827332177734
sub-024,sub-021,SPRT,0.02618418250792156
sub-024,sub-096,SPRT,0.003502373842737394
sub-024,sub-027,SPRT,0.008833051508207148
sub-024,sub-006,SPRT,0.02548961252903205
sub-024,sub-066,SPRT,0.056486305628032946
sub-024,sub-101,SPRT,0.13912826723804309
sub-024,sub-042,SPRT,0.02840628983294281
sub-024,sub-003,SPRT,-0.04371718619705792
sub-024,sub-107,SPRT,0.12895537452377034
sub-024,sub-098,SPRT,-0.002409413514785888
sub-024,sub-086,SPRT,0.007985948193903237
sub-024,sub-013,SPRT,0.17085566011108158
sub-024,sub-068,SPRT,0.06410871933237236
sub-016,sub-112,SPRT,0.05267900798168569
sub-016,sub-058,SPRT,0.10378201879153268
sub-016,sub-018,SPRT,0.09573684436963026
sub-016,sub-048,SPRT,0.05092041025908345
sub-016,sub-087,SPRT,0.004340094737473154
sub-016,sub-091,SPRT,0.12491165347482981
sub-016,sub-083,SPRT,0.006155047906225989
sub-016,sub-065,SPRT,0.16120215433119398
sub-016,sub-077,SPRT,0.0912275383862203
sub-016,sub-039,SPRT,-0.009031322479595627
sub-016,sub-053,SPRT,0.09002848646763426
sub-016,sub-075,SPRT,0.01398260862117232
sub-016,sub-060,SPRT,0.08012937726814544
sub-016,sub-103,SPRT,0.03211379734271345
sub-016,sub-105,SPRT,0.060042106523916366
sub-016,sub-064,SPRT,0.02595773711132505
sub-016,sub-010,SPRT,0.023609852638354755
sub-016,sub-034,SPRT,0.017358239464991293
sub-016,sub-002,SPRT,0.0438338933466457
sub-016,sub-085,SPRT,-0.009713813873789365
sub-016,sub-021,SPRT,-0.05114596999595345
sub-016,sub-096,SPRT,-0.036484905391861305
sub-016,sub-027,SPRT,-0.0038566807573299786
sub-016,sub-006,SPRT,0.17756754669967448
sub-016,sub-066,SPRT,0.06131465593818
sub-016,sub-101,SPRT,0.03788619273410429
sub-016,sub-042,SPRT,-0.003936990096460693
sub-016,sub-003,SPRT,0.003994103887753003
sub-016,sub-107,SPRT,0.0069860975447275965
sub-016,sub-098,SPRT,0.005582613509911834
sub-016,sub-086,SPRT,0.004226198014927471
sub-016,sub-013,SPRT,0.043868242564212005
sub-016,sub-068,SPRT,0.11636714896097385
sub-112,sub-058,SPRT,0.0757577945200446
sub-112,sub-018,SPRT,0.0429440997564161
sub-112,sub-048,SPRT,0.10566936654203449
sub-112,sub-087,SPRT,0.08549242705650084
sub-112,sub-091,SPRT,-0.00900955676091852
sub-112,sub-083,SPRT,0.08331834869373221
sub-112,sub-065,SPRT,0.09538967218955585
sub-112,sub-077,SPRT,0.10176567265064553
sub-112,sub-039,SPRT,-0.07470983817208457
sub-112,sub-053,SPRT,0.003134432902018184
sub-112,sub-075,SPRT,-0.028380669006633736
sub-112,sub-060,SPRT,0.1305950588502552
sub-112,sub-103,SPRT,0.0754675536107238
sub-112,sub-105,SPRT,0.10283043488889168
sub-112,sub-064,SPRT,0.05046245662567886
sub-112,sub-010,SPRT,0.03220351932492267
sub-112,sub-034,SPRT,-0.0013630052217809521
sub-112,sub-002,SPRT,0.0501256253007348
sub-112,sub-085,SPRT,0.11347644532294475
sub-112,sub-021,SPRT,0.11823054020886063
sub-112,sub-096,SPRT,0.038639625407163904
sub-112,sub-027,SPRT,0.0013723418766970993
sub-112,sub-006,SPRT,0.05052359159254273
sub-112,sub-066,SPRT,-0.01579898103217226
sub-112,sub-101,SPRT,0.02614473061189261
sub-112,sub-042,SPRT,0.12176502413570157
sub-112,sub-003,SPRT,0.10439993596965963
sub-112,sub-107,SPRT,0.05810121130962457
sub-112,sub-098,SPRT,0.15023383300090315
sub-112,sub-086,SPRT,0.007804355644564944
sub-112,sub-013,SPRT,0.08585769843019168
sub-112,sub-068,SPRT,0.10748367090363051
sub-058,sub-018,SPRT,-0.0100000175700021
sub-058,sub-048,SPRT,0.09992305936716517
sub-058,sub-087,SPRT,0.11124770848227207
sub-058,sub-091,SPRT,0.05950586021786054
sub-058,sub-083,SPRT,0.06980666016176569
sub-058,sub-065,SPRT,0.09876383429460585
sub-058,sub-077,SPRT,0.12358285121143528
sub-058,sub-039,SPRT,-0.0030414772126423806
sub-058,sub-053,SPRT,0.04740540605572595
sub-058,sub-075,SPRT,0.04989576631362188
sub-058,sub-060,SPRT,0.1725874872656524
sub-058,sub-103,SPRT,0.10052527302869024
sub-058,sub-105,SPRT,0.0059579391719356434
sub-058,sub-064,SPRT,0.0757318776517834
sub-058,sub-010,SPRT,0.08129383657747581
sub-058,sub-034,SPRT,0.11837524319781396
sub-058,sub-002,SPRT,0.17034162498123237
sub-058,sub-085,SPRT,0.10329375507442504
sub-058,sub-021,SPRT,0.01102333777069794
sub-058,sub-096,SPRT,0.02436358762074877
sub-058,sub-027,SPRT,-0.07962655917510732
sub-058,sub-006,SPRT,0.1305305493628453
sub-058,sub-066,SPRT,0.06029661196464037
sub-058,sub-101,SPRT,0.016828090549286225
sub-058,sub-042,SPRT,0.021589974683408068
sub-058,sub-003,SPRT,0.007142923100263166
sub-058,sub-107,SPRT,0.1564187272530531
sub-058,sub-098,SPRT,0.09894264996730903
sub-058,sub-086,SPRT,0.004490621098997186
sub-058,sub-013,SPRT,0.102661783578682
sub-058,sub-068,SPRT,0.14666270065269657
sub-018,sub-048,SPRT,0.029607176189831993
sub-018,sub-087,SPRT,0.01777111638219564
sub-018,sub-091,SPRT,0.023618273493079486
sub-018,sub-083,SPRT,0.053455549317246207
sub-018,sub-065,SPRT,0.02303535112142269
sub-018,sub-077,SPRT,0.04917393026053307
sub-018,sub-039,SPRT,0.049296642206755864
sub-018,sub-053,SPRT,0.05627786494774654
sub-018,sub-075,SPRT,0.05526492800341094
sub-018,sub-060,SPRT,0.06275562411291517
sub-018,sub-103,SPRT,0.03482748140097484
sub-018,sub-105,SPRT,-0.014180971365888445
sub-018,sub-064,SPRT,0.016032277814792554
sub-018,sub-010,SPRT,-0.029467597209978068
sub-018,sub-034,SPRT,-0.026756785744417807
sub-018,sub-002,SPRT,0.09730517635310938
sub-018,sub-085,SPRT,0.0744647192264922
sub-018,sub-021,SPRT,0.0047333624910409254
sub-018,sub-096,SPRT,0.03194416271314285
sub-018,sub-027,SPRT,0.02383810161867992
sub-018,sub-006,SPRT,-0.010105914012402555
sub-018,sub-066,SPRT,0.13433325675812036
sub-018,sub-101,SPRT,0.033627697500545006
sub-018,sub-042,SPRT,0.1036997259418543
sub-018,sub-003,SPRT,-0.026178848883229303
sub-018,sub-107,SPRT,-0.005136468658971778
sub-018,sub-098,SPRT,0.02933190648583609
sub-018,sub-086,SPRT,-0.00454198329917374
sub-018,sub-013,SPRT,0.10153917049904712
sub-018,sub-068,SPRT,0.06625572930226349
sub-048,sub-087,SPRT,-0.0317380538003858
sub-048,sub-091,SPRT,0.012352978070822715
sub-048,sub-083,SPRT,0.02035232463952644
sub-048,sub-065,SPRT,0.014453018742143529
sub-048,sub-077,SPRT,-0.04177337025806993
sub-048,sub-039,SPRT,-0.0003217564568762124
sub-048,sub-053,SPRT,0.16987403671670864
sub-048,sub-075,SPRT,0.2717589969654452
sub-048,sub-060,SPRT,0.07495739578318486
sub-048,sub-103,SPRT,0.0822419603342324
sub-048,sub-105,SPRT,0.05154058217384732
sub-048,sub-064,SPRT,0.06618161168822222
sub-048,sub-010,SPRT,-0.059229886977431534
sub-048,sub-034,SPRT,0.03676793898286154
sub-048,sub-002,SPRT,0.0972611127838351
sub-048,sub-085,SPRT,0.00945451108081952
sub-048,sub-021,SPRT,0.18046920957071025
sub-048,sub-096,SPRT,0.024310268073171177
sub-048,sub-027,SPRT,-0.005286060026412014
sub-048,sub-006,SPRT,0.04706834669555725
sub-048,sub-066,SPRT,0.06111603223772633
sub-048,sub-101,SPRT,0.031199592180908082
sub-048,sub-042,SPRT,0.05590779490319997
sub-048,sub-003,SPRT,0.09926946276880091
sub-048,sub-107,SPRT,0.17835433338158493
sub-048,sub-098,SPRT,-0.004753581334115754
sub-048,sub-086,SPRT,0.11967804386251345
sub-048,sub-013,SPRT,0.10213389286640089
sub-048,sub-068,SPRT,0.13271840021004483
sub-087,sub-091,SPRT,0.06689768737741289
sub-087,sub-083,SPRT,0.13393087573232346
sub-087,sub-065,SPRT,0.0610580545150285
sub-087,sub-077,SPRT,0.07841671500825328
sub-087,sub-039,SPRT,-0.007232391564278026
sub-087,sub-053,SPRT,-0.06924401263528723
sub-087,sub-075,SPRT,-0.07957913154885113
sub-087,sub-060,SPRT,0.1738018708440933
sub-087,sub-103,SPRT,0.16367074096461254
sub-087,sub-105,SPRT,0.05050671946827361
sub-087,sub-064,SPRT,0.005274134329081067
sub-087,sub-010,SPRT,0.14745866289908222
sub-087,sub-034,SPRT,0.05033993715104633
sub-087,sub-002,SPRT,0.12360441797895895
sub-087,sub-085,SPRT,0.22996482870775561
sub-087,sub-021,SPRT,0.08938788272317098
sub-087,sub-096,SPRT,0.04772333570977352
sub-087,sub-027,SPRT,0.02179333598186749
sub-087,sub-006,SPRT,0.11743463346576516
sub-087,sub-066,SPRT,-0.01709740551920895
sub-087,sub-101,SPRT,-0.04922074286842021
sub-087,sub-042,SPRT,0.03740061558126872
sub-087,sub-003,SPRT,0.09060149303904494
sub-087,sub-107,SPRT,0.10449409284628902
sub-087,sub-098,SPRT,0.05292733795375402
sub-087,sub-086,SPRT,0.07620500130113585
sub-087,sub-013,SPRT,0.07886676131956857
sub-087,sub-068,SPRT,-0.018347156701185016
sub-091,sub-083,SPRT,0.04673150880749354
sub-091,sub-065,SPRT,0.14488734882413012
sub-091,sub-077,SPRT,0.018717818482373385
sub-091,sub-039,SPRT,0.0341588903572138
sub-091,sub-053,SPRT,0.09461494202056484
sub-091,sub-075,SPRT,0.017419539871676975
sub-091,sub-060,SPRT,0.1070701604479654
sub-091,sub-103,SPRT,0.062408589224816416
sub-091,sub-105,SPRT,0.027448164994607137
sub-091,sub-064,SPRT,0.08250368156462018
sub-091,sub-010,SPRT,0.040693011867418485
sub-091,sub-034,SPRT,0.07138050747181521
sub-091,sub-002,SPRT,0.07903314302419043
sub-091,sub-085,SPRT,0.1815613147553018
sub-091,sub-021,SPRT,-0.007667194558632617
sub-091,sub-096,SPRT,-0.014372013871272295
sub-091,sub-027,SPRT,-0.05757609562505744
sub-091,sub-006,SPRT,0.06483184038103126
sub-091,sub-066,SPRT,0.1473903871685832
sub-091,sub-101,SPRT,0.036376990105439856
sub-091,sub-042,SPRT,0.039240766903120165
sub-091,sub-003,SPRT,0.028425182137109255
sub-091,sub-107,SPRT,0.12496939219041107
sub-091,sub-098,SPRT,0.02377714133959333
sub-091,sub-086,SPRT,-0.0026264082873089733
sub-091,sub-013,SPRT,0.01675949985099004
sub-091,sub-068,SPRT,0.0955390222457067
sub-083,sub-065,SPRT,0.07825095835619889
sub-083,sub-077,SPRT,0.08367466557722968
sub-083,sub-039,SPRT,-0.006259498096430276
sub-083,sub-053,SPRT,0.06427821916182802
sub-083,sub-075,SPRT,-0.06128884698010635
sub-083,sub-060,SPRT,0.16646866166311433
sub-083,sub-103,SPRT,0.10968731386843103
sub-083,sub-105,SPRT,0.03534652890955453
sub-083,sub-064,SPRT,0.12097969279017043
sub-083,sub-010,SPRT,0.07418050151915467
sub-083,sub-034,SPRT,0.05308641497438486
sub-083,sub-002,SPRT,-0.03612232320424479
sub-083,sub-085,SPRT,0.23955332810067081
sub-083,sub-021,SPRT,-0.04370241666086564
sub-083,sub-096,SPRT,0.10240419335180062
sub-083,sub-027,SPRT,0.025313758091565643
sub-083,sub-006,SPRT,0.09721122312042926
sub-083,sub-066,SPRT,0.050257632260128374
sub-083,sub-101,SPRT,0.02956996201790383
sub-083,sub-042,SPRT,0.08761912153869307
sub-083,sub-003,SPRT,0.12719696756582352
sub-083,sub-107,SPRT,0.10900217499292364
sub-083,sub-098,SPRT,0.11138551707846508
sub-083,sub-086,SPRT,0.018375737067022835
sub-083,sub-013,SPRT,-0.002309187994136953
sub-083,sub-068,SPRT,0.07965614198211636
sub-065,sub-077,SPRT,0.12140896030444048
sub-065,sub-039,SPRT,-0.005146292888026067
sub-065,sub-053,SPRT,0.10478009613563402
sub-065,sub-075,SPRT,-0.0063580024334118695
sub-065,sub-060,SPRT,0.11587173323145826
sub-065,sub-103,SPRT,0.040323919211494114
sub-065,sub-105,SPRT,0.013516534654741605
sub-065,sub-064,SPRT,0.06595094633718238
sub-065,sub-010,SPRT,0.20984822001579942
sub-065,sub-034,SPRT,-0.0010359999336064536
sub-065,sub-002,SPRT,-0.008187621160510488
sub-065,sub-085,SPRT,0.06569124246506651
sub-065,sub-021,SPRT,0.0014478846700595395
sub-065,sub-096,SPRT,-0.018173391182165995
sub-065,sub-027,SPRT,-0.06278422080452722
sub-065,sub-006,SPRT,0.08953022960105443
sub-065,sub-066,SPRT,0.16493547952636065
sub-065,sub-101,SPRT,0.09261792257699339
sub-065,sub-042,SPRT,0.04538084291985884
sub-065,sub-003,SPRT,-0.002363936679906423
sub-065,sub-107,SPRT,0.10481607828815906
sub-065,sub-098,SPRT,0.04816241255363614
sub-065,sub-086,SPRT,0.04262866124260242
sub-065,sub-013,SPRT,0.08598227070782369
sub-065,sub-068,SPRT,0.22801947471665615
sub-077,sub-039,SPRT,0.006128869252831592
sub-077,sub-053,SPRT,-0.042893598539671854
sub-077,sub-075,SPRT,0.02376981618605378
sub-077,sub-060,SPRT,0.14306416915162692
sub-077,sub-103,SPRT,0.11072976261034641
sub-077,sub-105,SPRT,0.05024460269346638
sub-077,sub-064,SPRT,0.10815846593942804
sub-077,sub-010,SPRT,0.06775484435148489
sub-077,sub-034,SPRT,0.05514536698683051
sub-077,sub-002,SPRT,0.023901576367091587
sub-077,sub-085,SPRT,0.08180623438744544
sub-077,sub-021,SPRT,-0.03655107572727367
sub-077,sub-096,SPRT,0.1481557381597736
sub-077,sub-027,SPRT,0.06265991075448027
sub-077,sub-006,SPRT,0.062284278004388724
sub-077,sub-066,SPRT,0.07185802552660761
sub-077,sub-101,SPRT,0.10752995027669812
sub-077,sub-042,SPRT,0.09254285233525093
sub-077,sub-003,SPRT,0.045381490603735745
sub-077,sub-107,SPRT,0.10594279924429778
sub-077,sub-098,SPRT,0.052124133411588724
sub-077,sub-086,SPRT,0.016632666409300067
sub-077,sub-013,SPRT,0.09567537518717967
sub-077,sub-068,SPRT,0.06851522643957418
sub-039,sub-053,SPRT,-0.012785207566620245
sub-039,sub-075,SPRT,-0.023027002840579465
sub-039,sub-060,SPRT,0.09032654316513
sub-039,sub-103,SPRT,0.036430200985743205
sub-039,sub-105,SPRT,-0.05505320497849145
sub-039,sub-064,SPRT,-0.0777632031828016
sub-039,sub-010,SPRT,-0.044916184169788355
sub-039,sub-034,SPRT,0.016955365537716136
sub-039,sub-002,SPRT,0.09891262813134845
sub-039,sub-085,SPRT,-0.0008181517122099231
sub-039,sub-021,SPRT,0.07103183232732496
sub-039,sub-096,SPRT,0.015008840996013099
sub-039,sub-027,SPRT,0.08315352441281501
sub-039,sub-006,SPRT,0.10563367757430009
sub-039,sub-066,SPRT,0.0017738456087840883
sub-039,sub-101,SPRT,0.06422585488972102
sub-039,sub-042,SPRT,0.06035903353633273
sub-039,sub-003,SPRT,-0.030624062697951062
sub-039,sub-107,SPRT,0.012227407199358388
sub-039,sub-098,SPRT,-0.0015005270267610701
sub-039,sub-086,SPRT,0.02601744171588567
sub-039,sub-013,SPRT,-5.823076353403021e-05
sub-039,sub-068,SPRT,0.0501421475768046
sub-053,sub-075,SPRT,0.13697942915067982
sub-053,sub-060,SPRT,0.07192246096521741
sub-053,sub-103,SPRT,-0.007004795227333162
sub-053,sub-105,SPRT,0.1277752642888721
sub-053,sub-064,SPRT,0.05601701143190384
sub-053,sub-010,SPRT,0.07714786439081518
sub-053,sub-034,SPRT,0.023348350268270913
sub-053,sub-002,SPRT,0.13451549699555776
sub-053,sub-085,SPRT,-0.02375539306008723
sub-053,sub-021,SPRT,0.03151173247455388
sub-053,sub-096,SPRT,0.014225751492127285
sub-053,sub-027,SPRT,-0.019069993074535545
sub-053,sub-006,SPRT,-0.010491564912033235
sub-053,sub-066,SPRT,0.19970187115655122
sub-053,sub-101,SPRT,0.1094458419679243
sub-053,sub-042,SPRT,0.13761396097422351
sub-053,sub-003,SPRT,0.054792771010871655
sub-053,sub-107,SPRT,0.1317361854235655
sub-053,sub-098,SPRT,0.004188313753252497
sub-053,sub-086,SPRT,0.032727155710214374
sub-053,sub-013,SPRT,-0.01385181102889117
sub-053,sub-068,SPRT,0.06711531360087164
sub-075,sub-060,SPRT,0.035729983800279114
sub-075,sub-103,SPRT,0.01159391762506616
sub-075,sub-105,SPRT,0.07967609314381663
sub-075,sub-064,SPRT,0.033666146976850796
sub-075,sub-010,SPRT,-0.0472231538407797
sub-075,sub-034,SPRT,0.035676905912015874
sub-075,sub-002,SPRT,0.1450608983851884
sub-075,sub-085,SPRT,0.03953238722338888
sub-075,sub-021,SPRT,0.08250196086311049
sub-075,sub-096,SPRT,-0.013518409487925397
sub-075,sub-027,SPRT,0.011370760570097904
sub-075,sub-006,SPRT,-0.013072897933710272
sub-075,sub-066,SPRT,0.0708407868793805
sub-075,sub-101,SPRT,0.03883481468213937
sub-075,sub-042,SPRT,0.12701567839076222
sub-075,sub-003,SPRT,0.08041031855808535
sub-075,sub-107,SPRT,0.05308660628770925
sub-075,sub-098,SPRT,-0.02345308554798674
sub-075,sub-086,SPRT,-0.0123620670434248
sub-075,sub-013,SPRT,0.1316694478288276
sub-075,sub-068,SPRT,0.07801015561873854
sub-060,sub-103,SPRT,0.1041807968328618
sub-060,sub-105,SPRT,0.09176161867422716
sub-060,sub-064,SPRT,0.09733891130568113
sub-060,sub-010,SPRT,0.14712753864155134
sub-060,sub-034,SPRT,0.051585140472668885
sub-060,sub-002,SPRT,0.07214951920311849
sub-060,sub-085,SPRT,0.18353593881184077
sub-060,sub-021,SPRT,0.04345699317204505
sub-060,sub-096,SPRT,0.08663018111535523
sub-060,sub-027,SPRT,0.0385972819363788
sub-060,sub-006,SPRT,0.19543825380947594
sub-060,sub-066,SPRT,0.13934241355701113
sub-060,sub-101,SPRT,0.1389217969721785
sub-060,sub-042,SPRT,0.084421279545076
sub-060,sub-003,SPRT,0.13999589530496875
sub-060,sub-107,SPRT,0.1120574449386152
sub-060,sub-098,SPRT,0.16083021691401952
sub-060,sub-086,SPRT,0.07957308910814714
sub-060,sub-013,SPRT,0.05753106912478929
sub-060,sub-068,SPRT,0.11456544292834744
sub-103,sub-105,SPRT,0.12141786275179975
sub-103,sub-064,SPRT,0.08363711040647306
sub-103,sub-010,SPRT,0.12817877710201772
sub-103,sub-034,SPRT,0.10222214514911862
sub-103,sub-002,SPRT,0.0027622913334940788
sub-103,sub-085,SPRT,0.1799904904736038
sub-103,sub-021,SPRT,0.08783102773208208
sub-103,sub-096,SPRT,0.10236054183624244
sub-103,sub-027,SPRT,0.047336201184711116
sub-103,sub-006,SPRT,0.04423375989378946
sub-103,sub-066,SPRT,0.0277534181020158
sub-103,sub-101,SPRT,-0.0060498640193089636
sub-103,sub-042,SPRT,0.08227351965949765
sub-103,sub-003,SPRT,0.12622188601595152
sub-103,sub-107,SPRT,0.05512545177713156
sub-103,sub-098,SPRT,0.03990559285356438
sub-103,sub-086,SPRT,0.09048043616163202
sub-103,sub-013,SPRT,0.059805079667937584
sub-103,sub-068,SPRT,0.11342491795543537
sub-105,sub-064,SPRT,0.059252315378783026
sub-105,sub-010,SPRT,0.02027290722003592
sub-105,sub-034,SPRT,0.031863986075342104
sub-105,sub-002,SPRT,0.1162734402833647
sub-105,sub-085,SPRT,0.07492390442906978
sub-105,sub-021,SPRT,-0.023950110447149224
sub-105,sub-096,SPRT,0.033060430208797925
sub-105,sub-027,SPRT,0.04032323379365375
sub-105,sub-006,SPRT,0.008965055916070212
sub-105,sub-066,SPRT,0.07048028208797201
sub-105,sub-101,SPRT,-0.07429045041134627
sub-105,sub-042,SPRT,0.07285502627221783
sub-105,sub-003,SPRT,-0.04306052569451691
sub-105,sub-107,SPRT,0.08191582261261256
sub-105,sub-098,SPRT,0.014996043261125776
sub-105,sub-086,SPRT,-0.009865675917093735
sub-105,sub-013,SPRT,0.04206622979083955
sub-105,sub-068,SPRT,0.05183618579612412
sub-064,sub-010,SPRT,0.08575822249275468
sub-064,sub-034,SPRT,0.18338839716365624
sub-064,sub-002,SPRT,0.05140823837401827
sub-064,sub-085,SPRT,0.08649528171728746
sub-064,sub-021,SPRT,-0.08524766057063678
sub-064,sub-096,SPRT,0.12879599093788577
sub-064,sub-027,SPRT,0.08950733173529252
sub-064,sub-006,SPRT,-0.011246766844275356
sub-064,sub-066,SPRT,0.028991868126132914
sub-064,sub-101,SPRT,0.04171319758347346
sub-064,sub-042,SPRT,0.09539117263432828
sub-064,sub-003,SPRT,0.0368655806530741
sub-064,sub-107,SPRT,0.1726464913137571
sub-064,sub-098,SPRT,0.11297270956435461
sub-064,sub-086,SPRT,0.10860695639218347
sub-064,sub-013,SPRT,0.0758760930318567
sub-064,sub-068,SPRT,0.08262665572221672
sub-010,sub-034,SPRT,0.10708286885413155
sub-010,sub-002,SPRT,0.01677847077393275
sub-010,sub-085,SPRT,0.18461315311593837
sub-010,sub-021,SPRT,-0.007653368636744006
sub-010,sub-096,SPRT,0.0972001823727744
sub-010,sub-027,SPRT,-0.009828438399273876
sub-010,sub-006,SPRT,0.046606661087888544
sub-010,sub-066,SPRT,0.07500977147899046
sub-010,sub-101,SPRT,0.10690875728454083
sub-010,sub-042,SPRT,0.03299482885260381
sub-010,sub-003,SPRT,0.039989925362563114
sub-010,sub-107,SPRT,0.09310295534199835
sub-010,sub-098,SPRT,0.06253630407851854
sub-010,sub-086,SPRT,0.08319305614691094
sub-010,sub-013,SPRT,0.02269519651778449
sub-010,sub-068,SPRT,0.11165916516977793
sub-034,sub-002,SPRT,0.055272893940809115
sub-034,sub-085,SPRT,0.11400488680118813
sub-034,sub-021,SPRT,-0.0311629459088709
sub-034,sub-096,SPRT,0.07422977111761937
sub-034,sub-027,SPRT,0.07738275100315824
sub-034,sub-006,SPRT,-0.020428657276673527
sub-034,sub-066,SPRT,-0.07861500160510373
sub-034,sub-101,SPRT,0.08437378866712691
sub-034,sub-042,SPRT,0.02586560630558569
sub-034,sub-003,SPRT,0.0338365214984514
sub-034,sub-107,SPRT,0.13047133910409403
sub-034,sub-098,SPRT,0.03286845073310154
sub-034,sub-086,SPRT,0.0487092932651015
sub-034,sub-013,SPRT,0.09351858895962974
sub-034,sub-068,SPRT,0.06418930830791779
sub-002,sub-085,SPRT,-0.03326215674908968
sub-002,sub-021,SPRT,0.05885128015652014
sub-002,sub-096,SPRT,0.0010978695479854058
sub-002,sub-027,SPRT,-0.0006889968188801825
sub-002,sub-006,SPRT,0.04675670431374691
sub-002,sub-066,SPRT,0.05625429916949588
sub-002,sub-101,SPRT,-0.03722269887061261
sub-002,sub-042,SPRT,0.09184135289006745
sub-002,sub-003,SPRT,-0.014879707585184124
sub-002,sub-107,SPRT,0.10733057477472739
sub-002,sub-098,SPRT,-0.03200825267268582
sub-002,sub-086,SPRT,0.031521973232555865
sub-002,sub-013,SPRT,0.09064143585249798
sub-002,sub-068,SPRT,0.059141138798333506
sub-085,sub-021,SPRT,-0.004294593694485076
sub-085,sub-096,SPRT,0.09192456548447421
sub-085,sub-027,SPRT,-0.03537452817493139
sub-085,sub-006,SPRT,0.01341000586124077
sub-085,sub-066,SPRT,0.0501063261785675
sub-085,sub-101,SPRT,0.05429051391996707
sub-085,sub-042,SPRT,0.15241907773204194
sub-085,sub-003,SPRT,0.09183218096624175
sub-085,sub-107,SPRT,0.22860985155911312
sub-085,sub-098,SPRT,0.08132085267360821
sub-085,sub-086,SPRT,0.043037464795127725
sub-085,sub-013,SPRT,0.0306693995551668
sub-085,sub-068,SPRT,0.05981488586795114
sub-021,sub-096,SPRT,0.014851917353514717
sub-021,sub-027,SPRT,0.08092725943223501
sub-021,sub-006,SPRT,0.05111461108787273
sub-021,sub-066,SPRT,-0.00389219810131782
sub-021,sub-101,SPRT,-0.005830280362869919
sub-021,sub-042,SPRT,0.010811389083600204
sub-021,sub-003,SPRT,0.02100745363351562
sub-021,sub-107,SPRT,0.04787830199909518
sub-021,sub-098,SPRT,0.0031569872207705056
sub-021,sub-086,SPRT,-0.002191329096197983
sub-021,sub-013,SPRT,0.06325185950454179
sub-021,sub-068,SPRT,-0.031604610004721395
sub-096,sub-027,SPRT,0.09607488308243718
sub-096,sub-006,SPRT,0.03014086569550123
sub-096,sub-066,SPRT,0.01642018852376937
sub-096,sub-101,SPRT,0.08683317303190885
sub-096,sub-042,SPRT,0.05050946408475473
sub-096,sub-003,SPRT,0.07626219866841649
sub-096,sub-107,SPRT,0.12774870955957573
sub-096,sub-098,SPRT,0.12342738990794445
sub-096,sub-086,SPRT,0.07061067668956705
sub-096,sub-013,SPRT,0.04698753075396184
sub-096,sub-068,SPRT,0.042151447162439466
sub-027,sub-006,SPRT,0.009113742801676544
sub-027,sub-066,SPRT,-0.021853843406107402
sub-027,sub-101,SPRT,0.05251575633832467
sub-027,sub-042,SPRT,0.03224348978206618
sub-027,sub-003,SPRT,0.008034119326954902
sub-027,sub-107,SPRT,0.0016238130337051435
sub-027,sub-098,SPRT,0.01899632598304812
sub-027,sub-086,SPRT,-0.03529660867049218
sub-027,sub-013,SPRT,-0.01331513910239524
sub-027,sub-068,SPRT,0.02772101479156786
sub-006,sub-066,SPRT,0.04482323383679516
sub-006,sub-101,SPRT,0.030185602520876875
sub-006,sub-042,SPRT,0.01013663065083393
sub-006,sub-003,SPRT,0.038429709886068766
sub-006,sub-107,SPRT,0.07109278449018978
sub-006,sub-098,SPRT,0.18167690261847264
sub-006,sub-086,SPRT,0.04292284698570336
sub-006,sub-013,SPRT,0.04785462654277221
sub-006,sub-068,SPRT,0.08200681312296075
sub-066,sub-101,SPRT,0.10535897622362782
sub-066,sub-042,SPRT,0.07021135555190225
sub-066,sub-003,SPRT,0.022883716457266022
sub-066,sub-107,SPRT,0.09988047713666455
sub-066,sub-098,SPRT,-0.016652393565089012
sub-066,sub-086,SPRT,0.043310220850234456
sub-066,sub-013,SPRT,0.03576913165197537
sub-066,sub-068,SPRT,0.07951385865917689
sub-101,sub-042,SPRT,0.011660936483035803
sub-101,sub-003,SPRT,0.026355546091328216
sub-101,sub-107,SPRT,0.05134691249846427
sub-101,sub-098,SPRT,-0.004556515503160693
sub-101,sub-086,SPRT,0.05554646316468904
sub-101,sub-013,SPRT,0.059158088235381406
sub-101,sub-068,SPRT,0.1450601097525503
sub-042,sub-003,SPRT,0.08794809342391875
sub-042,sub-107,SPRT,0.12140519700477982
sub-042,sub-098,SPRT,0.1207751670327711
sub-042,sub-086,SPRT,-0.016618268308271057
sub-042,sub-013,SPRT,-0.012020679422402187
sub-042,sub-068,SPRT,0.1320418768111671
sub-003,sub-107,SPRT,-0.0023394515319260477
sub-003,sub-098,SPRT,0.06119716351486798
sub-003,sub-086,SPRT,0.028491356589385775
sub-003,sub-013,SPRT,0.014375194367207416
sub-003,sub-068,SPRT,0.07186154691814438
sub-107,sub-098,SPRT,0.12144141524237696
sub-107,sub-086,SPRT,0.1347579803481617
sub-107,sub-013,SPRT,0.07473899875754861
sub-107,sub-068,SPRT,0.07767737715841609
sub-098,sub-086,SPRT,0.11027339559175202
sub-098,sub-013,SPRT,0.005294259063226992
sub-098,sub-068,SPRT,0.07039815903374014
sub-086,sub-013,SPRT,-0.05803203215192931
sub-086,sub-068,SPRT,0.07782442061465619
sub-013,sub-068,SPRT,0.0630159147699341
sub-067,sub-054,RRT,0.087821552610804
sub-067,sub-078,RRT,0.050760257547821964
sub-067,sub-046,RRT,0.053614554308321835
sub-067,sub-097,RRT,0.13556103605410116
sub-067,sub-079,RRT,0.03748988438183704
sub-067,sub-028,RRT,0.00027457240663324823
sub-067,sub-089,RRT,0.07308237254771649
sub-067,sub-109,RRT,-0.014466897895489605
sub-067,sub-070,RRT,0.10675961208316144
sub-067,sub-111,RRT,0.04191429760336544
sub-067,sub-073,RRT,0.05884335694221664
sub-067,sub-001,RRT,0.016965092023101872
sub-067,sub-095,RRT,0.11463576098678527
sub-067,sub-012,RRT,-0.006987648586644983
sub-067,sub-052,RRT,0.06610171062885636
sub-067,sub-094,RRT,0.004770622394889602
sub-067,sub-088,RRT,-0.08222186792626564
sub-067,sub-044,RRT,-0.021746301714154745
sub-067,sub-009,RRT,0.068979679989755
sub-067,sub-041,RRT,0.07933793376105092
sub-067,sub-024,RRT,-0.009396160873057662
sub-067,sub-016,RRT,0.03028528341706726
sub-067,sub-112,RRT,0.017500563400320225
sub-067,sub-058,RRT,0.0031777273647995517
sub-067,sub-018,RRT,0.0035598880503902703
sub-067,sub-048,RRT,-0.025383061463739028
sub-067,sub-087,RRT,0.06253637349031137
sub-067,sub-091,RRT,0.030797469089050334
sub-067,sub-083,RRT,0.08644406476081416
sub-067,sub-065,RRT,0.05425484788823244
sub-067,sub-077,RRT,0.0813855354595634
sub-067,sub-039,RRT,0.03595810444186178
sub-067,sub-053,RRT,0.12769658711707826
sub-067,sub-075,RRT,0.11356327183267369
sub-067,sub-060,RRT,0.04423309157805733
sub-067,sub-103,RRT,0.08628474272036799
sub-067,sub-105,RRT,0.07663409298846015
sub-067,sub-064,RRT,0.07345110081768677
sub-067,sub-010,RRT,0.01329995787434661
sub-067,sub-034,RRT,0.007891473266998779
sub-067,sub-002,RRT,-0.04205286240137035
sub-067,sub-085,RRT,0.07703882696969935
sub-067,sub-021,RRT,-0.047020760929282195
sub-067,sub-096,RRT,0.07536268408304099
sub-067,sub-027,RRT,0.012309249050031322
sub-067,sub-006,RRT,-0.007126325269276738
sub-067,sub-066,RRT,0.035911336580437624
sub-067,sub-101,RRT,-0.010309962523286535
sub-067,sub-042,RRT,0.055907643213377156
sub-067,sub-003,RRT,0.09553011292477613
sub-067,sub-107,RRT,0.049422823008678646
sub-067,sub-098,RRT,0.07430901286197084
sub-067,sub-086,RRT,0.068437616848769
sub-067,sub-013,RRT,0.002822904471453242
sub-067,sub-068,RRT,-0.021627930645087466
sub-054,sub-078,RRT,0.017532028256502578
sub-054,sub-046,RRT,0.08921686802278388
sub-054,sub-097,RRT,0.08756214855186459
sub-054,sub-079,RRT,0.23155219696405624
sub-054,sub-028,RRT,0.1474778258449447
sub-054,sub-089,RRT,0.04916199446780888
sub-054,sub-109,RRT,-0.0032821640227682627
sub-054,sub-070,RRT,0.26012838659655374
sub-054,sub-111,RRT,0.11174689909656411
sub-054,sub-073,RRT,0.000663472144860774
sub-054,sub-001,RRT,-0.0003750587190048403
sub-054,sub-095,RRT,0.11504393118257235
sub-054,sub-012,RRT,-0.014772201474190073
sub-054,sub-052,RRT,0.037424240841003265
sub-054,sub-094,RRT,0.06840875924742464
sub-054,sub-088,RRT,0.03293402283025355
sub-054,sub-044,RRT,0.05804071293073164
sub-054,sub-009,RRT,0.05692269209317185
sub-054,sub-041,RRT,0.023225448358903188
sub-054,sub-024,RRT,0.1490986548790957
sub-054,sub-016,RRT,0.0002037779207080161
sub-054,sub-112,RRT,-0.05160758586330837
sub-054,sub-058,RRT,0.037080884549686
sub-054,sub-018,RRT,0.0954962746661045
sub-054,sub-048,RRT,-0.009955624688479776
sub-054,sub-087,RRT,-0.04643371345817724
sub-054,sub-091,RRT,0.08819692349334891
sub-054,sub-083,RRT,0.09871181481903986
sub-054,sub-065,RRT,0.011605121409067281
sub-054,sub-077,RRT,0.003598502802674969
sub-054,sub-039,RRT,0.00977942705717675
sub-054,sub-053,RRT,0.06893337033857208
sub-054,sub-075,RRT,0.2784317264049904
sub-054,sub-060,RRT,-0.02881470063082302
sub-054,sub-103,RRT,0.01791410334313495
sub-054,sub-105,RRT,0.048098755474315025
sub-054,sub-064,RRT,0.21523046905588
sub-054,sub-010,RRT,0.013015887431849725
sub-054,sub-034,RRT,0.20922169328632936
sub-054,sub-002,RRT,0.07858085447561215
sub-054,sub-085,RRT,0.06905000637981824
sub-054,sub-021,RRT,-0.025808969606182054
sub-054,sub-096,RRT,0.0429552293287173
sub-054,sub-027,RRT,0.06135892883418127
sub-054,sub-006,RRT,0.029125494578714255
sub-054,sub-066,RRT,-0.005334223119511889
sub-054,sub-101,RRT,0.1406028606476904
sub-054,sub-042,RRT,0.07706629442255872
sub-054,sub-003,RRT,0.028608557678029313
sub-054,sub-107,RRT,-0.01286116211112631
sub-054,sub-098,RRT,0.016146458706265965
sub-054,sub-086,RRT,0.07285367812328543
sub-054,sub-013,RRT,0.12460240582854028
sub-054,sub-068,RRT,0.02062383937629226
sub-078,sub-046,RRT,0.14796900257814666
sub-078,sub-097,RRT,0.1902357339976722
sub-078,sub-079,RRT,0.11362191207051832
sub-078,sub-028,RRT,0.08293534537439984
sub-078,sub-089,RRT,0.10944955285200433
sub-078,sub-109,RRT,0.10290719048296662
sub-078,sub-070,RRT,-0.010436337915950201
sub-078,sub-111,RRT,0.1621551374171188
sub-078,sub-073,RRT,0.11597298432732854
sub-078,sub-001,RRT,0.13701899189587521
sub-078,sub-095,RRT,0.18698088334222884
sub-078,sub-012,RRT,0.05684166159814829
sub-078,sub-052,RRT,0.15447551643461804
sub-078,sub-094,RRT,0.1326061031432832
sub-078,sub-088,RRT,0.046044074215595227
sub-078,sub-044,RRT,0.11006211953847378
sub-078,sub-009,RRT,0.2576083661266023
sub-078,sub-041,RRT,0.1355530027639031
sub-078,sub-024,RRT,0.011943340903334484
sub-078,sub-016,RRT,0.14361616105263977
sub-078,sub-112,RRT,0.14285373074548616
sub-078,sub-058,RRT,0.15344338224132878
sub-078,sub-018,RRT,0.016615186876762656
sub-078,sub-048,RRT,0.09978781291494192
sub-078,sub-087,RRT,0.15308240708338766
sub-078,sub-091,RRT,0.16060730613430851
sub-078,sub-083,RRT,0.2656303025515145
sub-078,sub-065,RRT,0.09947530619109156
sub-078,sub-077,RRT,0.12405990663524655
sub-078,sub-039,RRT,0.02545628490344819
sub-078,sub-053,RRT,0.011312765526363112
sub-078,sub-075,RRT,0.06507511553376435
sub-078,sub-060,RRT,0.12496206664357341
sub-078,sub-103,RRT,0.13700439479090917
sub-078,sub-105,RRT,0.1326330410029322
sub-078,sub-064,RRT,0.04552197815007954
sub-078,sub-010,RRT,-0.013077611579696266
sub-078,sub-034,RRT,0.0487981907454656
sub-078,sub-002,RRT,0.07129727376773887
sub-078,sub-085,RRT,0.13980212726180755
sub-078,sub-021,RRT,0.009252847628214848
sub-078,sub-096,RRT,0.10995536346880078
sub-078,sub-027,RRT,0.06749941339013704
sub-078,sub-006,RRT,0.08344045364467212
sub-078,sub-066,RRT,0.06397380486296791
sub-078,sub-101,RRT,0.15742408861855833
sub-078,sub-042,RRT,0.1762130567221833
sub-078,sub-003,RRT,0.2167368416950767
sub-078,sub-107,RRT,0.06603809294208354
sub-078,sub-098,RRT,0.03997996099017447
sub-078,sub-086,RRT,-0.057057806777931375
sub-078,sub-013,RRT,0.0877134971483258
sub-078,sub-068,RRT,0.08647834271459662
sub-046,sub-097,RRT,0.065505980607956
sub-046,sub-079,RRT,0.1467179107574076
sub-046,sub-028,RRT,0.11153946521512137
sub-046,sub-089,RRT,0.13642817871826846
sub-046,sub-109,RRT,-0.005590001378911314
sub-046,sub-070,RRT,-0.042168670470384424
sub-046,sub-111,RRT,0.10481065415857359
sub-046,sub-073,RRT,0.07336814672344646
sub-046,sub-001,RRT,0.15805043645485778
sub-046,sub-095,RRT,0.1457467841486486
sub-046,sub-012,RRT,0.09416084979274622
sub-046,sub-052,RRT,0.07264992075517027
sub-046,sub-094,RRT,0.0440065223454691
sub-046,sub-088,RRT,0.1438441653909214
sub-046,sub-044,RRT,0.13232351114281865
sub-046,sub-009,RRT,0.15029125783130454
sub-046,sub-041,RRT,0.1406817116685556
sub-046,sub-024,RRT,-0.0708178124534553
sub-046,sub-016,RRT,0.10553509838910252
sub-046,sub-112,RRT,0.021820007727077432
sub-046,sub-058,RRT,0.1206548195463952
sub-046,sub-018,RRT,-0.05998950845240969
sub-046,sub-048,RRT,0.1271422880170589
sub-046,sub-087,RRT,0.09640044221882205
sub-046,sub-091,RRT,0.20979487398363386
sub-046,sub-083,RRT,0.060294794891735344
sub-046,sub-065,RRT,0.1299743621552445
sub-046,sub-077,RRT,0.029886680523020813
sub-046,sub-039,RRT,0.09763212764444194
sub-046,sub-053,RRT,0.0411086742962664
sub-046,sub-075,RRT,0.0667123610791235
sub-046,sub-060,RRT,0.09969648619867794
sub-046,sub-103,RRT,0.11286536248459829
sub-046,sub-105,RRT,0.0877527401959608
sub-046,sub-064,RRT,0.043148074330564924
sub-046,sub-010,RRT,0.006238846367265063
sub-046,sub-034,RRT,-0.008184908161356095
sub-046,sub-002,RRT,0.06660077631627766
sub-046,sub-085,RRT,0.1270988663345067
sub-046,sub-021,RRT,0.017447285448552733
sub-046,sub-096,RRT,0.04236196148333739
sub-046,sub-027,RRT,0.016922906734702224
sub-046,sub-006,RRT,0.14961334687809
sub-046,sub-066,RRT,0.09279126185126219
sub-046,sub-101,RRT,0.008076263870753043
sub-046,sub-042,RRT,0.09469924653208205
sub-046,sub-003,RRT,0.03153832368943251
sub-046,sub-107,RRT,0.05857562025972172
sub-046,sub-098,RRT,0.09548148093870197
sub-046,sub-086,RRT,-0.022942716402797613
sub-046,sub-013,RRT,0.15268827329359935
sub-046,sub-068,RRT,0.04376607220660428
sub-097,sub-079,RRT,0.10657192530957417
sub-097,sub-028,RRT,0.23825733586564918
sub-097,sub-089,RRT,0.07102017084094175
sub-097,sub-109,RRT,0.17258805252233114
sub-097,sub-070,RRT,0.2308576286457121
sub-097,sub-111,RRT,0.1492818835858603
sub-097,sub-073,RRT,0.04974028508803764
sub-097,sub-001,RRT,0.05004968006698606
sub-097,sub-095,RRT,0.23783452540815778
sub-097,sub-012,RRT,0.06124591487788797
sub-097,sub-052,RRT,0.12856986979012727
sub-097,sub-094,RRT,0.1349614017099624
sub-097,sub-088,RRT,0.049776502378500107
sub-097,sub-044,RRT,0.019485304610441012
sub-097,sub-009,RRT,0.0878369482202316
sub-097,sub-041,RRT,0.09571490155284534
sub-097,sub-024,RRT,0.283588161828787
sub-097,sub-016,RRT,0.13656741632710037
sub-097,sub-112,RRT,0.10812636356386747
sub-097,sub-058,RRT,0.08175031696387176
sub-097,sub-018,RRT,0.05160840549198834
sub-097,sub-048,RRT,0.08339372255917059
sub-097,sub-087,RRT,0.2139407543584155
sub-097,sub-091,RRT,0.07600426115447657
sub-097,sub-083,RRT,0.24993303351201446
sub-097,sub-065,RRT,0.08236396764783349
sub-097,sub-077,RRT,0.199348550119782
sub-097,sub-039,RRT,-0.016414829263862434
sub-097,sub-053,RRT,0.08492987106893543
sub-097,sub-075,RRT,0.23435468730358555
sub-097,sub-060,RRT,0.17805915842006828
sub-097,sub-103,RRT,0.15805406745695896
sub-097,sub-105,RRT,0.03476019401052502
sub-097,sub-064,RRT,0.1176806189639214
sub-097,sub-010,RRT,0.022546810603514458
sub-097,sub-034,RRT,0.2243146992420939
sub-097,sub-002,RRT,0.11140083228293342
sub-097,sub-085,RRT,0.15641774264423627
sub-097,sub-021,RRT,0.0266799003538274
sub-097,sub-096,RRT,0.05729969634154484
sub-097,sub-027,RRT,0.10074554204750025
sub-097,sub-006,RRT,0.05095137611045109
sub-097,sub-066,RRT,0.04132405406619718
sub-097,sub-101,RRT,0.17300690109742875
sub-097,sub-042,RRT,0.22007586760277834
sub-097,sub-003,RRT,0.1116770156473635
sub-097,sub-107,RRT,0.1167004867040748
sub-097,sub-098,RRT,0.06978665176311227
sub-097,sub-086,RRT,0.13415649831953744
sub-097,sub-013,RRT,0.114389319472546
sub-097,sub-068,RRT,0.1304212941911228
sub-079,sub-028,RRT,0.07233222024953366
sub-079,sub-089,RRT,0.04268677350430199
sub-079,sub-109,RRT,-0.08634537816737387
sub-079,sub-070,RRT,0.10794067157573169
sub-079,sub-111,RRT,0.08193821289727725
sub-079,sub-073,RRT,0.045594410843505385
sub-079,sub-001,RRT,0.09221781600282035
sub-079,sub-095,RRT,0.18359712997731842
sub-079,sub-012,RRT,-0.01911390866712069
sub-079,sub-052,RRT,0.1575828462442593
sub-079,sub-094,RRT,0.04891347271842796
sub-079,sub-088,RRT,0.11245834551938988
sub-079,sub-044,RRT,0.19080613833523732
sub-079,sub-009,RRT,0.18704399122746265
sub-079,sub-041,RRT,0.1129984174155875
sub-079,sub-024,RRT,0.05583903180722593
sub-079,sub-016,RRT,0.20893880819068253
sub-079,sub-112,RRT,-0.020040681735610372
sub-079,sub-058,RRT,0.15679453261619902
sub-079,sub-018,RRT,-0.06645480848728727
sub-079,sub-048,RRT,0.08407084421011576
sub-079,sub-087,RRT,0.09815329085023598
sub-079,sub-091,RRT,0.2388860314997178
sub-079,sub-083,RRT,0.10330050368721748
sub-079,sub-065,RRT,0.09985193697830363
sub-079,sub-077,RRT,0.04504865192879492
sub-079,sub-039,RRT,-0.00685127340416145
sub-079,sub-053,RRT,0.08494354166100763
sub-079,sub-075,RRT,0.0634967333357913
sub-079,sub-060,RRT,0.059694558329373405
sub-079,sub-103,RRT,0.01972836323850897
sub-079,sub-105,RRT,0.10757293649801969
sub-079,sub-064,RRT,0.07050076497101358
sub-079,sub-010,RRT,-0.014215021597651634
sub-079,sub-034,RRT,0.13229863440133421
sub-079,sub-002,RRT,-0.0031330623181109315
sub-079,sub-085,RRT,0.07786364525814743
sub-079,sub-021,RRT,-0.039793556544625686
sub-079,sub-096,RRT,0.01750853582461585
sub-079,sub-027,RRT,-0.016586646474705303
sub-079,sub-006,RRT,0.10485049233797054
sub-079,sub-066,RRT,0.0300474790191633
sub-079,sub-101,RRT,0.08936337661791519
sub-079,sub-042,RRT,0.1561277802010773
sub-079,sub-003,RRT,0.01930877711544471
sub-079,sub-107,RRT,0.1280136375319755
sub-079,sub-098,RRT,0.23844442155762083
sub-079,sub-086,RRT,-0.012921897813808696
sub-079,sub-013,RRT,0.0647845266229321
sub-079,sub-068,RRT,0.08907663826018439
sub-028,sub-089,RRT,0.02769844717909615
sub-028,sub-109,RRT,0.0934358621839867
sub-028,sub-070,RRT,0.0310801735790584
sub-028,sub-111,RRT,0.0720347791748164
sub-028,sub-073,RRT,0.05010974203343389
sub-028,sub-001,RRT,0.16179557261675714
sub-028,sub-095,RRT,0.18103977538308672
sub-028,sub-012,RRT,0.07794874820299078
sub-028,sub-052,RRT,0.07841187359559862
sub-028,sub-094,RRT,0.13464576093452554
sub-028,sub-088,RRT,0.08243017596220352
sub-028,sub-044,RRT,0.027478004052908882
sub-028,sub-009,RRT,0.044262149778654884
sub-028,sub-041,RRT,0.0898649339251603
sub-028,sub-024,RRT,0.12938028155683515
sub-028,sub-016,RRT,-0.033539097797045815
sub-028,sub-112,RRT,0.13540260076999686
sub-028,sub-058,RRT,0.19826745297225762
sub-028,sub-018,RRT,0.12005826590825353
sub-028,sub-048,RRT,0.09483423819002204
sub-028,sub-087,RRT,0.21649610047925405
sub-028,sub-091,RRT,0.12496847232631539
sub-028,sub-083,RRT,0.09941948960411512
sub-028,sub-065,RRT,0.05950927561023418
sub-028,sub-077,RRT,0.17413357936956733
sub-028,sub-039,RRT,-0.01076559602541542
sub-028,sub-053,RRT,0.07698396796962137
sub-028,sub-075,RRT,0.2497986043160035
sub-028,sub-060,RRT,0.22540455680499988
sub-028,sub-103,RRT,0.12806663056303189
sub-028,sub-105,RRT,0.12131338534217544
sub-028,sub-064,RRT,0.18049374576772634
sub-028,sub-010,RRT,0.15707407379833707
sub-028,sub-034,RRT,0.13538684815805316
sub-028,sub-002,RRT,0.13827676435021508
sub-028,sub-085,RRT,0.12358096275453362
sub-028,sub-021,RRT,0.011005780711272763
sub-028,sub-096,RRT,0.06224781317517467
sub-028,sub-027,RRT,0.12711321820022972
sub-028,sub-006,RRT,0.06775013013085747
sub-028,sub-066,RRT,0.017017540543068994
sub-028,sub-101,RRT,0.10961678702106506
sub-028,sub-042,RRT,0.10794301309107412
sub-028,sub-003,RRT,0.059218772831555674
sub-028,sub-107,RRT,0.11808948565886931
sub-028,sub-098,RRT,0.06801265813783469
sub-028,sub-086,RRT,0.031005503212296788
sub-028,sub-013,RRT,0.107725104542481
sub-028,sub-068,RRT,0.07068298505464456
sub-089,sub-109,RRT,-0.05907674530960463
sub-089,sub-070,RRT,0.014122822168943693
sub-089,sub-111,RRT,0.05530811928251036
sub-089,sub-073,RRT,0.004929061737900449
sub-089,sub-001,RRT,0.05547808630735889
sub-089,sub-095,RRT,0.05178043860213734
sub-089,sub-012,RRT,-0.02049982831861662
sub-089,sub-052,RRT,0.060446636118924084
sub-089,sub-094,RRT,0.049478688462589585
sub-089,sub-088,RRT,0.015455965137485062
sub-089,sub-044,RRT,-0.0022689208468604357
sub-089,sub-009,RRT,0.12984369674917703
sub-089,sub-041,RRT,0.0856086144858102
sub-089,sub-024,RRT,-0.017423468385209303
sub-089,sub-016,RRT,0.06370715262487936
sub-089,sub-112,RRT,0.06041837229787653
sub-089,sub-058,RRT,0.10446986378313897
sub-089,sub-018,RRT,-0.016347764551329
sub-089,sub-048,RRT,0.02508646206491567
sub-089,sub-087,RRT,0.03258129810389732
sub-089,sub-091,RRT,0.16022217246759934
sub-089,sub-083,RRT,0.08123426743701681
sub-089,sub-065,RRT,-0.0015115751898842089
sub-089,sub-077,RRT,0.07369323577215695
sub-089,sub-039,RRT,0.08363884310151239
sub-089,sub-053,RRT,0.03521821509196275
sub-089,sub-075,RRT,0.03436281237872087
sub-089,sub-060,RRT,0.02896170337441812
sub-089,sub-103,RRT,0.05074552369815554
sub-089,sub-105,RRT,0.02460623434878531
sub-089,sub-064,RRT,0.031152337750649496
sub-089,sub-010,RRT,0.07189934016397334
sub-089,sub-034,RRT,-0.050312088597604096
sub-089,sub-002,RRT,0.019246336336949586
sub-089,sub-085,RRT,0.038722890945499966
sub-089,sub-021,RRT,-0.01742319764253503
sub-089,sub-096,RRT,0.017350297913705574
sub-089,sub-027,RRT,-0.06702848058959675
sub-089,sub-006,RRT,0.07180260421332793
sub-089,sub-066,RRT,0.09969769120425286
sub-089,sub-101,RRT,0.07472160534059737
sub-089,sub-042,RRT,0.06855138624205778
sub-089,sub-003,RRT,0.07766466442831828
sub-089,sub-107,RRT,0.023035730202200694
sub-089,sub-098,RRT,0.008536467874850982
sub-089,sub-086,RRT,0.04753224679950681
sub-089,sub-013,RRT,-0.007238182267082163
sub-089,sub-068,RRT,0.05465364884389555
sub-109,sub-070,RRT,-0.07314076838376259
sub-109,sub-111,RRT,0.1817744332211213
sub-109,sub-073,RRT,-0.012467690833973095
sub-109,sub-001,RRT,0.05880148793463885
sub-109,sub-095,RRT,0.05823472906561372
sub-109,sub-012,RRT,0.022367702348864427
sub-109,sub-052,RRT,0.01470705138039124
sub-109,sub-094,RRT,0.11746832536948229
sub-109,sub-088,RRT,-0.04365782422115982
sub-109,sub-044,RRT,0.02318648280228663
sub-109,sub-009,RRT,0.025167939511655246
sub-109,sub-041,RRT,0.057254485492536734
sub-109,sub-024,RRT,-0.03639127281256009
sub-109,sub-016,RRT,-0.06521791528033623
sub-109,sub-112,RRT,0.1165776007712276
sub-109,sub-058,RRT,-0.004271299765799934
sub-109,sub-018,RRT,0.21013590180477348
sub-109,sub-048,RRT,-0.041246659324993815
sub-109,sub-087,RRT,0.02173854288324495
sub-109,sub-091,RRT,-0.1130875639318457
sub-109,sub-083,RRT,0.0364554486068946
sub-109,sub-065,RRT,0.05384217803261454
sub-109,sub-077,RRT,0.10780042801431182
sub-109,sub-039,RRT,0.04113121470096095
sub-109,sub-053,RRT,0.01275180592731518
sub-109,sub-075,RRT,0.059676256759785044
sub-109,sub-060,RRT,0.19104896304476143
sub-109,sub-103,RRT,0.1018040151233587
sub-109,sub-105,RRT,-0.018329332057274772
sub-109,sub-064,RRT,-0.0049100897588005964
sub-109,sub-010,RRT,-0.021464542849362427
sub-109,sub-034,RRT,0.07188681720587542
sub-109,sub-002,RRT,0.2796013912443079
sub-109,sub-085,RRT,-0.011206282724416068
sub-109,sub-021,RRT,0.05492963589733782
sub-109,sub-096,RRT,-0.0332884891980142
sub-109,sub-027,RRT,0.3032439665841639
sub-109,sub-006,RRT,0.030645545233031497
sub-109,sub-066,RRT,-0.018201655783676447
sub-109,sub-101,RRT,0.13367300960591022
sub-109,sub-042,RRT,0.05590002064926146
sub-109,sub-003,RRT,0.030443440242340455
sub-109,sub-107,RRT,0.011713279590824735
sub-109,sub-098,RRT,-0.009582505384080908
sub-109,sub-086,RRT,-0.049844144336867596
sub-109,sub-013,RRT,0.0019298786318920921
sub-109,sub-068,RRT,0.07645002069250746
sub-070,sub-111,RRT,0.017136773063324597
sub-070,sub-073,RRT,0.04135344535408921
sub-070,sub-001,RRT,0.017609869311254755
sub-070,sub-095,RRT,0.1310524315673834
sub-070,sub-012,RRT,0.055176548693192766
sub-070,sub-052,RRT,0.03748521185842226
sub-070,sub-094,RRT,0.04385399522095827
sub-070,sub-088,RRT,0.0875814479334306
sub-070,sub-044,RRT,-0.0038869514452482034
sub-070,sub-009,RRT,0.08713164152798954
sub-070,sub-041,RRT,7.285051860549132e-05
sub-070,sub-024,RRT,0.2516104757162167
sub-070,sub-016,RRT,0.1128698879539299
sub-070,sub-112,RRT,0.049258736437837077
sub-070,sub-058,RRT,-0.04941648206330713
sub-070,sub-018,RRT,0.028582668911370932
sub-070,sub-048,RRT,-0.011505725588388723
sub-070,sub-087,RRT,0.0566402257118396
sub-070,sub-091,RRT,0.11361489078816694
sub-070,sub-083,RRT,0.08568255823692128
sub-070,sub-065,RRT,0.008642009432132081
sub-070,sub-077,RRT,0.0715752668497451
sub-070,sub-039,RRT,-0.11863738758046709
sub-070,sub-053,RRT,-0.009621741303664815
sub-070,sub-075,RRT,0.1536334906299909
sub-070,sub-060,RRT,-0.028148362133062235
sub-070,sub-103,RRT,0.015675858686562655
sub-070,sub-105,RRT,0.02983092755780761
sub-070,sub-064,RRT,0.15767576615520443
sub-070,sub-010,RRT,-0.0347536171585165
sub-070,sub-034,RRT,0.1754773328931382
sub-070,sub-002,RRT,-0.002596973445242554
sub-070,sub-085,RRT,0.01165075663880602
sub-070,sub-021,RRT,-0.008241851698913887
sub-070,sub-096,RRT,0.07551333143354771
sub-070,sub-027,RRT,-0.03532251646368908
sub-070,sub-006,RRT,0.0134133502768586
sub-070,sub-066,RRT,-0.10072416565326595
sub-070,sub-101,RRT,0.06993749413512927
sub-070,sub-042,RRT,0.16865094113782486
sub-070,sub-003,RRT,-0.016374505507062747
sub-070,sub-107,RRT,0.06791014666007889
sub-070,sub-098,RRT,-0.04088198691149002
sub-070,sub-086,RRT,0.04876159257785626
sub-070,sub-013,RRT,0.09913759725917506
sub-070,sub-068,RRT,-0.051823476011838544
sub-111,sub-073,RRT,0.037424781437019036
sub-111,sub-001,RRT,0.034826868631524614
sub-111,sub-095,RRT,0.12665502748677343
sub-111,sub-012,RRT,-0.00540785304666033
sub-111,sub-052,RRT,0.030017169957780195
sub-111,sub-094,RRT,0.07531974388591178
sub-111,sub-088,RRT,0.02361790861022776
sub-111,sub-044,RRT,-0.04000739626590679
sub-111,sub-009,RRT,0.050882028618757055
sub-111,sub-041,RRT,0.06840951168212879
sub-111,sub-024,RRT,-0.02806412853868112
sub-111,sub-016,RRT,0.04555973886798168
sub-111,sub-112,RRT,0.0466188011582689
sub-111,sub-058,RRT,0.014393125884265829
sub-111,sub-018,RRT,0.08284603137075278
sub-111,sub-048,RRT,0.01732533408688053
sub-111,sub-087,RRT,0.06633532729343276
sub-111,sub-091,RRT,0.05743147474182588
sub-111,sub-083,RRT,0.05824353028422566
sub-111,sub-065,RRT,0.12397077766889039
sub-111,sub-077,RRT,0.07961642534585255
sub-111,sub-039,RRT,0.02475294520167649
sub-111,sub-053,RRT,0.054368543087906715
sub-111,sub-075,RRT,0.07200117007080044
sub-111,sub-060,RRT,0.08777142479314635
sub-111,sub-103,RRT,0.20206827722445453
sub-111,sub-105,RRT,0.08349763861689853
sub-111,sub-064,RRT,-0.040271322748166485
sub-111,sub-010,RRT,0.05035997860832096
sub-111,sub-034,RRT,0.07720457858532456
sub-111,sub-002,RRT,0.21928942916461447
sub-111,sub-085,RRT,0.029673239344163913
sub-111,sub-021,RRT,0.004898178633660406
sub-111,sub-096,RRT,0.18094708426765388
sub-111,sub-027,RRT,0.15642309172484298
sub-111,sub-006,RRT,0.0006011370576425314
sub-111,sub-066,RRT,0.08199469262899571
sub-111,sub-101,RRT,0.18496987904650053
sub-111,sub-042,RRT,0.1108941212931703
sub-111,sub-003,RRT,0.07112860037958339
sub-111,sub-107,RRT,-0.012964138573448053
sub-111,sub-098,RRT,0.05549811750270672
sub-111,sub-086,RRT,-0.06672677853892654
sub-111,sub-013,RRT,0.03666386544804781
sub-111,sub-068,RRT,0.127166759658704
sub-073,sub-001,RRT,0.1939871277634227
sub-073,sub-095,RRT,0.15010267163718624
sub-073,sub-012,RRT,0.04599185262363119
sub-073,sub-052,RRT,0.10332024128196898
sub-073,sub-094,RRT,0.017152659431108906
sub-073,sub-088,RRT,0.09369841108692756
sub-073,sub-044,RRT,0.06926004487032543
sub-073,sub-009,RRT,0.15182527790751768
sub-073,sub-041,RRT,0.11806773743069042
sub-073,sub-024,RRT,0.026915936457585728
sub-073,sub-016,RRT,0.0864229927867392
sub-073,sub-112,RRT,0.005623416694688819
sub-073,sub-058,RRT,0.17099775417609564
sub-073,sub-018,RRT,0.025453220921940183
sub-073,sub-048,RRT,0.07139181001809368
sub-073,sub-087,RRT,0.0928496667781168
sub-073,sub-091,RRT,0.09755276297737576
sub-073,sub-083,RRT,0.11105933458182961
sub-073,sub-065,RRT,0.13385512348251696
sub-073,sub-077,RRT,0.18580088048746557
sub-073,sub-039,RRT,0.07326443115110928
sub-073,sub-053,RRT,0.0760689401697094
sub-073,sub-075,RRT,0.07284948830503163
sub-073,sub-060,RRT,0.13395311892024864
sub-073,sub-103,RRT,0.04910581837841719
sub-073,sub-105,RRT,0.08108235309808115
sub-073,sub-064,RRT,0.057454925825574335
sub-073,sub-010,RRT,0.05471015173152397
sub-073,sub-034,RRT,0.06724848677371963
sub-073,sub-002,RRT,0.047518030576060764
sub-073,sub-085,RRT,0.14509972101611984
sub-073,sub-021,RRT,0.017919061377024596
sub-073,sub-096,RRT,0.11001780470017848
sub-073,sub-027,RRT,0.01872210675616761
sub-073,sub-006,RRT,0.1097901745586458
sub-073,sub-066,RRT,0.09663354850289507
sub-073,sub-101,RRT,0.06745448780902757
sub-073,sub-042,RRT,0.08499302825300134
sub-073,sub-003,RRT,0.08033089622130836
sub-073,sub-107,RRT,0.10790979046652086
sub-073,sub-098,RRT,0.08193832710709087
sub-073,sub-086,RRT,0.055890587342818425
sub-073,sub-013,RRT,-0.04032368023140549
sub-073,sub-068,RRT,0.07453055542455303
sub-001,sub-095,RRT,0.12139793209311146
sub-001,sub-012,RRT,0.15488851890354716
sub-001,sub-052,RRT,0.0600817141731091
sub-001,sub-094,RRT,0.14640177278464622
sub-001,sub-088,RRT,0.08071098641705389
sub-001,sub-044,RRT,0.17622477634013198
sub-001,sub-009,RRT,0.1490008407068348
sub-001,sub-041,RRT,0.207761884646967
sub-001,sub-024,RRT,0.017780767777488892
sub-001,sub-016,RRT,0.06974152711472381
sub-001,sub-112,RRT,0.04505170566508253
sub-001,sub-058,RRT,0.2955574304940358
sub-001,sub-018,RRT,0.028246083837221315
sub-001,sub-048,RRT,0.1771180528114738
sub-001,sub-087,RRT,0.1768522238498448
sub-001,sub-091,RRT,0.09237323227786161
sub-001,sub-083,RRT,0.0994852455186735
sub-001,sub-065,RRT,0.12419361170665309
sub-001,sub-077,RRT,0.17892675442624686
sub-001,sub-039,RRT,0.23934605499098222
sub-001,sub-053,RRT,-0.008334180485468998
sub-001,sub-075,RRT,0.07954656390482827
sub-001,sub-060,RRT,0.07248235304126002
sub-001,sub-103,RRT,0.1742451213439714
sub-001,sub-105,RRT,0.12105830212025478
sub-001,sub-064,RRT,0.07933448815256296
sub-001,sub-010,RRT,0.001681736096500364
sub-001,sub-034,RRT,0.062399759353304295
sub-001,sub-002,RRT,0.12732924018510844
sub-001,sub-085,RRT,0.11613195569582284
sub-001,sub-021,RRT,0.03090726024434969
sub-001,sub-096,RRT,0.04491536085949076
sub-001,sub-027,RRT,0.08407890938057212
sub-001,sub-006,RRT,0.1186333476313588
sub-001,sub-066,RRT,0.02861945976676799
sub-001,sub-101,RRT,0.0425080956678153
sub-001,sub-042,RRT,0.11150536968483994
sub-001,sub-003,RRT,0.09571237181744185
sub-001,sub-107,RRT,0.12325366731979073
sub-001,sub-098,RRT,0.04896875650601079
sub-001,sub-086,RRT,-0.027355273224107957
sub-001,sub-013,RRT,0.011965793058795084
sub-001,sub-068,RRT,0.1468292827628692
sub-095,sub-012,RRT,0.14684077822728123
sub-095,sub-052,RRT,0.21368234911254672
sub-095,sub-094,RRT,0.13046937854210566
sub-095,sub-088,RRT,0.07074476497126238
sub-095,sub-044,RRT,0.10185225424649924
sub-095,sub-009,RRT,0.28665747890101173
sub-095,sub-041,RRT,0.12921680948422462
sub-095,sub-024,RRT,0.10858252347786353
sub-095,sub-016,RRT,0.17830789804925182
sub-095,sub-112,RRT,0.21309282410628755
sub-095,sub-058,RRT,0.16347636418043615
sub-095,sub-018,RRT,0.02159812386284555
sub-095,sub-048,RRT,0.13575612836377357
sub-095,sub-087,RRT,0.21204540880935713
sub-095,sub-091,RRT,0.3242532519869594
sub-095,sub-083,RRT,0.12179714010836953
sub-095,sub-065,RRT,0.1727386730482337
sub-095,sub-077,RRT,0.17075126929104753
sub-095,sub-039,RRT,0.09656595768654666
sub-095,sub-053,RRT,0.07541521239098893
sub-095,sub-075,RRT,0.08123829921774649
sub-095,sub-060,RRT,0.21109444275851882
sub-095,sub-103,RRT,0.196079335556334
sub-095,sub-105,RRT,0.026364536538231623
sub-095,sub-064,RRT,0.13564535150198462
sub-095,sub-010,RRT,0.050482952690812696
sub-095,sub-034,RRT,0.10422717751906685
sub-095,sub-002,RRT,0.08095896860967076
sub-095,sub-085,RRT,0.15555509427798014
sub-095,sub-021,RRT,0.10717043954380773
sub-095,sub-096,RRT,0.07794866887684108
sub-095,sub-027,RRT,0.06182773596988626
sub-095,sub-006,RRT,0.10427449055128007
sub-095,sub-066,RRT,0.007712652288350684
sub-095,sub-101,RRT,0.21350758401414838
sub-095,sub-042,RRT,0.24638499353494833
sub-095,sub-003,RRT,0.15198936922769204
sub-095,sub-107,RRT,0.055309251735885724
sub-095,sub-098,RRT,0.014696247707512928
sub-095,sub-086,RRT,-0.09024000306227743
sub-095,sub-013,RRT,0.225280081768681
sub-095,sub-068,RRT,0.06900463350104946
sub-012,sub-052,RRT,-0.0124791810179929
sub-012,sub-094,RRT,0.06918735164727761
sub-012,sub-088,RRT,-0.05153673606228173
sub-012,sub-044,RRT,0.08905912485810522
sub-012,sub-009,RRT,-0.01214985138092564
sub-012,sub-041,RRT,0.06542556297210664
sub-012,sub-024,RRT,0.011693227289145538
sub-012,sub-016,RRT,0.014572203265445033
sub-012,sub-112,RRT,0.027249457701151582
sub-012,sub-058,RRT,0.1316040256377831
sub-012,sub-018,RRT,0.09834856695460521
sub-012,sub-048,RRT,0.13290036415675113
sub-012,sub-087,RRT,0.21759615591875497
sub-012,sub-091,RRT,0.047297702056615355
sub-012,sub-083,RRT,0.09908244901795438
sub-012,sub-065,RRT,0.029629839231538908
sub-012,sub-077,RRT,0.07660657510691339
sub-012,sub-039,RRT,0.16277125626298614
sub-012,sub-053,RRT,0.05104418930124255
sub-012,sub-075,RRT,-0.03253023423389859
sub-012,sub-060,RRT,0.058331010790652386
sub-012,sub-103,RRT,0.04463939706078516
sub-012,sub-105,RRT,0.0029372465999997024
sub-012,sub-064,RRT,0.06675204613442222
sub-012,sub-010,RRT,-0.07556247935072632
sub-012,sub-034,RRT,0.049771683370118884
sub-012,sub-002,RRT,0.05996646443730297
sub-012,sub-085,RRT,-0.014160878825059635
sub-012,sub-021,RRT,0.0738978880182861
sub-012,sub-096,RRT,0.07286995613289819
sub-012,sub-027,RRT,0.07702696778185102
sub-012,sub-006,RRT,0.12386444900862417
sub-012,sub-066,RRT,0.0065484267927048605
sub-012,sub-101,RRT,0.035862076593552006
sub-012,sub-042,RRT,0.05781590328514505
sub-012,sub-003,RRT,0.03216792681468381
sub-012,sub-107,RRT,0.08055177025703758
sub-012,sub-098,RRT,-0.03837461429603815
sub-012,sub-086,RRT,0.02573494180507908
sub-012,sub-013,RRT,0.012813232242680274
sub-012,sub-068,RRT,-0.02530850616080213
sub-052,sub-094,RRT,0.1067030041042512
sub-052,sub-088,RRT,0.09705161205419105
sub-052,sub-044,RRT,-0.007298116046526496
sub-052,sub-009,RRT,0.17569763623015341
sub-052,sub-041,RRT,0.19475763479912783
sub-052,sub-024,RRT,0.06430905945893652
sub-052,sub-016,RRT,0.13758715054856108
sub-052,sub-112,RRT,0.16747267654403172
sub-052,sub-058,RRT,0.13748453262586227
sub-052,sub-018,RRT,0.006677898732272476
sub-052,sub-048,RRT,0.1222579704842188
sub-052,sub-087,RRT,-0.028645551114161342
sub-052,sub-091,RRT,0.20673544728569654
sub-052,sub-083,RRT,0.043850073086139245
sub-052,sub-065,RRT,0.08631726038168021
sub-052,sub-077,RRT,0.1851872650812423
sub-052,sub-039,RRT,0.021571267520870883
sub-052,sub-053,RRT,0.10305638667170594
sub-052,sub-075,RRT,0.18533083421035249
sub-052,sub-060,RRT,0.07349836260934965
sub-052,sub-103,RRT,0.08505479472171985
sub-052,sub-105,RRT,0.19377539253147238
sub-052,sub-064,RRT,0.19404042314303668
sub-052,sub-010,RRT,0.001539108271746356
sub-052,sub-034,RRT,0.0053578223841875185
sub-052,sub-002,RRT,0.08165684818813593
sub-052,sub-085,RRT,0.077558329145339
sub-052,sub-021,RRT,-0.0083814483960348
sub-052,sub-096,RRT,0.1521240071746137
sub-052,sub-027,RRT,-0.023359044771961705
sub-052,sub-006,RRT,0.05411957738134492
sub-052,sub-066,RRT,-0.0035399202751432404
sub-052,sub-101,RRT,0.07095864606677647
sub-052,sub-042,RRT,0.19052549027477142
sub-052,sub-003,RRT,0.038500504676516355
sub-052,sub-107,RRT,0.01275371695271864
sub-052,sub-098,RRT,0.14812470623098528
sub-052,sub-086,RRT,-0.031066591521205222
sub-052,sub-013,RRT,0.06826206863098193
sub-052,sub-068,RRT,0.06160234907650588
sub-094,sub-088,RRT,0.0893280444531658
sub-094,sub-044,RRT,-0.015313212687721674
sub-094,sub-009,RRT,0.05631691187095754
sub-094,sub-041,RRT,0.10177209983871786
sub-094,sub-024,RRT,0.020567682322522922
sub-094,sub-016,RRT,0.06126108538224995
sub-094,sub-112,RRT,-0.023107331240484693
sub-094,sub-058,RRT,0.06738915663742816
sub-094,sub-018,RRT,0.13124098816298382
sub-094,sub-048,RRT,0.22897860994333002
sub-094,sub-087,RRT,0.0732903943806007
sub-094,sub-091,RRT,0.07310954842201609
sub-094,sub-083,RRT,0.036029533267306846
sub-094,sub-065,RRT,0.06898982810400366
sub-094,sub-077,RRT,0.015020022265286278
sub-094,sub-039,RRT,0.07588195710028157
sub-094,sub-053,RRT,0.08549727364193628
sub-094,sub-075,RRT,0.11627819470983189
sub-094,sub-060,RRT,0.06538762612542216
sub-094,sub-103,RRT,0.13854636310848414
sub-094,sub-105,RRT,0.06836463389378493
sub-094,sub-064,RRT,0.10919664420704475
sub-094,sub-010,RRT,-0.02478491601988068
sub-094,sub-034,RRT,0.08201806195091552
sub-094,sub-002,RRT,0.16703025815712
sub-094,sub-085,RRT,0.06735884753683723
sub-094,sub-021,RRT,0.028940670811116193
sub-094,sub-096,RRT,0.10684861955413161
sub-094,sub-027,RRT,0.10210515488594987
sub-094,sub-006,RRT,-0.006301151658353659
sub-094,sub-066,RRT,0.04676014225533989
sub-094,sub-101,RRT,0.16414702311584714
sub-094,sub-042,RRT,0.14094029875069375
sub-094,sub-003,RRT,0.07518961674710616
sub-094,sub-107,RRT,0.09161751402720034
sub-094,sub-098,RRT,-0.010954871884193609
sub-094,sub-086,RRT,-0.039783267224438805
sub-094,sub-013,RRT,0.04225539537936256
sub-094,sub-068,RRT,0.11822749381407664
sub-088,sub-044,RRT,0.10902253935906851
sub-088,sub-009,RRT,0.08203385038617812
sub-088,sub-041,RRT,0.047188770241358
sub-088,sub-024,RRT,0.026632023826777342
sub-088,sub-016,RRT,0.13053944822440847
sub-088,sub-112,RRT,0.05333971945792809
sub-088,sub-058,RRT,0.03910736481341361
sub-088,sub-018,RRT,0.011022446469970562
sub-088,sub-048,RRT,0.06893673576472051
sub-088,sub-087,RRT,0.07675232984802696
sub-088,sub-091,RRT,0.17666775247406521
sub-088,sub-083,RRT,0.06798026438926608
sub-088,sub-065,RRT,-0.00928813377517259
sub-088,sub-077,RRT,0.031666297776594084
sub-088,sub-039,RRT,0.0060472301452729835
sub-088,sub-053,RRT,0.016354576079650785
sub-088,sub-075,RRT,-0.006627348341607241
sub-088,sub-060,RRT,0.17721198331880078
sub-088,sub-103,RRT,0.0491941531547695
sub-088,sub-105,RRT,0.11096289006723883
sub-088,sub-064,RRT,0.10528012106107183
sub-088,sub-010,RRT,0.015204619348492108
sub-088,sub-034,RRT,0.06164481977791906
sub-088,sub-002,RRT,0.07038845328324407
sub-088,sub-085,RRT,-0.00761301179837869
sub-088,sub-021,RRT,0.09352398631035362
sub-088,sub-096,RRT,0.04482168382159768
sub-088,sub-027,RRT,0.0549519384300598
sub-088,sub-006,RRT,0.044055307930456235
sub-088,sub-066,RRT,-0.10996458066679946
sub-088,sub-101,RRT,0.04412248389776708
sub-088,sub-042,RRT,0.04433555085402588
sub-088,sub-003,RRT,0.028367301827327093
sub-088,sub-107,RRT,-0.014788042523440969
sub-088,sub-098,RRT,0.11947748564856543
sub-088,sub-086,RRT,-0.0829294228495461
sub-088,sub-013,RRT,0.08973488550180109
sub-088,sub-068,RRT,-0.060500650179436705
sub-044,sub-009,RRT,0.12093700991081859
sub-044,sub-041,RRT,0.10986731980617366
sub-044,sub-024,RRT,0.05979436295701748
sub-044,sub-016,RRT,0.114427764880016
sub-044,sub-112,RRT,0.014569629636285164
sub-044,sub-058,RRT,0.13497337899428075
sub-044,sub-018,RRT,-0.05348424805801588
sub-044,sub-048,RRT,-0.019191292778242462
sub-044,sub-087,RRT,0.07274476072329193
sub-044,sub-091,RRT,0.0985673012345129
sub-044,sub-083,RRT,0.0966157360106101
sub-044,sub-065,RRT,0.14047769276448469
sub-044,sub-077,RRT,0.05197101962477692
sub-044,sub-039,RRT,0.016475228121024546
sub-044,sub-053,RRT,-0.002464499175071566
sub-044,sub-075,RRT,0.013333803373407827
sub-044,sub-060,RRT,0.09421436811712185
sub-044,sub-103,RRT,0.004674920078222192
sub-044,sub-105,RRT,0.036880205704101554
sub-044,sub-064,RRT,0.044096220822038915
sub-044,sub-010,RRT,0.0272002847062729
sub-044,sub-034,RRT,0.09599973199777523
sub-044,sub-002,RRT,-0.032625219671260454
sub-044,sub-085,RRT,0.11294509679843034
sub-044,sub-021,RRT,0.025904797754671312
sub-044,sub-096,RRT,0.05175940304167468
sub-044,sub-027,RRT,0.040842089114241614
sub-044,sub-006,RRT,0.14314689550536738
sub-044,sub-066,RRT,0.05712800825063541
sub-044,sub-101,RRT,0.0266643266035171
sub-044,sub-042,RRT,0.09003594097317998
sub-044,sub-003,RRT,0.0021458548350489406
sub-044,sub-107,RRT,0.008319009824489104
sub-044,sub-098,RRT,0.04433698776618782
sub-044,sub-086,RRT,0.030937183462237533
sub-044,sub-013,RRT,-0.014538934081250924
sub-044,sub-068,RRT,0.03943563390135684
sub-009,sub-041,RRT,0.03825583374125566
sub-009,sub-024,RRT,0.025390656388497204
sub-009,sub-016,RRT,0.20469996779540067
sub-009,sub-112,RRT,0.12922517436325318
sub-009,sub-058,RRT,0.10308964960034057
sub-009,sub-018,RRT,-0.06186960148502837
sub-009,sub-048,RRT,0.09206190357200206
sub-009,sub-087,RRT,0.11865889739881912
sub-009,sub-091,RRT,0.3074880899253379
sub-009,sub-083,RRT,0.11709914629060947
sub-009,sub-065,RRT,-0.022520219033736546
sub-009,sub-077,RRT,0.0956821119483598
sub-009,sub-039,RRT,0.11748860688053223
sub-009,sub-053,RRT,0.015405266300154343
sub-009,sub-075,RRT,0.07082703221683335
sub-009,sub-060,RRT,0.07471443185249191
sub-009,sub-103,RRT,0.08713151715387173
sub-009,sub-105,RRT,0.1421736710780796
sub-009,sub-064,RRT,0.08995759294270977
sub-009,sub-010,RRT,0.040402287275604916
sub-009,sub-034,RRT,-0.029474690927900414
sub-009,sub-002,RRT,0.035093904835288355
sub-009,sub-085,RRT,0.2113529407322388
sub-009,sub-021,RRT,-0.019112115247823535
sub-009,sub-096,RRT,0.06544279125673015
sub-009,sub-027,RRT,0.027021260892717495
sub-009,sub-006,RRT,0.20895495130897007
sub-009,sub-066,RRT,0.04095431038216466
sub-009,sub-101,RRT,0.030131939277692497
sub-009,sub-042,RRT,0.1687444476181621
sub-009,sub-003,RRT,0.014464217148901318
sub-009,sub-107,RRT,0.06085891030093492
sub-009,sub-098,RRT,0.13404522785429063
sub-009,sub-086,RRT,-0.0487384804277803
sub-009,sub-013,RRT,0.07289730627878545
sub-009,sub-068,RRT,0.10875327137348269
sub-041,sub-024,RRT,0.055799121370715396
sub-041,sub-016,RRT,0.03991024922000155
sub-041,sub-112,RRT,0.10331610869043897
sub-041,sub-058,RRT,0.24356598956683656
sub-041,sub-018,RRT,0.009599573844694065
sub-041,sub-048,RRT,0.13794667111113804
sub-041,sub-087,RRT,0.04868661569997738
sub-041,sub-091,RRT,0.07872489669771547
sub-041,sub-083,RRT,0.1719741497871198
sub-041,sub-065,RRT,0.08773177666919876
sub-041,sub-077,RRT,0.10615711565384457
sub-041,sub-039,RRT,0.11352838302779901
sub-041,sub-053,RRT,0.07364908258447019
sub-041,sub-075,RRT,0.13724801977387976
sub-041,sub-060,RRT,0.05380299551625214
sub-041,sub-103,RRT,0.18276690965996104
sub-041,sub-105,RRT,0.03373277765379348
sub-041,sub-064,RRT,0.044946550194918264
sub-041,sub-010,RRT,-0.0012664863490260013
sub-041,sub-034,RRT,0.20274464912084694
sub-041,sub-002,RRT,0.038078191513006475
sub-041,sub-085,RRT,0.10637870767464452
sub-041,sub-021,RRT,0.10893490551011425
sub-041,sub-096,RRT,0.107921409604216
sub-041,sub-027,RRT,0.1233719707583295
sub-041,sub-006,RRT,0.09028919964749543
sub-041,sub-066,RRT,0.0783622297185219
sub-041,sub-101,RRT,0.059816582011219845
sub-041,sub-042,RRT,0.11786158428977611
sub-041,sub-003,RRT,0.0017011252168692734
sub-041,sub-107,RRT,0.13640159589064557
sub-041,sub-098,RRT,0.153733364790085
sub-041,sub-086,RRT,0.021186828403951103
sub-041,sub-013,RRT,-0.02033525821148485
sub-041,sub-068,RRT,0.14069531911534658
sub-024,sub-016,RRT,0.0339105233374589
sub-024,sub-112,RRT,-0.028158427052765774
sub-024,sub-058,RRT,0.08790316174361419
sub-024,sub-018,RRT,-0.05460719043213764
sub-024,sub-048,RRT,0.10162105355049333
sub-024,sub-087,RRT,0.10981910021401195
sub-024,sub-091,RRT,0.08323822242833222
sub-024,sub-083,RRT,0.11271958290133477
sub-024,sub-065,RRT,0.018699595541812674
sub-024,sub-077,RRT,0.12735493470111456
sub-024,sub-039,RRT,-0.017016729644098526
sub-024,sub-053,RRT,0.04839075053744499
sub-024,sub-075,RRT,0.19690949833146085
sub-024,sub-060,RRT,0.0004793181101197916
sub-024,sub-103,RRT,0.015767119840502275
sub-024,sub-105,RRT,0.026125140927537205
sub-024,sub-064,RRT,0.21045037638344408
sub-024,sub-010,RRT,0.03989885635124265
sub-024,sub-034,RRT,0.19221086408083737
sub-024,sub-002,RRT,-0.008949107131382628
sub-024,sub-085,RRT,0.07218367596489533
sub-024,sub-021,RRT,-0.028943066134138624
sub-024,sub-096,RRT,0.0017505559078076383
sub-024,sub-027,RRT,-0.055911519348259
sub-024,sub-006,RRT,0.07819883786443897
sub-024,sub-066,RRT,0.010369289558577938
sub-024,sub-101,RRT,0.06902360908316765
sub-024,sub-042,RRT,0.03296751453515359
sub-024,sub-003,RRT,0.042783911062775036
sub-024,sub-107,RRT,0.08924712926550597
sub-024,sub-098,RRT,0.009393554481630116
sub-024,sub-086,RRT,0.1604153206019801
sub-024,sub-013,RRT,0.050091797261838274
sub-024,sub-068,RRT,0.06173266012868205
sub-016,sub-112,RRT,0.05140851491911578
sub-016,sub-058,RRT,0.10916080113627274
sub-016,sub-018,RRT,-0.094034768775498
sub-016,sub-048,RRT,0.07371235371165988
sub-016,sub-087,RRT,0.1111096428333284
sub-016,sub-091,RRT,0.3331346257020793
sub-016,sub-083,RRT,-0.007815053908916417
sub-016,sub-065,RRT,0.10440182426335509
sub-016,sub-077,RRT,0.09076348724196126
sub-016,sub-039,RRT,-1.9942378510685702e-05
sub-016,sub-053,RRT,0.1351689949154062
sub-016,sub-075,RRT,-0.02497920146044901
sub-016,sub-060,RRT,-0.004557863420810244
sub-016,sub-103,RRT,0.07413493205121023
sub-016,sub-105,RRT,0.08624690285415193
sub-016,sub-064,RRT,0.01629717299453705
sub-016,sub-010,RRT,0.008120328048760558
sub-016,sub-034,RRT,-0.03635095674175767
sub-016,sub-002,RRT,0.007000517727688812
sub-016,sub-085,RRT,0.06042245890094204
sub-016,sub-021,RRT,-0.022151581229753806
sub-016,sub-096,RRT,0.046863475661227984
sub-016,sub-027,RRT,-0.10516646728534824
sub-016,sub-006,RRT,0.059510440642068146
sub-016,sub-066,RRT,0.18807873621379093
sub-016,sub-101,RRT,0.06402059026013418
sub-016,sub-042,RRT,0.113156167010525
sub-016,sub-003,RRT,0.053423506968193236
sub-016,sub-107,RRT,0.08058627035985659
sub-016,sub-098,RRT,0.04949017983994676
sub-016,sub-086,RRT,-0.014976345618138565
sub-016,sub-013,RRT,0.06952275991569855
sub-016,sub-068,RRT,0.059701383036461865
sub-112,sub-058,RRT,0.06695477284926583
sub-112,sub-018,RRT,0.06620888816345469
sub-112,sub-048,RRT,0.03513659195671537
sub-112,sub-087,RRT,0.20639195951410805
sub-112,sub-091,RRT,0.05383669887194866
sub-112,sub-083,RRT,0.11465142914714364
sub-112,sub-065,RRT,0.0645008876502727
sub-112,sub-077,RRT,0.08961454949055504
sub-112,sub-039,RRT,-0.019971788075378184
sub-112,sub-053,RRT,-0.016045123418178854
sub-112,sub-075,RRT,0.05579277637240757
sub-112,sub-060,RRT,0.1971696639344767
sub-112,sub-103,RRT,0.05162927260993599
sub-112,sub-105,RRT,0.0004243892082586071
sub-112,sub-064,RRT,0.030905066295130054
sub-112,sub-010,RRT,0.037884883871407316
sub-112,sub-034,RRT,0.026269775709065402
sub-112,sub-002,RRT,0.1077673515299426
sub-112,sub-085,RRT,0.06439804846648638
sub-112,sub-021,RRT,0.10886455021651045
sub-112,sub-096,RRT,0.0017514577966494696
sub-112,sub-027,RRT,0.09791796653669478
sub-112,sub-006,RRT,0.11265550558247603
sub-112,sub-066,RRT,-0.03104855084327991
sub-112,sub-101,RRT,0.03368859126198151
sub-112,sub-042,RRT,0.22702889596391262
sub-112,sub-003,RRT,0.09528710568273346
sub-112,sub-107,RRT,0.050263997586423255
sub-112,sub-098,RRT,0.004528854672049868
sub-112,sub-086,RRT,-0.007273803419257063
sub-112,sub-013,RRT,0.04962593677267932
sub-112,sub-068,RRT,0.08183401706742655
sub-058,sub-018,RRT,-0.019719079818194013
sub-058,sub-048,RRT,0.11280565012303317
sub-058,sub-087,RRT,0.15493467600960337
sub-058,sub-091,RRT,0.16771718769947333
sub-058,sub-083,RRT,0.14781321416818177
sub-058,sub-065,RRT,0.12191144665956659
sub-058,sub-077,RRT,0.16631633800715118
sub-058,sub-039,RRT,0.1840105833108201
sub-058,sub-053,RRT,0.0960419710062054
sub-058,sub-075,RRT,0.04988641959892556
sub-058,sub-060,RRT,0.08157434429003643
sub-058,sub-103,RRT,0.1352205791312213
sub-058,sub-105,RRT,0.06773901679552782
sub-058,sub-064,RRT,0.08583023136619057
sub-058,sub-010,RRT,0.04912084597164138
sub-058,sub-034,RRT,0.13208075908790726
sub-058,sub-002,RRT,0.13100733033943304
sub-058,sub-085,RRT,0.13677873385245903
sub-058,sub-021,RRT,0.028762721249770706
sub-058,sub-096,RRT,0.038774903634169
sub-058,sub-027,RRT,0.09029990778519807
sub-058,sub-006,RRT,0.10459240228501998
sub-058,sub-066,RRT,0.14885039348143037
sub-058,sub-101,RRT,0.10825077316777726
sub-058,sub-042,RRT,0.11009957639552448
sub-058,sub-003,RRT,0.12734155931274008
sub-058,sub-107,RRT,0.1711675074636009
sub-058,sub-098,RRT,0.22141824103255012
sub-058,sub-086,RRT,0.014279109767937382
sub-058,sub-013,RRT,0.03653667494899971
sub-058,sub-068,RRT,0.1720606447404414
sub-018,sub-048,RRT,-0.02418161131821218
sub-018,sub-087,RRT,0.004935693115951691
sub-018,sub-091,RRT,-0.05109469643431909
sub-018,sub-083,RRT,0.02902234114840832
sub-018,sub-065,RRT,0.029692767277249014
sub-018,sub-077,RRT,0.05756266085955985
sub-018,sub-039,RRT,0.07559620051215747
sub-018,sub-053,RRT,-0.006321592936150744
sub-018,sub-075,RRT,0.08935344369654279
sub-018,sub-060,RRT,0.13922847220421156
sub-018,sub-103,RRT,0.07310736681108916
sub-018,sub-105,RRT,0.04119763805480086
sub-018,sub-064,RRT,0.008816684923462778
sub-018,sub-010,RRT,-0.01624427327986085
sub-018,sub-034,RRT,0.09298950015265735
sub-018,sub-002,RRT,0.19488834295133503
sub-018,sub-085,RRT,-0.020199661694507785
sub-018,sub-021,RRT,-0.016601341141565824
sub-018,sub-096,RRT,-0.0021744218670224054
sub-018,sub-027,RRT,0.16929044725389153
sub-018,sub-006,RRT,-0.030602760604410258
sub-018,sub-066,RRT,-0.017075777104902365
sub-018,sub-101,RRT,0.1689689864948354
sub-018,sub-042,RRT,0.06376512541199533
sub-018,sub-003,RRT,0.04067993068347386
sub-018,sub-107,RRT,0.004685198320000255
sub-018,sub-098,RRT,-0.06547978693853362
sub-018,sub-086,RRT,0.023365262513579597
sub-018,sub-013,RRT,0.06523061689718444
sub-018,sub-068,RRT,0.05893776889063208
sub-048,sub-087,RRT,0.09406831566435576
sub-048,sub-091,RRT,0.0790340627691777
sub-048,sub-083,RRT,0.05714091445471327
sub-048,sub-065,RRT,0.04511488872686524
sub-048,sub-077,RRT,0.1159868710880836
sub-048,sub-039,RRT,0.12076799807531484
sub-048,sub-053,RRT,0.14051057965908192
sub-048,sub-075,RRT,0.06735815485213005
sub-048,sub-060,RRT,0.09175088560112059
sub-048,sub-103,RRT,0.11630596342118221
sub-048,sub-105,RRT,0.04998930395402733
sub-048,sub-064,RRT,0.11998254947456274
sub-048,sub-010,RRT,-0.030933384850870313
sub-048,sub-034,RRT,0.015724587653399093
sub-048,sub-002,RRT,-0.0024220513420882646
sub-048,sub-085,RRT,0.08732606983300242
sub-048,sub-021,RRT,0.09840204846387708
sub-048,sub-096,RRT,0.11237972130253839
sub-048,sub-027,RRT,-0.012670530157157677
sub-048,sub-006,RRT,0.038022889367201204
sub-048,sub-066,RRT,0.10840988495677438
sub-048,sub-101,RRT,0.04505903215230551
sub-048,sub-042,RRT,0.0591881528732214
sub-048,sub-003,RRT,0.11406815754652637
sub-048,sub-107,RRT,0.07255007456481061
sub-048,sub-098,RRT,0.10396077609277365
sub-048,sub-086,RRT,-0.046946821274618286
sub-048,sub-013,RRT,0.0686820579509126
sub-048,sub-068,RRT,0.07055802138830973
sub-087,sub-091,RRT,0.13878945866792497
sub-087,sub-083,RRT,0.21799981035289404
sub-087,sub-065,RRT,0.07164907301185319
sub-087,sub-077,RRT,0.12823239482478666
sub-087,sub-039,RRT,0.05164508502691726
sub-087,sub-053,RRT,-0.013037955396705277
sub-087,sub-075,RRT,0.05896843179064912
sub-087,sub-060,RRT,0.2329422120804165
sub-087,sub-103,RRT,0.10243545016734401
sub-087,sub-105,RRT,-0.030051379959438733
sub-087,sub-064,RRT,0.03554475741272212
sub-087,sub-010,RRT,0.014928433176315132
sub-087,sub-034,RRT,0.09719725650541089
sub-087,sub-002,RRT,0.12194216443018212
sub-087,sub-085,RRT,0.05159352191112321
sub-087,sub-021,RRT,0.07892246532663562
sub-087,sub-096,RRT,0.0758256481723925
sub-087,sub-027,RRT,0.20748868713536459
sub-087,sub-006,RRT,0.19145863211977554
sub-087,sub-066,RRT,-0.022726826234465283
sub-087,sub-101,RRT,0.08740771124121384
sub-087,sub-042,RRT,0.24238014676257047
sub-087,sub-003,RRT,0.06706338467436909
sub-087,sub-107,RRT,0.11674027603590223
sub-087,sub-098,RRT,-0.0008995881262817441
sub-087,sub-086,RRT,0.02415018513400754
sub-087,sub-013,RRT,0.08201092210863713
sub-087,sub-068,RRT,0.07380488198018864
sub-091,sub-083,RRT,0.015067157185980139
sub-091,sub-065,RRT,0.12422765401579612
sub-091,sub-077,RRT,0.05963421125951472
sub-091,sub-039,RRT,-0.007448479910806697
sub-091,sub-053,RRT,-0.02418987195663104
sub-091,sub-075,RRT,0.039459108865453764
sub-091,sub-060,RRT,0.004047342060195674
sub-091,sub-103,RRT,-0.02174904121658306
sub-091,sub-105,RRT,0.13176114966559982
sub-091,sub-064,RRT,0.1139396419962859
sub-091,sub-010,RRT,0.11842525241205525
sub-091,sub-034,RRT,-0.011392899984454856
sub-091,sub-002,RRT,-0.02246476534847592
sub-091,sub-085,RRT,0.15427404252478893
sub-091,sub-021,RRT,-0.025871833921946644
sub-091,sub-096,RRT,0.060295414380813345
sub-091,sub-027,RRT,-0.14237299278360813
sub-091,sub-006,RRT,0.03867488207273525
sub-091,sub-066,RRT,0.023643113017089518
sub-091,sub-101,RRT,0.1429079939653665
sub-091,sub-042,RRT,0.24797946751083277
sub-091,sub-003,RRT,0.021286561979741356
sub-091,sub-107,RRT,0.15868411154659628
sub-091,sub-098,RRT,0.029238064409661275
sub-091,sub-086,RRT,-0.15489854577595272
sub-091,sub-013,RRT,0.199939082997229
sub-091,sub-068,RRT,0.061285598501759214
sub-083,sub-065,RRT,0.02788020760806071
sub-083,sub-077,RRT,0.1506105476382963
sub-083,sub-039,RRT,0.08527949455475899
sub-083,sub-053,RRT,0.008673096653707165
sub-083,sub-075,RRT,0.15055921564784694
sub-083,sub-060,RRT,0.07927936685467413
sub-083,sub-103,RRT,0.05283177224905037
sub-083,sub-105,RRT,0.03249965052243117
sub-083,sub-064,RRT,0.07699936156496195
sub-083,sub-010,RRT,-0.03448922718459111
sub-083,sub-034,RRT,0.21496549021241587
sub-083,sub-002,RRT,0.013212827747990308
sub-083,sub-085,RRT,0.196025370629027
sub-083,sub-021,RRT,0.016754767486756115
sub-083,sub-096,RRT,0.12634521582173097
sub-083,sub-027,RRT,0.1271398197070547
sub-083,sub-006,RRT,0.09598177553092409
sub-083,sub-066,RRT,0.06894742638713057
sub-083,sub-101,RRT,0.08232819280455803
sub-083,sub-042,RRT,0.037427457764026985
sub-083,sub-003,RRT,0.12990517208802016
sub-083,sub-107,RRT,0.14711386473560925
sub-083,sub-098,RRT,0.12482064839182884
sub-083,sub-086,RRT,0.15760324894773037
sub-083,sub-013,RRT,0.005831827921215004
sub-083,sub-068,RRT,0.06020552950432123
sub-065,sub-077,RRT,0.09128696949551263
sub-065,sub-039,RRT,0.05288854349105622
sub-065,sub-053,RRT,0.0862442492028671
sub-065,sub-075,RRT,0.023325432820976537
sub-065,sub-060,RRT,0.02653831053032078
sub-065,sub-103,RRT,0.07813919401001115
sub-065,sub-105,RRT,-0.01228083290248929
sub-065,sub-064,RRT,0.06065637693346053
sub-065,sub-010,RRT,0.13001424953458185
sub-065,sub-034,RRT,0.06913614875791951
sub-065,sub-002,RRT,0.11257656323705574
sub-065,sub-085,RRT,0.11164846526337657
sub-065,sub-021,RRT,0.01994967638246166
sub-065,sub-096,RRT,0.06130406348846165
sub-065,sub-027,RRT,-0.06887245961101084
sub-065,sub-006,RRT,0.027279092386985566
sub-065,sub-066,RRT,0.1579749202293856
sub-065,sub-101,RRT,0.10899099947937171
sub-065,sub-042,RRT,0.10460127228265138
sub-065,sub-003,RRT,0.011786983816794947
sub-065,sub-107,RRT,0.05010648903585727
sub-065,sub-098,RRT,-0.012177461884117667
sub-065,sub-086,RRT,0.00616746448064876
sub-065,sub-013,RRT,-0.02247968636502271
sub-065,sub-068,RRT,0.283520443964656
sub-077,sub-039,RRT,0.10793491289778823
sub-077,sub-053,RRT,0.0775416359127472
sub-077,sub-075,RRT,0.17355531548224734
sub-077,sub-060,RRT,0.10664021836075772
sub-077,sub-103,RRT,0.16557369033427813
sub-077,sub-105,RRT,0.05111227283143916
sub-077,sub-064,RRT,0.0973546745669761
sub-077,sub-010,RRT,0.07485232088259708
sub-077,sub-034,RRT,0.02103929168468229
sub-077,sub-002,RRT,0.08916221844321859
sub-077,sub-085,RRT,0.07197642201622764
sub-077,sub-021,RRT,0.059222433508128086
sub-077,sub-096,RRT,0.0705809118391207
sub-077,sub-027,RRT,0.07668056104656279
sub-077,sub-006,RRT,0.10233958610570597
sub-077,sub-066,RRT,0.11004649545791219
sub-077,sub-101,RRT,0.11313054436252688
sub-077,sub-042,RRT,0.15364897694155347
sub-077,sub-003,RRT,0.11743725174009377
sub-077,sub-107,RRT,0.09975091774358923
sub-077,sub-098,RRT,0.0778474741090174
sub-077,sub-086,RRT,0.09458290590459364
sub-077,sub-013,RRT,-0.0003814165472009435
sub-077,sub-068,RRT,0.08006265356233763
sub-039,sub-053,RRT,0.05322393945909351
sub-039,sub-075,RRT,0.0644740412872266
sub-039,sub-060,RRT,0.04745245557140164
sub-039,sub-103,RRT,0.07998269918218388
sub-039,sub-105,RRT,0.013822054512214663
sub-039,sub-064,RRT,0.10454434504751006
sub-039,sub-010,RRT,0.036033945787412376
sub-039,sub-034,RRT,-0.0013294709688614328
sub-039,sub-002,RRT,0.05171272353063282
sub-039,sub-085,RRT,0.0702604684425725
sub-039,sub-021,RRT,0.04039646198315756
sub-039,sub-096,RRT,0.05079410641635168
sub-039,sub-027,RRT,0.10662896426158462
sub-039,sub-006,RRT,0.11082217217229756
sub-039,sub-066,RRT,0.11011240575926419
sub-039,sub-101,RRT,0.0021460849696839017
sub-039,sub-042,RRT,0.021901636187175503
sub-039,sub-003,RRT,-0.011516613839659504
sub-039,sub-107,RRT,0.11525539486755118
sub-039,sub-098,RRT,-0.02734788717992348
sub-039,sub-086,RRT,0.04147540866809164
sub-039,sub-013,RRT,-0.0006516850554338484
sub-039,sub-068,RRT,0.07733239970602436
sub-053,sub-075,RRT,0.050572928270753555
sub-053,sub-060,RRT,-0.014329139529254298
sub-053,sub-103,RRT,0.023633312664513385
sub-053,sub-105,RRT,0.06683377492031872
sub-053,sub-064,RRT,0.12873177132303756
sub-053,sub-010,RRT,0.03483039097839938
sub-053,sub-034,RRT,-0.010956696427229155
sub-053,sub-002,RRT,-0.026275714912058944
sub-053,sub-085,RRT,-0.0013290568497300631
sub-053,sub-021,RRT,-0.025029096887633773
sub-053,sub-096,RRT,0.08048292733720531
sub-053,sub-027,RRT,0.003990726005949092
sub-053,sub-006,RRT,0.08262808947593461
sub-053,sub-066,RRT,0.15501611153778624
sub-053,sub-101,RRT,0.059171745276581145
sub-053,sub-042,RRT,-0.0077672313656951455
sub-053,sub-003,RRT,0.03694844442813524
sub-053,sub-107,RRT,0.042551872808156234
sub-053,sub-098,RRT,0.0030916009538945193
sub-053,sub-086,RRT,-0.03342661934728289
sub-053,sub-013,RRT,-0.04496106073318916
sub-053,sub-068,RRT,0.09993155973958845
sub-075,sub-060,RRT,0.06957891509252181
sub-075,sub-103,RRT,0.09005382006892769
sub-075,sub-105,RRT,0.06901122207233701
sub-075,sub-064,RRT,0.22171674240291145
sub-075,sub-010,RRT,0.0020732849712905965
sub-075,sub-034,RRT,0.17538288178257314
sub-075,sub-002,RRT,0.18984452059916967
sub-075,sub-085,RRT,0.07316514654507718
sub-075,sub-021,RRT,-0.00942771520429983
sub-075,sub-096,RRT,0.08987786736788474
sub-075,sub-027,RRT,0.08248452638390634
sub-075,sub-006,RRT,0.05907602791198542
sub-075,sub-066,RRT,0.041181795391991356
sub-075,sub-101,RRT,0.0847863117103849
sub-075,sub-042,RRT,0.1278105876171153
sub-075,sub-003,RRT,0.05690679940428419
sub-075,sub-107,RRT,0.04872782577929139
sub-075,sub-098,RRT,-0.008387040054919866
sub-075,sub-086,RRT,0.18098326518821778
sub-075,sub-013,RRT,0.05700407572595703
sub-075,sub-068,RRT,0.014650551500457435
sub-060,sub-103,RRT,0.11873050258170093
sub-060,sub-105,RRT,0.04740079071294914
sub-060,sub-064,RRT,0.01138316373291247
sub-060,sub-010,RRT,-0.036612924033539745
sub-060,sub-034,RRT,0.1003542014077434
sub-060,sub-002,RRT,0.16580382445376632
sub-060,sub-085,RRT,0.01767827840964742
sub-060,sub-021,RRT,0.09535788725979118
sub-060,sub-096,RRT,0.07565166075056434
sub-060,sub-027,RRT,0.2887049298006295
sub-060,sub-006,RRT,0.17531183172560466
sub-060,sub-066,RRT,-0.04317109987913318
sub-060,sub-101,RRT,0.16448541629649704
sub-060,sub-042,RRT,0.13029611144421155
sub-060,sub-003,RRT,0.15451821225737858
sub-060,sub-107,RRT,0.05616253924218297
sub-060,sub-098,RRT,0.0768055214362487
sub-060,sub-086,RRT,0.005186532476051776
sub-060,sub-013,RRT,0.09623699230434032
sub-060,sub-068,RRT,0.03630793034855255
sub-103,sub-105,RRT,0.022461103821651916
sub-103,sub-064,RRT,-0.04128475264269793
sub-103,sub-010,RRT,-0.07865274775032742
sub-103,sub-034,RRT,0.09975130549984151
sub-103,sub-002,RRT,0.15888001597870846
sub-103,sub-085,RRT,0.027301503359617
sub-103,sub-021,RRT,0.0552742941248832
sub-103,sub-096,RRT,0.07785427697737658
sub-103,sub-027,RRT,0.11493165797320373
sub-103,sub-006,RRT,0.1706151722499479
sub-103,sub-066,RRT,0.0883031423548681
sub-103,sub-101,RRT,0.1624344243211843
sub-103,sub-042,RRT,0.14696295111825336
sub-103,sub-003,RRT,0.06477779812627264
sub-103,sub-107,RRT,0.026279276230948726
sub-103,sub-098,RRT,0.06548970244958452
sub-103,sub-086,RRT,0.030540957051464514
sub-103,sub-013,RRT,0.1072968818003242
sub-103,sub-068,RRT,0.20264497980349208
sub-105,sub-064,RRT,0.07613457893800941
sub-105,sub-010,RRT,-0.02010421578259767
sub-105,sub-034,RRT,0.016587534874891664
sub-105,sub-002,RRT,0.04711623086599648
sub-105,sub-085,RRT,0.07147895464356271
sub-105,sub-021,RRT,0.009625637810701655
sub-105,sub-096,RRT,0.034877461130236785
sub-105,sub-027,RRT,-0.059592992268050676
sub-105,sub-006,RRT,0.012597501006834615
sub-105,sub-066,RRT,-0.007440886296146953
sub-105,sub-101,RRT,0.03661516337479881
sub-105,sub-042,RRT,0.13300282797607918
sub-105,sub-003,RRT,-0.054216904388442934
sub-105,sub-107,RRT,0.02579832670804461
sub-105,sub-098,RRT,0.06302394550079632
sub-105,sub-086,RRT,-0.09519679051344618
sub-105,sub-013,RRT,0.04372763583740252
sub-105,sub-068,RRT,0.00989780759912585
sub-064,sub-010,RRT,0.05269182455246916
sub-064,sub-034,RRT,0.12636412273668293
sub-064,sub-002,RRT,0.027247361492100875
sub-064,sub-085,RRT,-0.008914260095092582
sub-064,sub-021,RRT,-0.0684942430213842
sub-064,sub-096,RRT,0.04852047522108173
sub-064,sub-027,RRT,-0.005117753862355177
sub-064,sub-006,RRT,0.013438648159659634
sub-064,sub-066,RRT,-0.015943723902040075
sub-064,sub-101,RRT,0.13111578006990598
sub-064,sub-042,RRT,0.0608310774468552
sub-064,sub-003,RRT,0.042593151810035826
sub-064,sub-107,RRT,0.04941867998260462
sub-064,sub-098,RRT,-0.04526459859336723
sub-064,sub-086,RRT,-0.04128311237469769
sub-064,sub-013,RRT,-0.0037079384284218254
sub-064,sub-068,RRT,0.030467805701021432
sub-010,sub-034,RRT,0.007734480370003242
sub-010,sub-002,RRT,-0.030570081628698183
sub-010,sub-085,RRT,0.00621238552831733
sub-010,sub-021,RRT,-0.04205478158669548
sub-010,sub-096,RRT,0.009309158556710467
sub-010,sub-027,RRT,-0.07675192086206296
sub-010,sub-006,RRT,-0.03165942669433926
sub-010,sub-066,RRT,0.02263206369928054
sub-010,sub-101,RRT,0.07424354098944846
sub-010,sub-042,RRT,0.08253650746652237
sub-010,sub-003,RRT,0.005032522905137891
sub-010,sub-107,RRT,0.04759147551844829
sub-010,sub-098,RRT,-0.012350781434875148
sub-010,sub-086,RRT,-0.023532143575312758
sub-010,sub-013,RRT,0.040771979270569574
sub-010,sub-068,RRT,0.060567763629055665
sub-034,sub-002,RRT,0.04069683793771834
sub-034,sub-085,RRT,0.05614284437820459
sub-034,sub-021,RRT,0.024635264206833197
sub-034,sub-096,RRT,0.09071526226853023
sub-034,sub-027,RRT,0.15174640832650907
sub-034,sub-006,RRT,0.05831809368071663
sub-034,sub-066,RRT,-0.09631939383368784
sub-034,sub-101,RRT,0.16408036195036402
sub-034,sub-042,RRT,0.048119445521538975
sub-034,sub-003,RRT,0.07112991415642377
sub-034,sub-107,RRT,0.10301790586134157
sub-034,sub-098,RRT,0.17845632620777907
sub-034,sub-086,RRT,0.17169553374930138
sub-034,sub-013,RRT,0.05382648509592168
sub-034,sub-068,RRT,0.03718116909530199
sub-002,sub-085,RRT,-0.042200295771502624
sub-002,sub-021,RRT,0.10078566385749546
sub-002,sub-096,RRT,0.06347242958428038
sub-002,sub-027,RRT,0.17332474410946927
sub-002,sub-006,RRT,0.08538640651535907
sub-002,sub-066,RRT,-3.5772037095972137e-06
sub-002,sub-101,RRT,0.13790052800950064
sub-002,sub-042,RRT,0.14129696399056801
sub-002,sub-003,RRT,0.02131968249620564
sub-002,sub-107,RRT,0.024755239231594
sub-002,sub-098,RRT,-0.03497289084903162
sub-002,sub-086,RRT,-0.06241514447462036
sub-002,sub-013,RRT,0.017683925745949913
sub-002,sub-068,RRT,0.1239538381955925
sub-085,sub-021,RRT,-0.025125600688467108
sub-085,sub-096,RRT,0.055096533915072396
sub-085,sub-027,RRT,-0.04221950435695795
sub-085,sub-006,RRT,-0.04048087341448717
sub-085,sub-066,RRT,0.08240440335742669
sub-085,sub-101,RRT,0.034057991867714243
sub-085,sub-042,RRT,0.12308543622159249
sub-085,sub-003,RRT,0.13751170149441438
sub-085,sub-107,RRT,0.08566781965465689
sub-085,sub-098,RRT,0.11187311956990695
sub-085,sub-086,RRT,0.06954222855090648
sub-085,sub-013,RRT,0.09059238854956786
sub-085,sub-068,RRT,0.06740876004279554
sub-021,sub-096,RRT,-0.0006181264352774712
sub-021,sub-027,RRT,0.11179411989754078
sub-021,sub-006,RRT,0.0847679769503973
sub-021,sub-066,RRT,-0.016357288259951242
sub-021,sub-101,RRT,0.042168225634867815
sub-021,sub-042,RRT,0.07224762249775299
sub-021,sub-003,RRT,-0.03619971389113778
sub-021,sub-107,RRT,0.058375973046425556
sub-021,sub-098,RRT,-0.004274704917662523
sub-021,sub-086,RRT,-0.08789423973326176
sub-021,sub-013,RRT,0.01116194592347783
sub-021,sub-068,RRT,0.014882337628741606
sub-096,sub-027,RRT,0.12711008119685846
sub-096,sub-006,RRT,0.07395361106590465
sub-096,sub-066,RRT,0.10344870415238795
sub-096,sub-101,RRT,0.1025839421078947
sub-096,sub-042,RRT,0.12518414698397579
sub-096,sub-003,RRT,0.11860451800704501
sub-096,sub-107,RRT,0.046122557879910965
sub-096,sub-098,RRT,0.01806188919075778
sub-096,sub-086,RRT,0.0987011515464995
sub-096,sub-013,RRT,0.034897609564734776
sub-096,sub-068,RRT,0.029130965642603396
sub-027,sub-006,RRT,0.05850517415683941
sub-027,sub-066,RRT,-0.0412057008669719
sub-027,sub-101,RRT,0.1552274246847781
sub-027,sub-042,RRT,0.05031695817756645
sub-027,sub-003,RRT,0.10263589371786938
sub-027,sub-107,RRT,0.10012127035628807
sub-027,sub-098,RRT,0.05060053625147863
sub-027,sub-086,RRT,-0.032375742726859946
sub-027,sub-013,RRT,-0.02346173172559787
sub-027,sub-068,RRT,0.04849327827199625
sub-006,sub-066,RRT,0.11562158058949844
sub-006,sub-101,RRT,-0.008129896558791183
sub-006,sub-042,RRT,0.06120544952913185
sub-006,sub-003,RRT,0.06505292563506944
sub-006,sub-107,RRT,0.17435130199744248
sub-006,sub-098,RRT,0.07959984118555063
sub-006,sub-086,RRT,0.040519012489006745
sub-006,sub-013,RRT,0.019546274530856268
sub-006,sub-068,RRT,0.0427407526698801
sub-066,sub-101,RRT,0.012924910887488912
sub-066,sub-042,RRT,0.030582625455712123
sub-066,sub-003,RRT,0.04690577596264136
sub-066,sub-107,RRT,0.07301222885393593
sub-066,sub-098,RRT,-0.06507001320798701
sub-066,sub-086,RRT,0.10072542902078785
sub-066,sub-013,RRT,-0.032144289955987816
sub-066,sub-068,RRT,0.10868771674314527
sub-101,sub-042,RRT,0.1787917012990585
sub-101,sub-003,RRT,0.0951145720970317
sub-101,sub-107,RRT,0.09647973592638417
sub-101,sub-098,RRT,0.0034183347746394774
sub-101,sub-086,RRT,-0.06484461743537405
sub-101,sub-013,RRT,0.03635460683947469
sub-101,sub-068,RRT,0.14442943794942414
sub-042,sub-003,RRT,-0.016084080046144447
sub-042,sub-107,RRT,0.14306880566095195
sub-042,sub-098,RRT,0.010078868455784509
sub-042,sub-086,RRT,-0.06795883777396636
sub-042,sub-013,RRT,0.15020917078019008
sub-042,sub-068,RRT,0.12012638408793405
sub-003,sub-107,RRT,0.019122429752726242
sub-003,sub-098,RRT,0.0732557140842733
sub-003,sub-086,RRT,0.039338749913228256
sub-003,sub-013,RRT,0.0646422051830247
sub-003,sub-068,RRT,-0.026289908777504915
sub-107,sub-098,RRT,0.16216049847934974
sub-107,sub-086,RRT,-0.02678643905958033
sub-107,sub-013,RRT,0.08130379219734006
sub-107,sub-068,RRT,0.050403698193437346
sub-098,sub-086,RRT,0.07055560410466706
sub-098,sub-013,RRT,-0.044551363089260686
sub-098,sub-068,RRT,-0.038781755926254526
sub-086,sub-013,RRT,-0.12145592717761236
sub-086,sub-068,RRT,0.0387567023924483
sub-013,sub-068,RRT,-0.0815251339701518
